InventoryIndex,DemandIndex,ForecastIndex,ActionIndex,QValue
0,0,0,0,72.49999999999956
0,0,0,1,83.99999999999956
0,0,0,2,95.49999999999956
0,0,0,3,106.99999999999956
0,0,0,4,118.49999999999956
0,0,0,5,129.9999999999995
0,0,1,0,72.49999999999956
0,0,1,1,83.99999999999956
0,0,1,2,95.49999999999956
0,0,1,3,106.99999999999956
0,0,1,4,118.49999999999956
0,0,1,5,129.9999999999995
0,0,2,0,72.49999999999956
0,0,2,1,83.99999999999956
0,0,2,2,95.49999999999956
0,0,2,3,106.99999999999956
0,0,2,4,118.49999999999956
0,0,2,5,129.9999999999995
0,0,3,0,72.49999999999956
0,0,3,1,83.99999999999956
0,0,3,2,95.49999999999956
0,0,3,3,106.99999999999956
0,0,3,4,118.49999999999956
0,0,3,5,129.9999999999995
0,0,4,0,72.49999999999956
0,0,4,1,83.99999999999956
0,0,4,2,95.49999999999956
0,0,4,3,106.99999999999956
0,0,4,4,118.49999999999956
0,0,4,5,129.9999999999995
0,0,5,0,72.49999999999956
0,0,5,1,83.99999999999956
0,0,5,2,95.49999999999956
0,0,5,3,106.99999999999956
0,0,5,4,118.49999999999956
0,0,5,5,129.9999999999995
0,0,6,0,72.49999999999956
0,0,6,1,83.99999999999956
0,0,6,2,95.49999999999956
0,0,6,3,106.99999999999956
0,0,6,4,118.49999999999956
0,0,6,5,129.9999999999995
0,0,7,0,72.49999999999956
0,0,7,1,83.99999999999956
0,0,7,2,95.49999999999956
0,0,7,3,106.99999999999956
0,0,7,4,118.49999999999956
0,0,7,5,129.9999999999995
0,1,0,0,77.49999999999956
0,1,0,1,81.49999999999956
0,1,0,2,92.99999999999956
0,1,0,3,104.49999999999956
0,1,0,4,115.99999999999956
0,1,0,5,127.49999999999956
0,1,1,0,77.49999999999956
0,1,1,1,81.49999999999956
0,1,1,2,92.99999999999956
0,1,1,3,104.49999999999956
0,1,1,4,115.99999999999956
0,1,1,5,127.49999999999956
0,1,2,0,77.49999999999956
0,1,2,1,81.49999999999956
0,1,2,2,92.99999999999956
0,1,2,3,104.49999999999956
0,1,2,4,115.99999999999956
0,1,2,5,127.49999999999956
0,1,3,0,77.49999999999956
0,1,3,1,81.49999999999956
0,1,3,2,92.99999999999956
0,1,3,3,104.49999999999956
0,1,3,4,115.99999999999956
0,1,3,5,127.49999999999956
0,1,4,0,77.49999999999956
0,1,4,1,81.49999999999956
0,1,4,2,92.99999999999956
0,1,4,3,104.49999999999956
0,1,4,4,115.99999999999956
0,1,4,5,127.49999999999956
0,1,5,0,77.49999999999956
0,1,5,1,81.49999999999956
0,1,5,2,92.99999999999956
0,1,5,3,104.49999999999956
0,1,5,4,115.99999999999956
0,1,5,5,127.49999999999956
0,1,6,0,77.49999999999956
0,1,6,1,81.49999999999956
0,1,6,2,92.99999999999956
0,1,6,3,104.49999999999956
0,1,6,4,115.99999999999956
0,1,6,5,127.49999999999956
0,1,7,0,77.49999999999956
0,1,7,1,81.49999999999956
0,1,7,2,92.99999999999956
0,1,7,3,104.49999999999956
0,1,7,4,115.99999999999956
0,1,7,5,127.49999999999956
0,2,0,0,82.49999999999956
0,2,0,1,86.49999999999956
0,2,0,2,90.49999999999956
0,2,0,3,101.99999999999956
0,2,0,4,113.49999999999956
0,2,0,5,124.99999999999956
0,2,1,0,82.49999999999956
0,2,1,1,86.49999999999956
0,2,1,2,90.49999999999956
0,2,1,3,101.99999999999956
0,2,1,4,113.49999999999956
0,2,1,5,124.99999999999956
0,2,2,0,82.49999999999956
0,2,2,1,86.49999999999956
0,2,2,2,90.49999999999956
0,2,2,3,101.99999999999956
0,2,2,4,113.49999999999956
0,2,2,5,124.99999999999956
0,2,3,0,82.49999999999956
0,2,3,1,86.49999999999956
0,2,3,2,90.49999999999956
0,2,3,3,101.99999999999956
0,2,3,4,113.49999999999956
0,2,3,5,124.99999999999956
0,2,4,0,82.49999999999956
0,2,4,1,86.49999999999956
0,2,4,2,90.49999999999956
0,2,4,3,101.99999999999956
0,2,4,4,113.49999999999956
0,2,4,5,124.99999999999956
0,2,5,0,82.49999999999956
0,2,5,1,86.49999999999956
0,2,5,2,90.49999999999956
0,2,5,3,101.99999999999956
0,2,5,4,113.49999999999956
0,2,5,5,124.99999999999956
0,2,6,0,82.49999999999956
0,2,6,1,86.49999999999956
0,2,6,2,90.49999999999956
0,2,6,3,101.99999999999956
0,2,6,4,113.49999999999956
0,2,6,5,124.99999999999956
0,2,7,0,82.49999999999956
0,2,7,1,86.49999999999956
0,2,7,2,90.49999999999956
0,2,7,3,101.99999999999956
0,2,7,4,113.49999999999956
0,2,7,5,124.99999999999956
0,3,0,0,87.49999999999956
0,3,0,1,91.49999999999956
0,3,0,2,95.49999999999956
0,3,0,3,99.49999999999956
0,3,0,4,110.99999999999956
0,3,0,5,122.49999999999956
0,3,1,0,87.49999999999956
0,3,1,1,91.49999999999956
0,3,1,2,95.49999999999956
0,3,1,3,99.49999999999956
0,3,1,4,110.99999999999956
0,3,1,5,122.49999999999956
0,3,2,0,87.49999999999956
0,3,2,1,91.49999999999956
0,3,2,2,95.49999999999956
0,3,2,3,99.49999999999956
0,3,2,4,110.99999999999956
0,3,2,5,122.49999999999956
0,3,3,0,87.49999999999956
0,3,3,1,91.49999999999956
0,3,3,2,95.49999999999956
0,3,3,3,99.49999999999956
0,3,3,4,110.99999999999956
0,3,3,5,122.49999999999956
0,3,4,0,87.49999999999956
0,3,4,1,91.49999999999956
0,3,4,2,95.49999999999956
0,3,4,3,99.49999999999956
0,3,4,4,110.99999999999956
0,3,4,5,122.49999999999956
0,3,5,0,87.49999999999956
0,3,5,1,91.49999999999956
0,3,5,2,95.49999999999956
0,3,5,3,99.49999999999956
0,3,5,4,110.99999999999956
0,3,5,5,122.49999999999956
0,3,6,0,87.49999999999956
0,3,6,1,91.49999999999956
0,3,6,2,95.49999999999956
0,3,6,3,99.49999999999956
0,3,6,4,110.99999999999956
0,3,6,5,122.49999999999956
0,3,7,0,87.49999999999956
0,3,7,1,91.49999999999956
0,3,7,2,95.49999999999956
0,3,7,3,99.49999999999956
0,3,7,4,110.99999999999956
0,3,7,5,122.49999999999956
0,4,0,0,92.49999999999956
0,4,0,1,96.49999999999956
0,4,0,2,100.49999999999956
0,4,0,3,104.49999999999956
0,4,0,4,108.49999999999956
0,4,0,5,119.99999999999956
0,4,1,0,92.49999999999956
0,4,1,1,96.49999999999956
0,4,1,2,100.49999999999956
0,4,1,3,104.49999999999956
0,4,1,4,108.49999999999956
0,4,1,5,119.99999999999956
0,4,2,0,92.49999999999956
0,4,2,1,96.49999999999956
0,4,2,2,100.49999999999956
0,4,2,3,104.49999999999956
0,4,2,4,108.49999999999956
0,4,2,5,119.99999999999956
0,4,3,0,92.49999999999956
0,4,3,1,96.49999999999956
0,4,3,2,100.49999999999956
0,4,3,3,104.49999999999956
0,4,3,4,108.49999999999956
0,4,3,5,119.99999999999956
0,4,4,0,92.49999999999956
0,4,4,1,96.49999999999956
0,4,4,2,100.49999999999956
0,4,4,3,104.49999999999956
0,4,4,4,108.49999999999956
0,4,4,5,119.99999999999956
0,4,5,0,92.49999999999956
0,4,5,1,96.49999999999956
0,4,5,2,100.49999999999956
0,4,5,3,104.49999999999956
0,4,5,4,108.49999999999956
0,4,5,5,119.99999999999956
0,4,6,0,92.49999999999956
0,4,6,1,96.49999999999956
0,4,6,2,100.49999999999956
0,4,6,3,104.49999999999956
0,4,6,4,108.49999999999956
0,4,6,5,119.99999999999956
0,4,7,0,92.49999999999956
0,4,7,1,96.49999999999956
0,4,7,2,100.49999999999956
0,4,7,3,104.49999999999956
0,4,7,4,108.49999999999956
0,4,7,5,119.99999999999956
0,5,0,0,97.49999999999956
0,5,0,1,101.49999999999956
0,5,0,2,105.49999999999956
0,5,0,3,109.49999999999956
0,5,0,4,113.49999999999956
0,5,0,5,117.49999999999956
0,5,1,0,97.49999999999956
0,5,1,1,101.49999999999956
0,5,1,2,105.49999999999956
0,5,1,3,109.49999999999956
0,5,1,4,113.49999999999956
0,5,1,5,117.49999999999956
0,5,2,0,97.49999999999956
0,5,2,1,101.49999999999956
0,5,2,2,105.49999999999956
0,5,2,3,109.49999999999956
0,5,2,4,113.49999999999956
0,5,2,5,117.49999999999956
0,5,3,0,97.49999999999956
0,5,3,1,101.49999999999956
0,5,3,2,105.49999999999956
0,5,3,3,109.49999999999956
0,5,3,4,113.49999999999956
0,5,3,5,117.49999999999956
0,5,4,0,97.49999999999956
0,5,4,1,101.49999999999956
0,5,4,2,105.49999999999956
0,5,4,3,109.49999999999956
0,5,4,4,113.49999999999956
0,5,4,5,117.49999999999956
0,5,5,0,97.49999999999956
0,5,5,1,101.49999999999956
0,5,5,2,105.49999999999956
0,5,5,3,109.49999999999956
0,5,5,4,113.49999999999956
0,5,5,5,117.49999999999956
0,5,6,0,97.49999999999956
0,5,6,1,101.49999999999956
0,5,6,2,105.49999999999956
0,5,6,3,109.49999999999956
0,5,6,4,113.49999999999956
0,5,6,5,117.49999999999956
0,5,7,0,97.49999999999956
0,5,7,1,101.49999999999956
0,5,7,2,105.49999999999956
0,5,7,3,109.49999999999956
0,5,7,4,113.49999999999956
0,5,7,5,117.49999999999956
0,6,0,0,102.49999999999956
0,6,0,1,106.49999999999956
0,6,0,2,110.49999999999956
0,6,0,3,114.49999999999956
0,6,0,4,118.49999999999956
0,6,0,5,122.49999999999956
0,6,1,0,102.49999999999956
0,6,1,1,106.49999999999956
0,6,1,2,110.49999999999956
0,6,1,3,114.49999999999956
0,6,1,4,118.49999999999956
0,6,1,5,122.49999999999956
0,6,2,0,102.49999999999956
0,6,2,1,106.49999999999956
0,6,2,2,110.49999999999956
0,6,2,3,114.49999999999956
0,6,2,4,118.49999999999956
0,6,2,5,122.49999999999956
0,6,3,0,102.49999999999956
0,6,3,1,106.49999999999956
0,6,3,2,110.49999999999956
0,6,3,3,114.49999999999956
0,6,3,4,118.49999999999956
0,6,3,5,122.49999999999956
0,6,4,0,102.49999999999956
0,6,4,1,106.49999999999956
0,6,4,2,110.49999999999956
0,6,4,3,114.49999999999956
0,6,4,4,118.49999999999956
0,6,4,5,122.49999999999956
0,6,5,0,102.49999999999956
0,6,5,1,106.49999999999956
0,6,5,2,110.49999999999956
0,6,5,3,114.49999999999956
0,6,5,4,118.49999999999956
0,6,5,5,122.49999999999956
0,6,6,0,102.49999999999956
0,6,6,1,106.49999999999956
0,6,6,2,110.49999999999956
0,6,6,3,114.49999999999956
0,6,6,4,118.49999999999956
0,6,6,5,122.49999999999956
0,6,7,0,102.49999999999956
0,6,7,1,106.49999999999956
0,6,7,2,110.49999999999956
0,6,7,3,114.49999999999956
0,6,7,4,118.49999999999956
0,6,7,5,122.49999999999956
0,7,0,0,107.49999999999956
0,7,0,1,111.49999999999956
0,7,0,2,115.49999999999956
0,7,0,3,119.49999999999956
0,7,0,4,123.49999999999956
0,7,0,5,127.49999999999956
0,7,1,0,107.49999999999956
0,7,1,1,111.49999999999956
0,7,1,2,115.49999999999956
0,7,1,3,119.49999999999956
0,7,1,4,123.49999999999956
0,7,1,5,127.49999999999956
0,7,2,0,107.49999999999956
0,7,2,1,111.49999999999956
0,7,2,2,115.49999999999956
0,7,2,3,119.49999999999956
0,7,2,4,123.49999999999956
0,7,2,5,127.49999999999956
0,7,3,0,107.49999999999956
0,7,3,1,111.49999999999956
0,7,3,2,115.49999999999956
0,7,3,3,119.49999999999956
0,7,3,4,123.49999999999956
0,7,3,5,127.49999999999956
0,7,4,0,107.49999999999956
0,7,4,1,111.49999999999956
0,7,4,2,115.49999999999956
0,7,4,3,119.49999999999956
0,7,4,4,123.49999999999956
0,7,4,5,127.49999999999956
0,7,5,0,107.49999999999956
0,7,5,1,111.49999999999956
0,7,5,2,115.49999999999956
0,7,5,3,119.49999999999956
0,7,5,4,123.49999999999956
0,7,5,5,127.49999999999956
0,7,6,0,107.49999999999956
0,7,6,1,111.49999999999956
0,7,6,2,115.49999999999956
0,7,6,3,119.49999999999956
0,7,6,4,123.49999999999956
0,7,6,5,127.49999999999956
0,7,7,0,107.49999999999956
0,7,7,1,111.49999999999956
0,7,7,2,115.49999999999956
0,7,7,3,119.49999999999956
0,7,7,4,123.49999999999956
0,7,7,5,127.49999999999956
1,0,0,0,84.99999999984395
1,0,0,1,96.49999999999888
1,0,0,2,107.99999999999956
1,0,0,3,119.49999999991321
1,0,0,4,130.9999999999995
1,0,0,5,137.4999999999995
1,0,1,0,84.99999999996955
1,0,1,1,96.49999999999176
1,0,1,2,107.99999999999956
1,0,1,3,119.49999999993324
1,0,1,4,130.99999999995998
1,0,1,5,137.4999999999995
1,0,2,0,84.99999999946989
1,0,2,1,96.49999999998971
1,0,2,2,107.99999999999956
1,0,2,3,119.49999999997681
1,0,2,4,130.9999999999995
1,0,2,5,137.4999999999995
1,0,3,0,84.99999999999645
1,0,3,1,96.49999999999956
1,0,3,2,107.99999999999696
1,0,3,3,119.49999999947876
1,0,3,4,130.9999999999995
1,0,3,5,137.4999999999995
1,0,4,0,84.99999999998427
1,0,4,1,96.49999999902367
1,0,4,2,107.99999999999956
1,0,4,3,119.49999999689656
1,0,4,4,130.9999999998438
1,0,4,5,137.4999999999995
1,0,5,0,84.99999999954709
1,0,5,1,96.49999999999788
1,0,5,2,107.99999999999956
1,0,5,3,119.49999999984554
1,0,5,4,130.9999999999638
1,0,5,5,137.4999999999995
1,0,6,0,84.9999999999088
1,0,6,1,96.49999999999956
1,0,6,2,107.99999999998397
1,0,6,3,119.49999999999956
1,0,6,4,130.99999999998855
1,0,6,5,137.4999999999995
1,0,7,0,84.99999999999521
1,0,7,1,96.49999999985435
1,0,7,2,107.99999999996827
1,0,7,3,119.49999999961219
1,0,7,4,130.9999999999995
1,0,7,5,137.4999999999995
1,1,0,0,82.49999999993268
1,1,0,1,93.99999999998468
1,1,0,2,105.49999999999956
1,1,0,3,116.99999999996962
1,1,0,4,128.4999999999995
1,1,0,5,139.9999999999995
1,1,1,0,82.49999999999561
1,1,1,1,93.99999999999635
1,1,1,2,105.4999999999606
1,1,1,3,116.99999999991122
1,1,1,4,128.4999999999995
1,1,1,5,139.9999999999995
1,1,2,0,82.49999999999956
1,1,2,1,93.99999999990942
1,1,2,2,105.49999999971068
1,1,2,3,116.99999999989127
1,1,2,4,128.49999999996396
1,1,2,5,139.9999999999995
1,1,3,0,82.49999999988627
1,1,3,1,93.99999999997243
1,1,3,2,105.49999999999218
1,1,3,3,116.99999999999956
1,1,3,4,128.49999999998164
1,1,3,5,139.9999999999995
1,1,4,0,82.49999999999956
1,1,4,1,93.99999999994138
1,1,4,2,105.4999999999631
1,1,4,3,116.9999999994395
1,1,4,4,128.49999999998104
1,1,4,5,139.9999999999995
1,1,5,0,82.49999999999956
1,1,5,1,93.99999999995391
1,1,5,2,105.49999999999956
1,1,5,3,116.9999999999995
1,1,5,4,128.4999999999283
1,1,5,5,139.9999999999995
1,1,6,0,82.4999999994787
1,1,6,1,93.99999999999945
1,1,6,2,105.49999999986034
1,1,6,3,116.99999999998391
1,1,6,4,128.4999999999593
1,1,6,5,139.9999999999995
1,1,7,0,82.49999999999956
1,1,7,1,93.99999999994664
1,1,7,2,105.49999999991117
1,1,7,3,116.99999999998596
1,1,7,4,128.4999999999383
1,1,7,5,139.9999999999995
1,2,0,0,87.49999999997748
1,2,0,1,91.49999999998133
1,2,0,2,102.9999999999628
1,2,0,3,114.49999999993042
1,2,0,4,125.99999999995829
1,2,0,5,137.4999999999995
1,2,1,0,87.4999999999995
1,2,1,1,91.49999999975044
1,2,1,2,102.99999999972361
1,2,1,3,114.49999999979646
1,2,1,4,125.99999999999956
1,2,1,5,137.4999999999995
1,2,2,0,87.49999999998053
1,2,2,1,91.49999999999956
1,2,2,2,102.9999999999208
1,2,2,3,114.49999999998609
1,2,2,4,125.99999999999956
1,2,2,5,137.4999999999995
1,2,3,0,87.49999999999956
1,2,3,1,91.49999999998424
1,2,3,2,102.99999999997088
1,2,3,3,114.49999999993048
1,2,3,4,125.99999999999956
1,2,3,5,137.4999999999995
1,2,4,0,87.4999999998643
1,2,4,1,91.49999999999956
1,2,4,2,102.99999999998182
1,2,4,3,114.49999999999346
1,2,4,4,125.99999999985091
1,2,4,5,137.4999999999995
1,2,5,0,87.49999999999898
1,2,5,1,91.49999999995256
1,2,5,2,102.99999999999956
1,2,5,3,114.49999999999956
1,2,5,4,125.99999999957083
1,2,5,5,137.4999999999995
1,2,6,0,87.4999999999992
1,2,6,1,91.49999999996957
1,2,6,2,102.9999999999932
1,2,6,3,114.49999999999956
1,2,6,4,125.9999999996591
1,2,6,5,137.4999999999995
1,2,7,0,87.49999999998136
1,2,7,1,91.4999999999682
1,2,7,2,102.99999999999883
1,2,7,3,114.49999999999086
1,2,7,4,125.99999999992922
1,2,7,5,137.4999999999995
1,3,0,0,92.49999999999956
1,3,0,1,96.4999999999706
1,3,0,2,100.49999999960264
1,3,0,3,111.99999999766258
1,3,0,4,123.49999999976225
1,3,0,5,134.9999999999995
1,3,1,0,92.4999999999914
1,3,1,1,96.49999999999956
1,3,1,2,100.49999999995653
1,3,1,3,111.99999999937626
1,3,1,4,123.49999999755474
1,3,1,5,134.9999999999995
1,3,2,0,92.49999999985121
1,3,2,1,96.49999999998407
1,3,2,2,100.49999999999834
1,3,2,3,111.99999999992019
1,3,2,4,123.49999999999956
1,3,2,5,134.9999999999995
1,3,3,0,92.499999999951
1,3,3,1,96.49999999997546
1,3,3,2,100.49999999995639
1,3,3,3,111.9999999999595
1,3,3,4,123.49999999996359
1,3,3,5,134.9999999999995
1,3,4,0,92.49999999999956
1,3,4,1,96.4999999999936
1,3,4,2,100.49999999990271
1,3,4,3,111.99999999998403
1,3,4,4,123.49999999991046
1,3,4,5,134.9999999999995
1,3,5,0,92.4999999999936
1,3,5,1,96.49999999998552
1,3,5,2,100.49999999999956
1,3,5,3,111.99999999998226
1,3,5,4,123.49999999999956
1,3,5,5,134.9999999999995
1,3,6,0,92.49999999999687
1,3,6,1,96.49999999996078
1,3,6,2,100.49999999999956
1,3,6,3,111.99999999999007
1,3,6,4,123.49999999983083
1,3,6,5,134.9999999999995
1,3,7,0,92.49999999999956
1,3,7,1,96.49999999999626
1,3,7,2,100.49999999970652
1,3,7,3,111.99999999998909
1,3,7,4,123.49999999977489
1,3,7,5,134.9999999999995
1,4,0,0,97.49999999999956
1,4,0,1,101.4999999999233
1,4,0,2,105.49999999999407
1,4,0,3,109.4999999999539
1,4,0,4,120.99999999998893
1,4,0,5,132.4999999999995
1,4,1,0,97.4999999997877
1,4,1,1,101.49999999987509
1,4,1,2,105.49999999999102
1,4,1,3,109.49999999999956
1,4,1,4,120.99999999996625
1,4,1,5,132.4999999999995
1,4,2,0,97.49999999999956
1,4,2,1,101.49999999919166
1,4,2,2,105.49999999999947
1,4,2,3,109.49999999994603
1,4,2,4,120.99999999941569
1,4,2,5,132.4999999999995
1,4,3,0,97.4999999999995
1,4,3,1,101.49999999999724
1,4,3,2,105.49999999998313
1,4,3,3,109.49999999998303
1,4,3,4,120.99999999999956
1,4,3,5,132.4999999999995
1,4,4,0,97.49999999999956
1,4,4,1,101.49999999998671
1,4,4,2,105.49999999997252
1,4,4,3,109.4999999999047
1,4,4,4,120.99999999930932
1,4,4,5,132.4999999999995
1,4,5,0,97.49999999999956
1,4,5,1,101.49999999999784
1,4,5,2,105.49999999998562
1,4,5,3,109.49999999968891
1,4,5,4,120.99999999996402
1,4,5,5,132.4999999999995
1,4,6,0,97.49999999992905
1,4,6,1,101.49999999999956
1,4,6,2,105.49999999999449
1,4,6,3,109.4999999971792
1,4,6,4,120.9999999994666
1,4,6,5,132.4999999999995
1,4,7,0,97.49999999998914
1,4,7,1,101.49999999999152
1,4,7,2,105.49999999970763
1,4,7,3,109.49999999998937
1,4,7,4,120.99999999999956
1,4,7,5,132.4999999999995
1,5,0,0,102.49999999999956
1,5,0,1,106.4999999999606
1,5,0,2,110.4999999992728
1,5,0,3,114.49999999998012
1,5,0,4,118.49999999999956
1,5,0,5,129.9999999999995
1,5,1,0,102.49999999999956
1,5,1,1,106.49999999998857
1,5,1,2,110.49999999999956
1,5,1,3,114.49999999973129
1,5,1,4,118.49999999947923
1,5,1,5,129.9999999999995
1,5,2,0,102.49999999994321
1,5,2,1,106.49999999998846
1,5,2,2,110.49999999999956
1,5,2,3,114.49999999988162
1,5,2,4,118.49999999998387
1,5,2,5,129.9999999999995
1,5,3,0,102.49999999997993
1,5,3,1,106.49999999999956
1,5,3,2,110.49999999997075
1,5,3,3,114.49999999993766
1,5,3,4,118.49999999979822
1,5,3,5,129.9999999999995
1,5,4,0,102.49999999999956
1,5,4,1,106.49999999997878
1,5,4,2,110.49999999981031
1,5,4,3,114.49999999907928
1,5,4,4,118.49999999999956
1,5,4,5,129.9999999999995
1,5,5,0,102.49999999999956
1,5,5,1,106.49999999932744
1,5,5,2,110.49999999980459
1,5,5,3,114.49999999998921
1,5,5,4,118.49999999989058
1,5,5,5,129.9999999999995
1,5,6,0,102.49999999999956
1,5,6,1,106.4999999999749
1,5,6,2,110.49999999999683
1,5,6,3,114.49999999965951
1,5,6,4,118.4999999999975
1,5,6,5,129.9999999999995
1,5,7,0,102.49999999999956
1,5,7,1,106.49999999999828
1,5,7,2,110.49999999990668
1,5,7,3,114.49999999996488
1,5,7,4,118.49999999999886
1,5,7,5,129.9999999999995
1,6,0,0,107.49999999999956
1,6,0,1,111.4999999999722
1,6,0,2,115.4999999998582
1,6,0,3,119.49999999996841
1,6,0,4,123.49999999999956
1,6,0,5,127.49999999999956
1,6,1,0,107.49999999999956
1,6,1,1,111.49999999953558
1,6,1,2,115.49999999999956
1,6,1,3,119.4999999999728
1,6,1,4,123.4999999999986
1,6,1,5,127.49999999999956
1,6,2,0,107.4999999999811
1,6,2,1,111.49999999998987
1,6,2,2,115.49999999999956
1,6,2,3,119.49999999997574
1,6,2,4,123.49999999999956
1,6,2,5,127.49999999999956
1,6,3,0,107.49999999965264
1,6,3,1,111.49999999975691
1,6,3,2,115.49999999999956
1,6,3,3,119.49999999998307
1,6,3,4,123.49999999994728
1,6,3,5,127.49999999999956
1,6,4,0,107.49999999999956
1,6,4,1,111.49999999985283
1,6,4,2,115.49999999769366
1,6,4,3,119.49999999999956
1,6,4,4,123.49999999994591
1,6,4,5,127.49999999999956
1,6,5,0,107.49999999999956
1,6,5,1,111.49999999967272
1,6,5,2,115.49999999999211
1,6,5,3,119.49999999950157
1,6,5,4,123.49999999989834
1,6,5,5,127.49999999999956
1,6,6,0,107.49999999999956
1,6,6,1,111.49999999997702
1,6,6,2,115.49999999993508
1,6,6,3,119.49999999994209
1,6,6,4,123.49999999980662
1,6,6,5,127.49999999999956
1,6,7,0,107.49999999999956
1,6,7,1,111.49999999999078
1,6,7,2,115.49999999997415
1,6,7,3,119.4999999993524
1,6,7,4,123.49999999992407
1,6,7,5,127.49999999999956
1,7,0,0,112.49999999999956
1,7,0,1,116.49999999986242
1,7,0,2,120.4999999999833
1,7,0,3,124.49999999995673
1,7,0,4,128.49999999958013
1,7,0,5,132.4999999999995
1,7,1,0,112.49999999999956
1,7,1,1,116.49999999999397
1,7,1,2,120.4999999999917
1,7,1,3,124.49999999998619
1,7,1,4,128.4999999999995
1,7,1,5,132.4999999999995
1,7,2,0,112.49999999999956
1,7,2,1,116.49999999999122
1,7,2,2,120.49999999999838
1,7,2,3,124.49999999999795
1,7,2,4,128.49999999994208
1,7,2,5,132.4999999999995
1,7,3,0,112.49999999999956
1,7,3,1,116.4999999998969
1,7,3,2,120.49999999992572
1,7,3,3,124.49999999999956
1,7,3,4,128.4999999999995
1,7,3,5,132.4999999999995
1,7,4,0,112.49999999999956
1,7,4,1,116.49999999997007
1,7,4,2,120.4999999999633
1,7,4,3,124.49999999999083
1,7,4,4,128.49999999984564
1,7,4,5,132.4999999999995
1,7,5,0,112.49999999999956
1,7,5,1,116.49999999866762
1,7,5,2,120.49999999992613
1,7,5,3,124.49999999999956
1,7,5,4,128.49999999998457
1,7,5,5,132.4999999999995
1,7,6,0,112.49999999999956
1,7,6,1,116.49999999999342
1,7,6,2,120.49999999993521
1,7,6,3,124.49999999995262
1,7,6,4,128.49999999997905
1,7,6,5,132.4999999999995
1,7,7,0,112.49999999999956
1,7,7,1,116.49999999999528
1,7,7,2,120.4999999999228
1,7,7,3,124.49999999968666
1,7,7,4,128.4999999995003
1,7,7,5,132.4999999999995
2,0,0,0,97.49999999999956
2,0,0,1,108.99999999999956
2,0,0,2,120.49999999999956
2,0,0,3,131.9999999999995
2,0,0,4,138.4999999999995
2,0,0,5,144.9999999999995
2,0,1,0,97.49999999999956
2,0,1,1,108.99999999999956
2,0,1,2,120.49999999999956
2,0,1,3,131.9999999999995
2,0,1,4,138.4999999999995
2,0,1,5,144.9999999999995
2,0,2,0,97.49999999999956
2,0,2,1,108.99999999999956
2,0,2,2,120.49999999999956
2,0,2,3,131.9999999999995
2,0,2,4,138.4999999999995
2,0,2,5,144.9999999999995
2,0,3,0,97.49999999999956
2,0,3,1,108.99999999999956
2,0,3,2,120.49999999999956
2,0,3,3,131.9999999999995
2,0,3,4,138.4999999999995
2,0,3,5,144.9999999999995
2,0,4,0,97.49999999999956
2,0,4,1,108.99999999999956
2,0,4,2,120.49999999999956
2,0,4,3,131.9999999999995
2,0,4,4,138.4999999999995
2,0,4,5,144.9999999999995
2,0,5,0,97.49999999999956
2,0,5,1,108.99999999999956
2,0,5,2,120.49999999999956
2,0,5,3,131.9999999999995
2,0,5,4,138.4999999999995
2,0,5,5,144.9999999999995
2,0,6,0,97.49999999999956
2,0,6,1,108.99999999999956
2,0,6,2,120.49999999999956
2,0,6,3,131.9999999999995
2,0,6,4,138.4999999999995
2,0,6,5,144.9999999999995
2,0,7,0,97.49999999999956
2,0,7,1,108.99999999999956
2,0,7,2,120.49999999999956
2,0,7,3,131.9999999999995
2,0,7,4,138.4999999999995
2,0,7,5,144.9999999999995
2,1,0,0,94.99999999999956
2,1,0,1,106.49999999999956
2,1,0,2,117.99999999999956
2,1,0,3,129.4999999999995
2,1,0,4,140.9999999999995
2,1,0,5,147.4999999999995
2,1,1,0,94.99999999999956
2,1,1,1,106.49999999999956
2,1,1,2,117.99999999999956
2,1,1,3,129.4999999999995
2,1,1,4,140.9999999999995
2,1,1,5,147.4999999999995
2,1,2,0,94.99999999999956
2,1,2,1,106.49999999999956
2,1,2,2,117.99999999999956
2,1,2,3,129.4999999999995
2,1,2,4,140.9999999999995
2,1,2,5,147.4999999999995
2,1,3,0,94.99999999999956
2,1,3,1,106.49999999999956
2,1,3,2,117.99999999999956
2,1,3,3,129.4999999999995
2,1,3,4,140.9999999999995
2,1,3,5,147.4999999999995
2,1,4,0,94.99999999999956
2,1,4,1,106.49999999999956
2,1,4,2,117.99999999999956
2,1,4,3,129.4999999999995
2,1,4,4,140.9999999999995
2,1,4,5,147.4999999999995
2,1,5,0,94.99999999999956
2,1,5,1,106.49999999999956
2,1,5,2,117.99999999999956
2,1,5,3,129.4999999999995
2,1,5,4,140.9999999999995
2,1,5,5,147.4999999999995
2,1,6,0,94.99999999999956
2,1,6,1,106.49999999999956
2,1,6,2,117.99999999999956
2,1,6,3,129.4999999999995
2,1,6,4,140.9999999999995
2,1,6,5,147.4999999999995
2,1,7,0,94.99999999999956
2,1,7,1,106.49999999999956
2,1,7,2,117.99999999999956
2,1,7,3,129.4999999999995
2,1,7,4,140.9999999999995
2,1,7,5,147.4999999999995
2,2,0,0,92.49999999999956
2,2,0,1,103.99999999999956
2,2,0,2,115.49999999999956
2,2,0,3,126.99999999999956
2,2,0,4,138.4999999999995
2,2,0,5,149.9999999999995
2,2,1,0,92.49999999999956
2,2,1,1,103.99999999999956
2,2,1,2,115.49999999999956
2,2,1,3,126.99999999999956
2,2,1,4,138.4999999999995
2,2,1,5,149.9999999999995
2,2,2,0,92.49999999999956
2,2,2,1,103.99999999999956
2,2,2,2,115.49999999999956
2,2,2,3,126.99999999999956
2,2,2,4,138.4999999999995
2,2,2,5,149.9999999999995
2,2,3,0,92.49999999999956
2,2,3,1,103.99999999999956
2,2,3,2,115.49999999999956
2,2,3,3,126.99999999999956
2,2,3,4,138.4999999999995
2,2,3,5,149.9999999999995
2,2,4,0,92.49999999999956
2,2,4,1,103.99999999999956
2,2,4,2,115.49999999999956
2,2,4,3,126.99999999999956
2,2,4,4,138.4999999999995
2,2,4,5,149.9999999999995
2,2,5,0,92.49999999999956
2,2,5,1,103.99999999999956
2,2,5,2,115.49999999999956
2,2,5,3,126.99999999999956
2,2,5,4,138.4999999999995
2,2,5,5,149.9999999999995
2,2,6,0,92.49999999999956
2,2,6,1,103.99999999999956
2,2,6,2,115.49999999999956
2,2,6,3,126.99999999999956
2,2,6,4,138.4999999999995
2,2,6,5,149.9999999999995
2,2,7,0,92.49999999999956
2,2,7,1,103.99999999999956
2,2,7,2,115.49999999999956
2,2,7,3,126.99999999999956
2,2,7,4,138.4999999999995
2,2,7,5,149.9999999999995
2,3,0,0,97.49999999999956
2,3,0,1,101.49999999999956
2,3,0,2,112.99999999999956
2,3,0,3,124.49999999999956
2,3,0,4,135.9999999999995
2,3,0,5,147.4999999999995
2,3,1,0,97.49999999999956
2,3,1,1,101.49999999999956
2,3,1,2,112.99999999999956
2,3,1,3,124.49999999999956
2,3,1,4,135.9999999999995
2,3,1,5,147.4999999999995
2,3,2,0,97.49999999999956
2,3,2,1,101.49999999999956
2,3,2,2,112.99999999999956
2,3,2,3,124.49999999999956
2,3,2,4,135.9999999999995
2,3,2,5,147.4999999999995
2,3,3,0,97.49999999999956
2,3,3,1,101.49999999999956
2,3,3,2,112.99999999999956
2,3,3,3,124.49999999999956
2,3,3,4,135.9999999999995
2,3,3,5,147.4999999999995
2,3,4,0,97.49999999999956
2,3,4,1,101.49999999999956
2,3,4,2,112.99999999999956
2,3,4,3,124.49999999999956
2,3,4,4,135.9999999999995
2,3,4,5,147.4999999999995
2,3,5,0,97.49999999999956
2,3,5,1,101.49999999999956
2,3,5,2,112.99999999999956
2,3,5,3,124.49999999999956
2,3,5,4,135.9999999999995
2,3,5,5,147.4999999999995
2,3,6,0,97.49999999999956
2,3,6,1,101.49999999999956
2,3,6,2,112.99999999999956
2,3,6,3,124.49999999999956
2,3,6,4,135.9999999999995
2,3,6,5,147.4999999999995
2,3,7,0,97.49999999999956
2,3,7,1,101.49999999999956
2,3,7,2,112.99999999999956
2,3,7,3,124.49999999999956
2,3,7,4,135.9999999999995
2,3,7,5,147.4999999999995
2,4,0,0,102.49999999999956
2,4,0,1,106.49999999999956
2,4,0,2,110.49999999999956
2,4,0,3,121.99999999999956
2,4,0,4,133.4999999999995
2,4,0,5,144.9999999999995
2,4,1,0,102.49999999999956
2,4,1,1,106.49999999999956
2,4,1,2,110.49999999999956
2,4,1,3,121.99999999999956
2,4,1,4,133.4999999999995
2,4,1,5,144.9999999999995
2,4,2,0,102.49999999999956
2,4,2,1,106.49999999999956
2,4,2,2,110.49999999999956
2,4,2,3,121.99999999999956
2,4,2,4,133.4999999999995
2,4,2,5,144.9999999999995
2,4,3,0,102.49999999999956
2,4,3,1,106.49999999999956
2,4,3,2,110.49999999999956
2,4,3,3,121.99999999999956
2,4,3,4,133.4999999999995
2,4,3,5,144.9999999999995
2,4,4,0,102.49999999999956
2,4,4,1,106.49999999999956
2,4,4,2,110.49999999999956
2,4,4,3,121.99999999999956
2,4,4,4,133.4999999999995
2,4,4,5,144.9999999999995
2,4,5,0,102.49999999999956
2,4,5,1,106.49999999999956
2,4,5,2,110.49999999999956
2,4,5,3,121.99999999999956
2,4,5,4,133.4999999999995
2,4,5,5,144.9999999999995
2,4,6,0,102.49999999999956
2,4,6,1,106.49999999999956
2,4,6,2,110.49999999999956
2,4,6,3,121.99999999999956
2,4,6,4,133.4999999999995
2,4,6,5,144.9999999999995
2,4,7,0,102.49999999999956
2,4,7,1,106.49999999999956
2,4,7,2,110.49999999999956
2,4,7,3,121.99999999999956
2,4,7,4,133.4999999999995
2,4,7,5,144.9999999999995
2,5,0,0,107.49999999999956
2,5,0,1,111.49999999999956
2,5,0,2,115.49999999999956
2,5,0,3,119.49999999999956
2,5,0,4,130.9999999999995
2,5,0,5,142.4999999999995
2,5,1,0,107.49999999999956
2,5,1,1,111.49999999999956
2,5,1,2,115.49999999999956
2,5,1,3,119.49999999999956
2,5,1,4,130.9999999999995
2,5,1,5,142.4999999999995
2,5,2,0,107.49999999999956
2,5,2,1,111.49999999999956
2,5,2,2,115.49999999999956
2,5,2,3,119.49999999999956
2,5,2,4,130.9999999999995
2,5,2,5,142.4999999999995
2,5,3,0,107.49999999999956
2,5,3,1,111.49999999999956
2,5,3,2,115.49999999999956
2,5,3,3,119.49999999999956
2,5,3,4,130.9999999999995
2,5,3,5,142.4999999999995
2,5,4,0,107.49999999999956
2,5,4,1,111.49999999999956
2,5,4,2,115.49999999999956
2,5,4,3,119.49999999999956
2,5,4,4,130.9999999999995
2,5,4,5,142.4999999999995
2,5,5,0,107.49999999999956
2,5,5,1,111.49999999999956
2,5,5,2,115.49999999999956
2,5,5,3,119.49999999999956
2,5,5,4,130.9999999999995
2,5,5,5,142.4999999999995
2,5,6,0,107.49999999999956
2,5,6,1,111.49999999999956
2,5,6,2,115.49999999999956
2,5,6,3,119.49999999999956
2,5,6,4,130.9999999999995
2,5,6,5,142.4999999999995
2,5,7,0,107.49999999999956
2,5,7,1,111.49999999999956
2,5,7,2,115.49999999999956
2,5,7,3,119.49999999999956
2,5,7,4,130.9999999999995
2,5,7,5,142.4999999999995
2,6,0,0,112.49999999999956
2,6,0,1,116.49999999999956
2,6,0,2,120.49999999999956
2,6,0,3,124.49999999999956
2,6,0,4,128.4999999999995
2,6,0,5,139.9999999999995
2,6,1,0,112.49999999999956
2,6,1,1,116.49999999999956
2,6,1,2,120.49999999999956
2,6,1,3,124.49999999999956
2,6,1,4,128.4999999999995
2,6,1,5,139.9999999999995
2,6,2,0,112.49999999999956
2,6,2,1,116.49999999999956
2,6,2,2,120.49999999999956
2,6,2,3,124.49999999999956
2,6,2,4,128.4999999999995
2,6,2,5,139.9999999999995
2,6,3,0,112.49999999999956
2,6,3,1,116.49999999999956
2,6,3,2,120.49999999999956
2,6,3,3,124.49999999999956
2,6,3,4,128.4999999999995
2,6,3,5,139.9999999999995
2,6,4,0,112.49999999999956
2,6,4,1,116.49999999999956
2,6,4,2,120.49999999999956
2,6,4,3,124.49999999999956
2,6,4,4,128.4999999999995
2,6,4,5,139.9999999999995
2,6,5,0,112.49999999999956
2,6,5,1,116.49999999999956
2,6,5,2,120.49999999999956
2,6,5,3,124.49999999999956
2,6,5,4,128.4999999999995
2,6,5,5,139.9999999999995
2,6,6,0,112.49999999999956
2,6,6,1,116.49999999999956
2,6,6,2,120.49999999999956
2,6,6,3,124.49999999999956
2,6,6,4,128.4999999999995
2,6,6,5,139.9999999999995
2,6,7,0,112.49999999999956
2,6,7,1,116.49999999999956
2,6,7,2,120.49999999999956
2,6,7,3,124.49999999999956
2,6,7,4,128.4999999999995
2,6,7,5,139.9999999999995
2,7,0,0,117.49999999999956
2,7,0,1,121.49999999999956
2,7,0,2,125.49999999999956
2,7,0,3,129.4999999999995
2,7,0,4,133.4999999999995
2,7,0,5,137.4999999999995
2,7,1,0,117.49999999999956
2,7,1,1,121.49999999999956
2,7,1,2,125.49999999999956
2,7,1,3,129.4999999999995
2,7,1,4,133.4999999999995
2,7,1,5,137.4999999999995
2,7,2,0,117.49999999999956
2,7,2,1,121.49999999999956
2,7,2,2,125.49999999999956
2,7,2,3,129.4999999999995
2,7,2,4,133.4999999999995
2,7,2,5,137.4999999999995
2,7,3,0,117.49999999999956
2,7,3,1,121.49999999999956
2,7,3,2,125.49999999999956
2,7,3,3,129.4999999999995
2,7,3,4,133.4999999999995
2,7,3,5,137.4999999999995
2,7,4,0,117.49999999999956
2,7,4,1,121.49999999999956
2,7,4,2,125.49999999999956
2,7,4,3,129.4999999999995
2,7,4,4,133.4999999999995
2,7,4,5,137.4999999999995
2,7,5,0,117.49999999999956
2,7,5,1,121.49999999999956
2,7,5,2,125.49999999999956
2,7,5,3,129.4999999999995
2,7,5,4,133.4999999999995
2,7,5,5,137.4999999999995
2,7,6,0,117.49999999999956
2,7,6,1,121.49999999999956
2,7,6,2,125.49999999999956
2,7,6,3,129.4999999999995
2,7,6,4,133.4999999999995
2,7,6,5,137.4999999999995
2,7,7,0,117.49999999999956
2,7,7,1,121.49999999999956
2,7,7,2,125.49999999999956
2,7,7,3,129.4999999999995
2,7,7,4,133.4999999999995
2,7,7,5,137.4999999999995
3,0,0,0,109.99999999999956
3,0,0,1,121.49999999999956
3,0,0,2,132.9999999999995
3,0,0,3,139.4999999999995
3,0,0,4,145.9999999999995
3,0,0,5,150.6249999999995
3,0,1,0,109.99999999999956
3,0,1,1,121.49999999999956
3,0,1,2,132.9999999999995
3,0,1,3,139.4999999999995
3,0,1,4,145.9999999999995
3,0,1,5,150.6249999999995
3,0,2,0,109.99999999999956
3,0,2,1,121.49999999999956
3,0,2,2,132.9999999999995
3,0,2,3,139.4999999999995
3,0,2,4,145.9999999999995
3,0,2,5,150.6249999999995
3,0,3,0,109.99999999999956
3,0,3,1,121.49999999999956
3,0,3,2,132.9999999999995
3,0,3,3,139.4999999999995
3,0,3,4,145.9999999999995
3,0,3,5,150.6249999999995
3,0,4,0,109.99999999999956
3,0,4,1,121.49999999999956
3,0,4,2,132.9999999999995
3,0,4,3,139.4999999999995
3,0,4,4,145.9999999999995
3,0,4,5,150.6249999999995
3,0,5,0,109.99999999999956
3,0,5,1,121.49999999999956
3,0,5,2,132.9999999999995
3,0,5,3,139.4999999999995
3,0,5,4,145.9999999999995
3,0,5,5,150.6249999999995
3,0,6,0,109.99999999999956
3,0,6,1,121.49999999999956
3,0,6,2,132.9999999999995
3,0,6,3,139.4999999999995
3,0,6,4,145.9999999999995
3,0,6,5,150.6249999999995
3,0,7,0,109.99999999999956
3,0,7,1,121.49999999999956
3,0,7,2,132.9999999999995
3,0,7,3,139.4999999999995
3,0,7,4,145.9999999999995
3,0,7,5,150.6249999999995
3,1,0,0,107.49999999999956
3,1,0,1,118.99999999999956
3,1,0,2,130.4999999999995
3,1,0,3,141.9999999999995
3,1,0,4,148.4999999999995
3,1,0,5,154.9999999999995
3,1,1,0,107.49999999999956
3,1,1,1,118.99999999999956
3,1,1,2,130.4999999999995
3,1,1,3,141.9999999999995
3,1,1,4,148.4999999999995
3,1,1,5,154.9999999999995
3,1,2,0,107.49999999999956
3,1,2,1,118.99999999999956
3,1,2,2,130.4999999999995
3,1,2,3,141.9999999999995
3,1,2,4,148.4999999999995
3,1,2,5,154.9999999999995
3,1,3,0,107.49999999999956
3,1,3,1,118.99999999999956
3,1,3,2,130.4999999999995
3,1,3,3,141.9999999999995
3,1,3,4,148.4999999999995
3,1,3,5,154.9999999999995
3,1,4,0,107.49999999999956
3,1,4,1,118.99999999999956
3,1,4,2,130.4999999999995
3,1,4,3,141.9999999999995
3,1,4,4,148.4999999999995
3,1,4,5,154.9999999999995
3,1,5,0,107.49999999999956
3,1,5,1,118.99999999999956
3,1,5,2,130.4999999999995
3,1,5,3,141.9999999999995
3,1,5,4,148.4999999999995
3,1,5,5,154.9999999999995
3,1,6,0,107.49999999999956
3,1,6,1,118.99999999999956
3,1,6,2,130.4999999999995
3,1,6,3,141.9999999999995
3,1,6,4,148.4999999999995
3,1,6,5,154.9999999999995
3,1,7,0,107.49999999999956
3,1,7,1,118.99999999999956
3,1,7,2,130.4999999999995
3,1,7,3,141.9999999999995
3,1,7,4,148.4999999999995
3,1,7,5,154.9999999999995
3,2,0,0,104.99999999999956
3,2,0,1,116.49999999999956
3,2,0,2,127.99999999999956
3,2,0,3,139.4999999999995
3,2,0,4,150.9999999999995
3,2,0,5,157.4999999999995
3,2,1,0,104.99999999999956
3,2,1,1,116.49999999999956
3,2,1,2,127.99999999999956
3,2,1,3,139.4999999999995
3,2,1,4,150.9999999999995
3,2,1,5,157.4999999999995
3,2,2,0,104.99999999999956
3,2,2,1,116.49999999999956
3,2,2,2,127.99999999999956
3,2,2,3,139.4999999999995
3,2,2,4,150.9999999999995
3,2,2,5,157.4999999999995
3,2,3,0,104.99999999999956
3,2,3,1,116.49999999999956
3,2,3,2,127.99999999999956
3,2,3,3,139.4999999999995
3,2,3,4,150.9999999999995
3,2,3,5,157.4999999999995
3,2,4,0,104.99999999999956
3,2,4,1,116.49999999999956
3,2,4,2,127.99999999999956
3,2,4,3,139.4999999999995
3,2,4,4,150.9999999999995
3,2,4,5,157.4999999999995
3,2,5,0,104.99999999999956
3,2,5,1,116.49999999999956
3,2,5,2,127.99999999999956
3,2,5,3,139.4999999999995
3,2,5,4,150.9999999999995
3,2,5,5,157.4999999999995
3,2,6,0,104.99999999999956
3,2,6,1,116.49999999999956
3,2,6,2,127.99999999999956
3,2,6,3,139.4999999999995
3,2,6,4,150.9999999999995
3,2,6,5,157.4999999999995
3,2,7,0,104.99999999999956
3,2,7,1,116.49999999999956
3,2,7,2,127.99999999999956
3,2,7,3,139.4999999999995
3,2,7,4,150.9999999999995
3,2,7,5,157.4999999999995
3,3,0,0,102.49999999999956
3,3,0,1,113.99999999999956
3,3,0,2,125.49999999999956
3,3,0,3,136.9999999999995
3,3,0,4,148.4999999999995
3,3,0,5,159.9999999999995
3,3,1,0,102.49999999999956
3,3,1,1,113.99999999999956
3,3,1,2,125.49999999999956
3,3,1,3,136.9999999999995
3,3,1,4,148.4999999999995
3,3,1,5,159.9999999999995
3,3,2,0,102.49999999999956
3,3,2,1,113.99999999999956
3,3,2,2,125.49999999999956
3,3,2,3,136.9999999999995
3,3,2,4,148.4999999999995
3,3,2,5,159.9999999999995
3,3,3,0,102.49999999999956
3,3,3,1,113.99999999999956
3,3,3,2,125.49999999999956
3,3,3,3,136.9999999999995
3,3,3,4,148.4999999999995
3,3,3,5,159.9999999999995
3,3,4,0,102.49999999999956
3,3,4,1,113.99999999999956
3,3,4,2,125.49999999999956
3,3,4,3,136.9999999999995
3,3,4,4,148.4999999999995
3,3,4,5,159.9999999999995
3,3,5,0,102.49999999999956
3,3,5,1,113.99999999999956
3,3,5,2,125.49999999999956
3,3,5,3,136.9999999999995
3,3,5,4,148.4999999999995
3,3,5,5,159.9999999999995
3,3,6,0,102.49999999999956
3,3,6,1,113.99999999999956
3,3,6,2,125.49999999999956
3,3,6,3,136.9999999999995
3,3,6,4,148.4999999999995
3,3,6,5,159.9999999999995
3,3,7,0,102.49999999999956
3,3,7,1,113.99999999999956
3,3,7,2,125.49999999999956
3,3,7,3,136.9999999999995
3,3,7,4,148.4999999999995
3,3,7,5,159.9999999999995
3,4,0,0,107.49999999999956
3,4,0,1,111.49999999999956
3,4,0,2,122.99999999999956
3,4,0,3,134.4999999999995
3,4,0,4,145.9999999999995
3,4,0,5,157.4999999999995
3,4,1,0,107.49999999999956
3,4,1,1,111.49999999999956
3,4,1,2,122.99999999999956
3,4,1,3,134.4999999999995
3,4,1,4,145.9999999999995
3,4,1,5,157.4999999999995
3,4,2,0,107.49999999999956
3,4,2,1,111.49999999999956
3,4,2,2,122.99999999999956
3,4,2,3,134.4999999999995
3,4,2,4,145.9999999999995
3,4,2,5,157.4999999999995
3,4,3,0,107.49999999999956
3,4,3,1,111.49999999999956
3,4,3,2,122.99999999999956
3,4,3,3,134.4999999999995
3,4,3,4,145.9999999999995
3,4,3,5,157.4999999999995
3,4,4,0,107.49999999999956
3,4,4,1,111.49999999999956
3,4,4,2,122.99999999999956
3,4,4,3,134.4999999999995
3,4,4,4,145.9999999999995
3,4,4,5,157.4999999999995
3,4,5,0,107.49999999999956
3,4,5,1,111.49999999999956
3,4,5,2,122.99999999999956
3,4,5,3,134.4999999999995
3,4,5,4,145.9999999999995
3,4,5,5,157.4999999999995
3,4,6,0,107.49999999999956
3,4,6,1,111.49999999999956
3,4,6,2,122.99999999999956
3,4,6,3,134.4999999999995
3,4,6,4,145.9999999999995
3,4,6,5,157.4999999999995
3,4,7,0,107.49999999999956
3,4,7,1,111.49999999999956
3,4,7,2,122.99999999999956
3,4,7,3,134.4999999999995
3,4,7,4,145.9999999999995
3,4,7,5,157.4999999999995
3,5,0,0,112.49999999999956
3,5,0,1,116.49999999999956
3,5,0,2,120.49999999999956
3,5,0,3,131.9999999999995
3,5,0,4,143.4999999999995
3,5,0,5,154.9999999999995
3,5,1,0,112.49999999999956
3,5,1,1,116.49999999999956
3,5,1,2,120.49999999999956
3,5,1,3,131.9999999999995
3,5,1,4,143.4999999999995
3,5,1,5,154.9999999999995
3,5,2,0,112.49999999999956
3,5,2,1,116.49999999999956
3,5,2,2,120.49999999999956
3,5,2,3,131.9999999999995
3,5,2,4,143.4999999999995
3,5,2,5,154.9999999999995
3,5,3,0,112.49999999999956
3,5,3,1,116.49999999999956
3,5,3,2,120.49999999999956
3,5,3,3,131.9999999999995
3,5,3,4,143.4999999999995
3,5,3,5,154.9999999999995
3,5,4,0,112.49999999999956
3,5,4,1,116.49999999999956
3,5,4,2,120.49999999999956
3,5,4,3,131.9999999999995
3,5,4,4,143.4999999999995
3,5,4,5,154.9999999999995
3,5,5,0,112.49999999999956
3,5,5,1,116.49999999999956
3,5,5,2,120.49999999999956
3,5,5,3,131.9999999999995
3,5,5,4,143.4999999999995
3,5,5,5,154.9999999999995
3,5,6,0,112.49999999999956
3,5,6,1,116.49999999999956
3,5,6,2,120.49999999999956
3,5,6,3,131.9999999999995
3,5,6,4,143.4999999999995
3,5,6,5,154.9999999999995
3,5,7,0,112.49999999999956
3,5,7,1,116.49999999999956
3,5,7,2,120.49999999999956
3,5,7,3,131.9999999999995
3,5,7,4,143.4999999999995
3,5,7,5,154.9999999999995
3,6,0,0,117.49999999999956
3,6,0,1,121.49999999999956
3,6,0,2,125.49999999999956
3,6,0,3,129.4999999999995
3,6,0,4,140.9999999999995
3,6,0,5,152.4999999999995
3,6,1,0,117.49999999999956
3,6,1,1,121.49999999999956
3,6,1,2,125.49999999999956
3,6,1,3,129.4999999999995
3,6,1,4,140.9999999999995
3,6,1,5,152.4999999999995
3,6,2,0,117.49999999999956
3,6,2,1,121.49999999999956
3,6,2,2,125.49999999999956
3,6,2,3,129.4999999999995
3,6,2,4,140.9999999999995
3,6,2,5,152.4999999999995
3,6,3,0,117.49999999999956
3,6,3,1,121.49999999999956
3,6,3,2,125.49999999999956
3,6,3,3,129.4999999999995
3,6,3,4,140.9999999999995
3,6,3,5,152.4999999999995
3,6,4,0,117.49999999999956
3,6,4,1,121.49999999999956
3,6,4,2,125.49999999999956
3,6,4,3,129.4999999999995
3,6,4,4,140.9999999999995
3,6,4,5,152.4999999999995
3,6,5,0,117.49999999999956
3,6,5,1,121.49999999999956
3,6,5,2,125.49999999999956
3,6,5,3,129.4999999999995
3,6,5,4,140.9999999999995
3,6,5,5,152.4999999999995
3,6,6,0,117.49999999999956
3,6,6,1,121.49999999999956
3,6,6,2,125.49999999999956
3,6,6,3,129.4999999999995
3,6,6,4,140.9999999999995
3,6,6,5,152.4999999999995
3,6,7,0,117.49999999999956
3,6,7,1,121.49999999999956
3,6,7,2,125.49999999999956
3,6,7,3,129.4999999999995
3,6,7,4,140.9999999999995
3,6,7,5,152.4999999999995
3,7,0,0,122.49999999999956
3,7,0,1,126.49999999999956
3,7,0,2,130.4999999999995
3,7,0,3,134.4999999999995
3,7,0,4,138.4999999999995
3,7,0,5,149.9999999999995
3,7,1,0,122.49999999999956
3,7,1,1,126.49999999999956
3,7,1,2,130.4999999999995
3,7,1,3,134.4999999999995
3,7,1,4,138.4999999999995
3,7,1,5,149.9999999999995
3,7,2,0,122.49999999999956
3,7,2,1,126.49999999999956
3,7,2,2,130.4999999999995
3,7,2,3,134.4999999999995
3,7,2,4,138.4999999999995
3,7,2,5,149.9999999999995
3,7,3,0,122.49999999999956
3,7,3,1,126.49999999999956
3,7,3,2,130.4999999999995
3,7,3,3,134.4999999999995
3,7,3,4,138.4999999999995
3,7,3,5,149.9999999999995
3,7,4,0,122.49999999999956
3,7,4,1,126.49999999999956
3,7,4,2,130.4999999999995
3,7,4,3,134.4999999999995
3,7,4,4,138.4999999999995
3,7,4,5,149.9999999999995
3,7,5,0,122.49999999999956
3,7,5,1,126.49999999999956
3,7,5,2,130.4999999999995
3,7,5,3,134.4999999999995
3,7,5,4,138.4999999999995
3,7,5,5,149.9999999999995
3,7,6,0,122.49999999999956
3,7,6,1,126.49999999999956
3,7,6,2,130.4999999999995
3,7,6,3,134.4999999999995
3,7,6,4,138.4999999999995
3,7,6,5,149.9999999999995
3,7,7,0,122.49999999999956
3,7,7,1,126.49999999999956
3,7,7,2,130.4999999999995
3,7,7,3,134.4999999999995
3,7,7,4,138.4999999999995
3,7,7,5,149.9999999999995
4,0,0,0,122.49999999999956
4,0,0,1,133.9999999999995
4,0,0,2,140.4999999999995
4,0,0,3,146.9999999999995
4,0,0,4,151.6249999999995
4,0,0,5,156.2499999999995
4,0,1,0,122.49999999999956
4,0,1,1,133.9999999999995
4,0,1,2,140.4999999999995
4,0,1,3,146.9999999999995
4,0,1,4,151.6249999999995
4,0,1,5,156.2499999999995
4,0,2,0,122.49999999999956
4,0,2,1,133.9999999999995
4,0,2,2,140.4999999999995
4,0,2,3,146.9999999999995
4,0,2,4,151.6249999999995
4,0,2,5,156.2499999999995
4,0,3,0,122.49999999999956
4,0,3,1,133.9999999999995
4,0,3,2,140.4999999999995
4,0,3,3,146.9999999999995
4,0,3,4,151.6249999999995
4,0,3,5,156.2499999999995
4,0,4,0,122.49999999999956
4,0,4,1,133.9999999999995
4,0,4,2,140.4999999999995
4,0,4,3,146.9999999999995
4,0,4,4,151.6249999999995
4,0,4,5,156.2499999999995
4,0,5,0,122.49999999999956
4,0,5,1,133.9999999999995
4,0,5,2,140.4999999999995
4,0,5,3,146.9999999999995
4,0,5,4,151.6249999999995
4,0,5,5,156.2499999999995
4,0,6,0,122.49999999999956
4,0,6,1,133.9999999999995
4,0,6,2,140.4999999999995
4,0,6,3,146.9999999999995
4,0,6,4,151.6249999999995
4,0,6,5,156.2499999999995
4,0,7,0,122.49999999999956
4,0,7,1,133.9999999999995
4,0,7,2,140.4999999999995
4,0,7,3,146.9999999999995
4,0,7,4,151.6249999999995
4,0,7,5,156.2499999999995
4,1,0,0,119.99999999999956
4,1,0,1,131.4999999999995
4,1,0,2,142.9999999999995
4,1,0,3,149.4999999999995
4,1,0,4,155.9999999999995
4,1,0,5,160.6249999999995
4,1,1,0,119.99999999999956
4,1,1,1,131.4999999999995
4,1,1,2,142.9999999999995
4,1,1,3,149.4999999999995
4,1,1,4,155.9999999999995
4,1,1,5,160.6249999999995
4,1,2,0,119.99999999999956
4,1,2,1,131.4999999999995
4,1,2,2,142.9999999999995
4,1,2,3,149.4999999999995
4,1,2,4,155.9999999999995
4,1,2,5,160.6249999999995
4,1,3,0,119.99999999999956
4,1,3,1,131.4999999999995
4,1,3,2,142.9999999999995
4,1,3,3,149.4999999999995
4,1,3,4,155.9999999999995
4,1,3,5,160.6249999999995
4,1,4,0,119.99999999999956
4,1,4,1,131.4999999999995
4,1,4,2,142.9999999999995
4,1,4,3,149.4999999999995
4,1,4,4,155.9999999999995
4,1,4,5,160.6249999999995
4,1,5,0,119.99999999999956
4,1,5,1,131.4999999999995
4,1,5,2,142.9999999999995
4,1,5,3,149.4999999999995
4,1,5,4,155.9999999999995
4,1,5,5,160.6249999999995
4,1,6,0,119.99999999999956
4,1,6,1,131.4999999999995
4,1,6,2,142.9999999999995
4,1,6,3,149.4999999999995
4,1,6,4,155.9999999999995
4,1,6,5,160.6249999999995
4,1,7,0,119.99999999999956
4,1,7,1,131.4999999999995
4,1,7,2,142.9999999999995
4,1,7,3,149.4999999999995
4,1,7,4,155.9999999999995
4,1,7,5,160.6249999999995
4,2,0,0,117.49999999999956
4,2,0,1,128.9999999999995
4,2,0,2,140.4999999999995
4,2,0,3,151.9999999999995
4,2,0,4,158.4999999999995
4,2,0,5,164.9999999999995
4,2,1,0,117.49999999999956
4,2,1,1,128.9999999999995
4,2,1,2,140.4999999999995
4,2,1,3,151.9999999999995
4,2,1,4,158.4999999999995
4,2,1,5,164.9999999999995
4,2,2,0,117.49999999999956
4,2,2,1,128.9999999999995
4,2,2,2,140.4999999999995
4,2,2,3,151.9999999999995
4,2,2,4,158.4999999999995
4,2,2,5,164.9999999999995
4,2,3,0,117.49999999999956
4,2,3,1,128.9999999999995
4,2,3,2,140.4999999999995
4,2,3,3,151.9999999999995
4,2,3,4,158.4999999999995
4,2,3,5,164.9999999999995
4,2,4,0,117.49999999999956
4,2,4,1,128.9999999999995
4,2,4,2,140.4999999999995
4,2,4,3,151.9999999999995
4,2,4,4,158.4999999999995
4,2,4,5,164.9999999999995
4,2,5,0,117.49999999999956
4,2,5,1,128.9999999999995
4,2,5,2,140.4999999999995
4,2,5,3,151.9999999999995
4,2,5,4,158.4999999999995
4,2,5,5,164.9999999999995
4,2,6,0,117.49999999999956
4,2,6,1,128.9999999999995
4,2,6,2,140.4999999999995
4,2,6,3,151.9999999999995
4,2,6,4,158.4999999999995
4,2,6,5,164.9999999999995
4,2,7,0,117.49999999999956
4,2,7,1,128.9999999999995
4,2,7,2,140.4999999999995
4,2,7,3,151.9999999999995
4,2,7,4,158.4999999999995
4,2,7,5,164.9999999999995
4,3,0,0,114.99999999999956
4,3,0,1,126.49999999999956
4,3,0,2,137.9999999999995
4,3,0,3,149.4999999999995
4,3,0,4,160.9999999999995
4,3,0,5,167.4999999999995
4,3,1,0,114.99999999999956
4,3,1,1,126.49999999999956
4,3,1,2,137.9999999999995
4,3,1,3,149.4999999999995
4,3,1,4,160.9999999999995
4,3,1,5,167.4999999999995
4,3,2,0,114.99999999999956
4,3,2,1,126.49999999999956
4,3,2,2,137.9999999999995
4,3,2,3,149.4999999999995
4,3,2,4,160.9999999999995
4,3,2,5,167.4999999999995
4,3,3,0,114.99999999999956
4,3,3,1,126.49999999999956
4,3,3,2,137.9999999999995
4,3,3,3,149.4999999999995
4,3,3,4,160.9999999999995
4,3,3,5,167.4999999999995
4,3,4,0,114.99999999999956
4,3,4,1,126.49999999999956
4,3,4,2,137.9999999999995
4,3,4,3,149.4999999999995
4,3,4,4,160.9999999999995
4,3,4,5,167.4999999999995
4,3,5,0,114.99999999999956
4,3,5,1,126.49999999999956
4,3,5,2,137.9999999999995
4,3,5,3,149.4999999999995
4,3,5,4,160.9999999999995
4,3,5,5,167.4999999999995
4,3,6,0,114.99999999999956
4,3,6,1,126.49999999999956
4,3,6,2,137.9999999999995
4,3,6,3,149.4999999999995
4,3,6,4,160.9999999999995
4,3,6,5,167.4999999999995
4,3,7,0,114.99999999999956
4,3,7,1,126.49999999999956
4,3,7,2,137.9999999999995
4,3,7,3,149.4999999999995
4,3,7,4,160.9999999999995
4,3,7,5,167.4999999999995
4,4,0,0,112.49999999999956
4,4,0,1,123.99999999999956
4,4,0,2,135.4999999999995
4,4,0,3,146.9999999999995
4,4,0,4,158.4999999999995
4,4,0,5,169.9999999999995
4,4,1,0,112.49999999999956
4,4,1,1,123.99999999999956
4,4,1,2,135.4999999999995
4,4,1,3,146.9999999999995
4,4,1,4,158.4999999999995
4,4,1,5,169.9999999999995
4,4,2,0,112.49999999999956
4,4,2,1,123.99999999999956
4,4,2,2,135.4999999999995
4,4,2,3,146.9999999999995
4,4,2,4,158.4999999999995
4,4,2,5,169.9999999999995
4,4,3,0,112.49999999999956
4,4,3,1,123.99999999999956
4,4,3,2,135.4999999999995
4,4,3,3,146.9999999999995
4,4,3,4,158.4999999999995
4,4,3,5,169.9999999999995
4,4,4,0,112.49999999999956
4,4,4,1,123.99999999999956
4,4,4,2,135.4999999999995
4,4,4,3,146.9999999999995
4,4,4,4,158.4999999999995
4,4,4,5,169.9999999999995
4,4,5,0,112.49999999999956
4,4,5,1,123.99999999999956
4,4,5,2,135.4999999999995
4,4,5,3,146.9999999999995
4,4,5,4,158.4999999999995
4,4,5,5,169.9999999999995
4,4,6,0,112.49999999999956
4,4,6,1,123.99999999999956
4,4,6,2,135.4999999999995
4,4,6,3,146.9999999999995
4,4,6,4,158.4999999999995
4,4,6,5,169.9999999999995
4,4,7,0,112.49999999999956
4,4,7,1,123.99999999999956
4,4,7,2,135.4999999999995
4,4,7,3,146.9999999999995
4,4,7,4,158.4999999999995
4,4,7,5,169.9999999999995
4,5,0,0,117.49999999999956
4,5,0,1,121.49999999999956
4,5,0,2,132.9999999999995
4,5,0,3,144.4999999999995
4,5,0,4,155.9999999999995
4,5,0,5,167.4999999999995
4,5,1,0,117.49999999999956
4,5,1,1,121.49999999999956
4,5,1,2,132.9999999999995
4,5,1,3,144.4999999999995
4,5,1,4,155.9999999999995
4,5,1,5,167.4999999999995
4,5,2,0,117.49999999999956
4,5,2,1,121.49999999999956
4,5,2,2,132.9999999999995
4,5,2,3,144.4999999999995
4,5,2,4,155.9999999999995
4,5,2,5,167.4999999999995
4,5,3,0,117.49999999999956
4,5,3,1,121.49999999999956
4,5,3,2,132.9999999999995
4,5,3,3,144.4999999999995
4,5,3,4,155.9999999999995
4,5,3,5,167.4999999999995
4,5,4,0,117.49999999999956
4,5,4,1,121.49999999999956
4,5,4,2,132.9999999999995
4,5,4,3,144.4999999999995
4,5,4,4,155.9999999999995
4,5,4,5,167.4999999999995
4,5,5,0,117.49999999999956
4,5,5,1,121.49999999999956
4,5,5,2,132.9999999999995
4,5,5,3,144.4999999999995
4,5,5,4,155.9999999999995
4,5,5,5,167.4999999999995
4,5,6,0,117.49999999999956
4,5,6,1,121.49999999999956
4,5,6,2,132.9999999999995
4,5,6,3,144.4999999999995
4,5,6,4,155.9999999999995
4,5,6,5,167.4999999999995
4,5,7,0,117.49999999999956
4,5,7,1,121.49999999999956
4,5,7,2,132.9999999999995
4,5,7,3,144.4999999999995
4,5,7,4,155.9999999999995
4,5,7,5,167.4999999999995
4,6,0,0,122.49999999999956
4,6,0,1,126.49999999999956
4,6,0,2,130.4999999999995
4,6,0,3,141.9999999999995
4,6,0,4,153.4999999999995
4,6,0,5,164.9999999999995
4,6,1,0,122.49999999999956
4,6,1,1,126.49999999999956
4,6,1,2,130.4999999999995
4,6,1,3,141.9999999999995
4,6,1,4,153.4999999999995
4,6,1,5,164.9999999999995
4,6,2,0,122.49999999999956
4,6,2,1,126.49999999999956
4,6,2,2,130.4999999999995
4,6,2,3,141.9999999999995
4,6,2,4,153.4999999999995
4,6,2,5,164.9999999999995
4,6,3,0,122.49999999999956
4,6,3,1,126.49999999999956
4,6,3,2,130.4999999999995
4,6,3,3,141.9999999999995
4,6,3,4,153.4999999999995
4,6,3,5,164.9999999999995
4,6,4,0,122.49999999999956
4,6,4,1,126.49999999999956
4,6,4,2,130.4999999999995
4,6,4,3,141.9999999999995
4,6,4,4,153.4999999999995
4,6,4,5,164.9999999999995
4,6,5,0,122.49999999999956
4,6,5,1,126.49999999999956
4,6,5,2,130.4999999999995
4,6,5,3,141.9999999999995
4,6,5,4,153.4999999999995
4,6,5,5,164.9999999999995
4,6,6,0,122.49999999999956
4,6,6,1,126.49999999999956
4,6,6,2,130.4999999999995
4,6,6,3,141.9999999999995
4,6,6,4,153.4999999999995
4,6,6,5,164.9999999999995
4,6,7,0,122.49999999999956
4,6,7,1,126.49999999999956
4,6,7,2,130.4999999999995
4,6,7,3,141.9999999999995
4,6,7,4,153.4999999999995
4,6,7,5,164.9999999999995
4,7,0,0,127.49999999999956
4,7,0,1,131.4999999999995
4,7,0,2,135.4999999999995
4,7,0,3,139.4999999999995
4,7,0,4,150.9999999999995
4,7,0,5,162.4999999999995
4,7,1,0,127.49999999999956
4,7,1,1,131.4999999999995
4,7,1,2,135.4999999999995
4,7,1,3,139.4999999999995
4,7,1,4,150.9999999999995
4,7,1,5,162.4999999999995
4,7,2,0,127.49999999999956
4,7,2,1,131.4999999999995
4,7,2,2,135.4999999999995
4,7,2,3,139.4999999999995
4,7,2,4,150.9999999999995
4,7,2,5,162.4999999999995
4,7,3,0,127.49999999999956
4,7,3,1,131.4999999999995
4,7,3,2,135.4999999999995
4,7,3,3,139.4999999999995
4,7,3,4,150.9999999999995
4,7,3,5,162.4999999999995
4,7,4,0,127.49999999999956
4,7,4,1,131.4999999999995
4,7,4,2,135.4999999999995
4,7,4,3,139.4999999999995
4,7,4,4,150.9999999999995
4,7,4,5,162.4999999999995
4,7,5,0,127.49999999999956
4,7,5,1,131.4999999999995
4,7,5,2,135.4999999999995
4,7,5,3,139.4999999999995
4,7,5,4,150.9999999999995
4,7,5,5,162.4999999999995
4,7,6,0,127.49999999999956
4,7,6,1,131.4999999999995
4,7,6,2,135.4999999999995
4,7,6,3,139.4999999999995
4,7,6,4,150.9999999999995
4,7,6,5,162.4999999999995
4,7,7,0,127.49999999999956
4,7,7,1,131.4999999999995
4,7,7,2,135.4999999999995
4,7,7,3,139.4999999999995
4,7,7,4,150.9999999999995
4,7,7,5,162.4999999999995
5,0,0,0,134.9999999999995
5,0,0,1,141.4999999999995
5,0,0,2,147.9999999999995
5,0,0,3,152.6249999999995
5,0,0,4,157.2499999999995
5,0,0,5,160.4687499999995
5,0,1,0,134.9999999999995
5,0,1,1,141.4999999999995
5,0,1,2,147.9999999999995
5,0,1,3,152.6249999999995
5,0,1,4,157.2499999999995
5,0,1,5,160.4687499999995
5,0,2,0,134.9999999999995
5,0,2,1,141.4999999999995
5,0,2,2,147.9999999999995
5,0,2,3,152.6249999999995
5,0,2,4,157.2499999999995
5,0,2,5,160.4687499999995
5,0,3,0,134.9999999999995
5,0,3,1,141.4999999999995
5,0,3,2,147.9999999999995
5,0,3,3,152.6249999999995
5,0,3,4,157.2499999999995
5,0,3,5,160.4687499999995
5,0,4,0,134.9999999999995
5,0,4,1,141.4999999999995
5,0,4,2,147.9999999999995
5,0,4,3,152.6249999999995
5,0,4,4,157.2499999999995
5,0,4,5,160.4687499999995
5,0,5,0,134.9999999999995
5,0,5,1,141.4999999999995
5,0,5,2,147.9999999999995
5,0,5,3,152.6249999999995
5,0,5,4,157.2499999999995
5,0,5,5,160.4687499999995
5,0,6,0,134.9999999999995
5,0,6,1,141.4999999999995
5,0,6,2,147.9999999999995
5,0,6,3,152.6249999999995
5,0,6,4,157.2499999999995
5,0,6,5,160.4687499999995
5,0,7,0,134.9999999999995
5,0,7,1,141.4999999999995
5,0,7,2,147.9999999999995
5,0,7,3,152.6249999999995
5,0,7,4,157.2499999999995
5,0,7,5,160.4687499999995
5,1,0,0,132.4999999999995
5,1,0,1,143.9999999999995
5,1,0,2,150.4999999999995
5,1,0,3,156.9999999999995
5,1,0,4,161.6249999999995
5,1,0,5,166.2499999999995
5,1,1,0,132.4999999999995
5,1,1,1,143.9999999999995
5,1,1,2,150.4999999999995
5,1,1,3,156.9999999999995
5,1,1,4,161.6249999999995
5,1,1,5,166.2499999999995
5,1,2,0,132.4999999999995
5,1,2,1,143.9999999999995
5,1,2,2,150.4999999999995
5,1,2,3,156.9999999999995
5,1,2,4,161.6249999999995
5,1,2,5,166.2499999999995
5,1,3,0,132.4999999999995
5,1,3,1,143.9999999999995
5,1,3,2,150.4999999999995
5,1,3,3,156.9999999999995
5,1,3,4,161.6249999999995
5,1,3,5,166.2499999999995
5,1,4,0,132.4999999999995
5,1,4,1,143.9999999999995
5,1,4,2,150.4999999999995
5,1,4,3,156.9999999999995
5,1,4,4,161.6249999999995
5,1,4,5,166.2499999999995
5,1,5,0,132.4999999999995
5,1,5,1,143.9999999999995
5,1,5,2,150.4999999999995
5,1,5,3,156.9999999999995
5,1,5,4,161.6249999999995
5,1,5,5,166.2499999999995
5,1,6,0,132.4999999999995
5,1,6,1,143.9999999999995
5,1,6,2,150.4999999999995
5,1,6,3,156.9999999999995
5,1,6,4,161.6249999999995
5,1,6,5,166.2499999999995
5,1,7,0,132.4999999999995
5,1,7,1,143.9999999999995
5,1,7,2,150.4999999999995
5,1,7,3,156.9999999999995
5,1,7,4,161.6249999999995
5,1,7,5,166.2499999999995
5,2,0,0,129.9999999999995
5,2,0,1,141.4999999999995
5,2,0,2,152.9999999999995
5,2,0,3,159.4999999999995
5,2,0,4,165.9999999999995
5,2,0,5,170.6249999999995
5,2,1,0,129.9999999999995
5,2,1,1,141.4999999999995
5,2,1,2,152.9999999999995
5,2,1,3,159.4999999999995
5,2,1,4,165.9999999999995
5,2,1,5,170.6249999999995
5,2,2,0,129.9999999999995
5,2,2,1,141.4999999999995
5,2,2,2,152.9999999999995
5,2,2,3,159.4999999999995
5,2,2,4,165.9999999999995
5,2,2,5,170.6249999999995
5,2,3,0,129.9999999999995
5,2,3,1,141.4999999999995
5,2,3,2,152.9999999999995
5,2,3,3,159.4999999999995
5,2,3,4,165.9999999999995
5,2,3,5,170.6249999999995
5,2,4,0,129.9999999999995
5,2,4,1,141.4999999999995
5,2,4,2,152.9999999999995
5,2,4,3,159.4999999999995
5,2,4,4,165.9999999999995
5,2,4,5,170.6249999999995
5,2,5,0,129.9999999999995
5,2,5,1,141.4999999999995
5,2,5,2,152.9999999999995
5,2,5,3,159.4999999999995
5,2,5,4,165.9999999999995
5,2,5,5,170.6249999999995
5,2,6,0,129.9999999999995
5,2,6,1,141.4999999999995
5,2,6,2,152.9999999999995
5,2,6,3,159.4999999999995
5,2,6,4,165.9999999999995
5,2,6,5,170.6249999999995
5,2,7,0,129.9999999999995
5,2,7,1,141.4999999999995
5,2,7,2,152.9999999999995
5,2,7,3,159.4999999999995
5,2,7,4,165.9999999999995
5,2,7,5,170.6249999999995
5,3,0,0,127.49999999999956
5,3,0,1,138.9999999999995
5,3,0,2,150.4999999999995
5,3,0,3,161.9999999999995
5,3,0,4,168.4999999999995
5,3,0,5,174.9999999999995
5,3,1,0,127.49999999999956
5,3,1,1,138.9999999999995
5,3,1,2,150.4999999999995
5,3,1,3,161.9999999999995
5,3,1,4,168.4999999999995
5,3,1,5,174.9999999999995
5,3,2,0,127.49999999999956
5,3,2,1,138.9999999999995
5,3,2,2,150.4999999999995
5,3,2,3,161.9999999999995
5,3,2,4,168.4999999999995
5,3,2,5,174.9999999999995
5,3,3,0,127.49999999999956
5,3,3,1,138.9999999999995
5,3,3,2,150.4999999999995
5,3,3,3,161.9999999999995
5,3,3,4,168.4999999999995
5,3,3,5,174.9999999999995
5,3,4,0,127.49999999999956
5,3,4,1,138.9999999999995
5,3,4,2,150.4999999999995
5,3,4,3,161.9999999999995
5,3,4,4,168.4999999999995
5,3,4,5,174.9999999999995
5,3,5,0,127.49999999999956
5,3,5,1,138.9999999999995
5,3,5,2,150.4999999999995
5,3,5,3,161.9999999999995
5,3,5,4,168.4999999999995
5,3,5,5,174.9999999999995
5,3,6,0,127.49999999999956
5,3,6,1,138.9999999999995
5,3,6,2,150.4999999999995
5,3,6,3,161.9999999999995
5,3,6,4,168.4999999999995
5,3,6,5,174.9999999999995
5,3,7,0,127.49999999999956
5,3,7,1,138.9999999999995
5,3,7,2,150.4999999999995
5,3,7,3,161.9999999999995
5,3,7,4,168.4999999999995
5,3,7,5,174.9999999999995
5,4,0,0,124.99999999999956
5,4,0,1,136.4999999999995
5,4,0,2,147.9999999999995
5,4,0,3,159.4999999999995
5,4,0,4,170.9999999999995
5,4,0,5,177.4999999999995
5,4,1,0,124.99999999999956
5,4,1,1,136.4999999999995
5,4,1,2,147.9999999999995
5,4,1,3,159.4999999999995
5,4,1,4,170.9999999999995
5,4,1,5,177.4999999999995
5,4,2,0,124.99999999999956
5,4,2,1,136.4999999999995
5,4,2,2,147.9999999999995
5,4,2,3,159.4999999999995
5,4,2,4,170.9999999999995
5,4,2,5,177.4999999999995
5,4,3,0,124.99999999999956
5,4,3,1,136.4999999999995
5,4,3,2,147.9999999999995
5,4,3,3,159.4999999999995
5,4,3,4,170.9999999999995
5,4,3,5,177.4999999999995
5,4,4,0,124.99999999999956
5,4,4,1,136.4999999999995
5,4,4,2,147.9999999999995
5,4,4,3,159.4999999999995
5,4,4,4,170.9999999999995
5,4,4,5,177.4999999999995
5,4,5,0,124.99999999999956
5,4,5,1,136.4999999999995
5,4,5,2,147.9999999999995
5,4,5,3,159.4999999999995
5,4,5,4,170.9999999999995
5,4,5,5,177.4999999999995
5,4,6,0,124.99999999999956
5,4,6,1,136.4999999999995
5,4,6,2,147.9999999999995
5,4,6,3,159.4999999999995
5,4,6,4,170.9999999999995
5,4,6,5,177.4999999999995
5,4,7,0,124.99999999999956
5,4,7,1,136.4999999999995
5,4,7,2,147.9999999999995
5,4,7,3,159.4999999999995
5,4,7,4,170.9999999999995
5,4,7,5,177.4999999999995
5,5,0,0,122.49999999999956
5,5,0,1,133.9999999999995
5,5,0,2,145.4999999999995
5,5,0,3,156.9999999999995
5,5,0,4,168.4999999999995
5,5,0,5,179.9999999999995
5,5,1,0,122.49999999999956
5,5,1,1,133.9999999999995
5,5,1,2,145.4999999999995
5,5,1,3,156.9999999999995
5,5,1,4,168.4999999999995
5,5,1,5,179.9999999999995
5,5,2,0,122.49999999999956
5,5,2,1,133.9999999999995
5,5,2,2,145.4999999999995
5,5,2,3,156.9999999999995
5,5,2,4,168.4999999999995
5,5,2,5,179.9999999999995
5,5,3,0,122.49999999999956
5,5,3,1,133.9999999999995
5,5,3,2,145.4999999999995
5,5,3,3,156.9999999999995
5,5,3,4,168.4999999999995
5,5,3,5,179.9999999999995
5,5,4,0,122.49999999999956
5,5,4,1,133.9999999999995
5,5,4,2,145.4999999999995
5,5,4,3,156.9999999999995
5,5,4,4,168.4999999999995
5,5,4,5,179.9999999999995
5,5,5,0,122.49999999999956
5,5,5,1,133.9999999999995
5,5,5,2,145.4999999999995
5,5,5,3,156.9999999999995
5,5,5,4,168.4999999999995
5,5,5,5,179.9999999999995
5,5,6,0,122.49999999999956
5,5,6,1,133.9999999999995
5,5,6,2,145.4999999999995
5,5,6,3,156.9999999999995
5,5,6,4,168.4999999999995
5,5,6,5,179.9999999999995
5,5,7,0,122.49999999999956
5,5,7,1,133.9999999999995
5,5,7,2,145.4999999999995
5,5,7,3,156.9999999999995
5,5,7,4,168.4999999999995
5,5,7,5,179.9999999999995
5,6,0,0,127.49999999999956
5,6,0,1,131.4999999999995
5,6,0,2,142.9999999999995
5,6,0,3,154.4999999999995
5,6,0,4,165.9999999999995
5,6,0,5,177.4999999999995
5,6,1,0,127.49999999999956
5,6,1,1,131.4999999999995
5,6,1,2,142.9999999999995
5,6,1,3,154.4999999999995
5,6,1,4,165.9999999999995
5,6,1,5,177.4999999999995
5,6,2,0,127.49999999999956
5,6,2,1,131.4999999999995
5,6,2,2,142.9999999999995
5,6,2,3,154.4999999999995
5,6,2,4,165.9999999999995
5,6,2,5,177.4999999999995
5,6,3,0,127.49999999999956
5,6,3,1,131.4999999999995
5,6,3,2,142.9999999999995
5,6,3,3,154.4999999999995
5,6,3,4,165.9999999999995
5,6,3,5,177.4999999999995
5,6,4,0,127.49999999999956
5,6,4,1,131.4999999999995
5,6,4,2,142.9999999999995
5,6,4,3,154.4999999999995
5,6,4,4,165.9999999999995
5,6,4,5,177.4999999999995
5,6,5,0,127.49999999999956
5,6,5,1,131.4999999999995
5,6,5,2,142.9999999999995
5,6,5,3,154.4999999999995
5,6,5,4,165.9999999999995
5,6,5,5,177.4999999999995
5,6,6,0,127.49999999999956
5,6,6,1,131.4999999999995
5,6,6,2,142.9999999999995
5,6,6,3,154.4999999999995
5,6,6,4,165.9999999999995
5,6,6,5,177.4999999999995
5,6,7,0,127.49999999999956
5,6,7,1,131.4999999999995
5,6,7,2,142.9999999999995
5,6,7,3,154.4999999999995
5,6,7,4,165.9999999999995
5,6,7,5,177.4999999999995
5,7,0,0,132.4999999999995
5,7,0,1,136.4999999999995
5,7,0,2,140.4999999999995
5,7,0,3,151.9999999999995
5,7,0,4,163.4999999999995
5,7,0,5,174.9999999999995
5,7,1,0,132.4999999999995
5,7,1,1,136.4999999999995
5,7,1,2,140.4999999999995
5,7,1,3,151.9999999999995
5,7,1,4,163.4999999999995
5,7,1,5,174.9999999999995
5,7,2,0,132.4999999999995
5,7,2,1,136.4999999999995
5,7,2,2,140.4999999999995
5,7,2,3,151.9999999999995
5,7,2,4,163.4999999999995
5,7,2,5,174.9999999999995
5,7,3,0,132.4999999999995
5,7,3,1,136.4999999999995
5,7,3,2,140.4999999999995
5,7,3,3,151.9999999999995
5,7,3,4,163.4999999999995
5,7,3,5,174.9999999999995
5,7,4,0,132.4999999999995
5,7,4,1,136.4999999999995
5,7,4,2,140.4999999999995
5,7,4,3,151.9999999999995
5,7,4,4,163.4999999999995
5,7,4,5,174.9999999999995
5,7,5,0,132.4999999999995
5,7,5,1,136.4999999999995
5,7,5,2,140.4999999999995
5,7,5,3,151.9999999999995
5,7,5,4,163.4999999999995
5,7,5,5,174.9999999999995
5,7,6,0,132.4999999999995
5,7,6,1,136.4999999999995
5,7,6,2,140.4999999999995
5,7,6,3,151.9999999999995
5,7,6,4,163.4999999999995
5,7,6,5,174.9999999999995
5,7,7,0,132.4999999999995
5,7,7,1,136.4999999999995
5,7,7,2,140.4999999999995
5,7,7,3,151.9999999999995
5,7,7,4,163.4999999999995
5,7,7,5,174.9999999999995
6,0,0,0,142.4999999999995
6,0,0,1,148.9999999999995
6,0,0,2,153.6249999999995
6,0,0,3,158.2499999999995
6,0,0,4,161.4687499999995
6,0,0,5,164.6874999999995
6,0,1,0,142.4999999999995
6,0,1,1,148.9999999999995
6,0,1,2,153.6249999999995
6,0,1,3,158.2499999999995
6,0,1,4,161.4687499999995
6,0,1,5,164.6874999999995
6,0,2,0,142.4999999999995
6,0,2,1,148.9999999999995
6,0,2,2,153.6249999999995
6,0,2,3,158.2499999999995
6,0,2,4,161.4687499999995
6,0,2,5,164.6874999999995
6,0,3,0,142.4999999999995
6,0,3,1,148.9999999999995
6,0,3,2,153.6249999999995
6,0,3,3,158.2499999999995
6,0,3,4,161.4687499999995
6,0,3,5,164.6874999999995
6,0,4,0,142.4999999999995
6,0,4,1,148.9999999999995
6,0,4,2,153.6249999999995
6,0,4,3,158.2499999999995
6,0,4,4,161.4687499999995
6,0,4,5,164.6874999999995
6,0,5,0,142.4999999999995
6,0,5,1,148.9999999999995
6,0,5,2,153.6249999999995
6,0,5,3,158.2499999999995
6,0,5,4,161.4687499999995
6,0,5,5,164.6874999999995
6,0,6,0,142.4999999999995
6,0,6,1,148.9999999999995
6,0,6,2,153.6249999999995
6,0,6,3,158.2499999999995
6,0,6,4,161.4687499999995
6,0,6,5,164.6874999999995
6,0,7,0,142.4999999999995
6,0,7,1,148.9999999999995
6,0,7,2,153.6249999999995
6,0,7,3,158.2499999999995
6,0,7,4,161.4687499999995
6,0,7,5,164.6874999999995
6,1,0,0,144.9999999999995
6,1,0,1,151.4999999999995
6,1,0,2,157.9999999999995
6,1,0,3,162.6249999999995
6,1,0,4,167.2499999999995
6,1,0,5,170.4687499999995
6,1,1,0,144.9999999999995
6,1,1,1,151.4999999999995
6,1,1,2,157.9999999999995
6,1,1,3,162.6249999999995
6,1,1,4,167.2499999999995
6,1,1,5,170.4687499999995
6,1,2,0,144.9999999999995
6,1,2,1,151.4999999999995
6,1,2,2,157.9999999999995
6,1,2,3,162.6249999999995
6,1,2,4,167.2499999999995
6,1,2,5,170.4687499999995
6,1,3,0,144.9999999999995
6,1,3,1,151.4999999999995
6,1,3,2,157.9999999999995
6,1,3,3,162.6249999999995
6,1,3,4,167.2499999999995
6,1,3,5,170.4687499999995
6,1,4,0,144.9999999999995
6,1,4,1,151.4999999999995
6,1,4,2,157.9999999999995
6,1,4,3,162.6249999999995
6,1,4,4,167.2499999999995
6,1,4,5,170.4687499999995
6,1,5,0,144.9999999999995
6,1,5,1,151.4999999999995
6,1,5,2,157.9999999999995
6,1,5,3,162.6249999999995
6,1,5,4,167.2499999999995
6,1,5,5,170.4687499999995
6,1,6,0,144.9999999999995
6,1,6,1,151.4999999999995
6,1,6,2,157.9999999999995
6,1,6,3,162.6249999999995
6,1,6,4,167.2499999999995
6,1,6,5,170.4687499999995
6,1,7,0,144.9999999999995
6,1,7,1,151.4999999999995
6,1,7,2,157.9999999999995
6,1,7,3,162.6249999999995
6,1,7,4,167.2499999999995
6,1,7,5,170.4687499999995
6,2,0,0,142.4999999999995
6,2,0,1,153.9999999999995
6,2,0,2,160.4999999999995
6,2,0,3,166.9999999999995
6,2,0,4,171.6249999999995
6,2,0,5,176.2499999999995
6,2,1,0,142.4999999999995
6,2,1,1,153.9999999999995
6,2,1,2,160.4999999999995
6,2,1,3,166.9999999999995
6,2,1,4,171.6249999999995
6,2,1,5,176.2499999999995
6,2,2,0,142.4999999999995
6,2,2,1,153.9999999999995
6,2,2,2,160.4999999999995
6,2,2,3,166.9999999999995
6,2,2,4,171.6249999999995
6,2,2,5,176.2499999999995
6,2,3,0,142.4999999999995
6,2,3,1,153.9999999999995
6,2,3,2,160.4999999999995
6,2,3,3,166.9999999999995
6,2,3,4,171.6249999999995
6,2,3,5,176.2499999999995
6,2,4,0,142.4999999999995
6,2,4,1,153.9999999999995
6,2,4,2,160.4999999999995
6,2,4,3,166.9999999999995
6,2,4,4,171.6249999999995
6,2,4,5,176.2499999999995
6,2,5,0,142.4999999999995
6,2,5,1,153.9999999999995
6,2,5,2,160.4999999999995
6,2,5,3,166.9999999999995
6,2,5,4,171.6249999999995
6,2,5,5,176.2499999999995
6,2,6,0,142.4999999999995
6,2,6,1,153.9999999999995
6,2,6,2,160.4999999999995
6,2,6,3,166.9999999999995
6,2,6,4,171.6249999999995
6,2,6,5,176.2499999999995
6,2,7,0,142.4999999999995
6,2,7,1,153.9999999999995
6,2,7,2,160.4999999999995
6,2,7,3,166.9999999999995
6,2,7,4,171.6249999999995
6,2,7,5,176.2499999999995
6,3,0,0,139.9999999999995
6,3,0,1,151.4999999999995
6,3,0,2,162.9999999999995
6,3,0,3,169.4999999999995
6,3,0,4,175.9999999999995
6,3,0,5,180.6249999999995
6,3,1,0,139.9999999999995
6,3,1,1,151.4999999999995
6,3,1,2,162.9999999999995
6,3,1,3,169.4999999999995
6,3,1,4,175.9999999999995
6,3,1,5,180.6249999999995
6,3,2,0,139.9999999999995
6,3,2,1,151.4999999999995
6,3,2,2,162.9999999999995
6,3,2,3,169.4999999999995
6,3,2,4,175.9999999999995
6,3,2,5,180.6249999999995
6,3,3,0,139.9999999999995
6,3,3,1,151.4999999999995
6,3,3,2,162.9999999999995
6,3,3,3,169.4999999999995
6,3,3,4,175.9999999999995
6,3,3,5,180.6249999999995
6,3,4,0,139.9999999999995
6,3,4,1,151.4999999999995
6,3,4,2,162.9999999999995
6,3,4,3,169.4999999999995
6,3,4,4,175.9999999999995
6,3,4,5,180.6249999999995
6,3,5,0,139.9999999999995
6,3,5,1,151.4999999999995
6,3,5,2,162.9999999999995
6,3,5,3,169.4999999999995
6,3,5,4,175.9999999999995
6,3,5,5,180.6249999999995
6,3,6,0,139.9999999999995
6,3,6,1,151.4999999999995
6,3,6,2,162.9999999999995
6,3,6,3,169.4999999999995
6,3,6,4,175.9999999999995
6,3,6,5,180.6249999999995
6,3,7,0,139.9999999999995
6,3,7,1,151.4999999999995
6,3,7,2,162.9999999999995
6,3,7,3,169.4999999999995
6,3,7,4,175.9999999999995
6,3,7,5,180.6249999999995
6,4,0,0,137.4999999999995
6,4,0,1,148.9999999999995
6,4,0,2,160.4999999999995
6,4,0,3,171.9999999999995
6,4,0,4,178.4999999999995
6,4,0,5,184.9999999999995
6,4,1,0,137.4999999999995
6,4,1,1,148.9999999999995
6,4,1,2,160.4999999999995
6,4,1,3,171.9999999999995
6,4,1,4,178.4999999999995
6,4,1,5,184.9999999999995
6,4,2,0,137.4999999999995
6,4,2,1,148.9999999999995
6,4,2,2,160.4999999999995
6,4,2,3,171.9999999999995
6,4,2,4,178.4999999999995
6,4,2,5,184.9999999999995
6,4,3,0,137.4999999999995
6,4,3,1,148.9999999999995
6,4,3,2,160.4999999999995
6,4,3,3,171.9999999999995
6,4,3,4,178.4999999999995
6,4,3,5,184.9999999999995
6,4,4,0,137.4999999999995
6,4,4,1,148.9999999999995
6,4,4,2,160.4999999999995
6,4,4,3,171.9999999999995
6,4,4,4,178.4999999999995
6,4,4,5,184.9999999999995
6,4,5,0,137.4999999999995
6,4,5,1,148.9999999999995
6,4,5,2,160.4999999999995
6,4,5,3,171.9999999999995
6,4,5,4,178.4999999999995
6,4,5,5,184.9999999999995
6,4,6,0,137.4999999999995
6,4,6,1,148.9999999999995
6,4,6,2,160.4999999999995
6,4,6,3,171.9999999999995
6,4,6,4,178.4999999999995
6,4,6,5,184.9999999999995
6,4,7,0,137.4999999999995
6,4,7,1,148.9999999999995
6,4,7,2,160.4999999999995
6,4,7,3,171.9999999999995
6,4,7,4,178.4999999999995
6,4,7,5,184.9999999999995
6,5,0,0,134.9999999999995
6,5,0,1,146.4999999999995
6,5,0,2,157.9999999999995
6,5,0,3,169.4999999999995
6,5,0,4,180.9999999999995
6,5,0,5,187.4999999999995
6,5,1,0,134.9999999999995
6,5,1,1,146.4999999999995
6,5,1,2,157.9999999999995
6,5,1,3,169.4999999999995
6,5,1,4,180.9999999999995
6,5,1,5,187.4999999999995
6,5,2,0,134.9999999999995
6,5,2,1,146.4999999999995
6,5,2,2,157.9999999999995
6,5,2,3,169.4999999999995
6,5,2,4,180.9999999999995
6,5,2,5,187.4999999999995
6,5,3,0,134.9999999999995
6,5,3,1,146.4999999999995
6,5,3,2,157.9999999999995
6,5,3,3,169.4999999999995
6,5,3,4,180.9999999999995
6,5,3,5,187.4999999999995
6,5,4,0,134.9999999999995
6,5,4,1,146.4999999999995
6,5,4,2,157.9999999999995
6,5,4,3,169.4999999999995
6,5,4,4,180.9999999999995
6,5,4,5,187.4999999999995
6,5,5,0,134.9999999999995
6,5,5,1,146.4999999999995
6,5,5,2,157.9999999999995
6,5,5,3,169.4999999999995
6,5,5,4,180.9999999999995
6,5,5,5,187.4999999999995
6,5,6,0,134.9999999999995
6,5,6,1,146.4999999999995
6,5,6,2,157.9999999999995
6,5,6,3,169.4999999999995
6,5,6,4,180.9999999999995
6,5,6,5,187.4999999999995
6,5,7,0,134.9999999999995
6,5,7,1,146.4999999999995
6,5,7,2,157.9999999999995
6,5,7,3,169.4999999999995
6,5,7,4,180.9999999999995
6,5,7,5,187.4999999999995
6,6,0,0,132.4999999999995
6,6,0,1,143.9999999999995
6,6,0,2,155.4999999999995
6,6,0,3,166.9999999999995
6,6,0,4,178.4999999999995
6,6,0,5,189.9999999999995
6,6,1,0,132.4999999999995
6,6,1,1,143.9999999999995
6,6,1,2,155.4999999999995
6,6,1,3,166.9999999999995
6,6,1,4,178.4999999999995
6,6,1,5,189.9999999999995
6,6,2,0,132.4999999999995
6,6,2,1,143.9999999999995
6,6,2,2,155.4999999999995
6,6,2,3,166.9999999999995
6,6,2,4,178.4999999999995
6,6,2,5,189.9999999999995
6,6,3,0,132.4999999999995
6,6,3,1,143.9999999999995
6,6,3,2,155.4999999999995
6,6,3,3,166.9999999999995
6,6,3,4,178.4999999999995
6,6,3,5,189.9999999999995
6,6,4,0,132.4999999999995
6,6,4,1,143.9999999999995
6,6,4,2,155.4999999999995
6,6,4,3,166.9999999999995
6,6,4,4,178.4999999999995
6,6,4,5,189.9999999999995
6,6,5,0,132.4999999999995
6,6,5,1,143.9999999999995
6,6,5,2,155.4999999999995
6,6,5,3,166.9999999999995
6,6,5,4,178.4999999999995
6,6,5,5,189.9999999999995
6,6,6,0,132.4999999999995
6,6,6,1,143.9999999999995
6,6,6,2,155.4999999999995
6,6,6,3,166.9999999999995
6,6,6,4,178.4999999999995
6,6,6,5,189.9999999999995
6,6,7,0,132.4999999999995
6,6,7,1,143.9999999999995
6,6,7,2,155.4999999999995
6,6,7,3,166.9999999999995
6,6,7,4,178.4999999999995
6,6,7,5,189.9999999999995
6,7,0,0,137.4999999999995
6,7,0,1,141.4999999999995
6,7,0,2,152.9999999999995
6,7,0,3,164.4999999999995
6,7,0,4,175.9999999999995
6,7,0,5,187.4999999999995
6,7,1,0,137.4999999999995
6,7,1,1,141.4999999999995
6,7,1,2,152.9999999999995
6,7,1,3,164.4999999999995
6,7,1,4,175.9999999999995
6,7,1,5,187.4999999999995
6,7,2,0,137.4999999999995
6,7,2,1,141.4999999999995
6,7,2,2,152.9999999999995
6,7,2,3,164.4999999999995
6,7,2,4,175.9999999999995
6,7,2,5,187.4999999999995
6,7,3,0,137.4999999999995
6,7,3,1,141.4999999999995
6,7,3,2,152.9999999999995
6,7,3,3,164.4999999999995
6,7,3,4,175.9999999999995
6,7,3,5,187.4999999999995
6,7,4,0,137.4999999999995
6,7,4,1,141.4999999999995
6,7,4,2,152.9999999999995
6,7,4,3,164.4999999999995
6,7,4,4,175.9999999999995
6,7,4,5,187.4999999999995
6,7,5,0,137.4999999999995
6,7,5,1,141.4999999999995
6,7,5,2,152.9999999999995
6,7,5,3,164.4999999999995
6,7,5,4,175.9999999999995
6,7,5,5,187.4999999999995
6,7,6,0,137.4999999999995
6,7,6,1,141.4999999999995
6,7,6,2,152.9999999999995
6,7,6,3,164.4999999999995
6,7,6,4,175.9999999999995
6,7,6,5,187.4999999999995
6,7,7,0,137.4999999999995
6,7,7,1,141.4999999999995
6,7,7,2,152.9999999999995
6,7,7,3,164.4999999999995
6,7,7,4,175.9999999999995
6,7,7,5,187.4999999999995
7,0,0,0,149.9999999999995
7,0,0,1,154.6249999999995
7,0,0,2,159.2499999999995
7,0,0,3,162.4687499999995
7,0,0,4,165.6874999999995
7,0,0,5,164.6874999999995
7,0,1,0,149.9999999999995
7,0,1,1,154.6249999999995
7,0,1,2,159.2499999999995
7,0,1,3,162.4687499999995
7,0,1,4,165.6874999999995
7,0,1,5,164.6874999999995
7,0,2,0,149.9999999999995
7,0,2,1,154.6249999999995
7,0,2,2,159.2499999999995
7,0,2,3,162.4687499999995
7,0,2,4,165.6874999999995
7,0,2,5,164.6874999999995
7,0,3,0,149.9999999999995
7,0,3,1,154.6249999999995
7,0,3,2,159.2499999999995
7,0,3,3,162.4687499999995
7,0,3,4,165.6874999999995
7,0,3,5,164.6874999999995
7,0,4,0,149.9999999999995
7,0,4,1,154.6249999999995
7,0,4,2,159.2499999999995
7,0,4,3,162.4687499999995
7,0,4,4,165.6874999999995
7,0,4,5,164.6874999999995
7,0,5,0,149.9999999999995
7,0,5,1,154.6249999999995
7,0,5,2,159.2499999999995
7,0,5,3,162.4687499999995
7,0,5,4,165.6874999999995
7,0,5,5,164.6874999999995
7,0,6,0,149.9999999999995
7,0,6,1,154.6249999999995
7,0,6,2,159.2499999999995
7,0,6,3,162.4687499999995
7,0,6,4,165.6874999999995
7,0,6,5,164.6874999999995
7,0,7,0,149.9999999999995
7,0,7,1,154.6249999999995
7,0,7,2,159.2499999999995
7,0,7,3,162.4687499999995
7,0,7,4,165.6874999999995
7,0,7,5,164.6874999999995
7,1,0,0,152.4999999999995
7,1,0,1,158.9999999999995
7,1,0,2,163.6249999999995
7,1,0,3,168.2499999999995
7,1,0,4,171.4687499999995
7,1,0,5,174.6874999999995
7,1,1,0,152.4999999999995
7,1,1,1,158.9999999999995
7,1,1,2,163.6249999999995
7,1,1,3,168.2499999999995
7,1,1,4,171.4687499999995
7,1,1,5,174.6874999999995
7,1,2,0,152.4999999999995
7,1,2,1,158.9999999999995
7,1,2,2,163.6249999999995
7,1,2,3,168.2499999999995
7,1,2,4,171.4687499999995
7,1,2,5,174.6874999999995
7,1,3,0,152.4999999999995
7,1,3,1,158.9999999999995
7,1,3,2,163.6249999999995
7,1,3,3,168.2499999999995
7,1,3,4,171.4687499999995
7,1,3,5,174.6874999999995
7,1,4,0,152.4999999999995
7,1,4,1,158.9999999999995
7,1,4,2,163.6249999999995
7,1,4,3,168.2499999999995
7,1,4,4,171.4687499999995
7,1,4,5,174.6874999999995
7,1,5,0,152.4999999999995
7,1,5,1,158.9999999999995
7,1,5,2,163.6249999999995
7,1,5,3,168.2499999999995
7,1,5,4,171.4687499999995
7,1,5,5,174.6874999999995
7,1,6,0,152.4999999999995
7,1,6,1,158.9999999999995
7,1,6,2,163.6249999999995
7,1,6,3,168.2499999999995
7,1,6,4,171.4687499999995
7,1,6,5,174.6874999999995
7,1,7,0,152.4999999999995
7,1,7,1,158.9999999999995
7,1,7,2,163.6249999999995
7,1,7,3,168.2499999999995
7,1,7,4,171.4687499999995
7,1,7,5,174.6874999999995
7,2,0,0,154.9999999999995
7,2,0,1,161.4999999999995
7,2,0,2,167.9999999999995
7,2,0,3,172.6249999999995
7,2,0,4,177.2499999999995
7,2,0,5,180.4687499999995
7,2,1,0,154.9999999999995
7,2,1,1,161.4999999999995
7,2,1,2,167.9999999999995
7,2,1,3,172.6249999999995
7,2,1,4,177.2499999999995
7,2,1,5,180.4687499999995
7,2,2,0,154.9999999999995
7,2,2,1,161.4999999999995
7,2,2,2,167.9999999999995
7,2,2,3,172.6249999999995
7,2,2,4,177.2499999999995
7,2,2,5,180.4687499999995
7,2,3,0,154.9999999999995
7,2,3,1,161.4999999999995
7,2,3,2,167.9999999999995
7,2,3,3,172.6249999999995
7,2,3,4,177.2499999999995
7,2,3,5,180.4687499999995
7,2,4,0,154.9999999999995
7,2,4,1,161.4999999999995
7,2,4,2,167.9999999999995
7,2,4,3,172.6249999999995
7,2,4,4,177.2499999999995
7,2,4,5,180.4687499999995
7,2,5,0,154.9999999999995
7,2,5,1,161.4999999999995
7,2,5,2,167.9999999999995
7,2,5,3,172.6249999999995
7,2,5,4,177.2499999999995
7,2,5,5,180.4687499999995
7,2,6,0,154.9999999999995
7,2,6,1,161.4999999999995
7,2,6,2,167.9999999999995
7,2,6,3,172.6249999999995
7,2,6,4,177.2499999999995
7,2,6,5,180.4687499999995
7,2,7,0,154.9999999999995
7,2,7,1,161.4999999999995
7,2,7,2,167.9999999999995
7,2,7,3,172.6249999999995
7,2,7,4,177.2499999999995
7,2,7,5,180.4687499999995
7,3,0,0,152.4999999999995
7,3,0,1,163.9999999999995
7,3,0,2,170.4999999999995
7,3,0,3,176.9999999999995
7,3,0,4,181.6249999999995
7,3,0,5,186.2499999999995
7,3,1,0,152.4999999999995
7,3,1,1,163.9999999999995
7,3,1,2,170.4999999999995
7,3,1,3,176.9999999999995
7,3,1,4,181.6249999999995
7,3,1,5,186.2499999999995
7,3,2,0,152.4999999999995
7,3,2,1,163.9999999999995
7,3,2,2,170.4999999999995
7,3,2,3,176.9999999999995
7,3,2,4,181.6249999999995
7,3,2,5,186.2499999999995
7,3,3,0,152.4999999999995
7,3,3,1,163.9999999999995
7,3,3,2,170.4999999999995
7,3,3,3,176.9999999999995
7,3,3,4,181.6249999999995
7,3,3,5,186.2499999999995
7,3,4,0,152.4999999999995
7,3,4,1,163.9999999999995
7,3,4,2,170.4999999999995
7,3,4,3,176.9999999999995
7,3,4,4,181.6249999999995
7,3,4,5,186.2499999999995
7,3,5,0,152.4999999999995
7,3,5,1,163.9999999999995
7,3,5,2,170.4999999999995
7,3,5,3,176.9999999999995
7,3,5,4,181.6249999999995
7,3,5,5,186.2499999999995
7,3,6,0,152.4999999999995
7,3,6,1,163.9999999999995
7,3,6,2,170.4999999999995
7,3,6,3,176.9999999999995
7,3,6,4,181.6249999999995
7,3,6,5,186.2499999999995
7,3,7,0,152.4999999999995
7,3,7,1,163.9999999999995
7,3,7,2,170.4999999999995
7,3,7,3,176.9999999999995
7,3,7,4,181.6249999999995
7,3,7,5,186.2499999999995
7,4,0,0,149.9999999999995
7,4,0,1,161.4999999999995
7,4,0,2,172.9999999999995
7,4,0,3,179.4999999999995
7,4,0,4,185.9999999999995
7,4,0,5,190.6249999999995
7,4,1,0,149.9999999999995
7,4,1,1,161.4999999999995
7,4,1,2,172.9999999999995
7,4,1,3,179.4999999999995
7,4,1,4,185.9999999999995
7,4,1,5,190.6249999999995
7,4,2,0,149.9999999999995
7,4,2,1,161.4999999999995
7,4,2,2,172.9999999999995
7,4,2,3,179.4999999999995
7,4,2,4,185.9999999999995
7,4,2,5,190.6249999999995
7,4,3,0,149.9999999999995
7,4,3,1,161.4999999999995
7,4,3,2,172.9999999999995
7,4,3,3,179.4999999999995
7,4,3,4,185.9999999999995
7,4,3,5,190.6249999999995
7,4,4,0,149.9999999999995
7,4,4,1,161.4999999999995
7,4,4,2,172.9999999999995
7,4,4,3,179.4999999999995
7,4,4,4,185.9999999999995
7,4,4,5,190.6249999999995
7,4,5,0,149.9999999999995
7,4,5,1,161.4999999999995
7,4,5,2,172.9999999999995
7,4,5,3,179.4999999999995
7,4,5,4,185.9999999999995
7,4,5,5,190.6249999999995
7,4,6,0,149.9999999999995
7,4,6,1,161.4999999999995
7,4,6,2,172.9999999999995
7,4,6,3,179.4999999999995
7,4,6,4,185.9999999999995
7,4,6,5,190.6249999999995
7,4,7,0,149.9999999999995
7,4,7,1,161.4999999999995
7,4,7,2,172.9999999999995
7,4,7,3,179.4999999999995
7,4,7,4,185.9999999999995
7,4,7,5,190.6249999999995
7,5,0,0,147.4999999999995
7,5,0,1,158.9999999999995
7,5,0,2,170.4999999999995
7,5,0,3,181.9999999999995
7,5,0,4,188.4999999999995
7,5,0,5,194.9999999999995
7,5,1,0,147.4999999999995
7,5,1,1,158.9999999999995
7,5,1,2,170.4999999999995
7,5,1,3,181.9999999999995
7,5,1,4,188.4999999999995
7,5,1,5,194.9999999999995
7,5,2,0,147.4999999999995
7,5,2,1,158.9999999999995
7,5,2,2,170.4999999999995
7,5,2,3,181.9999999999995
7,5,2,4,188.4999999999995
7,5,2,5,194.9999999999995
7,5,3,0,147.4999999999995
7,5,3,1,158.9999999999995
7,5,3,2,170.4999999999995
7,5,3,3,181.9999999999995
7,5,3,4,188.4999999999995
7,5,3,5,194.9999999999995
7,5,4,0,147.4999999999995
7,5,4,1,158.9999999999995
7,5,4,2,170.4999999999995
7,5,4,3,181.9999999999995
7,5,4,4,188.4999999999995
7,5,4,5,194.9999999999995
7,5,5,0,147.4999999999995
7,5,5,1,158.9999999999995
7,5,5,2,170.4999999999995
7,5,5,3,181.9999999999995
7,5,5,4,188.4999999999995
7,5,5,5,194.9999999999995
7,5,6,0,147.4999999999995
7,5,6,1,158.9999999999995
7,5,6,2,170.4999999999995
7,5,6,3,181.9999999999995
7,5,6,4,188.4999999999995
7,5,6,5,194.9999999999995
7,5,7,0,147.4999999999995
7,5,7,1,158.9999999999995
7,5,7,2,170.4999999999995
7,5,7,3,181.9999999999995
7,5,7,4,188.4999999999995
7,5,7,5,194.9999999999995
7,6,0,0,144.9999999999995
7,6,0,1,156.4999999999995
7,6,0,2,167.9999999999995
7,6,0,3,179.4999999999995
7,6,0,4,190.9999999999995
7,6,0,5,197.4999999999995
7,6,1,0,144.9999999999995
7,6,1,1,156.4999999999995
7,6,1,2,167.9999999999995
7,6,1,3,179.4999999999995
7,6,1,4,190.9999999999995
7,6,1,5,197.4999999999995
7,6,2,0,144.9999999999995
7,6,2,1,156.4999999999995
7,6,2,2,167.9999999999995
7,6,2,3,179.4999999999995
7,6,2,4,190.9999999999995
7,6,2,5,197.4999999999995
7,6,3,0,144.9999999999995
7,6,3,1,156.4999999999995
7,6,3,2,167.9999999999995
7,6,3,3,179.4999999999995
7,6,3,4,190.9999999999995
7,6,3,5,197.4999999999995
7,6,4,0,144.9999999999995
7,6,4,1,156.4999999999995
7,6,4,2,167.9999999999995
7,6,4,3,179.4999999999995
7,6,4,4,190.9999999999995
7,6,4,5,197.4999999999995
7,6,5,0,144.9999999999995
7,6,5,1,156.4999999999995
7,6,5,2,167.9999999999995
7,6,5,3,179.4999999999995
7,6,5,4,190.9999999999995
7,6,5,5,197.4999999999995
7,6,6,0,144.9999999999995
7,6,6,1,156.4999999999995
7,6,6,2,167.9999999999995
7,6,6,3,179.4999999999995
7,6,6,4,190.9999999999995
7,6,6,5,197.4999999999995
7,6,7,0,144.9999999999995
7,6,7,1,156.4999999999995
7,6,7,2,167.9999999999995
7,6,7,3,179.4999999999995
7,6,7,4,190.9999999999995
7,6,7,5,197.4999999999995
7,7,0,0,142.4999999999995
7,7,0,1,153.9999999999995
7,7,0,2,165.4999999999995
7,7,0,3,176.9999999999995
7,7,0,4,188.4999999999995
7,7,0,5,199.9999999999995
7,7,1,0,142.4999999999995
7,7,1,1,153.9999999999995
7,7,1,2,165.4999999999995
7,7,1,3,176.9999999999995
7,7,1,4,188.4999999999995
7,7,1,5,199.9999999999995
7,7,2,0,142.4999999999995
7,7,2,1,153.9999999999995
7,7,2,2,165.4999999999995
7,7,2,3,176.9999999999995
7,7,2,4,188.4999999999995
7,7,2,5,199.9999999999995
7,7,3,0,142.4999999999995
7,7,3,1,153.9999999999995
7,7,3,2,165.4999999999995
7,7,3,3,176.9999999999995
7,7,3,4,188.4999999999995
7,7,3,5,199.9999999999995
7,7,4,0,142.4999999999995
7,7,4,1,153.9999999999995
7,7,4,2,165.4999999999995
7,7,4,3,176.9999999999995
7,7,4,4,188.4999999999995
7,7,4,5,199.9999999999995
7,7,5,0,142.4999999999995
7,7,5,1,153.9999999999995
7,7,5,2,165.4999999999995
7,7,5,3,176.9999999999995
7,7,5,4,188.4999999999995
7,7,5,5,199.9999999999995
7,7,6,0,142.4999999999995
7,7,6,1,153.9999999999995
7,7,6,2,165.4999999999995
7,7,6,3,176.9999999999995
7,7,6,4,188.4999999999995
7,7,6,5,199.9999999999995
7,7,7,0,142.4999999999995
7,7,7,1,153.9999999999995
7,7,7,2,165.4999999999995
7,7,7,3,176.9999999999995
7,7,7,4,188.4999999999995
7,7,7,5,199.9999999999995
8,0,0,0,155.6249999999995
8,0,0,1,160.2499999999995
8,0,0,2,163.4687499999995
8,0,0,3,166.6874999999995
8,0,0,4,165.6874999999995
8,0,0,5,164.6874999999995
8,0,1,0,155.6249999999995
8,0,1,1,160.2499999999995
8,0,1,2,163.4687499999995
8,0,1,3,166.6874999999995
8,0,1,4,165.6874999999995
8,0,1,5,164.6874999999995
8,0,2,0,155.6249999999995
8,0,2,1,160.2499999999995
8,0,2,2,163.4687499999995
8,0,2,3,166.6874999999995
8,0,2,4,165.6874999999995
8,0,2,5,164.6874999999995
8,0,3,0,155.6249999999995
8,0,3,1,160.2499999999995
8,0,3,2,163.4687499999995
8,0,3,3,166.6874999999995
8,0,3,4,165.6874999999995
8,0,3,5,164.6874999999995
8,0,4,0,155.6249999999995
8,0,4,1,160.2499999999995
8,0,4,2,163.4687499999995
8,0,4,3,166.6874999999995
8,0,4,4,165.6874999999995
8,0,4,5,164.6874999999995
8,0,5,0,155.6249999999995
8,0,5,1,160.2499999999995
8,0,5,2,163.4687499999995
8,0,5,3,166.6874999999995
8,0,5,4,165.6874999999995
8,0,5,5,164.6874999999995
8,0,6,0,155.6249999999995
8,0,6,1,160.2499999999995
8,0,6,2,163.4687499999995
8,0,6,3,166.6874999999995
8,0,6,4,165.6874999999995
8,0,6,5,164.6874999999995
8,0,7,0,155.6249999999995
8,0,7,1,160.2499999999995
8,0,7,2,163.4687499999995
8,0,7,3,166.6874999999995
8,0,7,4,165.6874999999995
8,0,7,5,164.6874999999995
8,1,0,0,159.9999999999995
8,1,0,1,164.6249999999995
8,1,0,2,169.2499999999995
8,1,0,3,172.4687499999995
8,1,0,4,175.6874999999995
8,1,0,5,174.6874999999995
8,1,1,0,159.9999999999995
8,1,1,1,164.6249999999995
8,1,1,2,169.2499999999995
8,1,1,3,172.4687499999995
8,1,1,4,175.6874999999995
8,1,1,5,174.6874999999995
8,1,2,0,159.9999999999995
8,1,2,1,164.6249999999995
8,1,2,2,169.2499999999995
8,1,2,3,172.4687499999995
8,1,2,4,175.6874999999995
8,1,2,5,174.6874999999995
8,1,3,0,159.9999999999995
8,1,3,1,164.6249999999995
8,1,3,2,169.2499999999995
8,1,3,3,172.4687499999995
8,1,3,4,175.6874999999995
8,1,3,5,174.6874999999995
8,1,4,0,159.9999999999995
8,1,4,1,164.6249999999995
8,1,4,2,169.2499999999995
8,1,4,3,172.4687499999995
8,1,4,4,175.6874999999995
8,1,4,5,174.6874999999995
8,1,5,0,159.9999999999995
8,1,5,1,164.6249999999995
8,1,5,2,169.2499999999995
8,1,5,3,172.4687499999995
8,1,5,4,175.6874999999995
8,1,5,5,174.6874999999995
8,1,6,0,159.9999999999995
8,1,6,1,164.6249999999995
8,1,6,2,169.2499999999995
8,1,6,3,172.4687499999995
8,1,6,4,175.6874999999995
8,1,6,5,174.6874999999995
8,1,7,0,159.9999999999995
8,1,7,1,164.6249999999995
8,1,7,2,169.2499999999995
8,1,7,3,172.4687499999995
8,1,7,4,175.6874999999995
8,1,7,5,174.6874999999995
8,2,0,0,162.4999999999995
8,2,0,1,168.9999999999995
8,2,0,2,173.6249999999995
8,2,0,3,178.2499999999995
8,2,0,4,181.4687499999995
8,2,0,5,184.6874999999995
8,2,1,0,162.4999999999995
8,2,1,1,168.9999999999995
8,2,1,2,173.6249999999995
8,2,1,3,178.2499999999995
8,2,1,4,181.4687499999995
8,2,1,5,184.6874999999995
8,2,2,0,162.4999999999995
8,2,2,1,168.9999999999995
8,2,2,2,173.6249999999995
8,2,2,3,178.2499999999995
8,2,2,4,181.4687499999995
8,2,2,5,184.6874999999995
8,2,3,0,162.4999999999995
8,2,3,1,168.9999999999995
8,2,3,2,173.6249999999995
8,2,3,3,178.2499999999995
8,2,3,4,181.4687499999995
8,2,3,5,184.6874999999995
8,2,4,0,162.4999999999995
8,2,4,1,168.9999999999995
8,2,4,2,173.6249999999995
8,2,4,3,178.2499999999995
8,2,4,4,181.4687499999995
8,2,4,5,184.6874999999995
8,2,5,0,162.4999999999995
8,2,5,1,168.9999999999995
8,2,5,2,173.6249999999995
8,2,5,3,178.2499999999995
8,2,5,4,181.4687499999995
8,2,5,5,184.6874999999995
8,2,6,0,162.4999999999995
8,2,6,1,168.9999999999995
8,2,6,2,173.6249999999995
8,2,6,3,178.2499999999995
8,2,6,4,181.4687499999995
8,2,6,5,184.6874999999995
8,2,7,0,162.4999999999995
8,2,7,1,168.9999999999995
8,2,7,2,173.6249999999995
8,2,7,3,178.2499999999995
8,2,7,4,181.4687499999995
8,2,7,5,184.6874999999995
8,3,0,0,164.9999999999995
8,3,0,1,171.4999999999995
8,3,0,2,177.9999999999995
8,3,0,3,182.6249999999995
8,3,0,4,187.2499999999995
8,3,0,5,190.4687499999995
8,3,1,0,164.9999999999995
8,3,1,1,171.4999999999995
8,3,1,2,177.9999999999995
8,3,1,3,182.6249999999995
8,3,1,4,187.2499999999995
8,3,1,5,190.4687499999995
8,3,2,0,164.9999999999995
8,3,2,1,171.4999999999995
8,3,2,2,177.9999999999995
8,3,2,3,182.6249999999995
8,3,2,4,187.2499999999995
8,3,2,5,190.4687499999995
8,3,3,0,164.9999999999995
8,3,3,1,171.4999999999995
8,3,3,2,177.9999999999995
8,3,3,3,182.6249999999995
8,3,3,4,187.2499999999995
8,3,3,5,190.4687499999995
8,3,4,0,164.9999999999995
8,3,4,1,171.4999999999995
8,3,4,2,177.9999999999995
8,3,4,3,182.6249999999995
8,3,4,4,187.2499999999995
8,3,4,5,190.4687499999995
8,3,5,0,164.9999999999995
8,3,5,1,171.4999999999995
8,3,5,2,177.9999999999995
8,3,5,3,182.6249999999995
8,3,5,4,187.2499999999995
8,3,5,5,190.4687499999995
8,3,6,0,164.9999999999995
8,3,6,1,171.4999999999995
8,3,6,2,177.9999999999995
8,3,6,3,182.6249999999995
8,3,6,4,187.2499999999995
8,3,6,5,190.4687499999995
8,3,7,0,164.9999999999995
8,3,7,1,171.4999999999995
8,3,7,2,177.9999999999995
8,3,7,3,182.6249999999995
8,3,7,4,187.2499999999995
8,3,7,5,190.4687499999995
8,4,0,0,162.4999999999995
8,4,0,1,173.9999999999995
8,4,0,2,180.4999999999995
8,4,0,3,186.9999999999995
8,4,0,4,191.6249999999995
8,4,0,5,196.2499999999995
8,4,1,0,162.4999999999995
8,4,1,1,173.9999999999995
8,4,1,2,180.4999999999995
8,4,1,3,186.9999999999995
8,4,1,4,191.6249999999995
8,4,1,5,196.2499999999995
8,4,2,0,162.4999999999995
8,4,2,1,173.9999999999995
8,4,2,2,180.4999999999995
8,4,2,3,186.9999999999995
8,4,2,4,191.6249999999995
8,4,2,5,196.2499999999995
8,4,3,0,162.4999999999995
8,4,3,1,173.9999999999995
8,4,3,2,180.4999999999995
8,4,3,3,186.9999999999995
8,4,3,4,191.6249999999995
8,4,3,5,196.2499999999995
8,4,4,0,162.4999999999995
8,4,4,1,173.9999999999995
8,4,4,2,180.4999999999995
8,4,4,3,186.9999999999995
8,4,4,4,191.6249999999995
8,4,4,5,196.2499999999995
8,4,5,0,162.4999999999995
8,4,5,1,173.9999999999995
8,4,5,2,180.4999999999995
8,4,5,3,186.9999999999995
8,4,5,4,191.6249999999995
8,4,5,5,196.2499999999995
8,4,6,0,162.4999999999995
8,4,6,1,173.9999999999995
8,4,6,2,180.4999999999995
8,4,6,3,186.9999999999995
8,4,6,4,191.6249999999995
8,4,6,5,196.2499999999995
8,4,7,0,162.4999999999995
8,4,7,1,173.9999999999995
8,4,7,2,180.4999999999995
8,4,7,3,186.9999999999995
8,4,7,4,191.6249999999995
8,4,7,5,196.2499999999995
8,5,0,0,159.9999999999995
8,5,0,1,171.4999999999995
8,5,0,2,182.9999999999995
8,5,0,3,189.4999999999995
8,5,0,4,195.9999999999995
8,5,0,5,200.6249999999995
8,5,1,0,159.9999999999995
8,5,1,1,171.4999999999995
8,5,1,2,182.9999999999995
8,5,1,3,189.4999999999995
8,5,1,4,195.9999999999995
8,5,1,5,200.6249999999995
8,5,2,0,159.9999999999995
8,5,2,1,171.4999999999995
8,5,2,2,182.9999999999995
8,5,2,3,189.4999999999995
8,5,2,4,195.9999999999995
8,5,2,5,200.6249999999995
8,5,3,0,159.9999999999995
8,5,3,1,171.4999999999995
8,5,3,2,182.9999999999995
8,5,3,3,189.4999999999995
8,5,3,4,195.9999999999995
8,5,3,5,200.6249999999995
8,5,4,0,159.9999999999995
8,5,4,1,171.4999999999995
8,5,4,2,182.9999999999995
8,5,4,3,189.4999999999995
8,5,4,4,195.9999999999995
8,5,4,5,200.6249999999995
8,5,5,0,159.9999999999995
8,5,5,1,171.4999999999995
8,5,5,2,182.9999999999995
8,5,5,3,189.4999999999995
8,5,5,4,195.9999999999995
8,5,5,5,200.6249999999995
8,5,6,0,159.9999999999995
8,5,6,1,171.4999999999995
8,5,6,2,182.9999999999995
8,5,6,3,189.4999999999995
8,5,6,4,195.9999999999995
8,5,6,5,200.6249999999995
8,5,7,0,159.9999999999995
8,5,7,1,171.4999999999995
8,5,7,2,182.9999999999995
8,5,7,3,189.4999999999995
8,5,7,4,195.9999999999995
8,5,7,5,200.6249999999995
8,6,0,0,157.4999999999995
8,6,0,1,168.9999999999995
8,6,0,2,180.4999999999995
8,6,0,3,191.9999999999995
8,6,0,4,198.4999999999995
8,6,0,5,204.9999999999995
8,6,1,0,157.4999999999995
8,6,1,1,168.9999999999995
8,6,1,2,180.4999999999995
8,6,1,3,191.9999999999995
8,6,1,4,198.4999999999995
8,6,1,5,204.9999999999995
8,6,2,0,157.4999999999995
8,6,2,1,168.9999999999995
8,6,2,2,180.4999999999995
8,6,2,3,191.9999999999995
8,6,2,4,198.4999999999995
8,6,2,5,204.9999999999995
8,6,3,0,157.4999999999995
8,6,3,1,168.9999999999995
8,6,3,2,180.4999999999995
8,6,3,3,191.9999999999995
8,6,3,4,198.4999999999995
8,6,3,5,204.9999999999995
8,6,4,0,157.4999999999995
8,6,4,1,168.9999999999995
8,6,4,2,180.4999999999995
8,6,4,3,191.9999999999995
8,6,4,4,198.4999999999995
8,6,4,5,204.9999999999995
8,6,5,0,157.4999999999995
8,6,5,1,168.9999999999995
8,6,5,2,180.4999999999995
8,6,5,3,191.9999999999995
8,6,5,4,198.4999999999995
8,6,5,5,204.9999999999995
8,6,6,0,157.4999999999995
8,6,6,1,168.9999999999995
8,6,6,2,180.4999999999995
8,6,6,3,191.9999999999995
8,6,6,4,198.4999999999995
8,6,6,5,204.9999999999995
8,6,7,0,157.4999999999995
8,6,7,1,168.9999999999995
8,6,7,2,180.4999999999995
8,6,7,3,191.9999999999995
8,6,7,4,198.4999999999995
8,6,7,5,204.9999999999995
8,7,0,0,154.9999999999995
8,7,0,1,166.4999999999995
8,7,0,2,177.9999999999995
8,7,0,3,189.4999999999995
8,7,0,4,200.9999999999995
8,7,0,5,207.4999999999995
8,7,1,0,154.9999999999995
8,7,1,1,166.4999999999995
8,7,1,2,177.9999999999995
8,7,1,3,189.4999999999995
8,7,1,4,200.9999999999995
8,7,1,5,207.4999999999995
8,7,2,0,154.9999999999995
8,7,2,1,166.4999999999995
8,7,2,2,177.9999999999995
8,7,2,3,189.4999999999995
8,7,2,4,200.9999999999995
8,7,2,5,207.4999999999995
8,7,3,0,154.9999999999995
8,7,3,1,166.4999999999995
8,7,3,2,177.9999999999995
8,7,3,3,189.4999999999995
8,7,3,4,200.9999999999995
8,7,3,5,207.4999999999995
8,7,4,0,154.9999999999995
8,7,4,1,166.4999999999995
8,7,4,2,177.9999999999995
8,7,4,3,189.4999999999995
8,7,4,4,200.9999999999995
8,7,4,5,207.4999999999995
8,7,5,0,154.9999999999995
8,7,5,1,166.4999999999995
8,7,5,2,177.9999999999995
8,7,5,3,189.4999999999995
8,7,5,4,200.9999999999995
8,7,5,5,207.4999999999995
8,7,6,0,154.9999999999995
8,7,6,1,166.4999999999995
8,7,6,2,177.9999999999995
8,7,6,3,189.4999999999995
8,7,6,4,200.9999999999995
8,7,6,5,207.4999999999995
8,7,7,0,154.9999999999995
8,7,7,1,166.4999999999995
8,7,7,2,177.9999999999995
8,7,7,3,189.4999999999995
8,7,7,4,200.9999999999995
8,7,7,5,207.4999999999995
9,0,0,0,161.2499999999995
9,0,0,1,164.4687499999995
9,0,0,2,167.6874999999995
9,0,0,3,166.6874999999995
9,0,0,4,165.6874999999995
9,0,0,5,164.6874999999995
9,0,1,0,161.2499999999995
9,0,1,1,164.4687499999995
9,0,1,2,167.6874999999995
9,0,1,3,166.6874999999995
9,0,1,4,165.6874999999995
9,0,1,5,164.6874999999995
9,0,2,0,161.2499999999995
9,0,2,1,164.4687499999995
9,0,2,2,167.6874999999995
9,0,2,3,166.6874999999995
9,0,2,4,165.6874999999995
9,0,2,5,164.6874999999995
9,0,3,0,161.2499999999995
9,0,3,1,164.4687499999995
9,0,3,2,167.6874999999995
9,0,3,3,166.6874999999995
9,0,3,4,165.6874999999995
9,0,3,5,164.6874999999995
9,0,4,0,161.2499999999995
9,0,4,1,164.4687499999995
9,0,4,2,167.6874999999995
9,0,4,3,166.6874999999995
9,0,4,4,165.6874999999995
9,0,4,5,164.6874999999995
9,0,5,0,161.2499999999995
9,0,5,1,164.4687499999995
9,0,5,2,167.6874999999995
9,0,5,3,166.6874999999995
9,0,5,4,165.6874999999995
9,0,5,5,164.6874999999995
9,0,6,0,161.2499999999995
9,0,6,1,164.4687499999995
9,0,6,2,167.6874999999995
9,0,6,3,166.6874999999995
9,0,6,4,165.6874999999995
9,0,6,5,164.6874999999995
9,0,7,0,161.2499999999995
9,0,7,1,164.4687499999995
9,0,7,2,167.6874999999995
9,0,7,3,166.6874999999995
9,0,7,4,165.6874999999995
9,0,7,5,164.6874999999995
9,1,0,0,165.6249999999995
9,1,0,1,170.2499999999995
9,1,0,2,173.4687499999995
9,1,0,3,176.6874999999995
9,1,0,4,175.6874999999995
9,1,0,5,174.6874999999995
9,1,1,0,165.6249999999995
9,1,1,1,170.2499999999995
9,1,1,2,173.4687499999995
9,1,1,3,176.6874999999995
9,1,1,4,175.6874999999995
9,1,1,5,174.6874999999995
9,1,2,0,165.6249999999995
9,1,2,1,170.2499999999995
9,1,2,2,173.4687499999995
9,1,2,3,176.6874999999995
9,1,2,4,175.6874999999995
9,1,2,5,174.6874999999995
9,1,3,0,165.6249999999995
9,1,3,1,170.2499999999995
9,1,3,2,173.4687499999995
9,1,3,3,176.6874999999995
9,1,3,4,175.6874999999995
9,1,3,5,174.6874999999995
9,1,4,0,165.6249999999995
9,1,4,1,170.2499999999995
9,1,4,2,173.4687499999995
9,1,4,3,176.6874999999995
9,1,4,4,175.6874999999995
9,1,4,5,174.6874999999995
9,1,5,0,165.6249999999995
9,1,5,1,170.2499999999995
9,1,5,2,173.4687499999995
9,1,5,3,176.6874999999995
9,1,5,4,175.6874999999995
9,1,5,5,174.6874999999995
9,1,6,0,165.6249999999995
9,1,6,1,170.2499999999995
9,1,6,2,173.4687499999995
9,1,6,3,176.6874999999995
9,1,6,4,175.6874999999995
9,1,6,5,174.6874999999995
9,1,7,0,165.6249999999995
9,1,7,1,170.2499999999995
9,1,7,2,173.4687499999995
9,1,7,3,176.6874999999995
9,1,7,4,175.6874999999995
9,1,7,5,174.6874999999995
9,2,0,0,169.9999999999995
9,2,0,1,174.6249999999995
9,2,0,2,179.2499999999995
9,2,0,3,182.4687499999995
9,2,0,4,185.6874999999995
9,2,0,5,184.6874999999995
9,2,1,0,169.9999999999995
9,2,1,1,174.6249999999995
9,2,1,2,179.2499999999995
9,2,1,3,182.4687499999995
9,2,1,4,185.6874999999995
9,2,1,5,184.6874999999995
9,2,2,0,169.9999999999995
9,2,2,1,174.6249999999995
9,2,2,2,179.2499999999995
9,2,2,3,182.4687499999995
9,2,2,4,185.6874999999995
9,2,2,5,184.6874999999995
9,2,3,0,169.9999999999995
9,2,3,1,174.6249999999995
9,2,3,2,179.2499999999995
9,2,3,3,182.4687499999995
9,2,3,4,185.6874999999995
9,2,3,5,184.6874999999995
9,2,4,0,169.9999999999995
9,2,4,1,174.6249999999995
9,2,4,2,179.2499999999995
9,2,4,3,182.4687499999995
9,2,4,4,185.6874999999995
9,2,4,5,184.6874999999995
9,2,5,0,169.9999999999995
9,2,5,1,174.6249999999995
9,2,5,2,179.2499999999995
9,2,5,3,182.4687499999995
9,2,5,4,185.6874999999995
9,2,5,5,184.6874999999995
9,2,6,0,169.9999999999995
9,2,6,1,174.6249999999995
9,2,6,2,179.2499999999995
9,2,6,3,182.4687499999995
9,2,6,4,185.6874999999995
9,2,6,5,184.6874999999995
9,2,7,0,169.9999999999995
9,2,7,1,174.6249999999995
9,2,7,2,179.2499999999995
9,2,7,3,182.4687499999995
9,2,7,4,185.6874999999995
9,2,7,5,184.6874999999995
9,3,0,0,172.4999999999995
9,3,0,1,178.9999999999995
9,3,0,2,183.6249999999995
9,3,0,3,188.2499999999995
9,3,0,4,191.4687499999995
9,3,0,5,194.6874999999995
9,3,1,0,172.4999999999995
9,3,1,1,178.9999999999995
9,3,1,2,183.6249999999995
9,3,1,3,188.2499999999995
9,3,1,4,191.4687499999995
9,3,1,5,194.6874999999995
9,3,2,0,172.4999999999995
9,3,2,1,178.9999999999995
9,3,2,2,183.6249999999995
9,3,2,3,188.2499999999995
9,3,2,4,191.4687499999995
9,3,2,5,194.6874999999995
9,3,3,0,172.4999999999995
9,3,3,1,178.9999999999995
9,3,3,2,183.6249999999995
9,3,3,3,188.2499999999995
9,3,3,4,191.4687499999995
9,3,3,5,194.6874999999995
9,3,4,0,172.4999999999995
9,3,4,1,178.9999999999995
9,3,4,2,183.6249999999995
9,3,4,3,188.2499999999995
9,3,4,4,191.4687499999995
9,3,4,5,194.6874999999995
9,3,5,0,172.4999999999995
9,3,5,1,178.9999999999995
9,3,5,2,183.6249999999995
9,3,5,3,188.2499999999995
9,3,5,4,191.4687499999995
9,3,5,5,194.6874999999995
9,3,6,0,172.4999999999995
9,3,6,1,178.9999999999995
9,3,6,2,183.6249999999995
9,3,6,3,188.2499999999995
9,3,6,4,191.4687499999995
9,3,6,5,194.6874999999995
9,3,7,0,172.4999999999995
9,3,7,1,178.9999999999995
9,3,7,2,183.6249999999995
9,3,7,3,188.2499999999995
9,3,7,4,191.4687499999995
9,3,7,5,194.6874999999995
9,4,0,0,174.9999999999995
9,4,0,1,181.4999999999995
9,4,0,2,187.9999999999995
9,4,0,3,192.6249999999995
9,4,0,4,197.2499999999995
9,4,0,5,200.4687499999995
9,4,1,0,174.9999999999995
9,4,1,1,181.4999999999995
9,4,1,2,187.9999999999995
9,4,1,3,192.6249999999995
9,4,1,4,197.2499999999995
9,4,1,5,200.4687499999995
9,4,2,0,174.9999999999995
9,4,2,1,181.4999999999995
9,4,2,2,187.9999999999995
9,4,2,3,192.6249999999995
9,4,2,4,197.2499999999995
9,4,2,5,200.4687499999995
9,4,3,0,174.9999999999995
9,4,3,1,181.4999999999995
9,4,3,2,187.9999999999995
9,4,3,3,192.6249999999995
9,4,3,4,197.2499999999995
9,4,3,5,200.4687499999995
9,4,4,0,174.9999999999995
9,4,4,1,181.4999999999995
9,4,4,2,187.9999999999995
9,4,4,3,192.6249999999995
9,4,4,4,197.2499999999995
9,4,4,5,200.4687499999995
9,4,5,0,174.9999999999995
9,4,5,1,181.4999999999995
9,4,5,2,187.9999999999995
9,4,5,3,192.6249999999995
9,4,5,4,197.2499999999995
9,4,5,5,200.4687499999995
9,4,6,0,174.9999999999995
9,4,6,1,181.4999999999995
9,4,6,2,187.9999999999995
9,4,6,3,192.6249999999995
9,4,6,4,197.2499999999995
9,4,6,5,200.4687499999995
9,4,7,0,174.9999999999995
9,4,7,1,181.4999999999995
9,4,7,2,187.9999999999995
9,4,7,3,192.6249999999995
9,4,7,4,197.2499999999995
9,4,7,5,200.4687499999995
9,5,0,0,172.4999999999995
9,5,0,1,183.9999999999995
9,5,0,2,190.4999999999995
9,5,0,3,196.9999999999995
9,5,0,4,201.6249999999995
9,5,0,5,206.2499999999995
9,5,1,0,172.4999999999995
9,5,1,1,183.9999999999995
9,5,1,2,190.4999999999995
9,5,1,3,196.9999999999995
9,5,1,4,201.6249999999995
9,5,1,5,206.2499999999995
9,5,2,0,172.4999999999995
9,5,2,1,183.9999999999995
9,5,2,2,190.4999999999995
9,5,2,3,196.9999999999995
9,5,2,4,201.6249999999995
9,5,2,5,206.2499999999995
9,5,3,0,172.4999999999995
9,5,3,1,183.9999999999995
9,5,3,2,190.4999999999995
9,5,3,3,196.9999999999995
9,5,3,4,201.6249999999995
9,5,3,5,206.2499999999995
9,5,4,0,172.4999999999995
9,5,4,1,183.9999999999995
9,5,4,2,190.4999999999995
9,5,4,3,196.9999999999995
9,5,4,4,201.6249999999995
9,5,4,5,206.2499999999995
9,5,5,0,172.4999999999995
9,5,5,1,183.9999999999995
9,5,5,2,190.4999999999995
9,5,5,3,196.9999999999995
9,5,5,4,201.6249999999995
9,5,5,5,206.2499999999995
9,5,6,0,172.4999999999995
9,5,6,1,183.9999999999995
9,5,6,2,190.4999999999995
9,5,6,3,196.9999999999995
9,5,6,4,201.6249999999995
9,5,6,5,206.2499999999995
9,5,7,0,172.4999999999995
9,5,7,1,183.9999999999995
9,5,7,2,190.4999999999995
9,5,7,3,196.9999999999995
9,5,7,4,201.6249999999995
9,5,7,5,206.2499999999995
9,6,0,0,169.9999999999995
9,6,0,1,181.4999999999995
9,6,0,2,192.9999999999995
9,6,0,3,199.4999999999995
9,6,0,4,205.9999999999995
9,6,0,5,210.6249999999995
9,6,1,0,169.9999999999995
9,6,1,1,181.4999999999995
9,6,1,2,192.9999999999995
9,6,1,3,199.4999999999995
9,6,1,4,205.9999999999995
9,6,1,5,210.6249999999995
9,6,2,0,169.9999999999995
9,6,2,1,181.4999999999995
9,6,2,2,192.9999999999995
9,6,2,3,199.4999999999995
9,6,2,4,205.9999999999995
9,6,2,5,210.6249999999995
9,6,3,0,169.9999999999995
9,6,3,1,181.4999999999995
9,6,3,2,192.9999999999995
9,6,3,3,199.4999999999995
9,6,3,4,205.9999999999995
9,6,3,5,210.6249999999995
9,6,4,0,169.9999999999995
9,6,4,1,181.4999999999995
9,6,4,2,192.9999999999995
9,6,4,3,199.4999999999995
9,6,4,4,205.9999999999995
9,6,4,5,210.6249999999995
9,6,5,0,169.9999999999995
9,6,5,1,181.4999999999995
9,6,5,2,192.9999999999995
9,6,5,3,199.4999999999995
9,6,5,4,205.9999999999995
9,6,5,5,210.6249999999995
9,6,6,0,169.9999999999995
9,6,6,1,181.4999999999995
9,6,6,2,192.9999999999995
9,6,6,3,199.4999999999995
9,6,6,4,205.9999999999995
9,6,6,5,210.6249999999995
9,6,7,0,169.9999999999995
9,6,7,1,181.4999999999995
9,6,7,2,192.9999999999995
9,6,7,3,199.4999999999995
9,6,7,4,205.9999999999995
9,6,7,5,210.6249999999995
9,7,0,0,167.4999999999995
9,7,0,1,178.9999999999995
9,7,0,2,190.4999999999995
9,7,0,3,201.9999999999995
9,7,0,4,208.4999999999995
9,7,0,5,214.9999999999995
9,7,1,0,167.4999999999995
9,7,1,1,178.9999999999995
9,7,1,2,190.4999999999995
9,7,1,3,201.9999999999995
9,7,1,4,208.4999999999995
9,7,1,5,214.9999999999995
9,7,2,0,167.4999999999995
9,7,2,1,178.9999999999995
9,7,2,2,190.4999999999995
9,7,2,3,201.9999999999995
9,7,2,4,208.4999999999995
9,7,2,5,214.9999999999995
9,7,3,0,167.4999999999995
9,7,3,1,178.9999999999995
9,7,3,2,190.4999999999995
9,7,3,3,201.9999999999995
9,7,3,4,208.4999999999995
9,7,3,5,214.9999999999995
9,7,4,0,167.4999999999995
9,7,4,1,178.9999999999995
9,7,4,2,190.4999999999995
9,7,4,3,201.9999999999995
9,7,4,4,208.4999999999995
9,7,4,5,214.9999999999995
9,7,5,0,167.4999999999995
9,7,5,1,178.9999999999995
9,7,5,2,190.4999999999995
9,7,5,3,201.9999999999995
9,7,5,4,208.4999999999995
9,7,5,5,214.9999999999995
9,7,6,0,167.4999999999995
9,7,6,1,178.9999999999995
9,7,6,2,190.4999999999995
9,7,6,3,201.9999999999995
9,7,6,4,208.4999999999995
9,7,6,5,214.9999999999995
9,7,7,0,167.4999999999995
9,7,7,1,178.9999999999995
9,7,7,2,190.4999999999995
9,7,7,3,201.9999999999995
9,7,7,4,208.4999999999995
9,7,7,5,214.9999999999995
10,0,0,0,165.4687499999995
10,0,0,1,168.6874999999995
10,0,0,2,167.6874999999995
10,0,0,3,166.6874999999995
10,0,0,4,165.6874999999995
10,0,0,5,164.6874999999995
10,0,1,0,165.4687499999995
10,0,1,1,168.6874999999995
10,0,1,2,167.6874999999995
10,0,1,3,166.6874999999995
10,0,1,4,165.6874999999995
10,0,1,5,164.6874999999995
10,0,2,0,165.4687499999995
10,0,2,1,168.6874999999995
10,0,2,2,167.6874999999995
10,0,2,3,166.6874999999995
10,0,2,4,165.6874999999995
10,0,2,5,164.6874999999995
10,0,3,0,165.4687499999995
10,0,3,1,168.6874999999995
10,0,3,2,167.6874999999995
10,0,3,3,166.6874999999995
10,0,3,4,165.6874999999995
10,0,3,5,164.6874999999995
10,0,4,0,165.4687499999995
10,0,4,1,168.6874999999995
10,0,4,2,167.6874999999995
10,0,4,3,166.6874999999995
10,0,4,4,165.6874999999995
10,0,4,5,164.6874999999995
10,0,5,0,165.4687499999995
10,0,5,1,168.6874999999995
10,0,5,2,167.6874999999995
10,0,5,3,166.6874999999995
10,0,5,4,165.6874999999995
10,0,5,5,164.6874999999995
10,0,6,0,165.4687499999995
10,0,6,1,168.6874999999995
10,0,6,2,167.6874999999995
10,0,6,3,166.6874999999995
10,0,6,4,165.6874999999995
10,0,6,5,164.6874999999995
10,0,7,0,165.4687499999995
10,0,7,1,168.6874999999995
10,0,7,2,167.6874999999995
10,0,7,3,166.6874999999995
10,0,7,4,165.6874999999995
10,0,7,5,164.6874999999995
10,1,0,0,171.2499999999995
10,1,0,1,174.4687499999995
10,1,0,2,177.6874999999995
10,1,0,3,176.6874999999995
10,1,0,4,175.6874999999995
10,1,0,5,174.6874999999995
10,1,1,0,171.2499999999995
10,1,1,1,174.4687499999995
10,1,1,2,177.6874999999995
10,1,1,3,176.6874999999995
10,1,1,4,175.6874999999995
10,1,1,5,174.6874999999995
10,1,2,0,171.2499999999995
10,1,2,1,174.4687499999995
10,1,2,2,177.6874999999995
10,1,2,3,176.6874999999995
10,1,2,4,175.6874999999995
10,1,2,5,174.6874999999995
10,1,3,0,171.2499999999995
10,1,3,1,174.4687499999995
10,1,3,2,177.6874999999995
10,1,3,3,176.6874999999995
10,1,3,4,175.6874999999995
10,1,3,5,174.6874999999995
10,1,4,0,171.2499999999995
10,1,4,1,174.4687499999995
10,1,4,2,177.6874999999995
10,1,4,3,176.6874999999995
10,1,4,4,175.6874999999995
10,1,4,5,174.6874999999995
10,1,5,0,171.2499999999995
10,1,5,1,174.4687499999995
10,1,5,2,177.6874999999995
10,1,5,3,176.6874999999995
10,1,5,4,175.6874999999995
10,1,5,5,174.6874999999995
10,1,6,0,171.2499999999995
10,1,6,1,174.4687499999995
10,1,6,2,177.6874999999995
10,1,6,3,176.6874999999995
10,1,6,4,175.6874999999995
10,1,6,5,174.6874999999995
10,1,7,0,171.2499999999995
10,1,7,1,174.4687499999995
10,1,7,2,177.6874999999995
10,1,7,3,176.6874999999995
10,1,7,4,175.6874999999995
10,1,7,5,174.6874999999995
10,2,0,0,175.6249999999995
10,2,0,1,180.2499999999995
10,2,0,2,183.4687499999995
10,2,0,3,186.6874999999995
10,2,0,4,185.6874999999995
10,2,0,5,184.6874999999995
10,2,1,0,175.6249999999995
10,2,1,1,180.2499999999995
10,2,1,2,183.4687499999995
10,2,1,3,186.6874999999995
10,2,1,4,185.6874999999995
10,2,1,5,184.6874999999995
10,2,2,0,175.6249999999995
10,2,2,1,180.2499999999995
10,2,2,2,183.4687499999995
10,2,2,3,186.6874999999995
10,2,2,4,185.6874999999995
10,2,2,5,184.6874999999995
10,2,3,0,175.6249999999995
10,2,3,1,180.2499999999995
10,2,3,2,183.4687499999995
10,2,3,3,186.6874999999995
10,2,3,4,185.6874999999995
10,2,3,5,184.6874999999995
10,2,4,0,175.6249999999995
10,2,4,1,180.2499999999995
10,2,4,2,183.4687499999995
10,2,4,3,186.6874999999995
10,2,4,4,185.6874999999995
10,2,4,5,184.6874999999995
10,2,5,0,175.6249999999995
10,2,5,1,180.2499999999995
10,2,5,2,183.4687499999995
10,2,5,3,186.6874999999995
10,2,5,4,185.6874999999995
10,2,5,5,184.6874999999995
10,2,6,0,175.6249999999995
10,2,6,1,180.2499999999995
10,2,6,2,183.4687499999995
10,2,6,3,186.6874999999995
10,2,6,4,185.6874999999995
10,2,6,5,184.6874999999995
10,2,7,0,175.6249999999995
10,2,7,1,180.2499999999995
10,2,7,2,183.4687499999995
10,2,7,3,186.6874999999995
10,2,7,4,185.6874999999995
10,2,7,5,184.6874999999995
10,3,0,0,179.9999999999995
10,3,0,1,184.6249999999995
10,3,0,2,189.2499999999995
10,3,0,3,192.4687499999995
10,3,0,4,195.6874999999995
10,3,0,5,194.6874999999995
10,3,1,0,179.9999999999995
10,3,1,1,184.6249999999995
10,3,1,2,189.2499999999995
10,3,1,3,192.4687499999995
10,3,1,4,195.6874999999995
10,3,1,5,194.6874999999995
10,3,2,0,179.9999999999995
10,3,2,1,184.6249999999995
10,3,2,2,189.2499999999995
10,3,2,3,192.4687499999995
10,3,2,4,195.6874999999995
10,3,2,5,194.6874999999995
10,3,3,0,179.9999999999995
10,3,3,1,184.6249999999995
10,3,3,2,189.2499999999995
10,3,3,3,192.4687499999995
10,3,3,4,195.6874999999995
10,3,3,5,194.6874999999995
10,3,4,0,179.9999999999995
10,3,4,1,184.6249999999995
10,3,4,2,189.2499999999995
10,3,4,3,192.4687499999995
10,3,4,4,195.6874999999995
10,3,4,5,194.6874999999995
10,3,5,0,179.9999999999995
10,3,5,1,184.6249999999995
10,3,5,2,189.2499999999995
10,3,5,3,192.4687499999995
10,3,5,4,195.6874999999995
10,3,5,5,194.6874999999995
10,3,6,0,179.9999999999995
10,3,6,1,184.6249999999995
10,3,6,2,189.2499999999995
10,3,6,3,192.4687499999995
10,3,6,4,195.6874999999995
10,3,6,5,194.6874999999995
10,3,7,0,179.9999999999995
10,3,7,1,184.6249999999995
10,3,7,2,189.2499999999995
10,3,7,3,192.4687499999995
10,3,7,4,195.6874999999995
10,3,7,5,194.6874999999995
10,4,0,0,182.4999999999995
10,4,0,1,188.9999999999995
10,4,0,2,193.6249999999995
10,4,0,3,198.2499999999995
10,4,0,4,201.4687499999995
10,4,0,5,204.6874999999995
10,4,1,0,182.4999999999995
10,4,1,1,188.9999999999995
10,4,1,2,193.6249999999995
10,4,1,3,198.2499999999995
10,4,1,4,201.4687499999995
10,4,1,5,204.6874999999995
10,4,2,0,182.4999999999995
10,4,2,1,188.9999999999995
10,4,2,2,193.6249999999995
10,4,2,3,198.2499999999995
10,4,2,4,201.4687499999995
10,4,2,5,204.6874999999995
10,4,3,0,182.4999999999995
10,4,3,1,188.9999999999995
10,4,3,2,193.6249999999995
10,4,3,3,198.2499999999995
10,4,3,4,201.4687499999995
10,4,3,5,204.6874999999995
10,4,4,0,182.4999999999995
10,4,4,1,188.9999999999995
10,4,4,2,193.6249999999995
10,4,4,3,198.2499999999995
10,4,4,4,201.4687499999995
10,4,4,5,204.6874999999995
10,4,5,0,182.4999999999995
10,4,5,1,188.9999999999995
10,4,5,2,193.6249999999995
10,4,5,3,198.2499999999995
10,4,5,4,201.4687499999995
10,4,5,5,204.6874999999995
10,4,6,0,182.4999999999995
10,4,6,1,188.9999999999995
10,4,6,2,193.6249999999995
10,4,6,3,198.2499999999995
10,4,6,4,201.4687499999995
10,4,6,5,204.6874999999995
10,4,7,0,182.4999999999995
10,4,7,1,188.9999999999995
10,4,7,2,193.6249999999995
10,4,7,3,198.2499999999995
10,4,7,4,201.4687499999995
10,4,7,5,204.6874999999995
10,5,0,0,184.9999999999995
10,5,0,1,191.4999999999995
10,5,0,2,197.9999999999995
10,5,0,3,202.6249999999995
10,5,0,4,207.2499999999995
10,5,0,5,210.4687499999995
10,5,1,0,184.9999999999995
10,5,1,1,191.4999999999995
10,5,1,2,197.9999999999995
10,5,1,3,202.6249999999995
10,5,1,4,207.2499999999995
10,5,1,5,210.4687499999995
10,5,2,0,184.9999999999995
10,5,2,1,191.4999999999995
10,5,2,2,197.9999999999995
10,5,2,3,202.6249999999995
10,5,2,4,207.2499999999995
10,5,2,5,210.4687499999995
10,5,3,0,184.9999999999995
10,5,3,1,191.4999999999995
10,5,3,2,197.9999999999995
10,5,3,3,202.6249999999995
10,5,3,4,207.2499999999995
10,5,3,5,210.4687499999995
10,5,4,0,184.9999999999995
10,5,4,1,191.4999999999995
10,5,4,2,197.9999999999995
10,5,4,3,202.6249999999995
10,5,4,4,207.2499999999995
10,5,4,5,210.4687499999995
10,5,5,0,184.9999999999995
10,5,5,1,191.4999999999995
10,5,5,2,197.9999999999995
10,5,5,3,202.6249999999995
10,5,5,4,207.2499999999995
10,5,5,5,210.4687499999995
10,5,6,0,184.9999999999995
10,5,6,1,191.4999999999995
10,5,6,2,197.9999999999995
10,5,6,3,202.6249999999995
10,5,6,4,207.2499999999995
10,5,6,5,210.4687499999995
10,5,7,0,184.9999999999995
10,5,7,1,191.4999999999995
10,5,7,2,197.9999999999995
10,5,7,3,202.6249999999995
10,5,7,4,207.2499999999995
10,5,7,5,210.4687499999995
10,6,0,0,182.4999999999995
10,6,0,1,193.9999999999995
10,6,0,2,200.4999999999995
10,6,0,3,206.9999999999995
10,6,0,4,211.6249999999995
10,6,0,5,216.2499999999995
10,6,1,0,182.4999999999995
10,6,1,1,193.9999999999995
10,6,1,2,200.4999999999995
10,6,1,3,206.9999999999995
10,6,1,4,211.6249999999995
10,6,1,5,216.2499999999995
10,6,2,0,182.4999999999995
10,6,2,1,193.9999999999995
10,6,2,2,200.4999999999995
10,6,2,3,206.9999999999995
10,6,2,4,211.6249999999995
10,6,2,5,216.2499999999995
10,6,3,0,182.4999999999995
10,6,3,1,193.9999999999995
10,6,3,2,200.4999999999995
10,6,3,3,206.9999999999995
10,6,3,4,211.6249999999995
10,6,3,5,216.2499999999995
10,6,4,0,182.4999999999995
10,6,4,1,193.9999999999995
10,6,4,2,200.4999999999995
10,6,4,3,206.9999999999995
10,6,4,4,211.6249999999995
10,6,4,5,216.2499999999995
10,6,5,0,182.4999999999995
10,6,5,1,193.9999999999995
10,6,5,2,200.4999999999995
10,6,5,3,206.9999999999995
10,6,5,4,211.6249999999995
10,6,5,5,216.2499999999995
10,6,6,0,182.4999999999995
10,6,6,1,193.9999999999995
10,6,6,2,200.4999999999995
10,6,6,3,206.9999999999995
10,6,6,4,211.6249999999995
10,6,6,5,216.2499999999995
10,6,7,0,182.4999999999995
10,6,7,1,193.9999999999995
10,6,7,2,200.4999999999995
10,6,7,3,206.9999999999995
10,6,7,4,211.6249999999995
10,6,7,5,216.2499999999995
10,7,0,0,179.9999999999995
10,7,0,1,191.4999999999995
10,7,0,2,202.9999999999995
10,7,0,3,209.4999999999995
10,7,0,4,215.9999999999995
10,7,0,5,220.6249999999995
10,7,1,0,179.9999999999995
10,7,1,1,191.4999999999995
10,7,1,2,202.9999999999995
10,7,1,3,209.4999999999995
10,7,1,4,215.9999999999995
10,7,1,5,220.6249999999995
10,7,2,0,179.9999999999995
10,7,2,1,191.4999999999995
10,7,2,2,202.9999999999995
10,7,2,3,209.4999999999995
10,7,2,4,215.9999999999995
10,7,2,5,220.6249999999995
10,7,3,0,179.9999999999995
10,7,3,1,191.4999999999995
10,7,3,2,202.9999999999995
10,7,3,3,209.4999999999995
10,7,3,4,215.9999999999995
10,7,3,5,220.6249999999995
10,7,4,0,179.9999999999995
10,7,4,1,191.4999999999995
10,7,4,2,202.9999999999995
10,7,4,3,209.4999999999995
10,7,4,4,215.9999999999995
10,7,4,5,220.6249999999995
10,7,5,0,179.9999999999995
10,7,5,1,191.4999999999995
10,7,5,2,202.9999999999995
10,7,5,3,209.4999999999995
10,7,5,4,215.9999999999995
10,7,5,5,220.6249999999995
10,7,6,0,179.9999999999995
10,7,6,1,191.4999999999995
10,7,6,2,202.9999999999995
10,7,6,3,209.4999999999995
10,7,6,4,215.9999999999995
10,7,6,5,220.6249999999995
10,7,7,0,179.9999999999995
10,7,7,1,191.4999999999995
10,7,7,2,202.9999999999995
10,7,7,3,209.4999999999995
10,7,7,4,215.9999999999995
10,7,7,5,220.6249999999995
11,0,0,0,169.6874999999995
11,0,0,1,168.6874999999995
11,0,0,2,167.6874999999995
11,0,0,3,166.6874999999995
11,0,0,4,165.6874999999995
11,0,0,5,164.6874999999995
11,0,1,0,169.6874999999995
11,0,1,1,168.6874999999995
11,0,1,2,167.6874999999995
11,0,1,3,166.6874999999995
11,0,1,4,165.6874999999995
11,0,1,5,164.6874999999995
11,0,2,0,169.6874999999995
11,0,2,1,168.6874999999995
11,0,2,2,167.6874999999995
11,0,2,3,166.6874999999995
11,0,2,4,165.6874999999995
11,0,2,5,164.6874999999995
11,0,3,0,169.6874999999995
11,0,3,1,168.6874999999995
11,0,3,2,167.6874999999995
11,0,3,3,166.6874999999995
11,0,3,4,165.6874999999995
11,0,3,5,164.6874999999995
11,0,4,0,169.6874999999995
11,0,4,1,168.6874999999995
11,0,4,2,167.6874999999995
11,0,4,3,166.6874999999995
11,0,4,4,165.6874999999995
11,0,4,5,164.6874999999995
11,0,5,0,169.6874999999995
11,0,5,1,168.6874999999995
11,0,5,2,167.6874999999995
11,0,5,3,166.6874999999995
11,0,5,4,165.6874999999995
11,0,5,5,164.6874999999995
11,0,6,0,169.6874999999995
11,0,6,1,168.6874999999995
11,0,6,2,167.6874999999995
11,0,6,3,166.6874999999995
11,0,6,4,165.6874999999995
11,0,6,5,164.6874999999995
11,0,7,0,169.6874999999995
11,0,7,1,168.6874999999995
11,0,7,2,167.6874999999995
11,0,7,3,166.6874999999995
11,0,7,4,165.6874999999995
11,0,7,5,164.6874999999995
11,1,0,0,175.4687499999995
11,1,0,1,178.6874999999995
11,1,0,2,177.6874999999995
11,1,0,3,176.6874999999995
11,1,0,4,175.6874999999995
11,1,0,5,174.6874999999995
11,1,1,0,175.4687499999995
11,1,1,1,178.6874999999995
11,1,1,2,177.6874999999995
11,1,1,3,176.6874999999995
11,1,1,4,175.6874999999995
11,1,1,5,174.6874999999995
11,1,2,0,175.4687499999995
11,1,2,1,178.6874999999995
11,1,2,2,177.6874999999995
11,1,2,3,176.6874999999995
11,1,2,4,175.6874999999995
11,1,2,5,174.6874999999995
11,1,3,0,175.4687499999995
11,1,3,1,178.6874999999995
11,1,3,2,177.6874999999995
11,1,3,3,176.6874999999995
11,1,3,4,175.6874999999995
11,1,3,5,174.6874999999995
11,1,4,0,175.4687499999995
11,1,4,1,178.6874999999995
11,1,4,2,177.6874999999995
11,1,4,3,176.6874999999995
11,1,4,4,175.6874999999995
11,1,4,5,174.6874999999995
11,1,5,0,175.4687499999995
11,1,5,1,178.6874999999995
11,1,5,2,177.6874999999995
11,1,5,3,176.6874999999995
11,1,5,4,175.6874999999995
11,1,5,5,174.6874999999995
11,1,6,0,175.4687499999995
11,1,6,1,178.6874999999995
11,1,6,2,177.6874999999995
11,1,6,3,176.6874999999995
11,1,6,4,175.6874999999995
11,1,6,5,174.6874999999995
11,1,7,0,175.4687499999995
11,1,7,1,178.6874999999995
11,1,7,2,177.6874999999995
11,1,7,3,176.6874999999995
11,1,7,4,175.6874999999995
11,1,7,5,174.6874999999995
11,2,0,0,181.2499999999995
11,2,0,1,184.4687499999995
11,2,0,2,187.6874999999995
11,2,0,3,186.6874999999995
11,2,0,4,185.6874999999995
11,2,0,5,184.6874999999995
11,2,1,0,181.2499999999995
11,2,1,1,184.4687499999995
11,2,1,2,187.6874999999995
11,2,1,3,186.6874999999995
11,2,1,4,185.6874999999995
11,2,1,5,184.6874999999995
11,2,2,0,181.2499999999995
11,2,2,1,184.4687499999995
11,2,2,2,187.6874999999995
11,2,2,3,186.6874999999995
11,2,2,4,185.6874999999995
11,2,2,5,184.6874999999995
11,2,3,0,181.2499999999995
11,2,3,1,184.4687499999995
11,2,3,2,187.6874999999995
11,2,3,3,186.6874999999995
11,2,3,4,185.6874999999995
11,2,3,5,184.6874999999995
11,2,4,0,181.2499999999995
11,2,4,1,184.4687499999995
11,2,4,2,187.6874999999995
11,2,4,3,186.6874999999995
11,2,4,4,185.6874999999995
11,2,4,5,184.6874999999995
11,2,5,0,181.2499999999995
11,2,5,1,184.4687499999995
11,2,5,2,187.6874999999995
11,2,5,3,186.6874999999995
11,2,5,4,185.6874999999995
11,2,5,5,184.6874999999995
11,2,6,0,181.2499999999995
11,2,6,1,184.4687499999995
11,2,6,2,187.6874999999995
11,2,6,3,186.6874999999995
11,2,6,4,185.6874999999995
11,2,6,5,184.6874999999995
11,2,7,0,181.2499999999995
11,2,7,1,184.4687499999995
11,2,7,2,187.6874999999995
11,2,7,3,186.6874999999995
11,2,7,4,185.6874999999995
11,2,7,5,184.6874999999995
11,3,0,0,185.6249999999995
11,3,0,1,190.2499999999995
11,3,0,2,193.4687499999995
11,3,0,3,196.6874999999995
11,3,0,4,195.6874999999995
11,3,0,5,194.6874999999995
11,3,1,0,185.6249999999995
11,3,1,1,190.2499999999995
11,3,1,2,193.4687499999995
11,3,1,3,196.6874999999995
11,3,1,4,195.6874999999995
11,3,1,5,194.6874999999995
11,3,2,0,185.6249999999995
11,3,2,1,190.2499999999995
11,3,2,2,193.4687499999995
11,3,2,3,196.6874999999995
11,3,2,4,195.6874999999995
11,3,2,5,194.6874999999995
11,3,3,0,185.6249999999995
11,3,3,1,190.2499999999995
11,3,3,2,193.4687499999995
11,3,3,3,196.6874999999995
11,3,3,4,195.6874999999995
11,3,3,5,194.6874999999995
11,3,4,0,185.6249999999995
11,3,4,1,190.2499999999995
11,3,4,2,193.4687499999995
11,3,4,3,196.6874999999995
11,3,4,4,195.6874999999995
11,3,4,5,194.6874999999995
11,3,5,0,185.6249999999995
11,3,5,1,190.2499999999995
11,3,5,2,193.4687499999995
11,3,5,3,196.6874999999995
11,3,5,4,195.6874999999995
11,3,5,5,194.6874999999995
11,3,6,0,185.6249999999995
11,3,6,1,190.2499999999995
11,3,6,2,193.4687499999995
11,3,6,3,196.6874999999995
11,3,6,4,195.6874999999995
11,3,6,5,194.6874999999995
11,3,7,0,185.6249999999995
11,3,7,1,190.2499999999995
11,3,7,2,193.4687499999995
11,3,7,3,196.6874999999995
11,3,7,4,195.6874999999995
11,3,7,5,194.6874999999995
11,4,0,0,189.9999999999995
11,4,0,1,194.6249999999995
11,4,0,2,199.2499999999995
11,4,0,3,202.4687499999995
11,4,0,4,205.6874999999995
11,4,0,5,204.6874999999995
11,4,1,0,189.9999999999995
11,4,1,1,194.6249999999995
11,4,1,2,199.2499999999995
11,4,1,3,202.4687499999995
11,4,1,4,205.6874999999995
11,4,1,5,204.6874999999995
11,4,2,0,189.9999999999995
11,4,2,1,194.6249999999995
11,4,2,2,199.2499999999995
11,4,2,3,202.4687499999995
11,4,2,4,205.6874999999995
11,4,2,5,204.6874999999995
11,4,3,0,189.9999999999995
11,4,3,1,194.6249999999995
11,4,3,2,199.2499999999995
11,4,3,3,202.4687499999995
11,4,3,4,205.6874999999995
11,4,3,5,204.6874999999995
11,4,4,0,189.9999999999995
11,4,4,1,194.6249999999995
11,4,4,2,199.2499999999995
11,4,4,3,202.4687499999995
11,4,4,4,205.6874999999995
11,4,4,5,204.6874999999995
11,4,5,0,189.9999999999995
11,4,5,1,194.6249999999995
11,4,5,2,199.2499999999995
11,4,5,3,202.4687499999995
11,4,5,4,205.6874999999995
11,4,5,5,204.6874999999995
11,4,6,0,189.9999999999995
11,4,6,1,194.6249999999995
11,4,6,2,199.2499999999995
11,4,6,3,202.4687499999995
11,4,6,4,205.6874999999995
11,4,6,5,204.6874999999995
11,4,7,0,189.9999999999995
11,4,7,1,194.6249999999995
11,4,7,2,199.2499999999995
11,4,7,3,202.4687499999995
11,4,7,4,205.6874999999995
11,4,7,5,204.6874999999995
11,5,0,0,192.4999999999995
11,5,0,1,198.9999999999995
11,5,0,2,203.6249999999995
11,5,0,3,208.2499999999995
11,5,0,4,211.4687499999995
11,5,0,5,214.6874999999995
11,5,1,0,192.4999999999995
11,5,1,1,198.9999999999995
11,5,1,2,203.6249999999995
11,5,1,3,208.2499999999995
11,5,1,4,211.4687499999995
11,5,1,5,214.6874999999995
11,5,2,0,192.4999999999995
11,5,2,1,198.9999999999995
11,5,2,2,203.6249999999995
11,5,2,3,208.2499999999995
11,5,2,4,211.4687499999995
11,5,2,5,214.6874999999995
11,5,3,0,192.4999999999995
11,5,3,1,198.9999999999995
11,5,3,2,203.6249999999995
11,5,3,3,208.2499999999995
11,5,3,4,211.4687499999995
11,5,3,5,214.6874999999995
11,5,4,0,192.4999999999995
11,5,4,1,198.9999999999995
11,5,4,2,203.6249999999995
11,5,4,3,208.2499999999995
11,5,4,4,211.4687499999995
11,5,4,5,214.6874999999995
11,5,5,0,192.4999999999995
11,5,5,1,198.9999999999995
11,5,5,2,203.6249999999995
11,5,5,3,208.2499999999995
11,5,5,4,211.4687499999995
11,5,5,5,214.6874999999995
11,5,6,0,192.4999999999995
11,5,6,1,198.9999999999995
11,5,6,2,203.6249999999995
11,5,6,3,208.2499999999995
11,5,6,4,211.4687499999995
11,5,6,5,214.6874999999995
11,5,7,0,192.4999999999995
11,5,7,1,198.9999999999995
11,5,7,2,203.6249999999995
11,5,7,3,208.2499999999995
11,5,7,4,211.4687499999995
11,5,7,5,214.6874999999995
11,6,0,0,194.9999999999995
11,6,0,1,201.4999999999995
11,6,0,2,207.9999999999995
11,6,0,3,212.6249999999995
11,6,0,4,217.2499999999995
11,6,0,5,220.4687499999995
11,6,1,0,194.9999999999995
11,6,1,1,201.4999999999995
11,6,1,2,207.9999999999995
11,6,1,3,212.6249999999995
11,6,1,4,217.2499999999995
11,6,1,5,220.4687499999995
11,6,2,0,194.9999999999995
11,6,2,1,201.4999999999995
11,6,2,2,207.9999999999995
11,6,2,3,212.6249999999995
11,6,2,4,217.2499999999995
11,6,2,5,220.4687499999995
11,6,3,0,194.9999999999995
11,6,3,1,201.4999999999995
11,6,3,2,207.9999999999995
11,6,3,3,212.6249999999995
11,6,3,4,217.2499999999995
11,6,3,5,220.4687499999995
11,6,4,0,194.9999999999995
11,6,4,1,201.4999999999995
11,6,4,2,207.9999999999995
11,6,4,3,212.6249999999995
11,6,4,4,217.2499999999995
11,6,4,5,220.4687499999995
11,6,5,0,194.9999999999995
11,6,5,1,201.4999999999995
11,6,5,2,207.9999999999995
11,6,5,3,212.6249999999995
11,6,5,4,217.2499999999995
11,6,5,5,220.4687499999995
11,6,6,0,194.9999999999995
11,6,6,1,201.4999999999995
11,6,6,2,207.9999999999995
11,6,6,3,212.6249999999995
11,6,6,4,217.2499999999995
11,6,6,5,220.4687499999995
11,6,7,0,194.9999999999995
11,6,7,1,201.4999999999995
11,6,7,2,207.9999999999995
11,6,7,3,212.6249999999995
11,6,7,4,217.2499999999995
11,6,7,5,220.4687499999995
11,7,0,0,192.4999999999995
11,7,0,1,203.9999999999995
11,7,0,2,210.4999999999995
11,7,0,3,216.9999999999995
11,7,0,4,221.6249999999995
11,7,0,5,226.2499999999995
11,7,1,0,192.4999999999995
11,7,1,1,203.9999999999995
11,7,1,2,210.4999999999995
11,7,1,3,216.9999999999995
11,7,1,4,221.6249999999995
11,7,1,5,226.2499999999995
11,7,2,0,192.4999999999995
11,7,2,1,203.9999999999995
11,7,2,2,210.4999999999995
11,7,2,3,216.9999999999995
11,7,2,4,221.6249999999995
11,7,2,5,226.2499999999995
11,7,3,0,192.4999999999995
11,7,3,1,203.9999999999995
11,7,3,2,210.4999999999995
11,7,3,3,216.9999999999995
11,7,3,4,221.6249999999995
11,7,3,5,226.2499999999995
11,7,4,0,192.4999999999995
11,7,4,1,203.9999999999995
11,7,4,2,210.4999999999995
11,7,4,3,216.9999999999995
11,7,4,4,221.6249999999995
11,7,4,5,226.2499999999995
11,7,5,0,192.4999999999995
11,7,5,1,203.9999999999995
11,7,5,2,210.4999999999995
11,7,5,3,216.9999999999995
11,7,5,4,221.6249999999995
11,7,5,5,226.2499999999995
11,7,6,0,192.4999999999995
11,7,6,1,203.9999999999995
11,7,6,2,210.4999999999995
11,7,6,3,216.9999999999995
11,7,6,4,221.6249999999995
11,7,6,5,226.2499999999995
11,7,7,0,192.4999999999995
11,7,7,1,203.9999999999995
11,7,7,2,210.4999999999995
11,7,7,3,216.9999999999995
11,7,7,4,221.6249999999995
11,7,7,5,226.2499999999995
