InventoryIndex,DemandIndex,ForecastIndex,ActionIndex,QValue
0,0,0,0,[38.43697103  0.          0.          0.          0.          0.        ]
0,0,0,1,[ 0.         58.23456813  0.          0.          0.          0.        ]
0,0,0,2,[ 0.          0.         82.64097271  0.          0.          0.        ]
0,0,0,3,[ 0.          0.          0.         95.18475192  0.          0.        ]
0,0,0,4,[ 0.          0.          0.          0.         94.06394407  0.        ]
0,0,0,5,[ 0.          0.          0.          0.          0.         98.95092499]
0,0,1,0,[29.63654958  0.          0.          0.          0.          0.        ]
0,0,1,1,[ 0.         58.35990385  0.          0.          0.          0.        ]
0,0,1,2,[ 0.          0.         78.30157585  0.          0.          0.        ]
0,0,1,3,[ 0.          0.          0.         95.77969075  0.          0.        ]
0,0,1,4,[ 0.         0.         0.         0.        93.8781908  0.       ]
0,0,1,5,[ 0.          0.          0.          0.          0.         83.80679955]
0,0,2,0,[28.71160172  0.          0.          0.          0.          0.        ]
0,0,2,1,[ 0.         58.79886543  0.          0.          0.          0.        ]
0,0,2,2,[ 0.          0.         81.47895287  0.          0.          0.        ]
0,0,2,3,[ 0.          0.          0.         91.44525798  0.          0.        ]
0,0,2,4,[ 0.          0.          0.          0.         85.94124001  0.        ]
0,0,2,5,[ 0.          0.          0.          0.          0.         80.05202926]
0,0,3,0,[30.4744684  0.         0.         0.         0.         0.       ]
0,0,3,1,[ 0.         59.26554919  0.          0.          0.          0.        ]
0,0,3,2,[ 0.          0.         84.14928459  0.          0.          0.        ]
0,0,3,3,[ 0.          0.          0.         89.93104358  0.          0.        ]
0,0,3,4,[ 0.          0.          0.          0.         86.70350799  0.        ]
0,0,3,5,[ 0.          0.          0.          0.          0.         88.06439717]
0,0,4,0,[28.63913953  0.          0.          0.          0.          0.        ]
0,0,4,1,[ 0.         63.25432553  0.          0.          0.          0.        ]
0,0,4,2,[ 0.          0.         82.73355604  0.          0.          0.        ]
0,0,4,3,[ 0.         0.         0.        86.9439066  0.         0.       ]
0,0,4,4,[ 0.          0.          0.          0.         98.95933356  0.        ]
0,0,4,5,[ 0.          0.          0.          0.          0.         72.03894135]
0,0,5,0,[39.33921594  0.          0.          0.          0.          0.        ]
0,0,5,1,[ 0.         57.84225482  0.          0.          0.          0.        ]
0,0,5,2,[ 0.          0.         83.05429703  0.          0.          0.        ]
0,0,5,3,[ 0.          0.          0.         95.85281597  0.          0.        ]
0,0,5,4,[ 0.          0.          0.          0.         93.91647002  0.        ]
0,0,5,5,"[  0.           0.           0.           0.           0.
 107.59243757]"
0,0,6,0,[28.57451827  0.          0.          0.          0.          0.        ]
0,0,6,1,[ 0.         60.26008357  0.          0.          0.          0.        ]
0,0,6,2,[ 0.          0.         74.58466435  0.          0.          0.        ]
0,0,6,3,[ 0.          0.          0.         93.14598369  0.          0.        ]
0,0,6,4,[ 0.          0.          0.          0.         88.57845364  0.        ]
0,0,6,5,[ 0.          0.          0.          0.          0.         94.74457434]
0,0,7,0,[28.6722864  0.         0.         0.         0.         0.       ]
0,0,7,1,[ 0.         54.99252744  0.          0.          0.          0.        ]
0,0,7,2,[ 0.          0.         82.03430872  0.          0.          0.        ]
0,0,7,3,[ 0.          0.          0.         96.12158226  0.          0.        ]
0,0,7,4,[ 0.          0.          0.          0.         91.71670107  0.        ]
0,0,7,5,[  0.          0.          0.          0.          0.        104.4669206]
0,1,0,0,[34.35132583  0.          0.          0.          0.          0.        ]
0,1,0,1,[ 0.         37.92762724  0.          0.          0.          0.        ]
0,1,0,2,[ 0.          0.         65.66808577  0.          0.          0.        ]
0,1,0,3,[ 0.          0.          0.         84.45518525  0.          0.        ]
0,1,0,4,[ 0.          0.          0.          0.         91.29716344  0.        ]
0,1,0,5,[ 0.          0.          0.          0.          0.         84.34586424]
0,1,1,0,[36.1721819  0.         0.         0.         0.         0.       ]
0,1,1,1,[ 0.         37.73660414  0.          0.          0.          0.        ]
0,1,1,2,[ 0.          0.         64.79950954  0.          0.          0.        ]
0,1,1,3,[ 0.          0.          0.         90.08412419  0.          0.        ]
0,1,1,4,[ 0.          0.          0.          0.         93.86600989  0.        ]
0,1,1,5,[ 0.          0.          0.          0.          0.         89.92354169]
0,1,2,0,[33.67213738  0.          0.          0.          0.          0.        ]
0,1,2,1,[ 0.         37.93874716  0.          0.          0.          0.        ]
0,1,2,2,[ 0.          0.         65.41435608  0.          0.          0.        ]
0,1,2,3,[ 0.          0.          0.         85.13913744  0.          0.        ]
0,1,2,4,[ 0.          0.          0.          0.         97.87706515  0.        ]
0,1,2,5,[ 0.          0.          0.          0.          0.         94.24091322]
0,1,3,0,[33.89581164  0.          0.          0.          0.          0.        ]
0,1,3,1,[ 0.         37.82407546  0.          0.          0.          0.        ]
0,1,3,2,[ 0.          0.         67.26682638  0.          0.          0.        ]
0,1,3,3,[ 0.          0.          0.         88.54036507  0.          0.        ]
0,1,3,4,"[  0.           0.           0.           0.         100.83408966
   0.        ]"
0,1,3,5,[ 0.          0.          0.          0.          0.         71.31783185]
0,1,4,0,[34.14972381  0.          0.          0.          0.          0.        ]
0,1,4,1,[ 0.         37.53577889  0.          0.          0.          0.        ]
0,1,4,2,[ 0.          0.         67.20316918  0.          0.          0.        ]
0,1,4,3,[ 0.          0.          0.         85.93433438  0.          0.        ]
0,1,4,4,[ 0.          0.          0.          0.         85.67752826  0.        ]
0,1,4,5,[ 0.          0.          0.          0.          0.         92.20338642]
0,1,5,0,[33.53047996  0.          0.          0.          0.          0.        ]
0,1,5,1,[ 0.         38.77034185  0.          0.          0.          0.        ]
0,1,5,2,[ 0.          0.         67.43711734  0.          0.          0.        ]
0,1,5,3,[ 0.          0.          0.         88.82269216  0.          0.        ]
0,1,5,4,[ 0.          0.          0.          0.         88.80578426  0.        ]
0,1,5,5,[ 0.          0.          0.          0.          0.         87.18032525]
0,1,6,0,[33.60058537  0.          0.          0.          0.          0.        ]
0,1,6,1,[ 0.         37.53233437  0.          0.          0.          0.        ]
0,1,6,2,[ 0.          0.         66.17266649  0.          0.          0.        ]
0,1,6,3,[ 0.         0.         0.        82.7757221  0.         0.       ]
0,1,6,4,[ 0.         0.         0.         0.        96.1215494  0.       ]
0,1,6,5,[ 0.         0.         0.         0.         0.        89.3113031]
0,1,7,0,[37.16129026  0.          0.          0.          0.          0.        ]
0,1,7,1,[ 0.         43.32060558  0.          0.          0.          0.        ]
0,1,7,2,[ 0.          0.         64.67101489  0.          0.          0.        ]
0,1,7,3,[ 0.          0.          0.         82.10328089  0.          0.        ]
0,1,7,4,"[  0.           0.           0.           0.         103.18223447
   0.        ]"
0,1,7,5,"[  0.           0.           0.           0.           0.
 100.23608301]"
0,2,0,0,[38.71024204  0.          0.          0.          0.          0.        ]
0,2,0,1,[ 0.         42.84514186  0.          0.          0.          0.        ]
0,2,0,2,[ 0.          0.         48.20508364  0.          0.          0.        ]
0,2,0,3,[ 0.          0.          0.         73.64418695  0.          0.        ]
0,2,0,4,[ 0.          0.          0.          0.         89.43221906  0.        ]
0,2,0,5,[ 0.          0.          0.          0.          0.         94.00382501]
0,2,1,0,[39.34103013  0.          0.          0.          0.          0.        ]
0,2,1,1,[ 0.         42.73348238  0.          0.          0.          0.        ]
0,2,1,2,[ 0.          0.         48.61437023  0.          0.          0.        ]
0,2,1,3,[ 0.          0.          0.         75.04361294  0.          0.        ]
0,2,1,4,[ 0.          0.          0.          0.         73.11077027  0.        ]
0,2,1,5,[ 0.         0.         0.         0.         0.        80.5140293]
0,2,2,0,[38.61965572  0.          0.          0.          0.          0.        ]
0,2,2,1,[ 0.         42.83897126  0.          0.          0.          0.        ]
0,2,2,2,[ 0.          0.         51.16713151  0.          0.          0.        ]
0,2,2,3,[ 0.         0.         0.        74.5635833  0.         0.       ]
0,2,2,4,[ 0.          0.          0.          0.         90.86183812  0.        ]
0,2,2,5,[ 0.          0.          0.          0.          0.         79.04728257]
0,2,3,0,[39.29094963  0.          0.          0.          0.          0.        ]
0,2,3,1,[ 0.         43.21302227  0.          0.          0.          0.        ]
0,2,3,2,[ 0.          0.         46.82478023  0.          0.          0.        ]
0,2,3,3,[ 0.          0.          0.         71.00668603  0.          0.        ]
0,2,3,4,[ 0.          0.          0.          0.         81.22337029  0.        ]
0,2,3,5,[ 0.          0.          0.          0.          0.         65.36857832]
0,2,4,0,[38.83916945  0.          0.          0.          0.          0.        ]
0,2,4,1,[ 0.         41.72577352  0.          0.          0.          0.        ]
0,2,4,2,[ 0.         0.        46.4910657  0.         0.         0.       ]
0,2,4,3,[ 0.          0.          0.         72.56022593  0.          0.        ]
0,2,4,4,[ 0.          0.          0.          0.         99.37913716  0.        ]
0,2,4,5,[ 0.         0.         0.         0.         0.        76.4560616]
0,2,5,0,[38.70679561  0.          0.          0.          0.          0.        ]
0,2,5,1,[ 0.         42.76419901  0.          0.          0.          0.        ]
0,2,5,2,[ 0.         0.        47.0549034  0.         0.         0.       ]
0,2,5,3,[ 0.          0.          0.         74.59742713  0.          0.        ]
0,2,5,4,[ 0.          0.          0.          0.         91.06019494  0.        ]
0,2,5,5,[ 0.          0.          0.          0.          0.         84.33592074]
0,2,6,0,[38.63458616  0.          0.          0.          0.          0.        ]
0,2,6,1,[ 0.        44.6054117  0.         0.         0.         0.       ]
0,2,6,2,[ 0.          0.         46.45816013  0.          0.          0.        ]
0,2,6,3,[ 0.          0.          0.         75.77020627  0.          0.        ]
0,2,6,4,[ 0.          0.          0.          0.         86.84379748  0.        ]
0,2,6,5,[ 0.          0.          0.          0.          0.         99.83958365]
0,2,7,0,[39.88206854  0.          0.          0.          0.          0.        ]
0,2,7,1,[ 0.         42.71517639  0.          0.          0.          0.        ]
0,2,7,2,[ 0.          0.         46.42537468  0.          0.          0.        ]
0,2,7,3,[ 0.          0.          0.         75.46668367  0.          0.        ]
0,2,7,4,[ 0.          0.          0.          0.         96.02079297  0.        ]
0,2,7,5,[ 0.          0.          0.          0.          0.         67.77836261]
0,3,0,0,[43.62205248  0.          0.          0.          0.          0.        ]
0,3,0,1,[ 0.         47.33269335  0.          0.          0.          0.        ]
0,3,0,2,[ 0.          0.         53.84847488  0.          0.          0.        ]
0,3,0,3,[ 0.          0.          0.         55.64137539  0.          0.        ]
0,3,0,4,[ 0.          0.          0.          0.         74.81043807  0.        ]
0,3,0,5,[ 0.          0.          0.          0.          0.         93.58884069]
0,3,1,0,[43.94835403  0.          0.          0.          0.          0.        ]
0,3,1,1,[ 0.         47.96492213  0.          0.          0.          0.        ]
0,3,1,2,[ 0.          0.         51.31705097  0.          0.          0.        ]
0,3,1,3,[ 0.          0.          0.         55.51498911  0.          0.        ]
0,3,1,4,[ 0.          0.          0.          0.         83.93668902  0.        ]
0,3,1,5,[ 0.          0.          0.          0.          0.         95.40688919]
0,3,2,0,[43.84633126  0.          0.          0.          0.          0.        ]
0,3,2,1,[ 0.         47.72884294  0.          0.          0.          0.        ]
0,3,2,2,[ 0.          0.         52.02821722  0.          0.          0.        ]
0,3,2,3,[ 0.          0.          0.         54.22645641  0.          0.        ]
0,3,2,4,[ 0.          0.          0.          0.         81.78828976  0.        ]
0,3,2,5,[ 0.          0.          0.          0.          0.         90.89074021]
0,3,3,0,[43.88304038  0.          0.          0.          0.          0.        ]
0,3,3,1,[ 0.         48.06413541  0.          0.          0.          0.        ]
0,3,3,2,[ 0.          0.         51.25002232  0.          0.          0.        ]
0,3,3,3,[ 0.         0.         0.        56.2327006  0.         0.       ]
0,3,3,4,[ 0.          0.          0.          0.         77.51240291  0.        ]
0,3,3,5,"[  0.           0.           0.           0.           0.
 104.06385621]"
0,3,4,0,[43.57944865  0.          0.          0.          0.          0.        ]
0,3,4,1,[ 0.         47.72765293  0.          0.          0.          0.        ]
0,3,4,2,[ 0.          0.         51.48066744  0.          0.          0.        ]
0,3,4,3,[ 0.          0.          0.         55.29912966  0.          0.        ]
0,3,4,4,[ 0.          0.          0.          0.         80.22561792  0.        ]
0,3,4,5,[ 0.          0.          0.          0.          0.         80.70481044]
0,3,5,0,[44.00848119  0.          0.          0.          0.          0.        ]
0,3,5,1,[ 0.         47.74877587  0.          0.          0.          0.        ]
0,3,5,2,[ 0.          0.         51.69336986  0.          0.          0.        ]
0,3,5,3,[ 0.          0.          0.         55.49063607  0.          0.        ]
0,3,5,4,[ 0.          0.          0.          0.         72.34151155  0.        ]
0,3,5,5,[ 0.          0.          0.          0.          0.         79.43108648]
0,3,6,0,[43.92585352  0.          0.          0.          0.          0.        ]
0,3,6,1,[ 0.         48.03584793  0.          0.          0.          0.        ]
0,3,6,2,[ 0.          0.         52.41895835  0.          0.          0.        ]
0,3,6,3,[ 0.          0.          0.         53.00211046  0.          0.        ]
0,3,6,4,[ 0.          0.          0.          0.         72.46654885  0.        ]
0,3,6,5,[ 0.          0.          0.          0.          0.         98.59630582]
0,3,7,0,[44.35500854  0.          0.          0.          0.          0.        ]
0,3,7,1,[ 0.         51.74287962  0.          0.          0.          0.        ]
0,3,7,2,[ 0.          0.         52.94967009  0.          0.          0.        ]
0,3,7,3,[ 0.          0.          0.         54.48912168  0.          0.        ]
0,3,7,4,[ 0.          0.          0.          0.         77.51122454  0.        ]
0,3,7,5,[ 0.          0.          0.          0.          0.         84.72072228]
0,4,0,0,[48.78174026  0.          0.          0.          0.          0.        ]
0,4,0,1,[ 0.         52.70645909  0.          0.          0.          0.        ]
0,4,0,2,[ 0.          0.         55.70425307  0.          0.          0.        ]
0,4,0,3,[ 0.          0.          0.         59.67183654  0.          0.        ]
0,4,0,4,[ 0.          0.          0.          0.         66.48074132  0.        ]
0,4,0,5,[ 0.          0.          0.          0.          0.         76.93613774]
0,4,1,0,[49.08288577  0.          0.          0.          0.          0.        ]
0,4,1,1,[ 0.         52.53574799  0.          0.          0.          0.        ]
0,4,1,2,[ 0.          0.         56.55567728  0.          0.          0.        ]
0,4,1,3,[ 0.          0.          0.         58.30134038  0.          0.        ]
0,4,1,4,[ 0.          0.          0.          0.         60.30898945  0.        ]
0,4,1,5,[ 0.         0.         0.         0.         0.        82.6312893]
0,4,2,0,[48.670932  0.        0.        0.        0.        0.      ]
0,4,2,1,[ 0.         53.16072041  0.          0.          0.          0.        ]
0,4,2,2,[ 0.          0.         56.81264401  0.          0.          0.        ]
0,4,2,3,[ 0.          0.          0.         58.33779213  0.          0.        ]
0,4,2,4,[ 0.          0.          0.          0.         62.83311301  0.        ]
0,4,2,5,[ 0.          0.          0.          0.          0.         82.81060361]
0,4,3,0,[50.02630087  0.          0.          0.          0.          0.        ]
0,4,3,1,[ 0.         52.74409263  0.          0.          0.          0.        ]
0,4,3,2,[ 0.          0.         56.51213196  0.          0.          0.        ]
0,4,3,3,[ 0.          0.          0.         60.28281848  0.          0.        ]
0,4,3,4,[ 0.          0.          0.          0.         61.49678024  0.        ]
0,4,3,5,[ 0.          0.          0.          0.          0.         78.18838569]
0,4,4,0,[49.00813567  0.          0.          0.          0.          0.        ]
0,4,4,1,[ 0.        52.7112837  0.         0.         0.         0.       ]
0,4,4,2,[ 0.          0.         56.69535617  0.          0.          0.        ]
0,4,4,3,[ 0.          0.          0.         58.96628193  0.          0.        ]
0,4,4,4,[ 0.          0.          0.          0.         61.50023454  0.        ]
0,4,4,5,[ 0.          0.          0.          0.          0.         86.20935242]
0,4,5,0,[48.67364018  0.          0.          0.          0.          0.        ]
0,4,5,1,[ 0.         52.45888802  0.          0.          0.          0.        ]
0,4,5,2,[ 0.          0.         56.24068026  0.          0.          0.        ]
0,4,5,3,[ 0.          0.          0.         60.73569712  0.          0.        ]
0,4,5,4,[ 0.          0.          0.          0.         63.36817083  0.        ]
0,4,5,5,[ 0.          0.          0.          0.          0.         72.88683172]
0,4,6,0,[48.81601424  0.          0.          0.          0.          0.        ]
0,4,6,1,[ 0.         52.75698282  0.          0.          0.          0.        ]
0,4,6,2,[ 0.         0.        56.2629489  0.         0.         0.       ]
0,4,6,3,[ 0.          0.          0.         59.53058002  0.          0.        ]
0,4,6,4,[ 0.          0.          0.          0.         61.94085184  0.        ]
0,4,6,5,[ 0.          0.          0.          0.          0.         81.35828534]
0,4,7,0,[48.77584818  0.          0.          0.          0.          0.        ]
0,4,7,1,[ 0.         52.80280892  0.          0.          0.          0.        ]
0,4,7,2,[ 0.          0.         56.53236059  0.          0.          0.        ]
0,4,7,3,[ 0.          0.          0.         60.22246708  0.          0.        ]
0,4,7,4,[ 0.          0.          0.          0.         59.86816799  0.        ]
0,4,7,5,[ 0.          0.          0.          0.          0.         79.84721908]
0,5,0,0,[53.75115243  0.          0.          0.          0.          0.        ]
0,5,0,1,[ 0.        57.5396236  0.         0.         0.         0.       ]
0,5,0,2,[ 0.          0.         61.60251022  0.          0.          0.        ]
0,5,0,3,[ 0.          0.          0.         64.80757488  0.          0.        ]
0,5,0,4,[ 0.          0.          0.          0.         64.29407055  0.        ]
0,5,0,5,[ 0.          0.          0.          0.          0.         68.33622312]
0,5,1,0,[53.6825498  0.         0.         0.         0.         0.       ]
0,5,1,1,[ 0.         57.57472387  0.          0.          0.          0.        ]
0,5,1,2,[ 0.          0.         61.18797883  0.          0.          0.        ]
0,5,1,3,[ 0.          0.          0.         65.92063603  0.          0.        ]
0,5,1,4,[ 0.          0.          0.          0.         67.24973269  0.        ]
0,5,1,5,[ 0.          0.          0.          0.          0.         65.46626717]
0,5,2,0,[53.85876213  0.          0.          0.          0.          0.        ]
0,5,2,1,[ 0.         57.75510071  0.          0.          0.          0.        ]
0,5,2,2,[ 0.          0.         61.78942574  0.          0.          0.        ]
0,5,2,3,[ 0.         0.         0.        64.6948494  0.         0.       ]
0,5,2,4,[ 0.          0.          0.          0.         66.37998376  0.        ]
0,5,2,5,[ 0.          0.          0.          0.          0.         65.34158866]
0,5,3,0,[53.64336699  0.          0.          0.          0.          0.        ]
0,5,3,1,[ 0.         57.62451237  0.          0.          0.          0.        ]
0,5,3,2,[ 0.          0.         61.70579946  0.          0.          0.        ]
0,5,3,3,[ 0.          0.          0.         64.73386111  0.          0.        ]
0,5,3,4,[ 0.         0.         0.         0.        67.8063843  0.       ]
0,5,3,5,[ 0.         0.         0.         0.         0.        68.5614391]
0,5,4,0,[53.78024433  0.          0.          0.          0.          0.        ]
0,5,4,1,[ 0.         57.78611774  0.          0.          0.          0.        ]
0,5,4,2,[ 0.          0.         61.97628027  0.          0.          0.        ]
0,5,4,3,[ 0.          0.          0.         65.57891681  0.          0.        ]
0,5,4,4,[ 0.         0.         0.         0.        66.5449595  0.       ]
0,5,4,5,[ 0.          0.          0.          0.          0.         67.71207677]
0,5,5,0,[53.66236968  0.          0.          0.          0.          0.        ]
0,5,5,1,[ 0.         58.13347967  0.          0.          0.          0.        ]
0,5,5,2,[ 0.          0.         61.89689408  0.          0.          0.        ]
0,5,5,3,[ 0.          0.          0.         64.22981809  0.          0.        ]
0,5,5,4,[ 0.          0.          0.          0.         68.56725731  0.        ]
0,5,5,5,[ 0.          0.          0.          0.          0.         68.09015591]
0,5,6,0,[55.0784817  0.         0.         0.         0.         0.       ]
0,5,6,1,[ 0.         57.61395135  0.          0.          0.          0.        ]
0,5,6,2,[ 0.          0.         61.49453036  0.          0.          0.        ]
0,5,6,3,[ 0.          0.          0.         65.65351937  0.          0.        ]
0,5,6,4,[ 0.          0.          0.          0.         65.20719454  0.        ]
0,5,6,5,[ 0.          0.          0.          0.          0.         65.35465881]
0,5,7,0,[54.0277467  0.         0.         0.         0.         0.       ]
0,5,7,1,[ 0.        57.8782673  0.         0.         0.         0.       ]
0,5,7,2,[ 0.          0.         61.57578954  0.          0.          0.        ]
0,5,7,3,[ 0.          0.          0.         63.40194449  0.          0.        ]
0,5,7,4,[ 0.          0.          0.          0.         68.25556626  0.        ]
0,5,7,5,[ 0.          0.          0.          0.          0.         69.29459131]
0,6,0,0,[58.60994135  0.          0.          0.          0.          0.        ]
0,6,0,1,[ 0.         62.69756087  0.          0.          0.          0.        ]
0,6,0,2,[ 0.          0.         65.98613344  0.          0.          0.        ]
0,6,0,3,[ 0.         0.         0.        69.1489035  0.         0.       ]
0,6,0,4,[ 0.          0.          0.          0.         72.24131901  0.        ]
0,6,0,5,[ 0.          0.          0.          0.          0.         70.10077765]
0,6,1,0,[58.47491478  0.          0.          0.          0.          0.        ]
0,6,1,1,[ 0.         62.81339521  0.          0.          0.          0.        ]
0,6,1,2,[ 0.          0.         66.62349728  0.          0.          0.        ]
0,6,1,3,[ 0.          0.          0.         70.14982051  0.          0.        ]
0,6,1,4,[ 0.          0.          0.          0.         73.32247434  0.        ]
0,6,1,5,[ 0.          0.          0.          0.          0.         75.38783488]
0,6,2,0,[58.69655077  0.          0.          0.          0.          0.        ]
0,6,2,1,[ 0.         62.69357105  0.          0.          0.          0.        ]
0,6,2,2,[ 0.          0.         65.41868458  0.          0.          0.        ]
0,6,2,3,[ 0.          0.          0.         69.00712748  0.          0.        ]
0,6,2,4,[ 0.          0.          0.          0.         74.20641331  0.        ]
0,6,2,5,[ 0.          0.          0.          0.          0.         72.58580068]
0,6,3,0,[58.82798095  0.          0.          0.          0.          0.        ]
0,6,3,1,[ 0.        62.6996525  0.         0.         0.         0.       ]
0,6,3,2,[ 0.          0.         66.73370886  0.          0.          0.        ]
0,6,3,3,[ 0.          0.          0.         70.36751785  0.          0.        ]
0,6,3,4,[ 0.          0.          0.          0.         73.16452404  0.        ]
0,6,3,5,[ 0.          0.          0.          0.          0.         72.29454874]
0,6,4,0,[58.84098097  0.          0.          0.          0.          0.        ]
0,6,4,1,[ 0.         62.70596159  0.          0.          0.          0.        ]
0,6,4,2,[ 0.          0.         66.51784313  0.          0.          0.        ]
0,6,4,3,[ 0.          0.          0.         70.24445718  0.          0.        ]
0,6,4,4,[ 0.          0.          0.          0.         72.52840624  0.        ]
0,6,4,5,[ 0.          0.          0.          0.          0.         73.40206632]
0,6,5,0,[58.60086281  0.          0.          0.          0.          0.        ]
0,6,5,1,[ 0.         62.87373947  0.          0.          0.          0.        ]
0,6,5,2,[ 0.          0.         66.46883614  0.          0.          0.        ]
0,6,5,3,[ 0.          0.          0.         70.56783126  0.          0.        ]
0,6,5,4,[ 0.          0.          0.          0.         73.74995524  0.        ]
0,6,5,5,[ 0.          0.          0.          0.          0.         71.96579966]
0,6,6,0,[59.0734464  0.         0.         0.         0.         0.       ]
0,6,6,1,[ 0.        62.7884113  0.         0.         0.         0.       ]
0,6,6,2,[ 0.          0.         66.46746453  0.          0.          0.        ]
0,6,6,3,[ 0.          0.          0.         70.48775141  0.          0.        ]
0,6,6,4,[ 0.          0.          0.          0.         69.19027875  0.        ]
0,6,6,5,[ 0.          0.          0.          0.          0.         77.24790524]
0,6,7,0,[58.91799238  0.          0.          0.          0.          0.        ]
0,6,7,1,[ 0.         62.70135608  0.          0.          0.          0.        ]
0,6,7,2,[ 0.          0.         66.77552614  0.          0.          0.        ]
0,6,7,3,[ 0.          0.          0.         69.11995529  0.          0.        ]
0,6,7,4,[ 0.          0.          0.          0.         68.57400344  0.        ]
0,6,7,5,[ 0.          0.          0.          0.          0.         71.12254623]
0,7,0,0,[63.93089137  0.          0.          0.          0.          0.        ]
0,7,0,1,[ 0.         67.89586758  0.          0.          0.          0.        ]
0,7,0,2,[ 0.         0.        70.6470097  0.         0.         0.       ]
0,7,0,3,[ 0.          0.          0.         75.34071163  0.          0.        ]
0,7,0,4,[ 0.          0.          0.          0.         78.10631021  0.        ]
0,7,0,5,[ 0.         0.         0.         0.         0.        75.1962111]
0,7,1,0,[64.06811701  0.          0.          0.          0.          0.        ]
0,7,1,1,[ 0.         67.75470262  0.          0.          0.          0.        ]
0,7,1,2,[ 0.          0.         72.66343641  0.          0.          0.        ]
0,7,1,3,[ 0.          0.          0.         75.35480104  0.          0.        ]
0,7,1,4,[ 0.          0.          0.          0.         76.10300493  0.        ]
0,7,1,5,[ 0.          0.          0.          0.          0.         80.94034747]
0,7,2,0,[63.81146853  0.          0.          0.          0.          0.        ]
0,7,2,1,[ 0.         67.87971917  0.          0.          0.          0.        ]
0,7,2,2,[ 0.          0.         71.59410378  0.          0.          0.        ]
0,7,2,3,[ 0.          0.          0.         74.13252346  0.          0.        ]
0,7,2,4,[ 0.          0.          0.          0.         77.86484584  0.        ]
0,7,2,5,[ 0.          0.          0.          0.          0.         77.79190261]
0,7,3,0,[63.62853512  0.          0.          0.          0.          0.        ]
0,7,3,1,[ 0.        67.6653204  0.         0.         0.         0.       ]
0,7,3,2,[ 0.          0.         71.65895577  0.          0.          0.        ]
0,7,3,3,[ 0.         0.         0.        74.7000868  0.         0.       ]
0,7,3,4,[ 0.          0.          0.          0.         77.14700405  0.        ]
0,7,3,5,[ 0.          0.          0.          0.          0.         78.72633874]
0,7,4,0,[63.7948852  0.         0.         0.         0.         0.       ]
0,7,4,1,[ 0.         67.30009766  0.          0.          0.          0.        ]
0,7,4,2,[ 0.          0.         72.17057628  0.          0.          0.        ]
0,7,4,3,[ 0.          0.          0.         75.55673472  0.          0.        ]
0,7,4,4,[ 0.          0.          0.          0.         76.97910461  0.        ]
0,7,4,5,[ 0.          0.          0.          0.          0.         77.18818652]
0,7,5,0,[64.98127356  0.          0.          0.          0.          0.        ]
0,7,5,1,[ 0.         67.98892937  0.          0.          0.          0.        ]
0,7,5,2,[ 0.          0.         71.53192076  0.          0.          0.        ]
0,7,5,3,[ 0.          0.          0.         75.49218816  0.          0.        ]
0,7,5,4,[ 0.          0.          0.          0.         76.84954599  0.        ]
0,7,5,5,[ 0.          0.          0.          0.          0.         77.40919938]
0,7,6,0,[63.69057439  0.          0.          0.          0.          0.        ]
0,7,6,1,[ 0.         67.97929879  0.          0.          0.          0.        ]
0,7,6,2,[ 0.          0.         71.45674449  0.          0.          0.        ]
0,7,6,3,[ 0.          0.          0.         75.54491699  0.          0.        ]
0,7,6,4,[ 0.          0.          0.          0.         77.27507717  0.        ]
0,7,6,5,[ 0.          0.          0.          0.          0.         74.81783309]
0,7,7,0,[64.09134195  0.          0.          0.          0.          0.        ]
0,7,7,1,[ 0.         67.72589135  0.          0.          0.          0.        ]
0,7,7,2,[ 0.          0.         71.99294976  0.          0.          0.        ]
0,7,7,3,[ 0.          0.          0.         75.51032781  0.          0.        ]
0,7,7,4,[ 0.          0.          0.          0.         76.56189998  0.        ]
0,7,7,5,[ 0.         0.         0.         0.         0.        80.1288745]
1,0,0,0,[69.77949  0.       0.       0.       0.       0.     ]
1,0,0,1,[ 0.         84.31678829  0.          0.          0.          0.        ]
1,0,0,2,"[  0.           0.         101.45663652   0.           0.
   0.        ]"
1,0,0,3,"[  0.           0.           0.         104.46059493   0.
   0.        ]"
1,0,0,4,"[  0.           0.           0.           0.         113.04646057
   0.        ]"
1,0,0,5,"[  0.           0.           0.           0.           0.
 130.00885569]"
1,0,1,0,[69.322158  0.        0.        0.        0.        0.      ]
1,0,1,1,[ 0.         83.59004143  0.          0.          0.          0.        ]
1,0,1,2,[ 0.          0.         96.97273774  0.          0.          0.        ]
1,0,1,3,"[  0.           0.           0.         105.38288269   0.
   0.        ]"
1,0,1,4,[  0.          0.          0.          0.        113.0693274   0.       ]
1,0,1,5,"[  0.           0.           0.           0.           0.
 113.28543134]"
1,0,2,0,[68.17693082  0.          0.          0.          0.          0.        ]
1,0,2,1,[ 0.         82.68584847  0.          0.          0.          0.        ]
1,0,2,2,[ 0.         0.        97.8001906  0.         0.         0.       ]
1,0,2,3,"[  0.           0.           0.         105.07798068   0.
   0.        ]"
1,0,2,4,"[  0.           0.           0.           0.         115.70174369
   0.        ]"
1,0,2,5,"[  0.           0.           0.           0.           0.
 125.98215629]"
1,0,3,0,[72.73176662  0.          0.          0.          0.          0.        ]
1,0,3,1,[ 0.         82.69339833  0.          0.          0.          0.        ]
1,0,3,2,[ 0.          0.         96.96231526  0.          0.          0.        ]
1,0,3,3,"[  0.           0.           0.         105.24408693   0.
   0.        ]"
1,0,3,4,"[  0.           0.           0.           0.         110.96665315
   0.        ]"
1,0,3,5,"[  0.           0.           0.           0.           0.
 129.07805481]"
1,0,4,0,[62.54427662  0.          0.          0.          0.          0.        ]
1,0,4,1,[ 0.         86.83168338  0.          0.          0.          0.        ]
1,0,4,2,[ 0.          0.         97.10351471  0.          0.          0.        ]
1,0,4,3,"[  0.           0.           0.         104.97909162   0.
   0.        ]"
1,0,4,4,"[  0.           0.           0.           0.         114.85084543
   0.        ]"
1,0,4,5,"[  0.           0.           0.           0.           0.
 125.16808554]"
1,0,5,0,[71.33734062  0.          0.          0.          0.          0.        ]
1,0,5,1,[ 0.       83.570132  0.        0.        0.        0.      ]
1,0,5,2,[ 0.          0.         97.25821801  0.          0.          0.        ]
1,0,5,3,"[  0.           0.           0.         105.30250721   0.
   0.        ]"
1,0,5,4,[  0.         0.         0.         0.       111.894632   0.      ]
1,0,5,5,"[  0.           0.           0.           0.           0.
 122.60647732]"
1,0,6,0,[71.85014096  0.          0.          0.          0.          0.        ]
1,0,6,1,[ 0.        83.1119451  0.         0.         0.         0.       ]
1,0,6,2,[ 0.          0.         96.93726052  0.          0.          0.        ]
1,0,6,3,"[  0.           0.           0.         106.56265335   0.
   0.        ]"
1,0,6,4,"[  0.           0.           0.           0.         117.76029337
   0.        ]"
1,0,6,5,"[  0.           0.           0.           0.           0.
 159.35290434]"
1,0,7,0,[75.11039074  0.          0.          0.          0.          0.        ]
1,0,7,1,[ 0.         82.87051392  0.          0.          0.          0.        ]
1,0,7,2,[ 0.         0.        97.2629723  0.         0.         0.       ]
1,0,7,3,"[  0.           0.           0.         100.51674606   0.
   0.        ]"
1,0,7,4,"[  0.           0.           0.           0.         105.00563473
   0.        ]"
1,0,7,5,"[  0.           0.           0.           0.           0.
 134.65061554]"
1,1,0,0,[70.76568094  0.          0.          0.          0.          0.        ]
1,1,0,1,[ 0.         71.24618156  0.          0.          0.          0.        ]
1,1,0,2,[ 0.         0.        89.5182475  0.         0.         0.       ]
1,1,0,3,"[  0.           0.           0.         105.71348228   0.
   0.        ]"
1,1,0,4,"[  0.           0.           0.           0.         113.19065205
   0.        ]"
1,1,0,5,"[  0.           0.           0.           0.           0.
 115.63844652]"
1,1,1,0,[53.6779885  0.         0.         0.         0.         0.       ]
1,1,1,1,[ 0.         69.90789724  0.          0.          0.          0.        ]
1,1,1,2,[ 0.          0.         91.16224579  0.          0.          0.        ]
1,1,1,3,"[  0.           0.           0.         106.95274056   0.
   0.        ]"
1,1,1,4,"[  0.           0.           0.           0.         108.65783076
   0.        ]"
1,1,1,5,"[  0.           0.           0.           0.           0.
 119.58237697]"
1,1,2,0,[59.02909292  0.          0.          0.          0.          0.        ]
1,1,2,1,[ 0.         71.37119862  0.          0.          0.          0.        ]
1,1,2,2,[ 0.          0.         91.54827365  0.          0.          0.        ]
1,1,2,3,"[  0.           0.           0.         100.53404226   0.
   0.        ]"
1,1,2,4,"[  0.           0.           0.           0.         112.03954961
   0.        ]"
1,1,2,5,"[  0.           0.           0.           0.           0.
 120.04538527]"
1,1,3,0,[43.48205921  0.          0.          0.          0.          0.        ]
1,1,3,1,[ 0.        69.8656303  0.         0.         0.         0.       ]
1,1,3,2,[ 0.          0.         90.58639004  0.          0.          0.        ]
1,1,3,3,"[  0.           0.           0.         103.39629735   0.
   0.        ]"
1,1,3,4,"[  0.           0.           0.           0.         110.95406629
   0.        ]"
1,1,3,5,"[  0.           0.           0.           0.           0.
 114.21456606]"
1,1,4,0,[55.31960762  0.          0.          0.          0.          0.        ]
1,1,4,1,[ 0.         68.09214077  0.          0.          0.          0.        ]
1,1,4,2,[ 0.          0.         92.55348189  0.          0.          0.        ]
1,1,4,3,"[  0.           0.           0.         103.23641637   0.
   0.        ]"
1,1,4,4,"[  0.           0.           0.           0.         111.73297898
   0.        ]"
1,1,4,5,"[  0.           0.           0.           0.           0.
 121.11512845]"
1,1,5,0,[62.00681432  0.          0.          0.          0.          0.        ]
1,1,5,1,[ 0.         67.93106874  0.          0.          0.          0.        ]
1,1,5,2,[ 0.          0.         91.20304805  0.          0.          0.        ]
1,1,5,3,"[  0.           0.           0.         102.67934985   0.
   0.        ]"
1,1,5,4,"[  0.           0.           0.           0.         108.86130309
   0.        ]"
1,1,5,5,"[  0.           0.           0.           0.           0.
 118.29505941]"
1,1,6,0,[62.88047727  0.          0.          0.          0.          0.        ]
1,1,6,1,[ 0.         67.77253558  0.          0.          0.          0.        ]
1,1,6,2,[ 0.          0.         91.79397615  0.          0.          0.        ]
1,1,6,3,"[  0.           0.           0.         107.22321232   0.
   0.        ]"
1,1,6,4,"[  0.           0.           0.           0.         113.93915623
   0.        ]"
1,1,6,5,"[  0.           0.           0.           0.           0.
 122.40649891]"
1,1,7,0,[44.54823105  0.          0.          0.          0.          0.        ]
1,1,7,1,[ 0.         68.14098367  0.          0.          0.          0.        ]
1,1,7,2,[ 0.          0.         92.05043456  0.          0.          0.        ]
1,1,7,3,"[  0.           0.           0.         106.74473215   0.
   0.        ]"
1,1,7,4,"[  0.           0.           0.           0.         108.34215379
   0.        ]"
1,1,7,5,"[  0.           0.           0.           0.           0.
 118.45606332]"
1,2,0,0,[59.83571196  0.          0.          0.          0.          0.        ]
1,2,0,1,[ 0.         47.50459961  0.          0.          0.          0.        ]
1,2,0,2,[ 0.          0.         78.12257326  0.          0.          0.        ]
1,2,0,3,"[  0.           0.           0.         100.27627537   0.
   0.        ]"
1,2,0,4,[  0.          0.          0.          0.        112.1443595   0.       ]
1,2,0,5,[  0.          0.          0.          0.          0.        110.2703644]
1,2,1,0,[63.65192326  0.          0.          0.          0.          0.        ]
1,2,1,1,[ 0.         51.34978196  0.          0.          0.          0.        ]
1,2,1,2,[ 0.          0.         76.70840114  0.          0.          0.        ]
1,2,1,3,[ 0.          0.          0.         99.80863612  0.          0.        ]
1,2,1,4,[  0.          0.          0.          0.        112.7705803   0.       ]
1,2,1,5,"[  0.           0.           0.           0.           0.
 119.52462882]"
1,2,2,0,[53.38716512  0.          0.          0.          0.          0.        ]
1,2,2,1,[ 0.         47.01019419  0.          0.          0.          0.        ]
1,2,2,2,[ 0.          0.         77.73483461  0.          0.          0.        ]
1,2,2,3,[ 0.         0.         0.        96.6808942  0.         0.       ]
1,2,2,4,"[  0.           0.           0.           0.         113.02000285
   0.        ]"
1,2,2,5,"[  0.           0.           0.           0.           0.
 113.96659821]"
1,2,3,0,[54.47756403  0.          0.          0.          0.          0.        ]
1,2,3,1,[ 0.         48.59816247  0.          0.          0.          0.        ]
1,2,3,2,[ 0.          0.         77.01837237  0.          0.          0.        ]
1,2,3,3,[ 0.         0.         0.        99.6317227  0.         0.       ]
1,2,3,4,"[  0.           0.           0.           0.         113.79169474
   0.        ]"
1,2,3,5,"[  0.           0.           0.           0.           0.
 120.54874992]"
1,2,4,0,[46.11347533  0.          0.          0.          0.          0.        ]
1,2,4,1,[ 0.         47.17863317  0.          0.          0.          0.        ]
1,2,4,2,[ 0.          0.         72.32495689  0.          0.          0.        ]
1,2,4,3,"[  0.           0.           0.         100.32385974   0.
   0.        ]"
1,2,4,4,"[  0.           0.           0.           0.         110.81639571
   0.        ]"
1,2,4,5,"[  0.           0.           0.           0.           0.
 110.44732336]"
1,2,5,0,[50.5515454  0.         0.         0.         0.         0.       ]
1,2,5,1,[ 0.         57.27066038  0.          0.          0.          0.        ]
1,2,5,2,[ 0.          0.         80.76727359  0.          0.          0.        ]
1,2,5,3,"[  0.           0.           0.         102.01906512   0.
   0.        ]"
1,2,5,4,"[  0.           0.           0.           0.         107.03070115
   0.        ]"
1,2,5,5,"[  0.           0.           0.           0.           0.
 113.41017303]"
1,2,6,0,[71.54752706  0.          0.          0.          0.          0.        ]
1,2,6,1,[ 0.         47.56061743  0.          0.          0.          0.        ]
1,2,6,2,[ 0.        0.       75.886275  0.        0.        0.      ]
1,2,6,3,[ 0.          0.          0.         98.44207608  0.          0.        ]
1,2,6,4,[  0.          0.          0.          0.        114.1897667   0.       ]
1,2,6,5,[  0.          0.          0.          0.          0.        118.1511285]
1,2,7,0,[51.5513523  0.         0.         0.         0.         0.       ]
1,2,7,1,[ 0.         47.36393835  0.          0.          0.          0.        ]
1,2,7,2,[ 0.          0.         80.52248171  0.          0.          0.        ]
1,2,7,3,[ 0.          0.          0.         97.87497075  0.          0.        ]
1,2,7,4,"[  0.           0.           0.           0.         104.51255352
   0.        ]"
1,2,7,5,"[  0.           0.           0.           0.           0.
 119.04521974]"
1,3,0,0,[49.05436885  0.          0.          0.          0.          0.        ]
1,3,0,1,[ 0.         52.42381198  0.          0.          0.          0.        ]
1,3,0,2,[ 0.          0.         56.59761713  0.          0.          0.        ]
1,3,0,3,[ 0.          0.          0.         82.67425634  0.          0.        ]
1,3,0,4,"[  0.           0.           0.           0.         100.38623246
   0.        ]"
1,3,0,5,"[  0.           0.           0.           0.           0.
 118.74657094]"
1,3,1,0,[50.47942957  0.          0.          0.          0.          0.        ]
1,3,1,1,[ 0.         60.57912891  0.          0.          0.          0.        ]
1,3,1,2,[ 0.          0.         56.88723707  0.          0.          0.        ]
1,3,1,3,[ 0.          0.          0.         85.94835356  0.          0.        ]
1,3,1,4,"[  0.           0.           0.           0.         109.56199788
   0.        ]"
1,3,1,5,"[  0.           0.           0.           0.           0.
 115.89527953]"
1,3,2,0,[56.92166883  0.          0.          0.          0.          0.        ]
1,3,2,1,[ 0.         52.96140399  0.          0.          0.          0.        ]
1,3,2,2,[ 0.          0.         56.97751598  0.          0.          0.        ]
1,3,2,3,[ 0.          0.          0.         84.35269113  0.          0.        ]
1,3,2,4,"[  0.           0.           0.           0.         104.86118517
   0.        ]"
1,3,2,5,"[  0.           0.           0.           0.           0.
 113.78017331]"
1,3,3,0,[62.7903379  0.         0.         0.         0.         0.       ]
1,3,3,1,[ 0.         59.42656657  0.          0.          0.          0.        ]
1,3,3,2,[ 0.          0.         56.02030657  0.          0.          0.        ]
1,3,3,3,[ 0.          0.          0.         86.45248708  0.          0.        ]
1,3,3,4,"[  0.           0.           0.           0.         105.80450212
   0.        ]"
1,3,3,5,"[  0.           0.           0.           0.           0.
 118.03776782]"
1,3,4,0,[57.51517514  0.          0.          0.          0.          0.        ]
1,3,4,1,[ 0.         52.40927041  0.          0.          0.          0.        ]
1,3,4,2,[ 0.          0.         56.13475646  0.          0.          0.        ]
1,3,4,3,[ 0.          0.          0.         85.50403278  0.          0.        ]
1,3,4,4,"[  0.           0.           0.           0.         105.58186121
   0.        ]"
1,3,4,5,"[  0.           0.           0.           0.           0.
 105.36555692]"
1,3,5,0,[60.02414447  0.          0.          0.          0.          0.        ]
1,3,5,1,[ 0.         57.29269736  0.          0.          0.          0.        ]
1,3,5,2,[ 0.          0.         57.15656167  0.          0.          0.        ]
1,3,5,3,[ 0.          0.          0.         86.29627512  0.          0.        ]
1,3,5,4,[ 0.          0.          0.          0.         98.00347988  0.        ]
1,3,5,5,"[  0.           0.           0.           0.           0.
 105.66712258]"
1,3,6,0,[57.3201236  0.         0.         0.         0.         0.       ]
1,3,6,1,[ 0.         55.18186537  0.          0.          0.          0.        ]
1,3,6,2,[ 0.          0.         58.37550907  0.          0.          0.        ]
1,3,6,3,[ 0.          0.          0.         85.72989011  0.          0.        ]
1,3,6,4,"[  0.           0.           0.           0.         107.89113111
   0.        ]"
1,3,6,5,[  0.          0.          0.          0.          0.        108.5624883]
1,3,7,0,[52.92365836  0.          0.          0.          0.          0.        ]
1,3,7,1,[ 0.         54.11226302  0.          0.          0.          0.        ]
1,3,7,2,[ 0.          0.         56.07824271  0.          0.          0.        ]
1,3,7,3,[ 0.         0.         0.        85.4656638  0.         0.       ]
1,3,7,4,"[  0.           0.           0.           0.         108.28053681
   0.        ]"
1,3,7,5,"[  0.           0.           0.           0.           0.
 112.46920688]"
1,4,0,0,[55.90017923  0.          0.          0.          0.          0.        ]
1,4,0,1,[ 0.         60.26667575  0.          0.          0.          0.        ]
1,4,0,2,[ 0.         0.        61.7837253  0.         0.         0.       ]
1,4,0,3,[ 0.          0.          0.         65.34509003  0.          0.        ]
1,4,0,4,[ 0.          0.          0.          0.         87.55775645  0.        ]
1,4,0,5,"[  0.           0.           0.           0.           0.
 110.74952167]"
1,4,1,0,[55.16015646  0.          0.          0.          0.          0.        ]
1,4,1,1,[ 0.        56.7533802  0.         0.         0.         0.       ]
1,4,1,2,[ 0.          0.         61.63250814  0.          0.          0.        ]
1,4,1,3,[ 0.          0.          0.         64.32446269  0.          0.        ]
1,4,1,4,[ 0.         0.         0.         0.        84.5615773  0.       ]
1,4,1,5,"[  0.           0.           0.           0.           0.
 107.69785991]"
1,4,2,0,[59.67256466  0.          0.          0.          0.          0.        ]
1,4,2,1,[ 0.         57.72413916  0.          0.          0.          0.        ]
1,4,2,2,[ 0.          0.         61.04699968  0.          0.          0.        ]
1,4,2,3,[ 0.          0.          0.         64.89034163  0.          0.        ]
1,4,2,4,[ 0.          0.          0.          0.         87.44193366  0.        ]
1,4,2,5,[ 0.          0.          0.          0.          0.         99.56831464]
1,4,3,0,[55.39602892  0.          0.          0.          0.          0.        ]
1,4,3,1,[ 0.         56.89460296  0.          0.          0.          0.        ]
1,4,3,2,[ 0.          0.         60.71837099  0.          0.          0.        ]
1,4,3,3,[ 0.          0.          0.         65.59057584  0.          0.        ]
1,4,3,4,[ 0.          0.          0.          0.         93.95727259  0.        ]
1,4,3,5,"[  0.           0.           0.           0.           0.
 114.49379761]"
1,4,4,0,[58.08180722  0.          0.          0.          0.          0.        ]
1,4,4,1,[ 0.         59.38322669  0.          0.          0.          0.        ]
1,4,4,2,[ 0.          0.         64.24133827  0.          0.          0.        ]
1,4,4,3,[ 0.          0.          0.         64.78607801  0.          0.        ]
1,4,4,4,[ 0.          0.          0.          0.         86.25864317  0.        ]
1,4,4,5,[  0.          0.          0.          0.          0.        108.8512284]
1,4,5,0,[53.76641671  0.          0.          0.          0.          0.        ]
1,4,5,1,[ 0.         57.50465307  0.          0.          0.          0.        ]
1,4,5,2,[ 0.         0.        64.0701735  0.         0.         0.       ]
1,4,5,3,[ 0.         0.         0.        66.7183286  0.         0.       ]
1,4,5,4,[ 0.          0.          0.          0.         88.43506023  0.        ]
1,4,5,5,"[  0.           0.           0.           0.           0.
 116.58695571]"
1,4,6,0,[56.25195659  0.          0.          0.          0.          0.        ]
1,4,6,1,[ 0.         57.57836738  0.          0.          0.          0.        ]
1,4,6,2,[ 0.          0.         67.46162009  0.          0.          0.        ]
1,4,6,3,[ 0.          0.          0.         65.76647907  0.          0.        ]
1,4,6,4,[ 0.          0.          0.          0.         88.96868659  0.        ]
1,4,6,5,"[  0.           0.           0.           0.           0.
 105.66385037]"
1,4,7,0,[55.58930789  0.          0.          0.          0.          0.        ]
1,4,7,1,[ 0.         56.94621008  0.          0.          0.          0.        ]
1,4,7,2,[ 0.          0.         61.44228676  0.          0.          0.        ]
1,4,7,3,[ 0.          0.          0.         65.22253092  0.          0.        ]
1,4,7,4,[ 0.          0.          0.          0.         90.96867873  0.        ]
1,4,7,5,[  0.          0.          0.          0.          0.        114.8050571]
1,5,0,0,[59.72576397  0.          0.          0.          0.          0.        ]
1,5,0,1,[ 0.         63.31780455  0.          0.          0.          0.        ]
1,5,0,2,[ 0.          0.         66.33646035  0.          0.          0.        ]
1,5,0,3,[ 0.          0.          0.         70.30404169  0.          0.        ]
1,5,0,4,[ 0.         0.         0.         0.        72.2397458  0.       ]
1,5,0,5,[ 0.          0.          0.          0.          0.         95.46772746]
1,5,1,0,[61.81513702  0.          0.          0.          0.          0.        ]
1,5,1,1,[ 0.        62.9797993  0.         0.         0.         0.       ]
1,5,1,2,[ 0.          0.         66.52120072  0.          0.          0.        ]
1,5,1,3,[ 0.         0.         0.        69.8908687  0.         0.       ]
1,5,1,4,[ 0.         0.         0.         0.        71.5516734  0.       ]
1,5,1,5,[ 0.          0.          0.          0.          0.         96.05772625]
1,5,2,0,[59.78517218  0.          0.          0.          0.          0.        ]
1,5,2,1,[ 0.         62.12240885  0.          0.          0.          0.        ]
1,5,2,2,[ 0.          0.         66.24455419  0.          0.          0.        ]
1,5,2,3,[ 0.          0.          0.         69.10282912  0.          0.        ]
1,5,2,4,[ 0.          0.          0.          0.         73.16677929  0.        ]
1,5,2,5,[ 0.          0.          0.          0.          0.         95.67172872]
1,5,3,0,[60.2403081  0.         0.         0.         0.         0.       ]
1,5,3,1,[ 0.         62.26444829  0.          0.          0.          0.        ]
1,5,3,2,[ 0.        0.       66.579362  0.        0.        0.      ]
1,5,3,3,[ 0.          0.          0.         70.77332428  0.          0.        ]
1,5,3,4,[ 0.         0.         0.         0.        74.6490686  0.       ]
1,5,3,5,[ 0.          0.          0.          0.          0.         94.60509847]
1,5,4,0,[59.5501291  0.         0.         0.         0.         0.       ]
1,5,4,1,[ 0.         62.21407925  0.          0.          0.          0.        ]
1,5,4,2,[ 0.          0.         66.20797412  0.          0.          0.        ]
1,5,4,3,[ 0.          0.          0.         70.12976463  0.          0.        ]
1,5,4,4,[ 0.          0.          0.          0.         71.37400615  0.        ]
1,5,4,5,[ 0.          0.          0.          0.          0.         97.38749276]
1,5,5,0,[59.25993564  0.          0.          0.          0.          0.        ]
1,5,5,1,[ 0.         62.42404871  0.          0.          0.          0.        ]
1,5,5,2,[ 0.          0.         66.70061416  0.          0.          0.        ]
1,5,5,3,[ 0.          0.          0.         69.76721961  0.          0.        ]
1,5,5,4,[ 0.          0.          0.          0.         73.74520695  0.        ]
1,5,5,5,[ 0.          0.          0.          0.          0.         92.07532631]
1,5,6,0,[59.59914887  0.          0.          0.          0.          0.        ]
1,5,6,1,[ 0.         62.77524713  0.          0.          0.          0.        ]
1,5,6,2,[ 0.          0.         66.26316577  0.          0.          0.        ]
1,5,6,3,[ 0.          0.          0.         70.03628424  0.          0.        ]
1,5,6,4,[ 0.          0.          0.          0.         74.48913476  0.        ]
1,5,6,5,[ 0.          0.          0.          0.          0.         95.19187637]
1,5,7,0,[64.42649785  0.          0.          0.          0.          0.        ]
1,5,7,1,[ 0.         62.58563058  0.          0.          0.          0.        ]
1,5,7,2,[ 0.          0.         66.72261214  0.          0.          0.        ]
1,5,7,3,[ 0.          0.          0.         70.14902507  0.          0.        ]
1,5,7,4,[ 0.          0.          0.          0.         72.69533929  0.        ]
1,5,7,5,[ 0.         0.         0.         0.         0.        89.9282397]
1,6,0,0,[66.31224176  0.          0.          0.          0.          0.        ]
1,6,0,1,[ 0.         66.77573393  0.          0.          0.          0.        ]
1,6,0,2,[ 0.          0.         70.67352198  0.          0.          0.        ]
1,6,0,3,[ 0.          0.          0.         75.54264789  0.          0.        ]
1,6,0,4,[ 0.          0.          0.          0.         78.25811049  0.        ]
1,6,0,5,[ 0.          0.          0.          0.          0.         77.95958179]
1,6,1,0,[63.37354124  0.          0.          0.          0.          0.        ]
1,6,1,1,[ 0.         68.06080562  0.          0.          0.          0.        ]
1,6,1,2,[ 0.          0.         71.47221603  0.          0.          0.        ]
1,6,1,3,[ 0.          0.          0.         73.90556979  0.          0.        ]
1,6,1,4,[ 0.          0.          0.          0.         77.74893822  0.        ]
1,6,1,5,[ 0.          0.          0.          0.          0.         81.16039935]
1,6,2,0,[65.46486108  0.          0.          0.          0.          0.        ]
1,6,2,1,[ 0.         68.17743534  0.          0.          0.          0.        ]
1,6,2,2,[ 0.          0.         71.41926468  0.          0.          0.        ]
1,6,2,3,[ 0.          0.          0.         74.37793666  0.          0.        ]
1,6,2,4,[ 0.         0.         0.         0.        78.2253758  0.       ]
1,6,2,5,[ 0.          0.          0.          0.          0.         80.78038327]
1,6,3,0,[64.86965925  0.          0.          0.          0.          0.        ]
1,6,3,1,[ 0.         68.26657491  0.          0.          0.          0.        ]
1,6,3,2,[ 0.         0.        71.4861144  0.         0.         0.       ]
1,6,3,3,[ 0.          0.          0.         74.62060399  0.          0.        ]
1,6,3,4,[ 0.          0.          0.          0.         76.77698093  0.        ]
1,6,3,5,[ 0.          0.          0.          0.          0.         79.28852915]
1,6,4,0,[62.99707145  0.          0.          0.          0.          0.        ]
1,6,4,1,[ 0.         67.72188661  0.          0.          0.          0.        ]
1,6,4,2,[ 0.          0.         71.62079001  0.          0.          0.        ]
1,6,4,3,[ 0.          0.          0.         75.38751576  0.          0.        ]
1,6,4,4,[ 0.          0.          0.          0.         76.10130238  0.        ]
1,6,4,5,[ 0.          0.          0.          0.          0.         81.98534988]
1,6,5,0,[63.87312555  0.          0.          0.          0.          0.        ]
1,6,5,1,[ 0.         68.40490268  0.          0.          0.          0.        ]
1,6,5,2,[ 0.         0.        71.8094546  0.         0.         0.       ]
1,6,5,3,[ 0.          0.          0.         75.12606404  0.          0.        ]
1,6,5,4,[ 0.          0.          0.          0.         78.80709425  0.        ]
1,6,5,5,[ 0.          0.          0.          0.          0.         79.15569062]
1,6,6,0,[65.23239552  0.          0.          0.          0.          0.        ]
1,6,6,1,[ 0.         67.79725345  0.          0.          0.          0.        ]
1,6,6,2,[ 0.          0.         71.36754706  0.          0.          0.        ]
1,6,6,3,[ 0.          0.          0.         75.45541342  0.          0.        ]
1,6,6,4,[ 0.          0.          0.          0.         78.39112898  0.        ]
1,6,6,5,[ 0.          0.          0.          0.          0.         82.26753314]
1,6,7,0,[64.08255165  0.          0.          0.          0.          0.        ]
1,6,7,1,[ 0.         67.37390732  0.          0.          0.          0.        ]
1,6,7,2,[ 0.          0.         71.37513848  0.          0.          0.        ]
1,6,7,3,[ 0.          0.          0.         75.40316836  0.          0.        ]
1,6,7,4,[ 0.          0.          0.          0.         78.61862038  0.        ]
1,6,7,5,[ 0.          0.          0.          0.          0.         79.09040129]
1,7,0,0,[71.3145313  0.         0.         0.         0.         0.       ]
1,7,0,1,[ 0.         74.36562214  0.          0.          0.          0.        ]
1,7,0,2,[ 0.         0.        76.7455779  0.         0.         0.       ]
1,7,0,3,[ 0.          0.          0.         80.18827954  0.          0.        ]
1,7,0,4,[ 0.          0.          0.          0.         83.38331494  0.        ]
1,7,0,5,[ 0.         0.         0.         0.         0.        82.6881606]
1,7,1,0,[71.84405916  0.          0.          0.          0.          0.        ]
1,7,1,1,[ 0.         72.67516814  0.          0.          0.          0.        ]
1,7,1,2,[ 0.          0.         76.13856602  0.          0.          0.        ]
1,7,1,3,[ 0.          0.          0.         80.62429479  0.          0.        ]
1,7,1,4,[ 0.         0.         0.         0.        79.0586807  0.       ]
1,7,1,5,[ 0.          0.          0.          0.          0.         86.46058712]
1,7,2,0,[70.05033298  0.          0.          0.          0.          0.        ]
1,7,2,1,[ 0.         72.83636415  0.          0.          0.          0.        ]
1,7,2,2,[ 0.         0.        76.4086292  0.         0.         0.       ]
1,7,2,3,[ 0.         0.         0.        80.5091143  0.         0.       ]
1,7,2,4,[ 0.          0.          0.          0.         84.23886713  0.        ]
1,7,2,5,[ 0.          0.          0.          0.          0.         86.74641297]
1,7,3,0,[71.3095484  0.         0.         0.         0.         0.       ]
1,7,3,1,[ 0.         73.48047409  0.          0.          0.          0.        ]
1,7,3,2,[ 0.          0.         76.30878817  0.          0.          0.        ]
1,7,3,3,[ 0.          0.          0.         79.45862241  0.          0.        ]
1,7,3,4,[ 0.          0.          0.          0.         83.52708203  0.        ]
1,7,3,5,[ 0.          0.          0.          0.          0.         85.13823016]
1,7,4,0,[70.35214345  0.          0.          0.          0.          0.        ]
1,7,4,1,[ 0.         72.72601552  0.          0.          0.          0.        ]
1,7,4,2,[ 0.          0.         76.59502593  0.          0.          0.        ]
1,7,4,3,[ 0.          0.          0.         79.87913972  0.          0.        ]
1,7,4,4,[ 0.          0.          0.          0.         84.21703941  0.        ]
1,7,4,5,[ 0.          0.          0.          0.          0.         82.93724139]
1,7,5,0,[71.59062887  0.          0.          0.          0.          0.        ]
1,7,5,1,[ 0.         71.98252893  0.          0.          0.          0.        ]
1,7,5,2,[ 0.          0.         75.99621356  0.          0.          0.        ]
1,7,5,3,[ 0.          0.          0.         80.44246758  0.          0.        ]
1,7,5,4,[ 0.          0.          0.          0.         82.80154677  0.        ]
1,7,5,5,[ 0.         0.         0.         0.         0.        85.6221585]
1,7,6,0,[68.96067203  0.          0.          0.          0.          0.        ]
1,7,6,1,[ 0.         72.02243842  0.          0.          0.          0.        ]
1,7,6,2,[ 0.          0.         76.90945111  0.          0.          0.        ]
1,7,6,3,[ 0.          0.          0.         79.46722816  0.          0.        ]
1,7,6,4,[ 0.          0.          0.          0.         84.06705543  0.        ]
1,7,6,5,[ 0.          0.          0.          0.          0.         86.11793024]
1,7,7,0,[69.24595509  0.          0.          0.          0.          0.        ]
1,7,7,1,[ 0.         72.82767127  0.          0.          0.          0.        ]
1,7,7,2,[ 0.          0.         76.33327717  0.          0.          0.        ]
1,7,7,3,[ 0.          0.          0.         79.61077044  0.          0.        ]
1,7,7,4,[ 0.          0.          0.          0.         83.86819015  0.        ]
1,7,7,5,[ 0.          0.          0.          0.          0.         86.23967185]
2,0,0,0,[86.88490868  0.          0.          0.          0.          0.        ]
2,0,0,1,"[  0.         103.52103522   0.           0.           0.
   0.        ]"
2,0,0,2,"[  0.           0.         106.40274099   0.           0.
   0.        ]"
2,0,0,3,[  0.          0.          0.        114.4321437   0.          0.       ]
2,0,0,4,"[  0.           0.           0.           0.         133.43699784
   0.        ]"
2,0,0,5,"[  0.           0.           0.           0.           0.
 151.94443462]"
2,0,1,0,[98.96260084  0.          0.          0.          0.          0.        ]
2,0,1,1,"[  0.         101.08905053   0.           0.           0.
   0.        ]"
2,0,1,2,[  0.          0.        106.4824811   0.          0.          0.       ]
2,0,1,3,"[  0.           0.           0.         119.13470666   0.
   0.        ]"
2,0,1,4,"[  0.           0.           0.           0.         133.83347969
   0.        ]"
2,0,1,5,"[  0.           0.           0.           0.           0.
 157.15965266]"
2,0,2,0,[98.8682039  0.         0.         0.         0.         0.       ]
2,0,2,1,"[  0.         102.00415439   0.           0.           0.
   0.        ]"
2,0,2,2,"[  0.           0.         106.84333409   0.           0.
   0.        ]"
2,0,2,3,"[  0.           0.           0.         116.91050791   0.
   0.        ]"
2,0,2,4,"[  0.           0.           0.           0.         133.00769803
   0.        ]"
2,0,2,5,"[  0.           0.           0.           0.           0.
 158.52613443]"
2,0,3,0,[96.4187124  0.         0.         0.         0.         0.       ]
2,0,3,1,[ 0.         98.02885113  0.          0.          0.          0.        ]
2,0,3,2,[  0.          0.        107.0440985   0.          0.          0.       ]
2,0,3,3,"[  0.           0.           0.         115.36021583   0.
   0.        ]"
2,0,3,4,"[  0.           0.           0.           0.         135.57448982
   0.        ]"
2,0,3,5,"[  0.           0.           0.           0.           0.
 152.55529309]"
2,0,4,0,[98.02461569  0.          0.          0.          0.          0.        ]
2,0,4,1,[ 0.         99.58311497  0.          0.          0.          0.        ]
2,0,4,2,"[  0.           0.         109.94635915   0.           0.
   0.        ]"
2,0,4,3,"[  0.           0.           0.         116.46874164   0.
   0.        ]"
2,0,4,4,"[  0.           0.           0.           0.         130.83553531
   0.        ]"
2,0,4,5,"[  0.           0.           0.           0.           0.
 145.83027924]"
2,0,5,0,[93.93179338  0.          0.          0.          0.          0.        ]
2,0,5,1,"[  0.         102.35206523   0.           0.           0.
   0.        ]"
2,0,5,2,"[  0.           0.         107.17016696   0.           0.
   0.        ]"
2,0,5,3,"[  0.           0.           0.         116.60075232   0.
   0.        ]"
2,0,5,4,[  0.          0.          0.          0.        134.3740926   0.       ]
2,0,5,5,"[  0.           0.           0.           0.           0.
 157.22941006]"
2,0,6,0,[92.06012212  0.          0.          0.          0.          0.        ]
2,0,6,1,[ 0.         98.24475361  0.          0.          0.          0.        ]
2,0,6,2,[  0.          0.        106.1546699   0.          0.          0.       ]
2,0,6,3,"[  0.           0.           0.         119.81140961   0.
   0.        ]"
2,0,6,4,"[  0.           0.           0.           0.         163.67602437
   0.        ]"
2,0,6,5,"[  0.           0.           0.           0.           0.
 200.42216067]"
2,0,7,0,[90.04834356  0.          0.          0.          0.          0.        ]
2,0,7,1,[ 0.        97.5382454  0.         0.         0.         0.       ]
2,0,7,2,"[  0.           0.         107.16554134   0.           0.
   0.        ]"
2,0,7,3,[  0.         0.         0.       115.422066   0.         0.      ]
2,0,7,4,"[  0.           0.           0.           0.         136.52759568
   0.        ]"
2,0,7,5,[  0.          0.          0.          0.          0.        170.3414735]
2,1,0,0,[91.44118821  0.          0.          0.          0.          0.        ]
2,1,0,1,[ 0.        95.1829972  0.         0.         0.         0.       ]
2,1,0,2,"[  0.           0.         105.61105205   0.           0.
   0.        ]"
2,1,0,3,"[  0.           0.           0.         111.54580099   0.
   0.        ]"
2,1,0,4,"[  0.           0.           0.           0.         124.73029575
   0.        ]"
2,1,0,5,"[  0.           0.           0.           0.           0.
 138.81111965]"
2,1,1,0,[90.44263291  0.          0.          0.          0.          0.        ]
2,1,1,1,[ 0.         93.40382967  0.          0.          0.          0.        ]
2,1,1,2,"[  0.           0.         109.56552393   0.           0.
   0.        ]"
2,1,1,3,"[  0.           0.           0.         115.04104366   0.
   0.        ]"
2,1,1,4,"[  0.           0.           0.           0.         124.43595095
   0.        ]"
2,1,1,5,"[  0.           0.           0.           0.           0.
 137.46124057]"
2,1,2,0,[72.30373521  0.          0.          0.          0.          0.        ]
2,1,2,1,[ 0.        91.9578184  0.         0.         0.         0.       ]
2,1,2,2,"[  0.           0.         107.35336655   0.           0.
   0.        ]"
2,1,2,3,"[  0.           0.           0.         115.17351247   0.
   0.        ]"
2,1,2,4,"[  0.           0.           0.           0.         124.91878929
   0.        ]"
2,1,2,5,"[  0.           0.           0.           0.           0.
 140.51645648]"
2,1,3,0,[75.29400061  0.          0.          0.          0.          0.        ]
2,1,3,1,[ 0.         94.97532887  0.          0.          0.          0.        ]
2,1,3,2,[  0.          0.        106.9494205   0.          0.          0.       ]
2,1,3,3,"[  0.           0.           0.         115.20043083   0.
   0.        ]"
2,1,3,4,"[  0.           0.           0.           0.         124.06086991
   0.        ]"
2,1,3,5,"[  0.           0.           0.           0.           0.
 139.97716324]"
2,1,4,0,[86.33794283  0.          0.          0.          0.          0.        ]
2,1,4,1,[ 0.         98.90438691  0.          0.          0.          0.        ]
2,1,4,2,"[  0.           0.         106.77155132   0.           0.
   0.        ]"
2,1,4,3,[  0.          0.          0.        115.1875763   0.          0.       ]
2,1,4,4,"[  0.           0.           0.           0.         124.89917125
   0.        ]"
2,1,4,5,"[  0.           0.           0.           0.           0.
 138.49775034]"
2,1,5,0,[82.76381213  0.          0.          0.          0.          0.        ]
2,1,5,1,[ 0.         98.54120807  0.          0.          0.          0.        ]
2,1,5,2,"[  0.           0.         106.68409905   0.           0.
   0.        ]"
2,1,5,3,"[  0.           0.           0.         114.70395966   0.
   0.        ]"
2,1,5,4,"[  0.           0.           0.           0.         122.50520639
   0.        ]"
2,1,5,5,"[  0.           0.           0.           0.           0.
 131.96529514]"
2,1,6,0,[81.00753213  0.          0.          0.          0.          0.        ]
2,1,6,1,[ 0.         94.23774864  0.          0.          0.          0.        ]
2,1,6,2,"[  0.           0.         107.53450609   0.           0.
   0.        ]"
2,1,6,3,"[  0.           0.           0.         116.95673161   0.
   0.        ]"
2,1,6,4,"[  0.           0.           0.           0.         127.35938031
   0.        ]"
2,1,6,5,"[  0.           0.           0.           0.           0.
 169.75909148]"
2,1,7,0,[84.85711255  0.          0.          0.          0.          0.        ]
2,1,7,1,[ 0.         95.54684176  0.          0.          0.          0.        ]
2,1,7,2,"[  0.           0.         105.76621338   0.           0.
   0.        ]"
2,1,7,3,"[  0.           0.           0.         115.39611495   0.
   0.        ]"
2,1,7,4,"[  0.           0.           0.           0.         124.70702428
   0.        ]"
2,1,7,5,"[  0.           0.           0.           0.           0.
 139.30542124]"
2,2,0,0,[58.13350955  0.          0.          0.          0.          0.        ]
2,2,0,1,[ 0.         77.72194788  0.          0.          0.          0.        ]
2,2,0,2,[  0.          0.        103.5910288   0.          0.          0.       ]
2,2,0,3,"[  0.           0.           0.         113.95851926   0.
   0.        ]"
2,2,0,4,"[  0.           0.           0.           0.         122.27794036
   0.        ]"
2,2,0,5,"[  0.           0.           0.           0.           0.
 133.25779173]"
2,2,1,0,[58.5919189  0.         0.         0.         0.         0.       ]
2,2,1,1,[ 0.         87.22508396  0.          0.          0.          0.        ]
2,2,1,2,"[  0.           0.         101.09668606   0.           0.
   0.        ]"
2,2,1,3,[  0.          0.          0.        116.2053225   0.          0.       ]
2,2,1,4,[  0.         0.         0.         0.       123.507948   0.      ]
2,2,1,5,"[  0.           0.           0.           0.           0.
 126.22976704]"
2,2,2,0,[56.46328699  0.          0.          0.          0.          0.        ]
2,2,2,1,[ 0.         86.09212051  0.          0.          0.          0.        ]
2,2,2,2,"[  0.           0.         101.22060502   0.           0.
   0.        ]"
2,2,2,3,"[  0.           0.           0.         115.89449418   0.
   0.        ]"
2,2,2,4,"[  0.           0.           0.           0.         122.75603469
   0.        ]"
2,2,2,5,"[  0.           0.           0.           0.           0.
 131.68511037]"
2,2,3,0,[62.6039293  0.         0.         0.         0.         0.       ]
2,2,3,1,[ 0.         79.78455376  0.          0.          0.          0.        ]
2,2,3,2,"[  0.           0.         106.02901821   0.           0.
   0.        ]"
2,2,3,3,"[  0.           0.           0.         116.75707098   0.
   0.        ]"
2,2,3,4,"[  0.           0.           0.           0.         123.12062885
   0.        ]"
2,2,3,5,[  0.          0.          0.          0.          0.        124.5986957]
2,2,4,0,[68.28751587  0.          0.          0.          0.          0.        ]
2,2,4,1,[ 0.         76.45211684  0.          0.          0.          0.        ]
2,2,4,2,[  0.          0.        100.9419235   0.          0.          0.       ]
2,2,4,3,[  0.          0.          0.        115.6893981   0.          0.       ]
2,2,4,4,"[  0.           0.           0.           0.         122.98504922
   0.        ]"
2,2,4,5,"[  0.           0.           0.           0.           0.
 131.73331428]"
2,2,5,0,[57.86122129  0.          0.          0.          0.          0.        ]
2,2,5,1,[ 0.         78.20421795  0.          0.          0.          0.        ]
2,2,5,2,"[  0.           0.         101.71566727   0.           0.
   0.        ]"
2,2,5,3,"[  0.           0.           0.         115.80257655   0.
   0.        ]"
2,2,5,4,"[  0.           0.           0.           0.         123.71086295
   0.        ]"
2,2,5,5,"[  0.           0.           0.           0.           0.
 131.00081685]"
2,2,6,0,[68.53044594  0.          0.          0.          0.          0.        ]
2,2,6,1,[ 0.         81.37288329  0.          0.          0.          0.        ]
2,2,6,2,[  0.          0.        102.8505897   0.          0.          0.       ]
2,2,6,3,"[  0.           0.           0.         115.66394162   0.
   0.        ]"
2,2,6,4,"[  0.           0.           0.           0.         123.84860236
   0.        ]"
2,2,6,5,"[  0.           0.           0.           0.           0.
 128.00276897]"
2,2,7,0,[83.15423889  0.          0.          0.          0.          0.        ]
2,2,7,1,[ 0.        84.9518196  0.         0.         0.         0.       ]
2,2,7,2,"[  0.           0.         101.85440414   0.           0.
   0.        ]"
2,2,7,3,"[  0.           0.           0.         116.02272905   0.
   0.        ]"
2,2,7,4,"[  0.           0.           0.           0.         124.17513922
   0.        ]"
2,2,7,5,"[  0.           0.           0.           0.           0.
 134.16543549]"
2,3,0,0,[60.1336429  0.         0.         0.         0.         0.       ]
2,3,0,1,[ 0.         70.36127783  0.          0.          0.          0.        ]
2,3,0,2,[ 0.          0.         86.56531101  0.          0.          0.        ]
2,3,0,3,"[  0.           0.           0.         110.56093068   0.
   0.        ]"
2,3,0,4,"[  0.           0.           0.           0.         122.95587411
   0.        ]"
2,3,0,5,"[  0.           0.           0.           0.           0.
 129.41375775]"
2,3,1,0,[84.09363278  0.          0.          0.          0.          0.        ]
2,3,1,1,[ 0.         60.34984068  0.          0.          0.          0.        ]
2,3,1,2,[ 0.          0.         86.96481051  0.          0.          0.        ]
2,3,1,3,"[  0.           0.           0.         110.69458555   0.
   0.        ]"
2,3,1,4,"[  0.           0.           0.           0.         123.54694008
   0.        ]"
2,3,1,5,"[  0.           0.           0.           0.           0.
 126.21533893]"
2,3,2,0,[77.24058484  0.          0.          0.          0.          0.        ]
2,3,2,1,[ 0.         65.91327197  0.          0.          0.          0.        ]
2,3,2,2,[ 0.          0.         86.70884287  0.          0.          0.        ]
2,3,2,3,"[  0.           0.           0.         111.80182165   0.
   0.        ]"
2,3,2,4,"[  0.           0.           0.           0.         124.08202732
   0.        ]"
2,3,2,5,"[  0.           0.           0.           0.           0.
 128.15759904]"
2,3,3,0,[58.48605218  0.          0.          0.          0.          0.        ]
2,3,3,1,[ 0.         58.17238436  0.          0.          0.          0.        ]
2,3,3,2,[ 0.          0.         86.65163013  0.          0.          0.        ]
2,3,3,3,"[  0.           0.           0.         109.68815945   0.
   0.        ]"
2,3,3,4,"[  0.           0.           0.           0.         121.94271256
   0.        ]"
2,3,3,5,"[  0.           0.           0.           0.           0.
 127.15078221]"
2,3,4,0,[70.88784819  0.          0.          0.          0.          0.        ]
2,3,4,1,[ 0.         66.85672046  0.          0.          0.          0.        ]
2,3,4,2,[ 0.          0.         88.62896135  0.          0.          0.        ]
2,3,4,3,[  0.          0.          0.        110.5646951   0.          0.       ]
2,3,4,4,"[  0.           0.           0.           0.         120.00411807
   0.        ]"
2,3,4,5,[  0.          0.          0.          0.          0.        125.3510287]
2,3,5,0,[69.69748639  0.          0.          0.          0.          0.        ]
2,3,5,1,[ 0.         62.65541577  0.          0.          0.          0.        ]
2,3,5,2,[ 0.          0.         91.36693015  0.          0.          0.        ]
2,3,5,3,"[  0.           0.           0.         109.29740228   0.
   0.        ]"
2,3,5,4,"[  0.           0.           0.           0.         117.89082681
   0.        ]"
2,3,5,5,"[  0.           0.           0.           0.           0.
 125.73209883]"
2,3,6,0,[79.50378823  0.          0.          0.          0.          0.        ]
2,3,6,1,[ 0.         62.74529484  0.          0.          0.          0.        ]
2,3,6,2,[ 0.          0.         87.51664151  0.          0.          0.        ]
2,3,6,3,"[  0.           0.           0.         104.62314503   0.
   0.        ]"
2,3,6,4,"[  0.           0.           0.           0.         122.75258931
   0.        ]"
2,3,6,5,"[  0.           0.           0.           0.           0.
 129.75627421]"
2,3,7,0,[64.68731569  0.          0.          0.          0.          0.        ]
2,3,7,1,[ 0.        68.0386998  0.         0.         0.         0.       ]
2,3,7,2,[ 0.          0.         87.49039578  0.          0.          0.        ]
2,3,7,3,"[  0.           0.           0.         106.63640041   0.
   0.        ]"
2,3,7,4,"[  0.           0.           0.           0.         121.17356774
   0.        ]"
2,3,7,5,"[  0.           0.           0.           0.           0.
 130.72404441]"
2,4,0,0,[64.73043395  0.          0.          0.          0.          0.        ]
2,4,0,1,[ 0.         64.43909891  0.          0.          0.          0.        ]
2,4,0,2,[ 0.          0.         66.52792364  0.          0.          0.        ]
2,4,0,3,[ 0.         0.         0.        94.8217802  0.         0.       ]
2,4,0,4,"[  0.           0.           0.           0.         116.08452609
   0.        ]"
2,4,0,5,"[  0.           0.           0.           0.           0.
 117.39661941]"
2,4,1,0,[60.39031394  0.          0.          0.          0.          0.        ]
2,4,1,1,[ 0.         73.51935892  0.          0.          0.          0.        ]
2,4,1,2,[ 0.          0.         69.38753063  0.          0.          0.        ]
2,4,1,3,[ 0.         0.         0.        97.3872691  0.         0.       ]
2,4,1,4,[  0.          0.          0.          0.        119.5591624   0.       ]
2,4,1,5,[  0.          0.          0.          0.          0.        119.6161321]
2,4,2,0,[66.71885469  0.          0.          0.          0.          0.        ]
2,4,2,1,[ 0.         65.65916115  0.          0.          0.          0.        ]
2,4,2,2,[ 0.          0.         71.34705679  0.          0.          0.        ]
2,4,2,3,[ 0.          0.          0.         92.09958585  0.          0.        ]
2,4,2,4,"[  0.           0.           0.           0.         114.42031957
   0.        ]"
2,4,2,5,"[  0.           0.           0.           0.           0.
 132.55029799]"
2,4,3,0,[60.03677327  0.          0.          0.          0.          0.        ]
2,4,3,1,[ 0.         67.24704999  0.          0.          0.          0.        ]
2,4,3,2,[ 0.          0.         66.47459007  0.          0.          0.        ]
2,4,3,3,[ 0.          0.          0.         96.09758457  0.          0.        ]
2,4,3,4,"[  0.           0.           0.           0.         119.98099549
   0.        ]"
2,4,3,5,[  0.          0.          0.          0.          0.        118.0342399]
2,4,4,0,[60.2317875  0.         0.         0.         0.         0.       ]
2,4,4,1,[ 0.         64.32151839  0.          0.          0.          0.        ]
2,4,4,2,[ 0.         0.        66.2004697  0.         0.         0.       ]
2,4,4,3,[ 0.          0.          0.         94.15873871  0.          0.        ]
2,4,4,4,"[  0.           0.           0.           0.         113.81846655
   0.        ]"
2,4,4,5,"[  0.           0.           0.           0.           0.
 128.09282668]"
2,4,5,0,[72.90065977  0.          0.          0.          0.          0.        ]
2,4,5,1,[ 0.         80.24106816  0.          0.          0.          0.        ]
2,4,5,2,[ 0.          0.         67.01682087  0.          0.          0.        ]
2,4,5,3,[ 0.         0.         0.        95.5888438  0.         0.       ]
2,4,5,4,"[  0.           0.           0.           0.         117.28793958
   0.        ]"
2,4,5,5,"[  0.           0.           0.           0.           0.
 118.22540748]"
2,4,6,0,[66.64564614  0.          0.          0.          0.          0.        ]
2,4,6,1,[ 0.         75.45013601  0.          0.          0.          0.        ]
2,4,6,2,[ 0.          0.         65.96196874  0.          0.          0.        ]
2,4,6,3,[ 0.          0.          0.         95.55067069  0.          0.        ]
2,4,6,4,"[  0.           0.           0.           0.         112.56151879
   0.        ]"
2,4,6,5,"[  0.           0.           0.           0.           0.
 127.13344754]"
2,4,7,0,[64.2350466  0.         0.         0.         0.         0.       ]
2,4,7,1,[ 0.         71.19861775  0.          0.          0.          0.        ]
2,4,7,2,[ 0.          0.         65.75230797  0.          0.          0.        ]
2,4,7,3,[ 0.          0.          0.         95.78665787  0.          0.        ]
2,4,7,4,"[  0.           0.           0.           0.         114.87068413
   0.        ]"
2,4,7,5,[  0.          0.          0.          0.          0.        127.1302995]
2,5,0,0,[64.76884629  0.          0.          0.          0.          0.        ]
2,5,0,1,[ 0.         74.63427835  0.          0.          0.          0.        ]
2,5,0,2,[ 0.          0.         71.10665697  0.          0.          0.        ]
2,5,0,3,[ 0.          0.          0.         75.89234219  0.          0.        ]
2,5,0,4,"[  0.           0.           0.           0.         101.28659772
   0.        ]"
2,5,0,5,"[  0.           0.           0.           0.           0.
 119.25173191]"
2,5,1,0,[66.70115712  0.          0.          0.          0.          0.        ]
2,5,1,1,[ 0.        73.9748316  0.         0.         0.         0.       ]
2,5,1,2,[ 0.          0.         73.51643921  0.          0.          0.        ]
2,5,1,3,[ 0.          0.          0.         75.26916222  0.          0.        ]
2,5,1,4,"[  0.           0.           0.           0.         103.55479553
   0.        ]"
2,5,1,5,"[  0.           0.           0.           0.           0.
 118.95389012]"
2,5,2,0,[68.11559601  0.          0.          0.          0.          0.        ]
2,5,2,1,[ 0.         68.27116378  0.          0.          0.          0.        ]
2,5,2,2,[ 0.          0.         71.36961773  0.          0.          0.        ]
2,5,2,3,[ 0.          0.          0.         75.63156522  0.          0.        ]
2,5,2,4,"[  0.           0.           0.           0.         101.78856989
   0.        ]"
2,5,2,5,"[  0.           0.           0.           0.           0.
 117.08127563]"
2,5,3,0,[69.76390032  0.          0.          0.          0.          0.        ]
2,5,3,1,[ 0.         69.19370988  0.          0.          0.          0.        ]
2,5,3,2,[ 0.         0.        74.8309575  0.         0.         0.       ]
2,5,3,3,[ 0.          0.          0.         77.09132805  0.          0.        ]
2,5,3,4,"[  0.           0.           0.           0.         104.03197082
   0.        ]"
2,5,3,5,"[  0.           0.           0.           0.           0.
 126.12004042]"
2,5,4,0,[70.28383715  0.          0.          0.          0.          0.        ]
2,5,4,1,[ 0.         67.97767292  0.          0.          0.          0.        ]
2,5,4,2,[ 0.          0.         71.28420776  0.          0.          0.        ]
2,5,4,3,[ 0.          0.          0.         75.06858273  0.          0.        ]
2,5,4,4,[ 0.          0.          0.          0.         99.10805167  0.        ]
2,5,4,5,"[  0.           0.           0.           0.           0.
 125.38673083]"
2,5,5,0,[65.16798157  0.          0.          0.          0.          0.        ]
2,5,5,1,[ 0.         69.94459283  0.          0.          0.          0.        ]
2,5,5,2,[ 0.          0.         71.24163683  0.          0.          0.        ]
2,5,5,3,[ 0.          0.          0.         75.91238185  0.          0.        ]
2,5,5,4,"[  0.           0.           0.           0.         102.10669936
   0.        ]"
2,5,5,5,"[  0.           0.           0.           0.           0.
 119.28712406]"
2,5,6,0,[68.20880994  0.          0.          0.          0.          0.        ]
2,5,6,1,[ 0.         72.01439921  0.          0.          0.          0.        ]
2,5,6,2,[ 0.          0.         71.56794187  0.          0.          0.        ]
2,5,6,3,[ 0.          0.          0.         75.63257862  0.          0.        ]
2,5,6,4,"[  0.           0.           0.           0.         103.28065413
   0.        ]"
2,5,6,5,"[  0.           0.           0.           0.           0.
 119.32004714]"
2,5,7,0,[66.98158896  0.          0.          0.          0.          0.        ]
2,5,7,1,[ 0.         66.68334468  0.          0.          0.          0.        ]
2,5,7,2,[ 0.          0.         70.66703526  0.          0.          0.        ]
2,5,7,3,[ 0.          0.          0.         75.42743458  0.          0.        ]
2,5,7,4,"[  0.           0.           0.           0.         103.33867122
   0.        ]"
2,5,7,5,"[  0.           0.           0.           0.           0.
 118.93243413]"
2,6,0,0,[75.67364751  0.          0.          0.          0.          0.        ]
2,6,0,1,[ 0.        74.0959338  0.         0.         0.         0.       ]
2,6,0,2,[ 0.         0.        78.4296471  0.         0.         0.       ]
2,6,0,3,[ 0.          0.          0.         80.59156605  0.          0.        ]
2,6,0,4,[ 0.          0.          0.          0.         83.39622729  0.        ]
2,6,0,5,"[  0.           0.           0.           0.           0.
 107.19481677]"
2,6,1,0,[71.11183952  0.          0.          0.          0.          0.        ]
2,6,1,1,[ 0.         72.17257086  0.          0.          0.          0.        ]
2,6,1,2,[ 0.          0.         76.59538255  0.          0.          0.        ]
2,6,1,3,[ 0.          0.          0.         80.83393541  0.          0.        ]
2,6,1,4,[ 0.         0.         0.         0.        84.3333902  0.       ]
2,6,1,5,"[  0.           0.           0.           0.           0.
 106.41903702]"
2,6,2,0,[71.21281901  0.          0.          0.          0.          0.        ]
2,6,2,1,[ 0.         73.02530484  0.          0.          0.          0.        ]
2,6,2,2,[ 0.          0.         76.51541987  0.          0.          0.        ]
2,6,2,3,[ 0.          0.          0.         80.56374008  0.          0.        ]
2,6,2,4,[ 0.         0.         0.         0.        84.2498389  0.       ]
2,6,2,5,"[  0.           0.           0.           0.           0.
 105.73896957]"
2,6,3,0,[74.50542649  0.          0.          0.          0.          0.        ]
2,6,3,1,[ 0.         72.52345232  0.          0.          0.          0.        ]
2,6,3,2,[ 0.          0.         76.18844135  0.          0.          0.        ]
2,6,3,3,[ 0.          0.          0.         80.09017758  0.          0.        ]
2,6,3,4,[ 0.          0.          0.          0.         83.47870422  0.        ]
2,6,3,5,"[  0.           0.           0.           0.           0.
 105.27751629]"
2,6,4,0,[74.90334533  0.          0.          0.          0.          0.        ]
2,6,4,1,[ 0.         73.11441987  0.          0.          0.          0.        ]
2,6,4,2,[ 0.         0.        76.4838345  0.         0.         0.       ]
2,6,4,3,[ 0.          0.          0.         79.64171101  0.          0.        ]
2,6,4,4,[ 0.          0.          0.          0.         81.76455774  0.        ]
2,6,4,5,"[  0.           0.           0.           0.           0.
 108.39046805]"
2,6,5,0,[71.09740199  0.          0.          0.          0.          0.        ]
2,6,5,1,[ 0.         72.92346831  0.          0.          0.          0.        ]
2,6,5,2,[ 0.          0.         77.13649551  0.          0.          0.        ]
2,6,5,3,[ 0.          0.          0.         80.95464374  0.          0.        ]
2,6,5,4,[ 0.         0.         0.         0.        83.0093655  0.       ]
2,6,5,5,"[  0.           0.           0.           0.           0.
 100.03076963]"
2,6,6,0,[74.01533664  0.          0.          0.          0.          0.        ]
2,6,6,1,[ 0.         72.64558126  0.          0.          0.          0.        ]
2,6,6,2,[ 0.          0.         76.26889977  0.          0.          0.        ]
2,6,6,3,[ 0.          0.          0.         80.13403165  0.          0.        ]
2,6,6,4,[ 0.          0.          0.          0.         83.89510295  0.        ]
2,6,6,5,"[  0.           0.           0.           0.           0.
 110.60866265]"
2,6,7,0,[74.18528501  0.          0.          0.          0.          0.        ]
2,6,7,1,[ 0.         72.66919064  0.          0.          0.          0.        ]
2,6,7,2,[ 0.          0.         76.45526124  0.          0.          0.        ]
2,6,7,3,[ 0.          0.          0.         79.59557671  0.          0.        ]
2,6,7,4,[ 0.          0.          0.          0.         83.55341562  0.        ]
2,6,7,5,"[  0.           0.           0.           0.           0.
 111.13761814]"
2,7,0,0,[78.42261729  0.          0.          0.          0.          0.        ]
2,7,0,1,[ 0.         77.82908716  0.          0.          0.          0.        ]
2,7,0,2,[ 0.          0.         81.29073396  0.          0.          0.        ]
2,7,0,3,[ 0.          0.          0.         85.45744984  0.          0.        ]
2,7,0,4,[ 0.          0.          0.          0.         88.39948685  0.        ]
2,7,0,5,[ 0.          0.          0.          0.          0.         91.17185925]
2,7,1,0,[75.57049127  0.          0.          0.          0.          0.        ]
2,7,1,1,[ 0.         77.76645251  0.          0.          0.          0.        ]
2,7,1,2,[ 0.          0.         81.94844014  0.          0.          0.        ]
2,7,1,3,[ 0.          0.          0.         84.80824683  0.          0.        ]
2,7,1,4,[ 0.          0.          0.          0.         87.99539372  0.        ]
2,7,1,5,[ 0.          0.          0.          0.          0.         91.48712296]
2,7,2,0,[74.20148691  0.          0.          0.          0.          0.        ]
2,7,2,1,[ 0.         77.63421988  0.          0.          0.          0.        ]
2,7,2,2,[ 0.          0.         81.55338727  0.          0.          0.        ]
2,7,2,3,[ 0.          0.          0.         85.30019407  0.          0.        ]
2,7,2,4,[ 0.          0.          0.          0.         88.63831079  0.        ]
2,7,2,5,[ 0.          0.          0.          0.          0.         90.83026782]
2,7,3,0,[74.07579539  0.          0.          0.          0.          0.        ]
2,7,3,1,[ 0.         79.13864998  0.          0.          0.          0.        ]
2,7,3,2,[ 0.          0.         81.11399542  0.          0.          0.        ]
2,7,3,3,[ 0.          0.          0.         84.89843708  0.          0.        ]
2,7,3,4,[ 0.          0.          0.          0.         88.55536888  0.        ]
2,7,3,5,[ 0.          0.          0.          0.          0.         91.08791522]
2,7,4,0,[76.88327863  0.          0.          0.          0.          0.        ]
2,7,4,1,[ 0.         76.74406833  0.          0.          0.          0.        ]
2,7,4,2,[ 0.          0.         81.75236136  0.          0.          0.        ]
2,7,4,3,[ 0.          0.          0.         84.81616608  0.          0.        ]
2,7,4,4,[ 0.          0.          0.          0.         88.59988265  0.        ]
2,7,4,5,[ 0.          0.          0.          0.          0.         92.37082497]
2,7,5,0,[74.52828853  0.          0.          0.          0.          0.        ]
2,7,5,1,[ 0.         78.48609341  0.          0.          0.          0.        ]
2,7,5,2,[ 0.          0.         81.23343871  0.          0.          0.        ]
2,7,5,3,[ 0.          0.          0.         84.09381918  0.          0.        ]
2,7,5,4,[ 0.          0.          0.          0.         87.63173102  0.        ]
2,7,5,5,[ 0.          0.          0.          0.          0.         89.01973582]
2,7,6,0,[75.54332198  0.          0.          0.          0.          0.        ]
2,7,6,1,[ 0.         77.54492339  0.          0.          0.          0.        ]
2,7,6,2,[ 0.          0.         81.91714272  0.          0.          0.        ]
2,7,6,3,[ 0.          0.          0.         84.24362266  0.          0.        ]
2,7,6,4,[ 0.          0.          0.          0.         88.63480295  0.        ]
2,7,6,5,[ 0.          0.          0.          0.          0.         91.83909641]
2,7,7,0,[76.68204341  0.          0.          0.          0.          0.        ]
2,7,7,1,[ 0.         76.33951829  0.          0.          0.          0.        ]
2,7,7,2,[ 0.          0.         80.17687743  0.          0.          0.        ]
2,7,7,3,[ 0.          0.          0.         85.22759714  0.          0.        ]
2,7,7,4,[ 0.          0.          0.          0.         88.50543483  0.        ]
2,7,7,5,[ 0.          0.          0.          0.          0.         90.70818193]
3,0,0,0,"[109.04006543   0.           0.           0.           0.
   0.        ]"
3,0,0,1,"[  0.         112.08491777   0.           0.           0.
   0.        ]"
3,0,0,2,"[  0.           0.         118.78634991   0.           0.
   0.        ]"
3,0,0,3,"[  0.           0.           0.         135.37165435   0.
   0.        ]"
3,0,0,4,"[  0.           0.           0.           0.         156.29525565
   0.        ]"
3,0,0,5,"[  0.           0.           0.           0.           0.
 136.87214445]"
3,0,1,0,"[109.84086759   0.           0.           0.           0.
   0.        ]"
3,0,1,1,"[  0.         113.47661358   0.           0.           0.
   0.        ]"
3,0,1,2,"[  0.           0.         128.92494788   0.           0.
   0.        ]"
3,0,1,3,"[  0.           0.           0.         135.95120187   0.
   0.        ]"
3,0,1,4,"[  0.           0.           0.           0.         159.88977809
   0.        ]"
3,0,1,5,"[  0.           0.           0.           0.           0.
 141.88838966]"
3,0,2,0,"[110.94429845   0.           0.           0.           0.
   0.        ]"
3,0,2,1,"[  0.         112.51060202   0.           0.           0.
   0.        ]"
3,0,2,2,"[  0.           0.         120.65701479   0.           0.
   0.        ]"
3,0,2,3,"[  0.           0.           0.         135.52980652   0.
   0.        ]"
3,0,2,4,"[  0.           0.           0.           0.         157.05919141
   0.        ]"
3,0,2,5,"[  0.           0.           0.           0.           0.
 139.96757916]"
3,0,3,0,"[108.68414142   0.           0.           0.           0.
   0.        ]"
3,0,3,1,"[  0.         113.88421118   0.           0.           0.
   0.        ]"
3,0,3,2,"[  0.           0.         117.73871973   0.           0.
   0.        ]"
3,0,3,3,"[  0.           0.           0.         135.33100072   0.
   0.        ]"
3,0,3,4,[  0.         0.         0.         0.       156.648807   0.      ]
3,0,3,5,"[  0.           0.           0.           0.           0.
 140.69625657]"
3,0,4,0,"[108.51450084   0.           0.           0.           0.
   0.        ]"
3,0,4,1,"[  0.         110.44734348   0.           0.           0.
   0.        ]"
3,0,4,2,"[  0.           0.         118.88776706   0.           0.
   0.        ]"
3,0,4,3,"[  0.           0.           0.         135.45390058   0.
   0.        ]"
3,0,4,4,"[  0.           0.           0.           0.         159.82187142
   0.        ]"
3,0,4,5,"[  0.           0.           0.           0.           0.
 140.36668108]"
3,0,5,0,"[102.72176178   0.           0.           0.           0.
   0.        ]"
3,0,5,1,"[  0.         115.02283561   0.           0.           0.
   0.        ]"
3,0,5,2,"[  0.           0.         123.33436814   0.           0.
   0.        ]"
3,0,5,3,[  0.          0.          0.        134.6547424   0.          0.       ]
3,0,5,4,"[  0.           0.           0.           0.         160.02111358
   0.        ]"
3,0,5,5,[  0.          0.          0.          0.          0.        138.9510207]
3,0,6,0,"[110.23213384   0.           0.           0.           0.
   0.        ]"
3,0,6,1,"[  0.         140.83271505   0.           0.           0.
   0.        ]"
3,0,6,2,"[  0.           0.         139.85510581   0.           0.
   0.        ]"
3,0,6,3,"[  0.           0.           0.         162.87932029   0.
   0.        ]"
3,0,6,4,"[  0.           0.           0.           0.         209.84317346
   0.        ]"
3,0,6,5,"[  0.           0.           0.           0.           0.
 218.92644918]"
3,0,7,0,[102.1298501   0.          0.          0.          0.          0.       ]
3,0,7,1,"[  0.         109.98844305   0.           0.           0.
   0.        ]"
3,0,7,2,"[  0.           0.         117.64751899   0.           0.
   0.        ]"
3,0,7,3,"[  0.           0.           0.         138.73676387   0.
   0.        ]"
3,0,7,4,"[  0.           0.           0.           0.         189.90534372
   0.        ]"
3,0,7,5,"[  0.           0.           0.           0.           0.
 180.39553091]"
3,1,0,0,"[108.09505961   0.           0.           0.           0.
   0.        ]"
3,1,0,1,"[  0.         110.69083635   0.           0.           0.
   0.        ]"
3,1,0,2,[  0.          0.        121.2538972   0.          0.          0.       ]
3,1,0,3,"[  0.           0.           0.         129.11788245   0.
   0.        ]"
3,1,0,4,"[  0.           0.           0.           0.         143.39081411
   0.        ]"
3,1,0,5,"[  0.           0.           0.           0.           0.
 160.63308168]"
3,1,1,0,"[105.31391121   0.           0.           0.           0.
   0.        ]"
3,1,1,1,"[  0.         110.21841326   0.           0.           0.
   0.        ]"
3,1,1,2,"[  0.           0.         116.16478173   0.           0.
   0.        ]"
3,1,1,3,"[  0.           0.           0.         126.94051432   0.
   0.        ]"
3,1,1,4,"[  0.           0.           0.           0.         142.94878322
   0.        ]"
3,1,1,5,"[  0.           0.           0.           0.           0.
 162.09737226]"
3,1,2,0,"[105.12955449   0.           0.           0.           0.
   0.        ]"
3,1,2,1,"[  0.         114.73246446   0.           0.           0.
   0.        ]"
3,1,2,2,[  0.          0.        117.4485947   0.          0.          0.       ]
3,1,2,3,"[  0.           0.           0.         126.98796177   0.
   0.        ]"
3,1,2,4,"[  0.           0.           0.           0.         143.00350886
   0.        ]"
3,1,2,5,"[  0.           0.           0.           0.           0.
 165.55271903]"
3,1,3,0,"[105.93661304   0.           0.           0.           0.
   0.        ]"
3,1,3,1,"[  0.         110.34350477   0.           0.           0.
   0.        ]"
3,1,3,2,"[  0.           0.         117.94721213   0.           0.
   0.        ]"
3,1,3,3,"[  0.           0.           0.         126.93404489   0.
   0.        ]"
3,1,3,4,"[  0.           0.           0.           0.         144.13154746
   0.        ]"
3,1,3,5,"[  0.           0.           0.           0.           0.
 158.65468635]"
3,1,4,0,"[103.67293185   0.           0.           0.           0.
   0.        ]"
3,1,4,1,"[  0.         114.07965025   0.           0.           0.
   0.        ]"
3,1,4,2,"[  0.           0.         118.53424639   0.           0.
   0.        ]"
3,1,4,3,"[  0.           0.           0.         126.92753367   0.
   0.        ]"
3,1,4,4,"[  0.           0.           0.           0.         143.29207927
   0.        ]"
3,1,4,5,"[  0.           0.           0.           0.           0.
 163.64794102]"
3,1,5,0,"[114.31118566   0.           0.           0.           0.
   0.        ]"
3,1,5,1,"[  0.         114.00400624   0.           0.           0.
   0.        ]"
3,1,5,2,"[  0.           0.         117.77874473   0.           0.
   0.        ]"
3,1,5,3,"[  0.           0.           0.         126.92706804   0.
   0.        ]"
3,1,5,4,"[  0.           0.           0.           0.         144.73790205
   0.        ]"
3,1,5,5,"[  0.           0.           0.           0.           0.
 159.60277359]"
3,1,6,0,"[106.14749741   0.           0.           0.           0.
   0.        ]"
3,1,6,1,"[  0.         113.38970883   0.           0.           0.
   0.        ]"
3,1,6,2,"[  0.           0.         119.15513747   0.           0.
   0.        ]"
3,1,6,3,"[  0.           0.           0.         128.90416872   0.
   0.        ]"
3,1,6,4,"[  0.           0.           0.           0.         169.74508829
   0.        ]"
3,1,6,5,"[  0.           0.           0.           0.           0.
 216.41486136]"
3,1,7,0,[99.81627146  0.          0.          0.          0.          0.        ]
3,1,7,1,"[  0.         115.71218907   0.           0.           0.
   0.        ]"
3,1,7,2,"[  0.           0.         114.15841846   0.           0.
   0.        ]"
3,1,7,3,"[  0.           0.           0.         126.88131292   0.
   0.        ]"
3,1,7,4,"[  0.           0.           0.           0.         145.86527375
   0.        ]"
3,1,7,5,"[  0.           0.           0.           0.           0.
 189.93107391]"
3,2,0,0,"[100.36831595   0.           0.           0.           0.
   0.        ]"
3,2,0,1,"[  0.         107.36146383   0.           0.           0.
   0.        ]"
3,2,0,2,"[  0.           0.         118.79792929   0.           0.
   0.        ]"
3,2,0,3,"[  0.           0.           0.         125.37547228   0.
   0.        ]"
3,2,0,4,"[  0.           0.           0.           0.         133.53697368
   0.        ]"
3,2,0,5,"[  0.           0.           0.           0.           0.
 147.02944368]"
3,2,1,0,[85.76607347  0.          0.          0.          0.          0.        ]
3,2,1,1,"[  0.         106.68224168   0.           0.           0.
   0.        ]"
3,2,1,2,"[  0.           0.         123.81545323   0.           0.
   0.        ]"
3,2,1,3,"[  0.           0.           0.         125.62682263   0.
   0.        ]"
3,2,1,4,"[  0.           0.           0.           0.         135.42878436
   0.        ]"
3,2,1,5,[  0.          0.          0.          0.          0.        148.5893256]
3,2,2,0,[86.17307062  0.          0.          0.          0.          0.        ]
3,2,2,1,"[  0.         109.61338667   0.           0.           0.
   0.        ]"
3,2,2,2,"[  0.           0.         116.34074392   0.           0.
   0.        ]"
3,2,2,3,"[  0.           0.           0.         125.15492761   0.
   0.        ]"
3,2,2,4,"[  0.           0.           0.           0.         135.70154632
   0.        ]"
3,2,2,5,"[  0.           0.           0.           0.           0.
 150.00076339]"
3,2,3,0,[92.7211442  0.         0.         0.         0.         0.       ]
3,2,3,1,"[  0.         106.30613339   0.           0.           0.
   0.        ]"
3,2,3,2,"[  0.           0.         118.53672805   0.           0.
   0.        ]"
3,2,3,3,"[  0.           0.           0.         125.42549037   0.
   0.        ]"
3,2,3,4,"[  0.           0.           0.           0.         135.79496898
   0.        ]"
3,2,3,5,"[  0.           0.           0.           0.           0.
 140.52643689]"
3,2,4,0,[86.60139234  0.          0.          0.          0.          0.        ]
3,2,4,1,"[  0.         110.65494238   0.           0.           0.
   0.        ]"
3,2,4,2,"[  0.           0.         117.57643855   0.           0.
   0.        ]"
3,2,4,3,"[  0.           0.           0.         127.99252346   0.
   0.        ]"
3,2,4,4,"[  0.           0.           0.           0.         135.10612225
   0.        ]"
3,2,4,5,"[  0.           0.           0.           0.           0.
 150.95393976]"
3,2,5,0,[80.07381411  0.          0.          0.          0.          0.        ]
3,2,5,1,"[  0.         104.57090034   0.           0.           0.
   0.        ]"
3,2,5,2,"[  0.           0.         117.60608578   0.           0.
   0.        ]"
3,2,5,3,"[  0.           0.           0.         125.49724899   0.
   0.        ]"
3,2,5,4,"[  0.           0.           0.           0.         133.41486493
   0.        ]"
3,2,5,5,"[  0.           0.           0.           0.           0.
 146.71270679]"
3,2,6,0,[92.97077364  0.          0.          0.          0.          0.        ]
3,2,6,1,"[  0.         105.72879889   0.           0.           0.
   0.        ]"
3,2,6,2,"[  0.           0.         116.31539161   0.           0.
   0.        ]"
3,2,6,3,"[  0.           0.           0.         126.00588848   0.
   0.        ]"
3,2,6,4,"[  0.           0.           0.           0.         143.20194704
   0.        ]"
3,2,6,5,"[  0.           0.           0.           0.           0.
 168.05787144]"
3,2,7,0,[78.2861804  0.         0.         0.         0.         0.       ]
3,2,7,1,"[  0.         104.28024043   0.           0.           0.
   0.        ]"
3,2,7,2,"[  0.           0.         116.92589368   0.           0.
   0.        ]"
3,2,7,3,"[  0.           0.           0.         126.58401448   0.
   0.        ]"
3,2,7,4,"[  0.           0.           0.           0.         132.46543688
   0.        ]"
3,2,7,5,"[  0.           0.           0.           0.           0.
 151.82999641]"
3,3,0,0,[74.26016534  0.          0.          0.          0.          0.        ]
3,3,0,1,[ 0.        95.0429036  0.         0.         0.         0.       ]
3,3,0,2,"[  0.           0.         111.05490045   0.           0.
   0.        ]"
3,3,0,3,"[  0.           0.           0.         125.82956303   0.
   0.        ]"
3,3,0,4,"[  0.           0.           0.           0.         127.84462441
   0.        ]"
3,3,0,5,"[  0.           0.           0.           0.           0.
 144.61992758]"
3,3,1,0,[66.69218019  0.          0.          0.          0.          0.        ]
3,3,1,1,[ 0.         87.90651374  0.          0.          0.          0.        ]
3,3,1,2,"[  0.           0.         115.85243482   0.           0.
   0.        ]"
3,3,1,3,"[  0.           0.           0.         124.46837057   0.
   0.        ]"
3,3,1,4,"[  0.           0.           0.           0.         125.61493557
   0.        ]"
3,3,1,5,[  0.          0.          0.          0.          0.        140.2201505]
3,3,2,0,[74.82569159  0.          0.          0.          0.          0.        ]
3,3,2,1,[ 0.         94.86543216  0.          0.          0.          0.        ]
3,3,2,2,"[  0.           0.         116.02563057   0.           0.
   0.        ]"
3,3,2,3,"[  0.           0.           0.         125.94550908   0.
   0.        ]"
3,3,2,4,"[  0.           0.           0.           0.         133.83275496
   0.        ]"
3,3,2,5,"[  0.           0.           0.           0.           0.
 137.96462648]"
3,3,3,0,[65.9768207  0.         0.         0.         0.         0.       ]
3,3,3,1,[ 0.         99.20384393  0.          0.          0.          0.        ]
3,3,3,2,"[  0.           0.         112.21067357   0.           0.
   0.        ]"
3,3,3,3,"[  0.           0.           0.         128.03616524   0.
   0.        ]"
3,3,3,4,"[  0.           0.           0.           0.         133.66144123
   0.        ]"
3,3,3,5,[  0.          0.          0.          0.          0.        142.4285199]
3,3,4,0,[76.47135735  0.          0.          0.          0.          0.        ]
3,3,4,1,[ 0.        92.4136304  0.         0.         0.         0.       ]
3,3,4,2,"[  0.           0.         113.09650897   0.           0.
   0.        ]"
3,3,4,3,"[  0.           0.           0.         126.01557911   0.
   0.        ]"
3,3,4,4,"[  0.           0.           0.           0.         131.43101619
   0.        ]"
3,3,4,5,"[  0.           0.           0.           0.           0.
 143.66725297]"
3,3,5,0,[82.04671876  0.          0.          0.          0.          0.        ]
3,3,5,1,[ 0.         87.21360127  0.          0.          0.          0.        ]
3,3,5,2,"[  0.           0.         106.26236796   0.           0.
   0.        ]"
3,3,5,3,"[  0.           0.           0.         125.25774956   0.
   0.        ]"
3,3,5,4,"[  0.           0.           0.           0.         134.23923404
   0.        ]"
3,3,5,5,"[  0.           0.           0.           0.           0.
 143.31887852]"
3,3,6,0,[84.55334222  0.          0.          0.          0.          0.        ]
3,3,6,1,[ 0.         92.88083868  0.          0.          0.          0.        ]
3,3,6,2,"[  0.           0.         115.32169922   0.           0.
   0.        ]"
3,3,6,3,"[  0.           0.           0.         125.80860083   0.
   0.        ]"
3,3,6,4,"[  0.           0.           0.           0.         134.19265729
   0.        ]"
3,3,6,5,"[  0.           0.           0.           0.           0.
 145.78031042]"
3,3,7,0,[68.97092223  0.          0.          0.          0.          0.        ]
3,3,7,1,[ 0.         87.70322885  0.          0.          0.          0.        ]
3,3,7,2,"[  0.           0.         116.17780178   0.           0.
   0.        ]"
3,3,7,3,"[  0.           0.           0.         127.50482911   0.
   0.        ]"
3,3,7,4,[  0.          0.          0.          0.        134.0185366   0.       ]
3,3,7,5,"[  0.           0.           0.           0.           0.
 142.06691642]"
3,4,0,0,[77.20561996  0.          0.          0.          0.          0.        ]
3,4,0,1,[ 0.         83.39887988  0.          0.          0.          0.        ]
3,4,0,2,[ 0.          0.         97.21070338  0.          0.          0.        ]
3,4,0,3,"[  0.           0.           0.         120.65923043   0.
   0.        ]"
3,4,0,4,"[  0.           0.           0.           0.         133.39877319
   0.        ]"
3,4,0,5,"[  0.           0.           0.           0.           0.
 139.73519565]"
3,4,1,0,[69.74733918  0.          0.          0.          0.          0.        ]
3,4,1,1,[ 0.         73.94063202  0.          0.          0.          0.        ]
3,4,1,2,[ 0.          0.         96.08252717  0.          0.          0.        ]
3,4,1,3,"[  0.           0.           0.         120.16751429   0.
   0.        ]"
3,4,1,4,[  0.          0.          0.          0.        133.8658502   0.       ]
3,4,1,5,"[  0.           0.           0.           0.           0.
 141.40510227]"
3,4,2,0,[69.00091076  0.          0.          0.          0.          0.        ]
3,4,2,1,[ 0.         68.25623724  0.          0.          0.          0.        ]
3,4,2,2,[ 0.         0.        97.8759716  0.         0.         0.       ]
3,4,2,3,"[  0.           0.           0.         120.68344131   0.
   0.        ]"
3,4,2,4,"[  0.           0.           0.           0.         129.00805675
   0.        ]"
3,4,2,5,"[  0.           0.           0.           0.           0.
 142.55769583]"
3,4,3,0,[77.9667851  0.         0.         0.         0.         0.       ]
3,4,3,1,[ 0.         79.24621874  0.          0.          0.          0.        ]
3,4,3,2,[ 0.          0.         95.86900949  0.          0.          0.        ]
3,4,3,3,"[  0.           0.           0.         120.74406791   0.
   0.        ]"
3,4,3,4,"[  0.           0.           0.           0.         134.28130212
   0.        ]"
3,4,3,5,[  0.          0.          0.          0.          0.        142.7124206]
3,4,4,0,[73.41459526  0.          0.          0.          0.          0.        ]
3,4,4,1,[ 0.         84.94949859  0.          0.          0.          0.        ]
3,4,4,2,[ 0.         0.        96.8397553  0.         0.         0.       ]
3,4,4,3,"[  0.           0.           0.         120.71149778   0.
   0.        ]"
3,4,4,4,"[  0.           0.           0.           0.         134.47765546
   0.        ]"
3,4,4,5,"[  0.           0.           0.           0.           0.
 141.39916254]"
3,4,5,0,[76.49691941  0.          0.          0.          0.          0.        ]
3,4,5,1,[ 0.         83.23178505  0.          0.          0.          0.        ]
3,4,5,2,[ 0.          0.         96.28655375  0.          0.          0.        ]
3,4,5,3,"[  0.           0.           0.         120.72189205   0.
   0.        ]"
3,4,5,4,"[  0.           0.           0.           0.         134.97145258
   0.        ]"
3,4,5,5,"[  0.           0.           0.           0.           0.
 141.86808105]"
3,4,6,0,[74.78163683  0.          0.          0.          0.          0.        ]
3,4,6,1,[ 0.         69.77262106  0.          0.          0.          0.        ]
3,4,6,2,[  0.          0.        103.1912945   0.          0.          0.       ]
3,4,6,3,[  0.         0.         0.       119.360771   0.         0.      ]
3,4,6,4,"[  0.           0.           0.           0.         134.27979945
   0.        ]"
3,4,6,5,"[  0.           0.           0.           0.           0.
 138.53004589]"
3,4,7,0,[84.02616312  0.          0.          0.          0.          0.        ]
3,4,7,1,[ 0.        86.5276557  0.         0.         0.         0.       ]
3,4,7,2,"[  0.           0.         100.14563217   0.           0.
   0.        ]"
3,4,7,3,"[  0.           0.           0.         119.95142901   0.
   0.        ]"
3,4,7,4,"[  0.           0.           0.           0.         134.44492229
   0.        ]"
3,4,7,5,"[  0.           0.           0.           0.           0.
 135.81172552]"
3,5,0,0,[77.79629777  0.          0.          0.          0.          0.        ]
3,5,0,1,[ 0.         87.09000607  0.          0.          0.          0.        ]
3,5,0,2,[ 0.          0.         80.54221307  0.          0.          0.        ]
3,5,0,3,"[  0.           0.           0.         105.68845692   0.
   0.        ]"
3,5,0,4,"[  0.           0.           0.           0.         129.82806873
   0.        ]"
3,5,0,5,"[  0.           0.           0.           0.           0.
 139.56156212]"
3,5,1,0,[82.16356879  0.          0.          0.          0.          0.        ]
3,5,1,1,[ 0.         73.43026764  0.          0.          0.          0.        ]
3,5,1,2,[ 0.          0.         79.53295622  0.          0.          0.        ]
3,5,1,3,"[  0.           0.           0.         105.67236839   0.
   0.        ]"
3,5,1,4,"[  0.           0.           0.           0.         128.91887625
   0.        ]"
3,5,1,5,[  0.          0.          0.          0.          0.        143.2909986]
3,5,2,0,[84.14876724  0.          0.          0.          0.          0.        ]
3,5,2,1,[ 0.         75.61499527  0.          0.          0.          0.        ]
3,5,2,2,[ 0.          0.         84.35354716  0.          0.          0.        ]
3,5,2,3,"[  0.           0.           0.         108.78607863   0.
   0.        ]"
3,5,2,4,"[  0.           0.           0.           0.         119.05080306
   0.        ]"
3,5,2,5,"[  0.           0.           0.           0.           0.
 143.25358724]"
3,5,3,0,[77.27913407  0.          0.          0.          0.          0.        ]
3,5,3,1,[ 0.       76.817542  0.        0.        0.        0.      ]
3,5,3,2,[ 0.          0.         77.17398315  0.          0.          0.        ]
3,5,3,3,"[  0.           0.           0.         105.70206265   0.
   0.        ]"
3,5,3,4,"[  0.           0.           0.           0.         129.48063445
   0.        ]"
3,5,3,5,"[  0.           0.           0.           0.           0.
 142.96546296]"
3,5,4,0,[75.68810276  0.          0.          0.          0.          0.        ]
3,5,4,1,[ 0.         86.98218131  0.          0.          0.          0.        ]
3,5,4,2,[ 0.          0.         76.37298301  0.          0.          0.        ]
3,5,4,3,"[  0.           0.           0.         105.07420095   0.
   0.        ]"
3,5,4,4,"[  0.           0.           0.           0.         130.03047472
   0.        ]"
3,5,4,5,[  0.          0.          0.          0.          0.        138.1275627]
3,5,5,0,[74.81040072  0.          0.          0.          0.          0.        ]
3,5,5,1,[ 0.         77.70737056  0.          0.          0.          0.        ]
3,5,5,2,[ 0.         0.        76.7404279  0.         0.         0.       ]
3,5,5,3,[  0.          0.          0.        105.1694787   0.          0.       ]
3,5,5,4,"[  0.           0.           0.           0.         127.38694405
   0.        ]"
3,5,5,5,"[  0.           0.           0.           0.           0.
 143.06012191]"
3,5,6,0,[80.53580658  0.          0.          0.          0.          0.        ]
3,5,6,1,[ 0.         80.78147941  0.          0.          0.          0.        ]
3,5,6,2,[ 0.          0.         76.08008663  0.          0.          0.        ]
3,5,6,3,"[  0.           0.           0.         104.78753532   0.
   0.        ]"
3,5,6,4,"[  0.           0.           0.           0.         129.39338323
   0.        ]"
3,5,6,5,"[  0.           0.           0.           0.           0.
 141.36060578]"
3,5,7,0,[80.5016246  0.         0.         0.         0.         0.       ]
3,5,7,1,[ 0.         74.09271761  0.          0.          0.          0.        ]
3,5,7,2,[ 0.          0.         76.78961315  0.          0.          0.        ]
3,5,7,3,"[  0.           0.           0.         105.66605791   0.
   0.        ]"
3,5,7,4,"[  0.           0.           0.           0.         128.73790188
   0.        ]"
3,5,7,5,[  0.         0.         0.         0.         0.       133.908006]
3,6,0,0,[75.27712638  0.          0.          0.          0.          0.        ]
3,6,0,1,[ 0.         80.05941991  0.          0.          0.          0.        ]
3,6,0,2,[ 0.          0.         87.44419404  0.          0.          0.        ]
3,6,0,3,[ 0.          0.          0.         85.53014075  0.          0.        ]
3,6,0,4,"[  0.           0.           0.           0.         110.67756519
   0.        ]"
3,6,0,5,"[  0.           0.           0.           0.           0.
 136.69114064]"
3,6,1,0,[81.7471739  0.         0.         0.         0.         0.       ]
3,6,1,1,[ 0.         78.37006198  0.          0.          0.          0.        ]
3,6,1,2,[ 0.          0.         80.75949674  0.          0.          0.        ]
3,6,1,3,[ 0.          0.          0.         84.93839906  0.          0.        ]
3,6,1,4,"[  0.           0.           0.           0.         114.02622173
   0.        ]"
3,6,1,5,"[  0.           0.           0.           0.           0.
 138.32063476]"
3,6,2,0,[84.5241753  0.         0.         0.         0.         0.       ]
3,6,2,1,[ 0.         78.35521936  0.          0.          0.          0.        ]
3,6,2,2,[ 0.          0.         83.49723666  0.          0.          0.        ]
3,6,2,3,[ 0.          0.          0.         86.62354813  0.          0.        ]
3,6,2,4,"[  0.           0.           0.           0.         113.56734476
   0.        ]"
3,6,2,5,"[  0.           0.           0.           0.           0.
 134.83300995]"
3,6,3,0,[78.05473812  0.          0.          0.          0.          0.        ]
3,6,3,1,[ 0.         81.90480936  0.          0.          0.          0.        ]
3,6,3,2,[ 0.         0.        85.5438345  0.         0.         0.       ]
3,6,3,3,[ 0.          0.          0.         84.69290685  0.          0.        ]
3,6,3,4,"[  0.           0.           0.           0.         108.55045047
   0.        ]"
3,6,3,5,"[  0.           0.           0.           0.           0.
 135.65066158]"
3,6,4,0,[80.57997215  0.          0.          0.          0.          0.        ]
3,6,4,1,[ 0.         78.89027993  0.          0.          0.          0.        ]
3,6,4,2,[ 0.         0.        81.9023968  0.         0.         0.       ]
3,6,4,3,[ 0.          0.          0.         92.32613471  0.          0.        ]
3,6,4,4,"[  0.           0.           0.           0.         114.19886359
   0.        ]"
3,6,4,5,"[  0.           0.           0.           0.           0.
 133.80679592]"
3,6,5,0,[74.27641315  0.          0.          0.          0.          0.        ]
3,6,5,1,[ 0.        77.7498448  0.         0.         0.         0.       ]
3,6,5,2,[ 0.          0.         82.48863136  0.          0.          0.        ]
3,6,5,3,[ 0.          0.          0.         84.69607576  0.          0.        ]
3,6,5,4,"[  0.           0.           0.           0.         113.87444412
   0.        ]"
3,6,5,5,"[  0.           0.           0.           0.           0.
 131.58908794]"
3,6,6,0,[82.23558798  0.          0.          0.          0.          0.        ]
3,6,6,1,[ 0.         80.18595039  0.          0.          0.          0.        ]
3,6,6,2,[ 0.          0.         81.89207262  0.          0.          0.        ]
3,6,6,3,[ 0.          0.          0.         85.32558636  0.          0.        ]
3,6,6,4,"[  0.           0.           0.           0.         106.93317689
   0.        ]"
3,6,6,5,"[  0.           0.           0.           0.           0.
 134.12989829]"
3,6,7,0,[81.53782609  0.          0.          0.          0.          0.        ]
3,6,7,1,[ 0.         89.30290569  0.          0.          0.          0.        ]
3,6,7,2,[ 0.          0.         81.46942582  0.          0.          0.        ]
3,6,7,3,[ 0.          0.          0.         85.28918867  0.          0.        ]
3,6,7,4,"[  0.           0.           0.           0.         113.39616426
   0.        ]"
3,6,7,5,"[  0.           0.           0.           0.           0.
 136.07423949]"
3,7,0,0,[84.96508873  0.          0.          0.          0.          0.        ]
3,7,0,1,[ 0.         83.04593602  0.          0.          0.          0.        ]
3,7,0,2,[ 0.          0.         86.44608855  0.          0.          0.        ]
3,7,0,3,[ 0.          0.          0.         90.28844285  0.          0.        ]
3,7,0,4,[ 0.         0.         0.         0.        94.6781233  0.       ]
3,7,0,5,"[  0.           0.           0.           0.           0.
 119.30983336]"
3,7,1,0,[84.27163198  0.          0.          0.          0.          0.        ]
3,7,1,1,[ 0.         83.14007326  0.          0.          0.          0.        ]
3,7,1,2,[ 0.          0.         85.82669534  0.          0.          0.        ]
3,7,1,3,[ 0.          0.          0.         89.59165364  0.          0.        ]
3,7,1,4,[ 0.          0.          0.          0.         93.18095094  0.        ]
3,7,1,5,[  0.          0.          0.          0.          0.        121.4347556]
3,7,2,0,[81.85692819  0.          0.          0.          0.          0.        ]
3,7,2,1,[ 0.        85.6053138  0.         0.         0.         0.       ]
3,7,2,2,[ 0.          0.         84.93701016  0.          0.          0.        ]
3,7,2,3,[ 0.          0.          0.         90.30659822  0.          0.        ]
3,7,2,4,[ 0.          0.          0.          0.         93.56124175  0.        ]
3,7,2,5,"[  0.           0.           0.           0.           0.
 118.56434102]"
3,7,3,0,[78.99107736  0.          0.          0.          0.          0.        ]
3,7,3,1,[ 0.         85.60913923  0.          0.          0.          0.        ]
3,7,3,2,[ 0.          0.         85.79385675  0.          0.          0.        ]
3,7,3,3,[ 0.         0.         0.        90.3196323  0.         0.       ]
3,7,3,4,[ 0.          0.          0.          0.         93.64096728  0.        ]
3,7,3,5,"[  0.           0.           0.           0.           0.
 121.88155365]"
3,7,4,0,[83.58928446  0.          0.          0.          0.          0.        ]
3,7,4,1,[ 0.         81.99069633  0.          0.          0.          0.        ]
3,7,4,2,[ 0.          0.         85.79425918  0.          0.          0.        ]
3,7,4,3,[ 0.          0.          0.         89.98576618  0.          0.        ]
3,7,4,4,[ 0.          0.          0.          0.         93.49725983  0.        ]
3,7,4,5,"[  0.           0.           0.           0.           0.
 117.37482673]"
3,7,5,0,[82.8041801  0.         0.         0.         0.         0.       ]
3,7,5,1,[ 0.         84.00316228  0.          0.          0.          0.        ]
3,7,5,2,[ 0.          0.         85.88568876  0.          0.          0.        ]
3,7,5,3,[ 0.          0.          0.         90.60258304  0.          0.        ]
3,7,5,4,[ 0.          0.          0.          0.         93.83101683  0.        ]
3,7,5,5,"[  0.           0.           0.           0.           0.
 112.86924792]"
3,7,6,0,[89.62188233  0.          0.          0.          0.          0.        ]
3,7,6,1,[ 0.         82.25537206  0.          0.          0.          0.        ]
3,7,6,2,[ 0.          0.         85.08701734  0.          0.          0.        ]
3,7,6,3,[ 0.          0.          0.         90.90032774  0.          0.        ]
3,7,6,4,[ 0.          0.          0.          0.         94.35337394  0.        ]
3,7,6,5,"[  0.           0.           0.           0.           0.
 118.66662952]"
3,7,7,0,[79.83281153  0.          0.          0.          0.          0.        ]
3,7,7,1,[ 0.         83.18729146  0.          0.          0.          0.        ]
3,7,7,2,[ 0.          0.         86.23842893  0.          0.          0.        ]
3,7,7,3,[ 0.          0.          0.         90.34877234  0.          0.        ]
3,7,7,4,[ 0.          0.          0.          0.         93.69630889  0.        ]
3,7,7,5,"[  0.           0.           0.           0.           0.
 117.52881136]"
4,0,0,0,"[113.14099582   0.           0.           0.           0.
   0.        ]"
4,0,0,1,"[  0.         121.66919543   0.           0.           0.
   0.        ]"
4,0,0,2,"[  0.           0.         135.94933678   0.           0.
   0.        ]"
4,0,0,3,"[  0.           0.           0.         160.30402527   0.
   0.        ]"
4,0,0,4,"[  0.           0.           0.           0.         141.34253657
   0.        ]"
4,0,0,5,"[  0.           0.           0.           0.           0.
 124.12404627]"
4,0,1,0,"[119.90037548   0.           0.           0.           0.
   0.        ]"
4,0,1,1,"[  0.         123.60683858   0.           0.           0.
   0.        ]"
4,0,1,2,"[  0.           0.         136.25159119   0.           0.
   0.        ]"
4,0,1,3,"[  0.           0.           0.         158.67403828   0.
   0.        ]"
4,0,1,4,"[  0.           0.           0.           0.         143.74147289
   0.        ]"
4,0,1,5,"[  0.           0.           0.           0.           0.
 127.83400422]"
4,0,2,0,"[117.35261127   0.           0.           0.           0.
   0.        ]"
4,0,2,1,"[  0.         121.33789882   0.           0.           0.
   0.        ]"
4,0,2,2,"[  0.           0.         137.05265799   0.           0.
   0.        ]"
4,0,2,3,"[  0.           0.           0.         160.78652701   0.
   0.        ]"
4,0,2,4,"[  0.           0.           0.           0.         141.46513642
   0.        ]"
4,0,2,5,"[  0.           0.           0.           0.           0.
 124.98511818]"
4,0,3,0,"[116.42133974   0.           0.           0.           0.
   0.        ]"
4,0,3,1,"[  0.         121.79110408   0.           0.           0.
   0.        ]"
4,0,3,2,"[  0.           0.         137.14485974   0.           0.
   0.        ]"
4,0,3,3,"[  0.           0.           0.         160.45577224   0.
   0.        ]"
4,0,3,4,"[  0.           0.           0.           0.         141.31877633
   0.        ]"
4,0,3,5,"[  0.           0.           0.           0.           0.
 123.44244434]"
4,0,4,0,"[115.64173075   0.           0.           0.           0.
   0.        ]"
4,0,4,1,"[  0.         127.28762319   0.           0.           0.
   0.        ]"
4,0,4,2,"[  0.           0.         137.15595568   0.           0.
   0.        ]"
4,0,4,3,"[  0.           0.           0.         160.97535368   0.
   0.        ]"
4,0,4,4,"[  0.           0.           0.           0.         143.43532588
   0.        ]"
4,0,4,5,"[  0.           0.           0.           0.           0.
 129.91629295]"
4,0,5,0,"[118.09716944   0.           0.           0.           0.
   0.        ]"
4,0,5,1,"[  0.         129.24318455   0.           0.           0.
   0.        ]"
4,0,5,2,"[  0.           0.         137.83108628   0.           0.
   0.        ]"
4,0,5,3,"[  0.           0.           0.         157.65466256   0.
   0.        ]"
4,0,5,4,"[  0.           0.           0.           0.         141.36996335
   0.        ]"
4,0,5,5,"[  0.           0.           0.           0.           0.
 123.70134363]"
4,0,6,0,"[120.93942159   0.           0.           0.           0.
   0.        ]"
4,0,6,1,"[  0.         129.61057967   0.           0.           0.
   0.        ]"
4,0,6,2,"[  0.           0.         172.71336086   0.           0.
   0.        ]"
4,0,6,3,[  0.          0.          0.        208.6686976   0.          0.       ]
4,0,6,4,"[  0.           0.           0.           0.         217.20133495
   0.        ]"
4,0,6,5,"[  0.           0.           0.           0.           0.
 122.59508369]"
4,0,7,0,"[117.28337623   0.           0.           0.           0.
   0.        ]"
4,0,7,1,"[  0.         133.48023648   0.           0.           0.
   0.        ]"
4,0,7,2,"[  0.           0.         142.65352242   0.           0.
   0.        ]"
4,0,7,3,"[  0.           0.           0.         191.15540436   0.
   0.        ]"
4,0,7,4,"[  0.           0.           0.           0.         189.68143172
   0.        ]"
4,0,7,5,"[  0.           0.           0.           0.           0.
 200.16508438]"
4,1,0,0,"[115.38346104   0.           0.           0.           0.
   0.        ]"
4,1,0,1,"[  0.         123.96520353   0.           0.           0.
   0.        ]"
4,1,0,2,"[  0.           0.         128.04940232   0.           0.
   0.        ]"
4,1,0,3,"[  0.           0.           0.         149.26503903   0.
   0.        ]"
4,1,0,4,"[  0.           0.           0.           0.         170.02989593
   0.        ]"
4,1,0,5,"[  0.           0.           0.           0.           0.
 149.58271625]"
4,1,1,0,"[117.12792434   0.           0.           0.           0.
   0.        ]"
4,1,1,1,"[  0.         124.40394575   0.           0.           0.
   0.        ]"
4,1,1,2,[  0.          0.        127.5227296   0.          0.          0.       ]
4,1,1,3,"[  0.           0.           0.         144.24222881   0.
   0.        ]"
4,1,1,4,"[  0.           0.           0.           0.         169.73260637
   0.        ]"
4,1,1,5,"[  0.           0.           0.           0.           0.
 150.14511511]"
4,1,2,0,"[119.07754775   0.           0.           0.           0.
   0.        ]"
4,1,2,1,"[  0.         130.78407498   0.           0.           0.
   0.        ]"
4,1,2,2,"[  0.           0.         133.47771939   0.           0.
   0.        ]"
4,1,2,3,"[  0.           0.           0.         145.62876835   0.
   0.        ]"
4,1,2,4,"[  0.           0.           0.           0.         168.58779819
   0.        ]"
4,1,2,5,"[  0.           0.           0.           0.           0.
 149.86897269]"
4,1,3,0,"[117.33381211   0.           0.           0.           0.
   0.        ]"
4,1,3,1,"[  0.         123.23373456   0.           0.           0.
   0.        ]"
4,1,3,2,"[  0.           0.         127.87560141   0.           0.
   0.        ]"
4,1,3,3,"[  0.           0.           0.         145.36730514   0.
   0.        ]"
4,1,3,4,"[  0.           0.           0.           0.         169.82492004
   0.        ]"
4,1,3,5,"[  0.           0.           0.           0.           0.
 150.21950611]"
4,1,4,0,"[117.33159049   0.           0.           0.           0.
   0.        ]"
4,1,4,1,"[  0.         117.37776693   0.           0.           0.
   0.        ]"
4,1,4,2,"[  0.           0.         136.42404212   0.           0.
   0.        ]"
4,1,4,3,"[  0.           0.           0.         148.79449787   0.
   0.        ]"
4,1,4,4,"[  0.           0.           0.           0.         169.60971797
   0.        ]"
4,1,4,5,[  0.         0.         0.         0.         0.       150.009088]
4,1,5,0,"[117.79916655   0.           0.           0.           0.
   0.        ]"
4,1,5,1,"[  0.         131.99633754   0.           0.           0.
   0.        ]"
4,1,5,2,"[  0.           0.         129.96254624   0.           0.
   0.        ]"
4,1,5,3,[  0.          0.          0.        145.4855537   0.          0.       ]
4,1,5,4,"[  0.           0.           0.           0.         169.96457248
   0.        ]"
4,1,5,5,"[  0.           0.           0.           0.           0.
 147.16813581]"
4,1,6,0,"[134.75148165   0.           0.           0.           0.
   0.        ]"
4,1,6,1,"[  0.         133.18393921   0.           0.           0.
   0.        ]"
4,1,6,2,[  0.          0.        131.4130911   0.          0.          0.       ]
4,1,6,3,"[  0.           0.           0.         175.76630899   0.
   0.        ]"
4,1,6,4,"[  0.           0.           0.           0.         219.35953182
   0.        ]"
4,1,6,5,"[  0.           0.           0.           0.           0.
 220.78974078]"
4,1,7,0,"[134.45697746   0.           0.           0.           0.
   0.        ]"
4,1,7,1,"[  0.         119.76504713   0.           0.           0.
   0.        ]"
4,1,7,2,"[  0.           0.         131.13802992   0.           0.
   0.        ]"
4,1,7,3,"[  0.           0.           0.         147.58934101   0.
   0.        ]"
4,1,7,4,[  0.          0.          0.          0.        197.3749995   0.       ]
4,1,7,5,"[  0.           0.           0.           0.           0.
 200.21816738]"
4,2,0,0,"[120.40013522   0.           0.           0.           0.
   0.        ]"
4,2,0,1,"[  0.         117.46038148   0.           0.           0.
   0.        ]"
4,2,0,2,"[  0.           0.         127.36805058   0.           0.
   0.        ]"
4,2,0,3,"[  0.           0.           0.         136.71661128   0.
   0.        ]"
4,2,0,4,"[  0.           0.           0.           0.         153.81587757
   0.        ]"
4,2,0,5,"[  0.           0.           0.           0.           0.
 170.15029171]"
4,2,1,0,"[127.22576536   0.           0.           0.           0.
   0.        ]"
4,2,1,1,"[  0.         124.60347763   0.           0.           0.
   0.        ]"
4,2,1,2,"[  0.           0.         127.58334552   0.           0.
   0.        ]"
4,2,1,3,"[  0.           0.           0.         136.97670691   0.
   0.        ]"
4,2,1,4,"[  0.           0.           0.           0.         154.74999563
   0.        ]"
4,2,1,5,"[  0.           0.           0.           0.           0.
 177.56543336]"
4,2,2,0,"[116.60752076   0.           0.           0.           0.
   0.        ]"
4,2,2,1,[  0.        120.1693615   0.          0.          0.          0.       ]
4,2,2,2,"[  0.           0.         131.49687183   0.           0.
   0.        ]"
4,2,2,3,"[  0.           0.           0.         135.70874613   0.
   0.        ]"
4,2,2,4,"[  0.           0.           0.           0.         154.51006203
   0.        ]"
4,2,2,5,"[  0.           0.           0.           0.           0.
 173.63066196]"
4,2,3,0,"[108.74607817   0.           0.           0.           0.
   0.        ]"
4,2,3,1,"[  0.         133.13950362   0.           0.           0.
   0.        ]"
4,2,3,2,"[  0.           0.         126.41219311   0.           0.
   0.        ]"
4,2,3,3,"[  0.           0.           0.         132.85673515   0.
   0.        ]"
4,2,3,4,"[  0.           0.           0.           0.         154.71611059
   0.        ]"
4,2,3,5,"[  0.           0.           0.           0.           0.
 168.23591654]"
4,2,4,0,"[116.69271266   0.           0.           0.           0.
   0.        ]"
4,2,4,1,"[  0.         124.59090285   0.           0.           0.
   0.        ]"
4,2,4,2,"[  0.           0.         128.75714953   0.           0.
   0.        ]"
4,2,4,3,"[  0.           0.           0.         137.42707978   0.
   0.        ]"
4,2,4,4,[  0.          0.          0.          0.        154.2552054   0.       ]
4,2,4,5,"[  0.           0.           0.           0.           0.
 178.92329067]"
4,2,5,0,"[110.75504616   0.           0.           0.           0.
   0.        ]"
4,2,5,1,"[  0.         119.84250246   0.           0.           0.
   0.        ]"
4,2,5,2,"[  0.           0.         130.15142922   0.           0.
   0.        ]"
4,2,5,3,"[  0.           0.           0.         136.69909153   0.
   0.        ]"
4,2,5,4,"[  0.           0.           0.           0.         153.87500258
   0.        ]"
4,2,5,5,"[  0.           0.           0.           0.           0.
 178.02988762]"
4,2,6,0,"[131.68416212   0.           0.           0.           0.
   0.        ]"
4,2,6,1,"[  0.         123.23353471   0.           0.           0.
   0.        ]"
4,2,6,2,"[  0.           0.         128.32870031   0.           0.
   0.        ]"
4,2,6,3,"[  0.           0.           0.         138.94958619   0.
   0.        ]"
4,2,6,4,"[  0.           0.           0.           0.         184.27767507
   0.        ]"
4,2,6,5,"[  0.           0.           0.           0.           0.
 227.56254208]"
4,2,7,0,"[105.07197017   0.           0.           0.           0.
   0.        ]"
4,2,7,1,"[  0.         123.20555088   0.           0.           0.
   0.        ]"
4,2,7,2,"[  0.           0.         132.00225205   0.           0.
   0.        ]"
4,2,7,3,"[  0.           0.           0.         136.88105511   0.
   0.        ]"
4,2,7,4,"[  0.           0.           0.           0.         155.05643152
   0.        ]"
4,2,7,5,[  0.          0.          0.          0.          0.        207.9737801]
4,3,0,0,"[102.40961325   0.           0.           0.           0.
   0.        ]"
4,3,0,1,"[  0.         113.68594177   0.           0.           0.
   0.        ]"
4,3,0,2,[  0.          0.        125.2525899   0.          0.          0.       ]
4,3,0,3,"[  0.           0.           0.         135.52948118   0.
   0.        ]"
4,3,0,4,"[  0.           0.           0.           0.         145.78379754
   0.        ]"
4,3,0,5,"[  0.           0.           0.           0.           0.
 163.38640306]"
4,3,1,0,"[102.14115326   0.           0.           0.           0.
   0.        ]"
4,3,1,1,"[  0.         120.63761909   0.           0.           0.
   0.        ]"
4,3,1,2,"[  0.           0.         131.01921679   0.           0.
   0.        ]"
4,3,1,3,"[  0.           0.           0.         135.75557939   0.
   0.        ]"
4,3,1,4,"[  0.           0.           0.           0.         145.91697806
   0.        ]"
4,3,1,5,"[  0.           0.           0.           0.           0.
 163.25288459]"
4,3,2,0,"[107.91445191   0.           0.           0.           0.
   0.        ]"
4,3,2,1,"[  0.         114.43580383   0.           0.           0.
   0.        ]"
4,3,2,2,"[  0.           0.         127.78395041   0.           0.
   0.        ]"
4,3,2,3,"[  0.           0.           0.         135.91432965   0.
   0.        ]"
4,3,2,4,"[  0.           0.           0.           0.         146.26258217
   0.        ]"
4,3,2,5,"[  0.           0.           0.           0.           0.
 162.50752973]"
4,3,3,0,[93.54213485  0.          0.          0.          0.          0.        ]
4,3,3,1,"[  0.         115.56287278   0.           0.           0.
   0.        ]"
4,3,3,2,"[  0.           0.         127.14346762   0.           0.
   0.        ]"
4,3,3,3,"[  0.           0.           0.         135.16126316   0.
   0.        ]"
4,3,3,4,"[  0.           0.           0.           0.         145.80351654
   0.        ]"
4,3,3,5,"[  0.           0.           0.           0.           0.
 162.06471208]"
4,3,4,0,"[100.54861763   0.           0.           0.           0.
   0.        ]"
4,3,4,1,"[  0.         118.85994643   0.           0.           0.
   0.        ]"
4,3,4,2,"[  0.           0.         125.63380532   0.           0.
   0.        ]"
4,3,4,3,"[  0.           0.           0.         135.11181363   0.
   0.        ]"
4,3,4,4,"[  0.           0.           0.           0.         145.96272264
   0.        ]"
4,3,4,5,"[  0.           0.           0.           0.           0.
 160.93386312]"
4,3,5,0,[89.24695967  0.          0.          0.          0.          0.        ]
4,3,5,1,[  0.       120.005687   0.         0.         0.         0.      ]
4,3,5,2,"[  0.           0.         128.24726494   0.           0.
   0.        ]"
4,3,5,3,"[  0.           0.           0.         133.52138647   0.
   0.        ]"
4,3,5,4,"[  0.           0.           0.           0.         145.68055659
   0.        ]"
4,3,5,5,"[  0.           0.           0.           0.           0.
 156.18039117]"
4,3,6,0,[98.88492834  0.          0.          0.          0.          0.        ]
4,3,6,1,"[  0.         118.05425941   0.           0.           0.
   0.        ]"
4,3,6,2,"[  0.           0.         129.54786417   0.           0.
   0.        ]"
4,3,6,3,"[  0.           0.           0.         135.13070465   0.
   0.        ]"
4,3,6,4,[  0.          0.          0.          0.        147.4912646   0.       ]
4,3,6,5,[  0.          0.          0.          0.          0.        190.8030694]
4,3,7,0,"[100.50873952   0.           0.           0.           0.
   0.        ]"
4,3,7,1,"[  0.         117.94180291   0.           0.           0.
   0.        ]"
4,3,7,2,"[  0.           0.         128.25434754   0.           0.
   0.        ]"
4,3,7,3,"[  0.           0.           0.         135.22693986   0.
   0.        ]"
4,3,7,4,[  0.          0.          0.          0.        145.6234207   0.       ]
4,3,7,5,[  0.          0.          0.          0.          0.        161.3250058]
4,4,0,0,[88.33516578  0.          0.          0.          0.          0.        ]
4,4,0,1,[ 0.         99.18869757  0.          0.          0.          0.        ]
4,4,0,2,[  0.          0.        121.4919053   0.          0.          0.       ]
4,4,0,3,"[  0.           0.           0.         135.42681624   0.
   0.        ]"
4,4,0,4,"[  0.           0.           0.           0.         144.14827376
   0.        ]"
4,4,0,5,"[  0.           0.           0.           0.           0.
 152.52749915]"
4,4,1,0,[82.80827518  0.          0.          0.          0.          0.        ]
4,4,1,1,"[  0.         105.73507064   0.           0.           0.
   0.        ]"
4,4,1,2,"[  0.           0.         124.01699842   0.           0.
   0.        ]"
4,4,1,3,"[  0.           0.           0.         135.62345674   0.
   0.        ]"
4,4,1,4,"[  0.           0.           0.           0.         144.11351074
   0.        ]"
4,4,1,5,"[  0.           0.           0.           0.           0.
 150.55905277]"
4,4,2,0,[90.8747124  0.         0.         0.         0.         0.       ]
4,4,2,1,"[  0.         103.91262738   0.           0.           0.
   0.        ]"
4,4,2,2,"[  0.           0.         123.93035465   0.           0.
   0.        ]"
4,4,2,3,"[  0.           0.           0.         134.88595465   0.
   0.        ]"
4,4,2,4,"[  0.           0.           0.           0.         144.08376496
   0.        ]"
4,4,2,5,"[  0.           0.           0.           0.           0.
 152.41463555]"
4,4,3,0,[83.40822805  0.          0.          0.          0.          0.        ]
4,4,3,1,"[  0.         105.81392653   0.           0.           0.
   0.        ]"
4,4,3,2,[  0.          0.        123.0404621   0.          0.          0.       ]
4,4,3,3,"[  0.           0.           0.         135.75228256   0.
   0.        ]"
4,4,3,4,"[  0.           0.           0.           0.         137.56183592
   0.        ]"
4,4,3,5,[  0.          0.          0.          0.          0.        151.0804118]
4,4,4,0,[75.82260625  0.          0.          0.          0.          0.        ]
4,4,4,1,"[  0.         104.13713552   0.           0.           0.
   0.        ]"
4,4,4,2,"[  0.           0.         124.62289639   0.           0.
   0.        ]"
4,4,4,3,"[  0.           0.           0.         133.81429113   0.
   0.        ]"
4,4,4,4,"[  0.           0.           0.           0.         144.09969093
   0.        ]"
4,4,4,5,"[  0.           0.           0.           0.           0.
 152.92683691]"
4,4,5,0,[79.58511736  0.          0.          0.          0.          0.        ]
4,4,5,1,[ 0.        98.6373469  0.         0.         0.         0.       ]
4,4,5,2,"[  0.           0.         121.86806345   0.           0.
   0.        ]"
4,4,5,3,"[  0.           0.           0.         135.97528498   0.
   0.        ]"
4,4,5,4,"[  0.           0.           0.           0.         144.00753292
   0.        ]"
4,4,5,5,"[  0.           0.           0.           0.           0.
 154.09141833]"
4,4,6,0,[83.30790107  0.          0.          0.          0.          0.        ]
4,4,6,1,[ 0.         99.21418844  0.          0.          0.          0.        ]
4,4,6,2,"[  0.           0.         122.71758541   0.           0.
   0.        ]"
4,4,6,3,"[  0.           0.           0.         135.70144011   0.
   0.        ]"
4,4,6,4,"[  0.           0.           0.           0.         141.79276867
   0.        ]"
4,4,6,5,"[  0.           0.           0.           0.           0.
 156.49531598]"
4,4,7,0,[86.50868036  0.          0.          0.          0.          0.        ]
4,4,7,1,"[  0.         105.10466605   0.           0.           0.
   0.        ]"
4,4,7,2,"[  0.           0.         122.91399216   0.           0.
   0.        ]"
4,4,7,3,"[  0.           0.           0.         136.22868232   0.
   0.        ]"
4,4,7,4,"[  0.           0.           0.           0.         144.27513977
   0.        ]"
4,4,7,5,"[  0.           0.           0.           0.           0.
 153.57689828]"
4,5,0,0,[88.48292398  0.          0.          0.          0.          0.        ]
4,5,0,1,[ 0.         82.56163717  0.          0.          0.          0.        ]
4,5,0,2,"[  0.           0.         111.82805884   0.           0.
   0.        ]"
4,5,0,3,"[  0.           0.           0.         132.49746651   0.
   0.        ]"
4,5,0,4,"[  0.           0.           0.           0.         142.69497077
   0.        ]"
4,5,0,5,"[  0.           0.           0.           0.           0.
 152.54728899]"
4,5,1,0,[97.30387  0.       0.       0.       0.       0.     ]
4,5,1,1,[ 0.         86.26836592  0.          0.          0.          0.        ]
4,5,1,2,"[  0.           0.         111.29345769   0.           0.
   0.        ]"
4,5,1,3,"[  0.           0.           0.         128.27711859   0.
   0.        ]"
4,5,1,4,"[  0.           0.           0.           0.         141.81015134
   0.        ]"
4,5,1,5,"[  0.           0.           0.           0.           0.
 145.05436543]"
4,5,2,0,[92.19851389  0.          0.          0.          0.          0.        ]
4,5,2,1,[ 0.        81.7908738  0.         0.         0.         0.       ]
4,5,2,2,[  0.         0.       102.468477   0.         0.         0.      ]
4,5,2,3,"[  0.           0.           0.         130.43825146   0.
   0.        ]"
4,5,2,4,"[  0.           0.           0.           0.         144.40986382
   0.        ]"
4,5,2,5,"[  0.           0.           0.           0.           0.
 146.99702765]"
4,5,3,0,[76.73410205  0.          0.          0.          0.          0.        ]
4,5,3,1,[ 0.         79.08834111  0.          0.          0.          0.        ]
4,5,3,2,"[  0.           0.         109.21591841   0.           0.
   0.        ]"
4,5,3,3,"[  0.           0.           0.         130.82346472   0.
   0.        ]"
4,5,3,4,"[  0.           0.           0.           0.         144.15385557
   0.        ]"
4,5,3,5,"[  0.           0.           0.           0.           0.
 146.69501276]"
4,5,4,0,[92.3398825  0.         0.         0.         0.         0.       ]
4,5,4,1,[ 0.         90.75700266  0.          0.          0.          0.        ]
4,5,4,2,"[  0.           0.         105.80895241   0.           0.
   0.        ]"
4,5,4,3,[  0.          0.          0.        128.1852258   0.          0.       ]
4,5,4,4,"[  0.           0.           0.           0.         144.55076644
   0.        ]"
4,5,4,5,"[  0.           0.           0.           0.           0.
 151.16112188]"
4,5,5,0,[83.74083573  0.          0.          0.          0.          0.        ]
4,5,5,1,[ 0.         93.45808435  0.          0.          0.          0.        ]
4,5,5,2,"[  0.           0.         105.93993496   0.           0.
   0.        ]"
4,5,5,3,"[  0.           0.           0.         130.52664814   0.
   0.        ]"
4,5,5,4,"[  0.           0.           0.           0.         142.18788076
   0.        ]"
4,5,5,5,"[  0.           0.           0.           0.           0.
 152.09179358]"
4,5,6,0,[85.60761738  0.          0.          0.          0.          0.        ]
4,5,6,1,[ 0.         90.77516248  0.          0.          0.          0.        ]
4,5,6,2,"[  0.           0.         108.54230137   0.           0.
   0.        ]"
4,5,6,3,"[  0.           0.           0.         130.47340728   0.
   0.        ]"
4,5,6,4,"[  0.           0.           0.           0.         143.20054513
   0.        ]"
4,5,6,5,"[  0.           0.           0.           0.           0.
 151.95689476]"
4,5,7,0,[93.45352001  0.          0.          0.          0.          0.        ]
4,5,7,1,[ 0.         87.07034667  0.          0.          0.          0.        ]
4,5,7,2,"[  0.           0.         106.12241358   0.           0.
   0.        ]"
4,5,7,3,"[  0.           0.           0.         132.95944958   0.
   0.        ]"
4,5,7,4,"[  0.           0.           0.           0.         145.07302464
   0.        ]"
4,5,7,5,"[  0.           0.           0.           0.           0.
 144.99175425]"
4,6,0,0,[94.0207218  0.         0.         0.         0.         0.       ]
4,6,0,1,[ 0.        84.2307494  0.         0.         0.         0.       ]
4,6,0,2,[ 0.          0.         86.81294991  0.          0.          0.        ]
4,6,0,3,"[  0.           0.           0.         115.62451134   0.
   0.        ]"
4,6,0,4,"[  0.           0.           0.           0.         139.32621026
   0.        ]"
4,6,0,5,"[  0.           0.           0.           0.           0.
 137.29387739]"
4,6,1,0,[95.15505556  0.          0.          0.          0.          0.        ]
4,6,1,1,[ 0.         87.85005394  0.          0.          0.          0.        ]
4,6,1,2,[ 0.          0.         86.69309467  0.          0.          0.        ]
4,6,1,3,[  0.          0.          0.        113.1615236   0.          0.       ]
4,6,1,4,"[  0.           0.           0.           0.         139.71541842
   0.        ]"
4,6,1,5,"[  0.           0.           0.           0.           0.
 141.13910171]"
4,6,2,0,[83.24550693  0.          0.          0.          0.          0.        ]
4,6,2,1,"[  0.         101.02378224   0.           0.           0.
   0.        ]"
4,6,2,2,[ 0.          0.         87.88087567  0.          0.          0.        ]
4,6,2,3,"[  0.           0.           0.         116.66121784   0.
   0.        ]"
4,6,2,4,[  0.          0.          0.          0.        128.1065871   0.       ]
4,6,2,5,"[  0.           0.           0.           0.           0.
 152.92001351]"
4,6,3,0,[87.37935608  0.          0.          0.          0.          0.        ]
4,6,3,1,[ 0.         88.22566692  0.          0.          0.          0.        ]
4,6,3,2,[ 0.          0.         89.45405722  0.          0.          0.        ]
4,6,3,3,"[  0.           0.           0.         114.84702981   0.
   0.        ]"
4,6,3,4,"[  0.           0.           0.           0.         138.61664318
   0.        ]"
4,6,3,5,"[  0.           0.           0.           0.           0.
 147.74924428]"
4,6,4,0,[78.79622091  0.          0.          0.          0.          0.        ]
4,6,4,1,[ 0.         89.10175263  0.          0.          0.          0.        ]
4,6,4,2,[ 0.          0.         87.24462238  0.          0.          0.        ]
4,6,4,3,"[  0.           0.           0.         117.78320823   0.
   0.        ]"
4,6,4,4,"[  0.           0.           0.           0.         138.73803898
   0.        ]"
4,6,4,5,"[  0.           0.           0.           0.           0.
 151.44763437]"
4,6,5,0,[90.61319968  0.          0.          0.          0.          0.        ]
4,6,5,1,[ 0.         83.86674884  0.          0.          0.          0.        ]
4,6,5,2,[ 0.          0.         94.46933831  0.          0.          0.        ]
4,6,5,3,"[  0.           0.           0.         115.27025079   0.
   0.        ]"
4,6,5,4,"[  0.           0.           0.           0.         137.61306755
   0.        ]"
4,6,5,5,"[  0.           0.           0.           0.           0.
 152.87624209]"
4,6,6,0,[83.99605208  0.          0.          0.          0.          0.        ]
4,6,6,1,[ 0.         91.75022091  0.          0.          0.          0.        ]
4,6,6,2,[ 0.          0.         86.59775876  0.          0.          0.        ]
4,6,6,3,"[  0.           0.           0.         114.24620772   0.
   0.        ]"
4,6,6,4,"[  0.           0.           0.           0.         139.13664137
   0.        ]"
4,6,6,5,"[  0.           0.           0.           0.           0.
 143.24036993]"
4,6,7,0,[79.81473355  0.          0.          0.          0.          0.        ]
4,6,7,1,[ 0.         91.53905142  0.          0.          0.          0.        ]
4,6,7,2,[ 0.          0.         87.91827707  0.          0.          0.        ]
4,6,7,3,"[  0.           0.           0.         117.91575345   0.
   0.        ]"
4,6,7,4,"[  0.           0.           0.           0.         140.37598041
   0.        ]"
4,6,7,5,"[  0.           0.           0.           0.           0.
 144.49813935]"
4,7,0,0,[90.17374649  0.          0.          0.          0.          0.        ]
4,7,0,1,[ 0.         91.65094738  0.          0.          0.          0.        ]
4,7,0,2,[ 0.          0.         93.38161048  0.          0.          0.        ]
4,7,0,3,[ 0.          0.          0.         95.97805967  0.          0.        ]
4,7,0,4,"[  0.           0.           0.           0.         124.13718778
   0.        ]"
4,7,0,5,"[  0.           0.           0.           0.           0.
 146.37111599]"
4,7,1,0,[86.00340758  0.          0.          0.          0.          0.        ]
4,7,1,1,[ 0.         94.71569396  0.          0.          0.          0.        ]
4,7,1,2,[ 0.         0.        99.3405433  0.         0.         0.       ]
4,7,1,3,[ 0.          0.          0.         99.03609304  0.          0.        ]
4,7,1,4,"[  0.           0.           0.           0.         123.59027857
   0.        ]"
4,7,1,5,"[  0.           0.           0.           0.           0.
 145.16425034]"
4,7,2,0,[89.82067433  0.          0.          0.          0.          0.        ]
4,7,2,1,[ 0.         89.59670295  0.          0.          0.          0.        ]
4,7,2,2,[ 0.          0.         90.67919207  0.          0.          0.        ]
4,7,2,3,[ 0.          0.          0.         94.67846592  0.          0.        ]
4,7,2,4,"[  0.           0.           0.           0.         121.81611301
   0.        ]"
4,7,2,5,"[  0.           0.           0.           0.           0.
 144.69576906]"
4,7,3,0,[99.84131688  0.          0.          0.          0.          0.        ]
4,7,3,1,[ 0.         88.29933692  0.          0.          0.          0.        ]
4,7,3,2,[ 0.          0.         94.02011199  0.          0.          0.        ]
4,7,3,3,[ 0.          0.          0.         93.89965082  0.          0.        ]
4,7,3,4,"[  0.           0.           0.           0.         123.94643328
   0.        ]"
4,7,3,5,"[  0.           0.           0.           0.           0.
 145.01158423]"
4,7,4,0,[89.33582251  0.          0.          0.          0.          0.        ]
4,7,4,1,[ 0.         87.60685346  0.          0.          0.          0.        ]
4,7,4,2,[ 0.          0.         92.91712654  0.          0.          0.        ]
4,7,4,3,"[  0.           0.           0.         100.86783586   0.
   0.        ]"
4,7,4,4,"[  0.           0.           0.           0.         121.91951132
   0.        ]"
4,7,4,5,"[  0.           0.           0.           0.           0.
 147.96834477]"
4,7,5,0,[99.37837667  0.          0.          0.          0.          0.        ]
4,7,5,1,[ 0.         92.43354746  0.          0.          0.          0.        ]
4,7,5,2,[ 0.          0.         96.19565051  0.          0.          0.        ]
4,7,5,3,[ 0.         0.         0.        96.3025118  0.         0.       ]
4,7,5,4,"[  0.           0.           0.           0.         124.34620359
   0.        ]"
4,7,5,5,"[  0.           0.           0.           0.           0.
 148.31295172]"
4,7,6,0,[89.37467294  0.          0.          0.          0.          0.        ]
4,7,6,1,[ 0.         88.20008923  0.          0.          0.          0.        ]
4,7,6,2,[ 0.          0.         98.29181457  0.          0.          0.        ]
4,7,6,3,[ 0.          0.          0.         95.00009921  0.          0.        ]
4,7,6,4,"[  0.           0.           0.           0.         123.23757549
   0.        ]"
4,7,6,5,"[  0.           0.           0.           0.           0.
 147.85812104]"
4,7,7,0,[84.29575115  0.          0.          0.          0.          0.        ]
4,7,7,1,[ 0.       92.361008  0.        0.        0.        0.      ]
4,7,7,2,[ 0.          0.         91.71360264  0.          0.          0.        ]
4,7,7,3,[ 0.          0.          0.         95.29060432  0.          0.        ]
4,7,7,4,"[  0.           0.           0.           0.         120.84039171
   0.        ]"
4,7,7,5,"[  0.           0.           0.           0.           0.
 145.36132998]"
5,0,0,0,"[119.54847535   0.           0.           0.           0.
   0.        ]"
5,0,0,1,"[  0.         135.46234502   0.           0.           0.
   0.        ]"
5,0,0,2,"[  0.           0.         160.42716285   0.           0.
   0.        ]"
5,0,0,3,"[  0.           0.           0.         137.59236673   0.
   0.        ]"
5,0,0,4,"[  0.           0.           0.           0.         124.00020626
   0.        ]"
5,0,0,5,"[  0.           0.           0.           0.           0.
 125.59187032]"
5,0,1,0,"[123.95006977   0.           0.           0.           0.
   0.        ]"
5,0,1,1,"[  0.         135.46079393   0.           0.           0.
   0.        ]"
5,0,1,2,[  0.          0.        158.4928542   0.          0.          0.       ]
5,0,1,3,"[  0.           0.           0.         142.00588675   0.
   0.        ]"
5,0,1,4,"[  0.           0.           0.           0.         124.08299664
   0.        ]"
5,0,1,5,"[  0.           0.           0.           0.           0.
 125.42338501]"
5,0,2,0,"[122.58939484   0.           0.           0.           0.
   0.        ]"
5,0,2,1,"[  0.         140.43381109   0.           0.           0.
   0.        ]"
5,0,2,2,"[  0.           0.         161.51027994   0.           0.
   0.        ]"
5,0,2,3,"[  0.           0.           0.         142.13781317   0.
   0.        ]"
5,0,2,4,[  0.          0.          0.          0.        124.1961203   0.       ]
5,0,2,5,"[  0.           0.           0.           0.           0.
 124.71966171]"
5,0,3,0,"[123.51496753   0.           0.           0.           0.
   0.        ]"
5,0,3,1,"[  0.         139.34234353   0.           0.           0.
   0.        ]"
5,0,3,2,"[  0.           0.         161.01316957   0.           0.
   0.        ]"
5,0,3,3,"[  0.           0.           0.         140.02019194   0.
   0.        ]"
5,0,3,4,"[  0.           0.           0.           0.         124.73400092
   0.        ]"
5,0,3,5,"[  0.           0.           0.           0.           0.
 124.98407203]"
5,0,4,0,"[129.25224117   0.           0.           0.           0.
   0.        ]"
5,0,4,1,[  0.        136.1087593   0.          0.          0.          0.       ]
5,0,4,2,"[  0.           0.         159.04949567   0.           0.
   0.        ]"
5,0,4,3,[  0.          0.          0.        140.2225075   0.          0.       ]
5,0,4,4,"[  0.           0.           0.           0.         125.44046584
   0.        ]"
5,0,4,5,"[  0.           0.           0.           0.           0.
 125.04770661]"
5,0,5,0,"[120.89167614   0.           0.           0.           0.
   0.        ]"
5,0,5,1,"[  0.         136.09396325   0.           0.           0.
   0.        ]"
5,0,5,2,"[  0.           0.         160.13956277   0.           0.
   0.        ]"
5,0,5,3,"[  0.           0.           0.         142.38270907   0.
   0.        ]"
5,0,5,4,"[  0.           0.           0.           0.         124.99746275
   0.        ]"
5,0,5,5,[  0.          0.          0.          0.          0.        125.8309543]
5,0,6,0,"[141.96385831   0.           0.           0.           0.
   0.        ]"
5,0,6,1,[  0.        164.6759669   0.          0.          0.          0.       ]
5,0,6,2,"[  0.           0.         211.24980941   0.           0.
   0.        ]"
5,0,6,3,"[  0.           0.           0.         202.26266752   0.
   0.        ]"
5,0,6,4,"[  0.           0.           0.           0.         124.07450529
   0.        ]"
5,0,6,5,"[  0.           0.           0.           0.           0.
 126.12604636]"
5,0,7,0,"[128.95026281   0.           0.           0.           0.
   0.        ]"
5,0,7,1,"[  0.         151.01234841   0.           0.           0.
   0.        ]"
5,0,7,2,"[  0.           0.         185.67174643   0.           0.
   0.        ]"
5,0,7,3,"[  0.           0.           0.         192.43040009   0.
   0.        ]"
5,0,7,4,"[  0.           0.           0.           0.         202.29555004
   0.        ]"
5,0,7,5,"[  0.           0.           0.           0.           0.
 134.02533459]"
5,1,0,0,"[129.03999839   0.           0.           0.           0.
   0.        ]"
5,1,0,1,"[  0.         129.71402591   0.           0.           0.
   0.        ]"
5,1,0,2,"[  0.           0.         150.22999458   0.           0.
   0.        ]"
5,1,0,3,"[  0.           0.           0.         170.91427963   0.
   0.        ]"
5,1,0,4,"[  0.           0.           0.           0.         150.35544205
   0.        ]"
5,1,0,5,"[  0.           0.           0.           0.           0.
 133.98386444]"
5,1,1,0,"[127.04194495   0.           0.           0.           0.
   0.        ]"
5,1,1,1,"[  0.         132.56524728   0.           0.           0.
   0.        ]"
5,1,1,2,"[  0.           0.         147.35765455   0.           0.
   0.        ]"
5,1,1,3,"[  0.           0.           0.         170.78233304   0.
   0.        ]"
5,1,1,4,"[  0.           0.           0.           0.         151.97673641
   0.        ]"
5,1,1,5,"[  0.           0.           0.           0.           0.
 133.02637986]"
5,1,2,0,"[127.42488066   0.           0.           0.           0.
   0.        ]"
5,1,2,1,"[  0.         129.85744748   0.           0.           0.
   0.        ]"
5,1,2,2,"[  0.           0.         146.12438282   0.           0.
   0.        ]"
5,1,2,3,"[  0.           0.           0.         170.97587835   0.
   0.        ]"
5,1,2,4,"[  0.           0.           0.           0.         152.91166345
   0.        ]"
5,1,2,5,"[  0.           0.           0.           0.           0.
 134.58695304]"
5,1,3,0,"[128.31486452   0.           0.           0.           0.
   0.        ]"
5,1,3,1,[  0.        131.9090497   0.          0.          0.          0.       ]
5,1,3,2,"[  0.           0.         148.02383468   0.           0.
   0.        ]"
5,1,3,3,"[  0.           0.           0.         168.83514016   0.
   0.        ]"
5,1,3,4,"[  0.           0.           0.           0.         151.47062469
   0.        ]"
5,1,3,5,"[  0.           0.           0.           0.           0.
 133.05542585]"
5,1,4,0,"[126.37081199   0.           0.           0.           0.
   0.        ]"
5,1,4,1,"[  0.         134.53809967   0.           0.           0.
   0.        ]"
5,1,4,2,"[  0.           0.         146.36066084   0.           0.
   0.        ]"
5,1,4,3,"[  0.           0.           0.         164.78743482   0.
   0.        ]"
5,1,4,4,"[  0.           0.           0.           0.         152.41860148
   0.        ]"
5,1,4,5,"[  0.           0.           0.           0.           0.
 140.59166681]"
5,1,5,0,"[130.29130466   0.           0.           0.           0.
   0.        ]"
5,1,5,1,"[  0.         138.89093076   0.           0.           0.
   0.        ]"
5,1,5,2,"[  0.           0.         149.37100101   0.           0.
   0.        ]"
5,1,5,3,"[  0.           0.           0.         170.98604341   0.
   0.        ]"
5,1,5,4,"[  0.           0.           0.           0.         151.17776397
   0.        ]"
5,1,5,5,"[  0.           0.           0.           0.           0.
 134.07604365]"
5,1,6,0,"[156.04844233   0.           0.           0.           0.
   0.        ]"
5,1,6,1,"[  0.         141.09936953   0.           0.           0.
   0.        ]"
5,1,6,2,"[  0.           0.         175.59286642   0.           0.
   0.        ]"
5,1,6,3,"[  0.           0.           0.         220.88687134   0.
   0.        ]"
5,1,6,4,"[  0.           0.           0.           0.         230.45417957
   0.        ]"
5,1,6,5,"[  0.           0.           0.           0.           0.
 136.73027472]"
5,1,7,0,"[130.81366594   0.           0.           0.           0.
   0.        ]"
5,1,7,1,"[  0.         138.49802787   0.           0.           0.
   0.        ]"
5,1,7,2,"[  0.           0.         165.97960223   0.           0.
   0.        ]"
5,1,7,3,"[  0.           0.           0.         194.33894562   0.
   0.        ]"
5,1,7,4,"[  0.           0.           0.           0.         201.43114077
   0.        ]"
5,1,7,5,[  0.         0.         0.         0.         0.       211.942018]
5,2,0,0,"[133.48806254   0.           0.           0.           0.
   0.        ]"
5,2,0,1,"[  0.         130.65154404   0.           0.           0.
   0.        ]"
5,2,0,2,"[  0.           0.         142.37628149   0.           0.
   0.        ]"
5,2,0,3,"[  0.           0.           0.         156.23551992   0.
   0.        ]"
5,2,0,4,"[  0.           0.           0.           0.         179.55038661
   0.        ]"
5,2,0,5,"[  0.           0.           0.           0.           0.
 160.45277973]"
5,2,1,0,"[134.72153628   0.           0.           0.           0.
   0.        ]"
5,2,1,1,"[  0.         130.21156743   0.           0.           0.
   0.        ]"
5,2,1,2,"[  0.           0.         141.10200037   0.           0.
   0.        ]"
5,2,1,3,"[  0.           0.           0.         156.73201981   0.
   0.        ]"
5,2,1,4,"[  0.           0.           0.           0.         179.79432412
   0.        ]"
5,2,1,5,[  0.          0.          0.          0.          0.        161.4962867]
5,2,2,0,"[119.21333278   0.           0.           0.           0.
   0.        ]"
5,2,2,1,"[  0.         132.80716022   0.           0.           0.
   0.        ]"
5,2,2,2,"[  0.           0.         139.04633332   0.           0.
   0.        ]"
5,2,2,3,"[  0.           0.           0.         158.41484553   0.
   0.        ]"
5,2,2,4,"[  0.           0.           0.           0.         179.46962193
   0.        ]"
5,2,2,5,"[  0.           0.           0.           0.           0.
 159.87985428]"
5,2,3,0,"[119.42253735   0.           0.           0.           0.
   0.        ]"
5,2,3,1,[  0.        130.6317711   0.          0.          0.          0.       ]
5,2,3,2,"[  0.           0.         145.50457239   0.           0.
   0.        ]"
5,2,3,3,"[  0.           0.           0.         155.49658944   0.
   0.        ]"
5,2,3,4,"[  0.           0.           0.           0.         179.66033063
   0.        ]"
5,2,3,5,"[  0.           0.           0.           0.           0.
 159.72095508]"
5,2,4,0,"[131.41071764   0.           0.           0.           0.
   0.        ]"
5,2,4,1,"[  0.         129.12783863   0.           0.           0.
   0.        ]"
5,2,4,2,"[  0.           0.         141.61784689   0.           0.
   0.        ]"
5,2,4,3,"[  0.           0.           0.         156.00005161   0.
   0.        ]"
5,2,4,4,[  0.          0.          0.          0.        179.4940898   0.       ]
5,2,4,5,"[  0.           0.           0.           0.           0.
 159.64319795]"
5,2,5,0,"[135.12898475   0.           0.           0.           0.
   0.        ]"
5,2,5,1,"[  0.         134.28943194   0.           0.           0.
   0.        ]"
5,2,5,2,"[  0.           0.         143.57640639   0.           0.
   0.        ]"
5,2,5,3,"[  0.           0.           0.         156.23488454   0.
   0.        ]"
5,2,5,4,"[  0.           0.           0.           0.         179.82978719
   0.        ]"
5,2,5,5,"[  0.           0.           0.           0.           0.
 160.59458935]"
5,2,6,0,[123.2026189   0.          0.          0.          0.          0.       ]
5,2,6,1,"[  0.         136.92052036   0.           0.           0.
   0.        ]"
5,2,6,2,"[  0.           0.         153.01664576   0.           0.
   0.        ]"
5,2,6,3,"[  0.           0.           0.         187.50580078   0.
   0.        ]"
5,2,6,4,"[  0.           0.           0.           0.         229.77196488
   0.        ]"
5,2,6,5,"[  0.           0.           0.           0.           0.
 240.00885503]"
5,2,7,0,"[139.48577594   0.           0.           0.           0.
   0.        ]"
5,2,7,1,"[  0.         147.40497975   0.           0.           0.
   0.        ]"
5,2,7,2,"[  0.           0.         138.65836325   0.           0.
   0.        ]"
5,2,7,3,[  0.          0.          0.        163.2001177   0.          0.       ]
5,2,7,4,[  0.          0.          0.          0.        209.2131967   0.       ]
5,2,7,5,"[  0.           0.           0.           0.           0.
 202.63787732]"
5,3,0,0,"[128.73582339   0.           0.           0.           0.
   0.        ]"
5,3,0,1,"[  0.         129.89811329   0.           0.           0.
   0.        ]"
5,3,0,2,"[  0.           0.         137.14149118   0.           0.
   0.        ]"
5,3,0,3,"[  0.           0.           0.         147.01525872   0.
   0.        ]"
5,3,0,4,"[  0.           0.           0.           0.         164.04824511
   0.        ]"
5,3,0,5,"[  0.           0.           0.           0.           0.
 186.90557142]"
5,3,1,0,"[119.02877666   0.           0.           0.           0.
   0.        ]"
5,3,1,1,"[  0.         137.46017214   0.           0.           0.
   0.        ]"
5,3,1,2,"[  0.           0.         141.73206534   0.           0.
   0.        ]"
5,3,1,3,"[  0.           0.           0.         146.71537258   0.
   0.        ]"
5,3,1,4,"[  0.           0.           0.           0.         161.94054317
   0.        ]"
5,3,1,5,"[  0.           0.           0.           0.           0.
 187.09246879]"
5,3,2,0,[119.4727916   0.          0.          0.          0.          0.       ]
5,3,2,1,"[  0.         129.03334099   0.           0.           0.
   0.        ]"
5,3,2,2,"[  0.           0.         143.86277686   0.           0.
   0.        ]"
5,3,2,3,"[  0.           0.           0.         150.43779548   0.
   0.        ]"
5,3,2,4,"[  0.           0.           0.           0.         162.87371899
   0.        ]"
5,3,2,5,"[  0.           0.           0.           0.           0.
 182.75435234]"
5,3,3,0,"[131.46440754   0.           0.           0.           0.
   0.        ]"
5,3,3,1,"[  0.         140.81134625   0.           0.           0.
   0.        ]"
5,3,3,2,[  0.          0.        140.3085441   0.          0.          0.       ]
5,3,3,3,"[  0.           0.           0.         146.63999042   0.
   0.        ]"
5,3,3,4,"[  0.           0.           0.           0.         163.27324753
   0.        ]"
5,3,3,5,"[  0.           0.           0.           0.           0.
 184.79991972]"
5,3,4,0,[125.9909541   0.          0.          0.          0.          0.       ]
5,3,4,1,[  0.       128.270555   0.         0.         0.         0.      ]
5,3,4,2,"[  0.           0.         139.25399159   0.           0.
   0.        ]"
5,3,4,3,"[  0.           0.           0.         148.09945019   0.
   0.        ]"
5,3,4,4,"[  0.           0.           0.           0.         164.10699866
   0.        ]"
5,3,4,5,"[  0.           0.           0.           0.           0.
 188.36105255]"
5,3,5,0,"[123.18007488   0.           0.           0.           0.
   0.        ]"
5,3,5,1,"[  0.         134.90543743   0.           0.           0.
   0.        ]"
5,3,5,2,"[  0.           0.         139.45444975   0.           0.
   0.        ]"
5,3,5,3,"[  0.           0.           0.         146.87862882   0.
   0.        ]"
5,3,5,4,"[  0.           0.           0.           0.         163.76635867
   0.        ]"
5,3,5,5,[  0.          0.          0.          0.          0.        184.5640648]
5,3,6,0,"[156.34912418   0.           0.           0.           0.
   0.        ]"
5,3,6,1,"[  0.         136.22142263   0.           0.           0.
   0.        ]"
5,3,6,2,"[  0.           0.         137.61204496   0.           0.
   0.        ]"
5,3,6,3,"[  0.           0.           0.         149.94464429   0.
   0.        ]"
5,3,6,4,"[  0.           0.           0.           0.         191.75509411
   0.        ]"
5,3,6,5,"[  0.           0.           0.           0.           0.
 237.61230022]"
5,3,7,0,"[122.84397175   0.           0.           0.           0.
   0.        ]"
5,3,7,1,"[  0.         140.05141996   0.           0.           0.
   0.        ]"
5,3,7,2,"[  0.           0.         136.17938113   0.           0.
   0.        ]"
5,3,7,3,"[  0.           0.           0.         144.77061989   0.
   0.        ]"
5,3,7,4,"[  0.           0.           0.           0.         165.73662508
   0.        ]"
5,3,7,5,"[  0.           0.           0.           0.           0.
 215.82905487]"
5,4,0,0,"[123.76371585   0.           0.           0.           0.
   0.        ]"
5,4,0,1,[  0.        132.0206661   0.          0.          0.          0.       ]
5,4,0,2,"[  0.           0.         138.22609165   0.           0.
   0.        ]"
5,4,0,3,"[  0.           0.           0.         145.03994453   0.
   0.        ]"
5,4,0,4,"[  0.           0.           0.           0.         155.81517204
   0.        ]"
5,4,0,5,"[  0.           0.           0.           0.           0.
 171.99365765]"
5,4,1,0,"[121.87198628   0.           0.           0.           0.
   0.        ]"
5,4,1,1,"[  0.         128.55503273   0.           0.           0.
   0.        ]"
5,4,1,2,[  0.          0.        137.4870104   0.          0.          0.       ]
5,4,1,3,"[  0.           0.           0.         145.65832214   0.
   0.        ]"
5,4,1,4,"[  0.           0.           0.           0.         156.64871576
   0.        ]"
5,4,1,5,"[  0.           0.           0.           0.           0.
 171.02409108]"
5,4,2,0,"[105.42796552   0.           0.           0.           0.
   0.        ]"
5,4,2,1,"[  0.         129.49720968   0.           0.           0.
   0.        ]"
5,4,2,2,"[  0.           0.         140.30846581   0.           0.
   0.        ]"
5,4,2,3,"[  0.           0.           0.         145.61262163   0.
   0.        ]"
5,4,2,4,[  0.          0.          0.          0.        156.1874135   0.       ]
5,4,2,5,"[  0.           0.           0.           0.           0.
 171.06117468]"
5,4,3,0,"[115.17774778   0.           0.           0.           0.
   0.        ]"
5,4,3,1,"[  0.         129.78994201   0.           0.           0.
   0.        ]"
5,4,3,2,"[  0.           0.         141.86380192   0.           0.
   0.        ]"
5,4,3,3,"[  0.           0.           0.         145.85669289   0.
   0.        ]"
5,4,3,4,"[  0.           0.           0.           0.         152.95557586
   0.        ]"
5,4,3,5,"[  0.           0.           0.           0.           0.
 168.36822741]"
5,4,4,0,"[112.42659515   0.           0.           0.           0.
   0.        ]"
5,4,4,1,"[  0.         132.68180752   0.           0.           0.
   0.        ]"
5,4,4,2,"[  0.           0.         134.78528057   0.           0.
   0.        ]"
5,4,4,3,"[  0.           0.           0.         145.20859095   0.
   0.        ]"
5,4,4,4,"[  0.           0.           0.           0.         154.59814262
   0.        ]"
5,4,4,5,"[  0.           0.           0.           0.           0.
 173.99676251]"
5,4,5,0,"[103.23503447   0.           0.           0.           0.
   0.        ]"
5,4,5,1,"[  0.         128.15967182   0.           0.           0.
   0.        ]"
5,4,5,2,"[  0.           0.         136.85640868   0.           0.
   0.        ]"
5,4,5,3,"[  0.           0.           0.         146.53804939   0.
   0.        ]"
5,4,5,4,"[  0.           0.           0.           0.         148.38438696
   0.        ]"
5,4,5,5,"[  0.           0.           0.           0.           0.
 170.72466582]"
5,4,6,0,"[102.49203237   0.           0.           0.           0.
   0.        ]"
5,4,6,1,"[  0.         129.11638267   0.           0.           0.
   0.        ]"
5,4,6,2,"[  0.           0.         136.12435927   0.           0.
   0.        ]"
5,4,6,3,"[  0.           0.           0.         144.77827847   0.
   0.        ]"
5,4,6,4,"[  0.           0.           0.           0.         157.66035681
   0.        ]"
5,4,6,5,[  0.          0.          0.          0.          0.        196.9015558]
5,4,7,0,"[109.98234672   0.           0.           0.           0.
   0.        ]"
5,4,7,1,"[  0.         124.40815586   0.           0.           0.
   0.        ]"
5,4,7,2,"[  0.           0.         135.69966601   0.           0.
   0.        ]"
5,4,7,3,"[  0.           0.           0.         145.13990251   0.
   0.        ]"
5,4,7,4,"[  0.           0.           0.           0.         155.73752847
   0.        ]"
5,4,7,5,"[  0.           0.           0.           0.           0.
 174.15752249]"
5,5,0,0,"[103.93199211   0.           0.           0.           0.
   0.        ]"
5,5,0,1,"[  0.         111.52858435   0.           0.           0.
   0.        ]"
5,5,0,2,[  0.          0.        131.5743103   0.          0.          0.       ]
5,5,0,3,"[  0.           0.           0.         142.89704988   0.
   0.        ]"
5,5,0,4,"[  0.           0.           0.           0.         152.76562402
   0.        ]"
5,5,0,5,"[  0.           0.           0.           0.           0.
 164.61662032]"
5,5,1,0,[84.87674354  0.          0.          0.          0.          0.        ]
5,5,1,1,"[  0.         112.55841147   0.           0.           0.
   0.        ]"
5,5,1,2,"[  0.           0.         134.18486912   0.           0.
   0.        ]"
5,5,1,3,"[  0.           0.           0.         145.53369169   0.
   0.        ]"
5,5,1,4,"[  0.           0.           0.           0.         150.22161598
   0.        ]"
5,5,1,5,"[  0.           0.           0.           0.           0.
 163.59647258]"
5,5,2,0,[90.58876254  0.          0.          0.          0.          0.        ]
5,5,2,1,"[  0.         109.56362013   0.           0.           0.
   0.        ]"
5,5,2,2,[  0.          0.        134.6157816   0.          0.          0.       ]
5,5,2,3,"[  0.           0.           0.         146.44673443   0.
   0.        ]"
5,5,2,4,"[  0.           0.           0.           0.         154.42114024
   0.        ]"
5,5,2,5,"[  0.           0.           0.           0.           0.
 163.85247357]"
5,5,3,0,[93.36227828  0.          0.          0.          0.          0.        ]
5,5,3,1,[  0.        117.5587147   0.          0.          0.          0.       ]
5,5,3,2,"[  0.           0.         127.50710661   0.           0.
   0.        ]"
5,5,3,3,"[  0.           0.           0.         145.28095286   0.
   0.        ]"
5,5,3,4,"[  0.           0.           0.           0.         153.48444208
   0.        ]"
5,5,3,5,"[  0.           0.           0.           0.           0.
 162.39351491]"
5,5,4,0,"[104.61822551   0.           0.           0.           0.
   0.        ]"
5,5,4,1,"[  0.         106.02479955   0.           0.           0.
   0.        ]"
5,5,4,2,"[  0.           0.         137.24207661   0.           0.
   0.        ]"
5,5,4,3,"[  0.           0.           0.         144.75755903   0.
   0.        ]"
5,5,4,4,"[  0.           0.           0.           0.         153.83154806
   0.        ]"
5,5,4,5,"[  0.           0.           0.           0.           0.
 164.24345879]"
5,5,5,0,[83.82591879  0.          0.          0.          0.          0.        ]
5,5,5,1,"[  0.         119.51523264   0.           0.           0.
   0.        ]"
5,5,5,2,"[  0.           0.         129.09396044   0.           0.
   0.        ]"
5,5,5,3,"[  0.           0.           0.         145.04649126   0.
   0.        ]"
5,5,5,4,"[  0.           0.           0.           0.         154.94142987
   0.        ]"
5,5,5,5,"[  0.           0.           0.           0.           0.
 164.38501846]"
5,5,6,0,[97.99424199  0.          0.          0.          0.          0.        ]
5,5,6,1,"[  0.         110.11586196   0.           0.           0.
   0.        ]"
5,5,6,2,"[  0.           0.         131.49448334   0.           0.
   0.        ]"
5,5,6,3,"[  0.           0.           0.         145.90637337   0.
   0.        ]"
5,5,6,4,"[  0.           0.           0.           0.         153.84795424
   0.        ]"
5,5,6,5,"[  0.           0.           0.           0.           0.
 165.61040849]"
5,5,7,0,[93.44575036  0.          0.          0.          0.          0.        ]
5,5,7,1,"[  0.         108.74032839   0.           0.           0.
   0.        ]"
5,5,7,2,"[  0.           0.         136.87539075   0.           0.
   0.        ]"
5,5,7,3,"[  0.           0.           0.         144.87260469   0.
   0.        ]"
5,5,7,4,"[  0.           0.           0.           0.         152.24065435
   0.        ]"
5,5,7,5,"[  0.           0.           0.           0.           0.
 163.17045737]"
5,6,0,0,"[104.36955191   0.           0.           0.           0.
   0.        ]"
5,6,0,1,[ 0.         97.63913423  0.          0.          0.          0.        ]
5,6,0,2,"[  0.           0.         116.61590297   0.           0.
   0.        ]"
5,6,0,3,"[  0.           0.           0.         140.58117819   0.
   0.        ]"
5,6,0,4,[  0.          0.          0.          0.        154.4161112   0.       ]
5,6,0,5,"[  0.           0.           0.           0.           0.
 154.28343055]"
5,6,1,0,[94.57776412  0.          0.          0.          0.          0.        ]
5,6,1,1,[ 0.         89.61723575  0.          0.          0.          0.        ]
5,6,1,2,[  0.          0.        118.3088573   0.          0.          0.       ]
5,6,1,3,"[  0.           0.           0.         139.79122252   0.
   0.        ]"
5,6,1,4,"[  0.           0.           0.           0.         154.83043902
   0.        ]"
5,6,1,5,"[  0.           0.           0.           0.           0.
 160.01263014]"
5,6,2,0,[89.06029214  0.          0.          0.          0.          0.        ]
5,6,2,1,[ 0.        94.6911173  0.         0.         0.         0.       ]
5,6,2,2,"[  0.           0.         116.49984991   0.           0.
   0.        ]"
5,6,2,3,"[  0.           0.           0.         137.71458321   0.
   0.        ]"
5,6,2,4,"[  0.           0.           0.           0.         154.51526265
   0.        ]"
5,6,2,5,"[  0.           0.           0.           0.           0.
 162.19337188]"
5,6,3,0,[88.99792524  0.          0.          0.          0.          0.        ]
5,6,3,1,[ 0.         95.71785238  0.          0.          0.          0.        ]
5,6,3,2,"[  0.           0.         117.38095377   0.           0.
   0.        ]"
5,6,3,3,"[  0.           0.           0.         140.75747287   0.
   0.        ]"
5,6,3,4,[  0.          0.          0.          0.        154.9758574   0.       ]
5,6,3,5,"[  0.           0.           0.           0.           0.
 158.93837938]"
5,6,4,0,"[102.07643519   0.           0.           0.           0.
   0.        ]"
5,6,4,1,[ 0.         97.13812553  0.          0.          0.          0.        ]
5,6,4,2,[  0.          0.        111.3028627   0.          0.          0.       ]
5,6,4,3,"[  0.           0.           0.         140.13161088   0.
   0.        ]"
5,6,4,4,"[  0.           0.           0.           0.         154.67216214
   0.        ]"
5,6,4,5,"[  0.           0.           0.           0.           0.
 159.25378628]"
5,6,5,0,"[103.85236203   0.           0.           0.           0.
   0.        ]"
5,6,5,1,[ 0.         93.78177212  0.          0.          0.          0.        ]
5,6,5,2,[  0.          0.        113.9935757   0.          0.          0.       ]
5,6,5,3,"[  0.           0.           0.         142.29206979   0.
   0.        ]"
5,6,5,4,"[  0.           0.           0.           0.         152.92758133
   0.        ]"
5,6,5,5,"[  0.           0.           0.           0.           0.
 162.75681015]"
5,6,6,0,"[104.05084869   0.           0.           0.           0.
   0.        ]"
5,6,6,1,[ 0.         92.54938902  0.          0.          0.          0.        ]
5,6,6,2,"[  0.           0.         119.50683398   0.           0.
   0.        ]"
5,6,6,3,"[  0.           0.           0.         140.31799609   0.
   0.        ]"
5,6,6,4,"[  0.           0.           0.           0.         154.30645323
   0.        ]"
5,6,6,5,"[  0.           0.           0.           0.           0.
 160.23994514]"
5,6,7,0,[123.2099403   0.          0.          0.          0.          0.       ]
5,6,7,1,[ 0.         96.31211569  0.          0.          0.          0.        ]
5,6,7,2,"[  0.           0.         114.84278522   0.           0.
   0.        ]"
5,6,7,3,"[  0.           0.           0.         140.61140717   0.
   0.        ]"
5,6,7,4,[  0.          0.          0.          0.        153.4216196   0.       ]
5,6,7,5,"[  0.           0.           0.           0.           0.
 160.26822218]"
5,7,0,0,[93.19717319  0.          0.          0.          0.          0.        ]
5,7,0,1,[ 0.         94.37496109  0.          0.          0.          0.        ]
5,7,0,2,[ 0.         0.        96.0157582  0.         0.         0.       ]
5,7,0,3,"[  0.           0.           0.         126.18442597   0.
   0.        ]"
5,7,0,4,"[  0.           0.           0.           0.         148.65259532
   0.        ]"
5,7,0,5,"[  0.           0.           0.           0.           0.
 160.62281935]"
5,7,1,0,[99.31773945  0.          0.          0.          0.          0.        ]
5,7,1,1,[ 0.         99.05112919  0.          0.          0.          0.        ]
5,7,1,2,[ 0.         0.        98.8808041  0.         0.         0.       ]
5,7,1,3,"[  0.           0.           0.         124.96398682   0.
   0.        ]"
5,7,1,4,"[  0.           0.           0.           0.         147.46251915
   0.        ]"
5,7,1,5,[  0.          0.          0.          0.          0.        160.5739913]
5,7,2,0,[90.72267033  0.          0.          0.          0.          0.        ]
5,7,2,1,[ 0.         94.33891752  0.          0.          0.          0.        ]
5,7,2,2,"[  0.           0.         101.85040016   0.           0.
   0.        ]"
5,7,2,3,"[  0.           0.           0.         124.22621497   0.
   0.        ]"
5,7,2,4,[  0.          0.          0.          0.        147.8536866   0.       ]
5,7,2,5,"[  0.           0.           0.           0.           0.
 161.86482115]"
5,7,3,0,[95.88759884  0.          0.          0.          0.          0.        ]
5,7,3,1,[ 0.         96.21993753  0.          0.          0.          0.        ]
5,7,3,2,"[  0.           0.         100.28763851   0.           0.
   0.        ]"
5,7,3,3,"[  0.           0.           0.         125.55801813   0.
   0.        ]"
5,7,3,4,"[  0.           0.           0.           0.         150.66257153
   0.        ]"
5,7,3,5,"[  0.           0.           0.           0.           0.
 163.57212667]"
5,7,4,0,[91.05326303  0.          0.          0.          0.          0.        ]
5,7,4,1,[ 0.         99.58022485  0.          0.          0.          0.        ]
5,7,4,2,"[  0.           0.         108.46217865   0.           0.
   0.        ]"
5,7,4,3,"[  0.           0.           0.         127.78479328   0.
   0.        ]"
5,7,4,4,[  0.          0.          0.          0.        148.3963921   0.       ]
5,7,4,5,"[  0.           0.           0.           0.           0.
 162.61487108]"
5,7,5,0,[94.41994478  0.          0.          0.          0.          0.        ]
5,7,5,1,[ 0.         97.31908841  0.          0.          0.          0.        ]
5,7,5,2,[ 0.          0.         96.09832319  0.          0.          0.        ]
5,7,5,3,"[  0.           0.           0.         125.44814762   0.
   0.        ]"
5,7,5,4,"[  0.           0.           0.           0.         144.92928604
   0.        ]"
5,7,5,5,"[  0.           0.           0.           0.           0.
 162.64797213]"
5,7,6,0,"[100.14677823   0.           0.           0.           0.
   0.        ]"
5,7,6,1,[ 0.         98.58094493  0.          0.          0.          0.        ]
5,7,6,2,[ 0.          0.         96.77746066  0.          0.          0.        ]
5,7,6,3,"[  0.           0.           0.         128.34101202   0.
   0.        ]"
5,7,6,4,"[  0.           0.           0.           0.         149.86822112
   0.        ]"
5,7,6,5,"[  0.           0.           0.           0.           0.
 157.85326429]"
5,7,7,0,[94.20947458  0.          0.          0.          0.          0.        ]
5,7,7,1,"[  0.         103.20340705   0.           0.           0.
   0.        ]"
5,7,7,2,"[  0.           0.         100.17213625   0.           0.
   0.        ]"
5,7,7,3,"[  0.           0.           0.         125.50965386   0.
   0.        ]"
5,7,7,4,"[  0.           0.           0.           0.         145.29538946
   0.        ]"
5,7,7,5,"[  0.           0.           0.           0.           0.
 157.45855811]"
6,0,0,0,"[137.50636038   0.           0.           0.           0.
   0.        ]"
6,0,0,1,"[  0.         154.22534426   0.           0.           0.
   0.        ]"
6,0,0,2,"[  0.           0.         141.74358747   0.           0.
   0.        ]"
6,0,0,3,"[  0.           0.           0.         125.10264082   0.
   0.        ]"
6,0,0,4,"[  0.           0.           0.           0.         125.80727269
   0.        ]"
6,0,0,5,"[  0.           0.           0.           0.           0.
 120.91982387]"
6,0,1,0,"[139.90682774   0.           0.           0.           0.
   0.        ]"
6,0,1,1,"[  0.         159.70183472   0.           0.           0.
   0.        ]"
6,0,1,2,"[  0.           0.         140.51752777   0.           0.
   0.        ]"
6,0,1,3,"[  0.           0.           0.         126.46512729   0.
   0.        ]"
6,0,1,4,"[  0.           0.           0.           0.         127.11266966
   0.        ]"
6,0,1,5,"[  0.           0.           0.           0.           0.
 123.93370228]"
6,0,2,0,[137.8948423   0.          0.          0.          0.          0.       ]
6,0,2,1,"[  0.         156.54360041   0.           0.           0.
   0.        ]"
6,0,2,2,"[  0.           0.         144.12638076   0.           0.
   0.        ]"
6,0,2,3,"[  0.           0.           0.         124.97857164   0.
   0.        ]"
6,0,2,4,"[  0.           0.           0.           0.         126.05940213
   0.        ]"
6,0,2,5,"[  0.           0.           0.           0.           0.
 124.48745771]"
6,0,3,0,"[138.90499894   0.           0.           0.           0.
   0.        ]"
6,0,3,1,"[  0.         152.49638096   0.           0.           0.
   0.        ]"
6,0,3,2,"[  0.           0.         141.47129984   0.           0.
   0.        ]"
6,0,3,3,"[  0.           0.           0.         125.07524352   0.
   0.        ]"
6,0,3,4,"[  0.           0.           0.           0.         125.96201297
   0.        ]"
6,0,3,5,"[  0.           0.           0.           0.           0.
 120.23418405]"
6,0,4,0,"[134.59321959   0.           0.           0.           0.
   0.        ]"
6,0,4,1,"[  0.         153.40068145   0.           0.           0.
   0.        ]"
6,0,4,2,"[  0.           0.         139.39413825   0.           0.
   0.        ]"
6,0,4,3,[  0.          0.          0.        125.0439939   0.          0.       ]
6,0,4,4,"[  0.           0.           0.           0.         125.94689593
   0.        ]"
6,0,4,5,"[  0.           0.           0.           0.           0.
 121.44567305]"
6,0,5,0,"[136.56037001   0.           0.           0.           0.
   0.        ]"
6,0,5,1,"[  0.         162.27973196   0.           0.           0.
   0.        ]"
6,0,5,2,"[  0.           0.         141.16030864   0.           0.
   0.        ]"
6,0,5,3,"[  0.           0.           0.         125.08507172   0.
   0.        ]"
6,0,5,4,"[  0.           0.           0.           0.         125.44132046
   0.        ]"
6,0,5,5,"[  0.           0.           0.           0.           0.
 122.07155037]"
6,0,6,0,"[174.62018414   0.           0.           0.           0.
   0.        ]"
6,0,6,1,"[  0.         191.99600613   0.           0.           0.
   0.        ]"
6,0,6,2,"[  0.           0.         210.82775095   0.           0.
   0.        ]"
6,0,6,3,"[  0.           0.           0.         124.95380756   0.
   0.        ]"
6,0,6,4,"[  0.           0.           0.           0.         125.88782968
   0.        ]"
6,0,6,5,"[  0.           0.           0.           0.           0.
 121.82204072]"
6,0,7,0,"[141.05167479   0.           0.           0.           0.
   0.        ]"
6,0,7,1,"[  0.         192.66089373   0.           0.           0.
   0.        ]"
6,0,7,2,"[  0.           0.         188.40645364   0.           0.
   0.        ]"
6,0,7,3,[  0.          0.          0.        195.5591703   0.          0.       ]
6,0,7,4,[  0.          0.          0.          0.        128.2821312   0.       ]
6,0,7,5,"[  0.           0.           0.           0.           0.
 130.66520631]"
6,1,0,0,"[132.74455401   0.           0.           0.           0.
   0.        ]"
6,1,0,1,"[  0.         144.97098888   0.           0.           0.
   0.        ]"
6,1,0,2,"[  0.           0.         170.71459248   0.           0.
   0.        ]"
6,1,0,3,"[  0.           0.           0.         154.37076074   0.
   0.        ]"
6,1,0,4,"[  0.           0.           0.           0.         134.10917968
   0.        ]"
6,1,0,5,"[  0.           0.           0.           0.           0.
 134.96808186]"
6,1,1,0,"[137.78243075   0.           0.           0.           0.
   0.        ]"
6,1,1,1,"[  0.         147.35760713   0.           0.           0.
   0.        ]"
6,1,1,2,"[  0.           0.         168.70433284   0.           0.
   0.        ]"
6,1,1,3,"[  0.           0.           0.         151.90586676   0.
   0.        ]"
6,1,1,4,"[  0.           0.           0.           0.         134.69894829
   0.        ]"
6,1,1,5,"[  0.           0.           0.           0.           0.
 134.72149508]"
6,1,2,0,"[133.29839701   0.           0.           0.           0.
   0.        ]"
6,1,2,1,"[  0.         147.27236023   0.           0.           0.
   0.        ]"
6,1,2,2,[  0.          0.        167.8265004   0.          0.          0.       ]
6,1,2,3,"[  0.           0.           0.         151.87793895   0.
   0.        ]"
6,1,2,4,"[  0.           0.           0.           0.         135.77195336
   0.        ]"
6,1,2,5,"[  0.           0.           0.           0.           0.
 134.76914439]"
6,1,3,0,"[133.82626689   0.           0.           0.           0.
   0.        ]"
6,1,3,1,"[  0.         148.14640809   0.           0.           0.
   0.        ]"
6,1,3,2,"[  0.           0.         170.11773512   0.           0.
   0.        ]"
6,1,3,3,"[  0.           0.           0.         152.07988554   0.
   0.        ]"
6,1,3,4,"[  0.           0.           0.           0.         135.31047179
   0.        ]"
6,1,3,5,"[  0.           0.           0.           0.           0.
 134.38030522]"
6,1,4,0,"[129.70365339   0.           0.           0.           0.
   0.        ]"
6,1,4,1,"[  0.         148.09985196   0.           0.           0.
   0.        ]"
6,1,4,2,"[  0.           0.         170.21586378   0.           0.
   0.        ]"
6,1,4,3,"[  0.           0.           0.         152.18045026   0.
   0.        ]"
6,1,4,4,"[  0.           0.           0.           0.         134.14426673
   0.        ]"
6,1,4,5,"[  0.           0.           0.           0.           0.
 134.99805169]"
6,1,5,0,"[133.58541471   0.           0.           0.           0.
   0.        ]"
6,1,5,1,"[  0.         148.36534715   0.           0.           0.
   0.        ]"
6,1,5,2,"[  0.           0.         170.69748972   0.           0.
   0.        ]"
6,1,5,3,"[  0.           0.           0.         152.38690551   0.
   0.        ]"
6,1,5,4,"[  0.           0.           0.           0.         134.15294628
   0.        ]"
6,1,5,5,"[  0.           0.           0.           0.           0.
 134.73336313]"
6,1,6,0,[141.2464274   0.          0.          0.          0.          0.       ]
6,1,6,1,[  0.        181.0477939   0.          0.          0.          0.       ]
6,1,6,2,"[  0.           0.         212.66222996   0.           0.
   0.        ]"
6,1,6,3,"[  0.           0.           0.         227.14312262   0.
   0.        ]"
6,1,6,4,"[  0.           0.           0.           0.         138.96083836
   0.        ]"
6,1,6,5,"[  0.           0.           0.           0.           0.
 135.62191569]"
6,1,7,0,"[136.77548682   0.           0.           0.           0.
   0.        ]"
6,1,7,1,"[  0.         159.92667647   0.           0.           0.
   0.        ]"
6,1,7,2,"[  0.           0.         201.74106446   0.           0.
   0.        ]"
6,1,7,3,"[  0.           0.           0.         203.40249157   0.
   0.        ]"
6,1,7,4,"[  0.           0.           0.           0.         212.90255708
   0.        ]"
6,1,7,5,"[  0.           0.           0.           0.           0.
 134.88405514]"
6,2,0,0,"[137.51421248   0.           0.           0.           0.
   0.        ]"
6,2,0,1,"[  0.         144.21396386   0.           0.           0.
   0.        ]"
6,2,0,2,[  0.          0.        156.4485517   0.          0.          0.       ]
6,2,0,3,"[  0.           0.           0.         180.85819175   0.
   0.        ]"
6,2,0,4,"[  0.           0.           0.           0.         161.29887197
   0.        ]"
6,2,0,5,"[  0.           0.           0.           0.           0.
 143.26325712]"
6,2,1,0,"[134.70335451   0.           0.           0.           0.
   0.        ]"
6,2,1,1,[  0.        144.4037677   0.          0.          0.          0.       ]
6,2,1,2,"[  0.           0.         157.66492032   0.           0.
   0.        ]"
6,2,1,3,"[  0.           0.           0.         180.30905513   0.
   0.        ]"
6,2,1,4,"[  0.           0.           0.           0.         160.53164276
   0.        ]"
6,2,1,5,[  0.          0.          0.          0.          0.        144.7057877]
6,2,2,0,"[139.63945198   0.           0.           0.           0.
   0.        ]"
6,2,2,1,"[  0.         140.58397539   0.           0.           0.
   0.        ]"
6,2,2,2,"[  0.           0.         158.51105334   0.           0.
   0.        ]"
6,2,2,3,[  0.          0.          0.        180.8529263   0.          0.       ]
6,2,2,4,"[  0.           0.           0.           0.         161.29190854
   0.        ]"
6,2,2,5,[  0.          0.          0.          0.          0.        143.0627155]
6,2,3,0,[134.6983995   0.          0.          0.          0.          0.       ]
6,2,3,1,"[  0.         139.61297676   0.           0.           0.
   0.        ]"
6,2,3,2,"[  0.           0.         155.87588111   0.           0.
   0.        ]"
6,2,3,3,"[  0.           0.           0.         181.00338092   0.
   0.        ]"
6,2,3,4,"[  0.           0.           0.           0.         161.13783746
   0.        ]"
6,2,3,5,"[  0.           0.           0.           0.           0.
 144.15550268]"
6,2,4,0,[137.6051541   0.          0.          0.          0.          0.       ]
6,2,4,1,[  0.        144.7127371   0.          0.          0.          0.       ]
6,2,4,2,"[  0.           0.         160.15708827   0.           0.
   0.        ]"
6,2,4,3,"[  0.           0.           0.         180.51121498   0.
   0.        ]"
6,2,4,4,[  0.          0.          0.          0.        160.8921478   0.       ]
6,2,4,5,"[  0.           0.           0.           0.           0.
 143.16607158]"
6,2,5,0,"[138.44745732   0.           0.           0.           0.
   0.        ]"
6,2,5,1,"[  0.         144.06932033   0.           0.           0.
   0.        ]"
6,2,5,2,"[  0.           0.         157.95650255   0.           0.
   0.        ]"
6,2,5,3,"[  0.           0.           0.         179.56096656   0.
   0.        ]"
6,2,5,4,"[  0.           0.           0.           0.         162.62250967
   0.        ]"
6,2,5,5,"[  0.           0.           0.           0.           0.
 147.05009982]"
6,2,6,0,[139.2068078   0.          0.          0.          0.          0.       ]
6,2,6,1,"[  0.         157.88505006   0.           0.           0.
   0.        ]"
6,2,6,2,"[  0.           0.         186.97173719   0.           0.
   0.        ]"
6,2,6,3,[  0.          0.          0.        229.6308989   0.          0.       ]
6,2,6,4,"[  0.           0.           0.           0.         241.20788672
   0.        ]"
6,2,6,5,"[  0.           0.           0.           0.           0.
 145.92627966]"
6,2,7,0,[164.6250256   0.          0.          0.          0.          0.       ]
6,2,7,1,"[  0.         159.58337136   0.           0.           0.
   0.        ]"
6,2,7,2,"[  0.           0.         164.85540611   0.           0.
   0.        ]"
6,2,7,3,"[  0.           0.           0.         210.95920612   0.
   0.        ]"
6,2,7,4,"[  0.           0.           0.           0.         211.25695231
   0.        ]"
6,2,7,5,"[  0.           0.           0.           0.           0.
 222.45130651]"
6,3,0,0,"[142.03014911   0.           0.           0.           0.
   0.        ]"
6,3,0,1,"[  0.         142.11818914   0.           0.           0.
   0.        ]"
6,3,0,2,"[  0.           0.         148.80840225   0.           0.
   0.        ]"
6,3,0,3,"[  0.           0.           0.         164.70607573   0.
   0.        ]"
6,3,0,4,"[  0.           0.           0.           0.         189.60926945
   0.        ]"
6,3,0,5,"[  0.           0.           0.           0.           0.
 170.95826172]"
6,3,1,0,"[155.43296378   0.           0.           0.           0.
   0.        ]"
6,3,1,1,"[  0.         155.43716524   0.           0.           0.
   0.        ]"
6,3,1,2,"[  0.           0.         153.50473825   0.           0.
   0.        ]"
6,3,1,3,"[  0.           0.           0.         166.44456371   0.
   0.        ]"
6,3,1,4,"[  0.           0.           0.           0.         189.34916204
   0.        ]"
6,3,1,5,"[  0.           0.           0.           0.           0.
 167.84032047]"
6,3,2,0,"[132.15707087   0.           0.           0.           0.
   0.        ]"
6,3,2,1,[  0.        150.7392844   0.          0.          0.          0.       ]
6,3,2,2,"[  0.           0.         148.66293155   0.           0.
   0.        ]"
6,3,2,3,"[  0.           0.           0.         169.48704928   0.
   0.        ]"
6,3,2,4,[  0.          0.          0.          0.        190.0206948   0.       ]
6,3,2,5,"[  0.           0.           0.           0.           0.
 170.97045618]"
6,3,3,0,"[134.21796737   0.           0.           0.           0.
   0.        ]"
6,3,3,1,"[  0.         138.76091874   0.           0.           0.
   0.        ]"
6,3,3,2,"[  0.           0.         150.69367854   0.           0.
   0.        ]"
6,3,3,3,"[  0.           0.           0.         167.71134367   0.
   0.        ]"
6,3,3,4,[  0.          0.          0.          0.        189.3785556   0.       ]
6,3,3,5,"[  0.           0.           0.           0.           0.
 169.44164482]"
6,3,4,0,"[139.68848158   0.           0.           0.           0.
   0.        ]"
6,3,4,1,"[  0.         145.13085267   0.           0.           0.
   0.        ]"
6,3,4,2,"[  0.           0.         148.09090454   0.           0.
   0.        ]"
6,3,4,3,"[  0.           0.           0.         165.94392605   0.
   0.        ]"
6,3,4,4,"[  0.           0.           0.           0.         186.62979002
   0.        ]"
6,3,4,5,"[  0.           0.           0.           0.           0.
 166.53433322]"
6,3,5,0,"[137.19930356   0.           0.           0.           0.
   0.        ]"
6,3,5,1,"[  0.         150.01424358   0.           0.           0.
   0.        ]"
6,3,5,2,"[  0.           0.         154.52947927   0.           0.
   0.        ]"
6,3,5,3,"[  0.           0.           0.         165.76940945   0.
   0.        ]"
6,3,5,4,"[  0.           0.           0.           0.         189.40616508
   0.        ]"
6,3,5,5,"[  0.           0.           0.           0.           0.
 170.70151973]"
6,3,6,0,"[145.28692605   0.           0.           0.           0.
   0.        ]"
6,3,6,1,"[  0.         151.16247598   0.           0.           0.
   0.        ]"
6,3,6,2,"[  0.           0.         158.44257849   0.           0.
   0.        ]"
6,3,6,3,"[  0.           0.           0.         200.94042492   0.
   0.        ]"
6,3,6,4,"[  0.           0.           0.           0.         239.83071283
   0.        ]"
6,3,6,5,"[  0.           0.           0.           0.           0.
 244.54553943]"
6,3,7,0,"[137.37129865   0.           0.           0.           0.
   0.        ]"
6,3,7,1,"[  0.         143.86895707   0.           0.           0.
   0.        ]"
6,3,7,2,"[  0.           0.         162.50972071   0.           0.
   0.        ]"
6,3,7,3,"[  0.           0.           0.         170.88348921   0.
   0.        ]"
6,3,7,4,"[  0.           0.           0.           0.         212.31837616
   0.        ]"
6,3,7,5,"[  0.           0.           0.           0.           0.
 220.26193447]"
6,4,0,0,[132.2845397   0.          0.          0.          0.          0.       ]
6,4,0,1,"[  0.         151.47131983   0.           0.           0.
   0.        ]"
6,4,0,2,"[  0.           0.         146.73324629   0.           0.
   0.        ]"
6,4,0,3,"[  0.           0.           0.         156.79483728   0.
   0.        ]"
6,4,0,4,[  0.          0.          0.          0.        174.6954831   0.       ]
6,4,0,5,"[  0.           0.           0.           0.           0.
 190.31758941]"
6,4,1,0,"[126.68910267   0.           0.           0.           0.
   0.        ]"
6,4,1,1,"[  0.         140.47741034   0.           0.           0.
   0.        ]"
6,4,1,2,"[  0.           0.         149.59714034   0.           0.
   0.        ]"
6,4,1,3,"[  0.           0.           0.         156.86275275   0.
   0.        ]"
6,4,1,4,[  0.          0.          0.          0.        174.3310679   0.       ]
6,4,1,5,"[  0.           0.           0.           0.           0.
 194.53676343]"
6,4,2,0,"[130.35127504   0.           0.           0.           0.
   0.        ]"
6,4,2,1,"[  0.         139.71706977   0.           0.           0.
   0.        ]"
6,4,2,2,"[  0.           0.         147.38815858   0.           0.
   0.        ]"
6,4,2,3,"[  0.           0.           0.         157.20790085   0.
   0.        ]"
6,4,2,4,"[  0.           0.           0.           0.         177.36605355
   0.        ]"
6,4,2,5,"[  0.           0.           0.           0.           0.
 195.11042599]"
6,4,3,0,"[136.11207825   0.           0.           0.           0.
   0.        ]"
6,4,3,1,"[  0.         142.38854973   0.           0.           0.
   0.        ]"
6,4,3,2,"[  0.           0.         147.30902273   0.           0.
   0.        ]"
6,4,3,3,"[  0.           0.           0.         156.56453386   0.
   0.        ]"
6,4,3,4,"[  0.           0.           0.           0.         177.27261048
   0.        ]"
6,4,3,5,"[  0.           0.           0.           0.           0.
 192.55233649]"
6,4,4,0,"[139.07235744   0.           0.           0.           0.
   0.        ]"
6,4,4,1,"[  0.         139.55922778   0.           0.           0.
   0.        ]"
6,4,4,2,"[  0.           0.         156.92027474   0.           0.
   0.        ]"
6,4,4,3,[  0.          0.          0.        155.2455409   0.          0.       ]
6,4,4,4,"[  0.           0.           0.           0.         173.84028179
   0.        ]"
6,4,4,5,"[  0.           0.           0.           0.           0.
 193.74662893]"
6,4,5,0,"[127.00648816   0.           0.           0.           0.
   0.        ]"
6,4,5,1,"[  0.         151.32397698   0.           0.           0.
   0.        ]"
6,4,5,2,"[  0.           0.         146.31492462   0.           0.
   0.        ]"
6,4,5,3,"[  0.           0.           0.         157.30146258   0.
   0.        ]"
6,4,5,4,"[  0.           0.           0.           0.         169.33288245
   0.        ]"
6,4,5,5,"[  0.           0.           0.           0.           0.
 197.51190994]"
6,4,6,0,"[159.02413642   0.           0.           0.           0.
   0.        ]"
6,4,6,1,"[  0.         148.44894643   0.           0.           0.
   0.        ]"
6,4,6,2,[  0.          0.        147.8304933   0.          0.          0.       ]
6,4,6,3,"[  0.           0.           0.         158.62777864   0.
   0.        ]"
6,4,6,4,"[  0.           0.           0.           0.         203.57163917
   0.        ]"
6,4,6,5,"[  0.           0.           0.           0.           0.
 238.41355216]"
6,4,7,0,"[146.04919224   0.           0.           0.           0.
   0.        ]"
6,4,7,1,"[  0.         148.68813761   0.           0.           0.
   0.        ]"
6,4,7,2,"[  0.           0.         148.74363788   0.           0.
   0.        ]"
6,4,7,3,"[  0.           0.           0.         156.87675589   0.
   0.        ]"
6,4,7,4,"[  0.           0.           0.           0.         177.07965278
   0.        ]"
6,4,7,5,"[  0.           0.           0.           0.           0.
 227.47578888]"
6,5,0,0,"[123.41537774   0.           0.           0.           0.
   0.        ]"
6,5,0,1,"[  0.         140.54374313   0.           0.           0.
   0.        ]"
6,5,0,2,"[  0.           0.         145.15446756   0.           0.
   0.        ]"
6,5,0,3,"[  0.           0.           0.         155.47595205   0.
   0.        ]"
6,5,0,4,"[  0.           0.           0.           0.         165.73671432
   0.        ]"
6,5,0,5,[  0.          0.          0.          0.          0.        183.6223853]
6,5,1,0,"[130.03223759   0.           0.           0.           0.
   0.        ]"
6,5,1,1,"[  0.         140.25023194   0.           0.           0.
   0.        ]"
6,5,1,2,"[  0.           0.         148.80145194   0.           0.
   0.        ]"
6,5,1,3,"[  0.           0.           0.         154.74984964   0.
   0.        ]"
6,5,1,4,"[  0.           0.           0.           0.         165.76545454
   0.        ]"
6,5,1,5,"[  0.           0.           0.           0.           0.
 184.02086473]"
6,5,2,0,"[119.67413411   0.           0.           0.           0.
   0.        ]"
6,5,2,1,[  0.        139.9763855   0.          0.          0.          0.       ]
6,5,2,2,"[  0.           0.         149.57484489   0.           0.
   0.        ]"
6,5,2,3,"[  0.           0.           0.         154.93185586   0.
   0.        ]"
6,5,2,4,"[  0.           0.           0.           0.         165.78250337
   0.        ]"
6,5,2,5,"[  0.           0.           0.           0.           0.
 184.04826494]"
6,5,3,0,"[112.36284004   0.           0.           0.           0.
   0.        ]"
6,5,3,1,"[  0.         139.86660753   0.           0.           0.
   0.        ]"
6,5,3,2,"[  0.           0.         151.81755008   0.           0.
   0.        ]"
6,5,3,3,"[  0.           0.           0.         155.86648748   0.
   0.        ]"
6,5,3,4,"[  0.           0.           0.           0.         162.70035476
   0.        ]"
6,5,3,5,"[  0.           0.           0.           0.           0.
 174.53679666]"
6,5,4,0,"[124.62681223   0.           0.           0.           0.
   0.        ]"
6,5,4,1,"[  0.         140.63700746   0.           0.           0.
   0.        ]"
6,5,4,2,"[  0.           0.         147.61682287   0.           0.
   0.        ]"
6,5,4,3,"[  0.           0.           0.         155.25323873   0.
   0.        ]"
6,5,4,4,"[  0.           0.           0.           0.         165.08587613
   0.        ]"
6,5,4,5,"[  0.           0.           0.           0.           0.
 184.12773004]"
6,5,5,0,"[117.91701109   0.           0.           0.           0.
   0.        ]"
6,5,5,1,"[  0.         142.53427862   0.           0.           0.
   0.        ]"
6,5,5,2,[  0.          0.        144.5441893   0.          0.          0.       ]
6,5,5,3,"[  0.           0.           0.         155.09569537   0.
   0.        ]"
6,5,5,4,"[  0.           0.           0.           0.         166.24157421
   0.        ]"
6,5,5,5,"[  0.           0.           0.           0.           0.
 183.68988848]"
6,5,6,0,"[132.01521263   0.           0.           0.           0.
   0.        ]"
6,5,6,1,"[  0.         138.83575281   0.           0.           0.
   0.        ]"
6,5,6,2,"[  0.           0.         152.00577506   0.           0.
   0.        ]"
6,5,6,3,[  0.          0.          0.        152.9898306   0.          0.       ]
6,5,6,4,"[  0.           0.           0.           0.         167.88953309
   0.        ]"
6,5,6,5,"[  0.           0.           0.           0.           0.
 211.71255405]"
6,5,7,0,"[110.98344717   0.           0.           0.           0.
   0.        ]"
6,5,7,1,"[  0.         135.72991975   0.           0.           0.
   0.        ]"
6,5,7,2,"[  0.           0.         148.42331526   0.           0.
   0.        ]"
6,5,7,3,"[  0.           0.           0.         155.36468391   0.
   0.        ]"
6,5,7,4,"[  0.           0.           0.           0.         165.36760536
   0.        ]"
6,5,7,5,"[  0.           0.           0.           0.           0.
 184.32383127]"
6,6,0,0,"[121.64187469   0.           0.           0.           0.
   0.        ]"
6,6,0,1,[  0.        130.1712829   0.          0.          0.          0.       ]
6,6,0,2,"[  0.           0.         148.58324277   0.           0.
   0.        ]"
6,6,0,3,"[  0.           0.           0.         147.37614296   0.
   0.        ]"
6,6,0,4,"[  0.           0.           0.           0.         163.33997306
   0.        ]"
6,6,0,5,"[  0.           0.           0.           0.           0.
 174.30108239]"
6,6,1,0,[96.0195787  0.         0.         0.         0.         0.       ]
6,6,1,1,"[  0.         116.86763457   0.           0.           0.
   0.        ]"
6,6,1,2,"[  0.           0.         143.29157366   0.           0.
   0.        ]"
6,6,1,3,"[  0.           0.           0.         155.01016613   0.
   0.        ]"
6,6,1,4,[  0.         0.         0.         0.       164.087085   0.      ]
6,6,1,5,"[  0.           0.           0.           0.           0.
 173.19935567]"
6,6,2,0,"[107.41925929   0.           0.           0.           0.
   0.        ]"
6,6,2,1,"[  0.         121.05398518   0.           0.           0.
   0.        ]"
6,6,2,2,"[  0.           0.         146.03265643   0.           0.
   0.        ]"
6,6,2,3,"[  0.           0.           0.         156.92974376   0.
   0.        ]"
6,6,2,4,"[  0.           0.           0.           0.         164.10061489
   0.        ]"
6,6,2,5,"[  0.           0.           0.           0.           0.
 171.29463225]"
6,6,3,0,"[122.77040567   0.           0.           0.           0.
   0.        ]"
6,6,3,1,"[  0.         120.60024447   0.           0.           0.
   0.        ]"
6,6,3,2,"[  0.           0.         143.71982994   0.           0.
   0.        ]"
6,6,3,3,"[  0.           0.           0.         155.50563712   0.
   0.        ]"
6,6,3,4,"[  0.           0.           0.           0.         164.09631131
   0.        ]"
6,6,3,5,"[  0.           0.           0.           0.           0.
 171.06076441]"
6,6,4,0,"[117.16082313   0.           0.           0.           0.
   0.        ]"
6,6,4,1,"[  0.         116.06813434   0.           0.           0.
   0.        ]"
6,6,4,2,"[  0.           0.         142.75069667   0.           0.
   0.        ]"
6,6,4,3,"[  0.           0.           0.         157.03473268   0.
   0.        ]"
6,6,4,4,"[  0.           0.           0.           0.         163.31278539
   0.        ]"
6,6,4,5,"[  0.           0.           0.           0.           0.
 173.53039287]"
6,6,5,0,"[106.02895853   0.           0.           0.           0.
   0.        ]"
6,6,5,1,"[  0.         122.82791608   0.           0.           0.
   0.        ]"
6,6,5,2,"[  0.           0.         142.34378109   0.           0.
   0.        ]"
6,6,5,3,"[  0.           0.           0.         155.10415986   0.
   0.        ]"
6,6,5,4,"[  0.           0.           0.           0.         163.20600631
   0.        ]"
6,6,5,5,"[  0.           0.           0.           0.           0.
 174.26940756]"
6,6,6,0,"[113.94239932   0.           0.           0.           0.
   0.        ]"
6,6,6,1,"[  0.         132.53973858   0.           0.           0.
   0.        ]"
6,6,6,2,"[  0.           0.         144.48083446   0.           0.
   0.        ]"
6,6,6,3,"[  0.           0.           0.         155.55412062   0.
   0.        ]"
6,6,6,4,"[  0.           0.           0.           0.         162.11885018
   0.        ]"
6,6,6,5,"[  0.           0.           0.           0.           0.
 176.40336921]"
6,6,7,0,"[104.25037613   0.           0.           0.           0.
   0.        ]"
6,6,7,1,"[  0.         125.23807973   0.           0.           0.
   0.        ]"
6,6,7,2,"[  0.           0.         140.97519542   0.           0.
   0.        ]"
6,6,7,3,"[  0.           0.           0.         155.57144861   0.
   0.        ]"
6,6,7,4,"[  0.           0.           0.           0.         163.86170135
   0.        ]"
6,6,7,5,"[  0.           0.           0.           0.           0.
 173.72218374]"
6,7,0,0,[100.3980622   0.          0.          0.          0.          0.       ]
6,7,0,1,"[  0.         103.77363539   0.           0.           0.
   0.        ]"
6,7,0,2,"[  0.           0.         133.14616289   0.           0.
   0.        ]"
6,7,0,3,"[  0.           0.           0.         150.84729977   0.
   0.        ]"
6,7,0,4,"[  0.           0.           0.           0.         165.16351078
   0.        ]"
6,7,0,5,"[  0.           0.           0.           0.           0.
 171.86153282]"
6,7,1,0,"[112.40119381   0.           0.           0.           0.
   0.        ]"
6,7,1,1,"[  0.         104.08825845   0.           0.           0.
   0.        ]"
6,7,1,2,"[  0.           0.         130.06648096   0.           0.
   0.        ]"
6,7,1,3,"[  0.           0.           0.         151.10617984   0.
   0.        ]"
6,7,1,4,"[  0.           0.           0.           0.         164.91763849
   0.        ]"
6,7,1,5,"[  0.           0.           0.           0.           0.
 172.08065711]"
6,7,2,0,"[111.40455549   0.           0.           0.           0.
   0.        ]"
6,7,2,1,"[  0.         101.74738528   0.           0.           0.
   0.        ]"
6,7,2,2,"[  0.           0.         126.30042296   0.           0.
   0.        ]"
6,7,2,3,"[  0.           0.           0.         152.60929052   0.
   0.        ]"
6,7,2,4,"[  0.           0.           0.           0.         163.39300438
   0.        ]"
6,7,2,5,"[  0.           0.           0.           0.           0.
 170.67899204]"
6,7,3,0,"[127.63324611   0.           0.           0.           0.
   0.        ]"
6,7,3,1,"[  0.         103.53659513   0.           0.           0.
   0.        ]"
6,7,3,2,"[  0.           0.         130.17603058   0.           0.
   0.        ]"
6,7,3,3,"[  0.           0.           0.         150.96387162   0.
   0.        ]"
6,7,3,4,"[  0.           0.           0.           0.         164.07122911
   0.        ]"
6,7,3,5,"[  0.           0.           0.           0.           0.
 172.82612147]"
6,7,4,0,"[108.57876498   0.           0.           0.           0.
   0.        ]"
6,7,4,1,"[  0.         114.91911397   0.           0.           0.
   0.        ]"
6,7,4,2,"[  0.           0.         130.70420183   0.           0.
   0.        ]"
6,7,4,3,"[  0.           0.           0.         150.40725741   0.
   0.        ]"
6,7,4,4,"[  0.           0.           0.           0.         164.90203368
   0.        ]"
6,7,4,5,[  0.          0.          0.          0.          0.        171.7296732]
6,7,5,0,"[102.22965013   0.           0.           0.           0.
   0.        ]"
6,7,5,1,"[  0.         115.54034645   0.           0.           0.
   0.        ]"
6,7,5,2,"[  0.           0.         126.82926748   0.           0.
   0.        ]"
6,7,5,3,"[  0.           0.           0.         150.62558506   0.
   0.        ]"
6,7,5,4,"[  0.           0.           0.           0.         164.56551502
   0.        ]"
6,7,5,5,"[  0.           0.           0.           0.           0.
 168.73065712]"
6,7,6,0,"[123.70868547   0.           0.           0.           0.
   0.        ]"
6,7,6,1,"[  0.         111.00014061   0.           0.           0.
   0.        ]"
6,7,6,2,"[  0.           0.         132.93752577   0.           0.
   0.        ]"
6,7,6,3,"[  0.           0.           0.         151.92205955   0.
   0.        ]"
6,7,6,4,[  0.          0.          0.          0.        163.6317401   0.       ]
6,7,6,5,"[  0.           0.           0.           0.           0.
 171.86233746]"
6,7,7,0,[95.31852263  0.          0.          0.          0.          0.        ]
6,7,7,1,"[  0.         103.13300134   0.           0.           0.
   0.        ]"
6,7,7,2,"[  0.           0.         123.23027677   0.           0.
   0.        ]"
6,7,7,3,"[  0.           0.           0.         150.38568513   0.
   0.        ]"
6,7,7,4,"[  0.           0.           0.           0.         156.04631047
   0.        ]"
6,7,7,5,"[  0.           0.           0.           0.           0.
 171.50407246]"
7,0,0,0,"[153.45070418   0.           0.           0.           0.
   0.        ]"
7,0,0,1,"[  0.         138.29414981   0.           0.           0.
   0.        ]"
7,0,0,2,[  0.         0.       125.485892   0.         0.         0.      ]
7,0,0,3,"[  0.           0.           0.         127.08036478   0.
   0.        ]"
7,0,0,4,"[  0.           0.           0.           0.         121.60022043
   0.        ]"
7,0,0,5,"[  0.           0.           0.           0.           0.
 118.24950575]"
7,0,1,0,"[159.14927119   0.           0.           0.           0.
   0.        ]"
7,0,1,1,[  0.        135.6335946   0.          0.          0.          0.       ]
7,0,1,2,"[  0.           0.         126.84696318   0.           0.
   0.        ]"
7,0,1,3,"[  0.           0.           0.         126.38188784   0.
   0.        ]"
7,0,1,4,"[  0.           0.           0.           0.         121.94493592
   0.        ]"
7,0,1,5,"[  0.           0.           0.           0.           0.
 117.63681333]"
7,0,2,0,"[162.23412003   0.           0.           0.           0.
   0.        ]"
7,0,2,1,"[  0.         136.72768179   0.           0.           0.
   0.        ]"
7,0,2,2,"[  0.           0.         125.94073657   0.           0.
   0.        ]"
7,0,2,3,"[  0.           0.           0.         126.69756928   0.
   0.        ]"
7,0,2,4,"[  0.           0.           0.           0.         121.48504732
   0.        ]"
7,0,2,5,[  0.          0.          0.          0.          0.        118.5419461]
7,0,3,0,"[153.00230087   0.           0.           0.           0.
   0.        ]"
7,0,3,1,"[  0.         138.68788689   0.           0.           0.
   0.        ]"
7,0,3,2,"[  0.           0.         125.49068371   0.           0.
   0.        ]"
7,0,3,3,"[  0.           0.           0.         126.64212312   0.
   0.        ]"
7,0,3,4,[  0.          0.          0.          0.        122.1060876   0.       ]
7,0,3,5,"[  0.           0.           0.           0.           0.
 118.18580961]"
7,0,4,0,"[145.96118033   0.           0.           0.           0.
   0.        ]"
7,0,4,1,"[  0.         138.35834445   0.           0.           0.
   0.        ]"
7,0,4,2,"[  0.           0.         127.78087915   0.           0.
   0.        ]"
7,0,4,3,"[  0.           0.           0.         126.56701944   0.
   0.        ]"
7,0,4,4,[  0.          0.          0.          0.        121.8044627   0.       ]
7,0,4,5,"[  0.           0.           0.           0.           0.
 116.36737216]"
7,0,5,0,"[152.54971059   0.           0.           0.           0.
   0.        ]"
7,0,5,1,"[  0.         140.27966509   0.           0.           0.
   0.        ]"
7,0,5,2,"[  0.           0.         125.60170908   0.           0.
   0.        ]"
7,0,5,3,"[  0.           0.           0.         126.70219123   0.
   0.        ]"
7,0,5,4,"[  0.           0.           0.           0.         121.88986299
   0.        ]"
7,0,5,5,"[  0.           0.           0.           0.           0.
 117.12730299]"
7,0,6,0,"[195.14186687   0.           0.           0.           0.
   0.        ]"
7,0,6,1,"[  0.         187.84007653   0.           0.           0.
   0.        ]"
7,0,6,2,"[  0.           0.         129.12076965   0.           0.
   0.        ]"
7,0,6,3,"[  0.           0.           0.         126.61655948   0.
   0.        ]"
7,0,6,4,"[  0.           0.           0.           0.         121.07600146
   0.        ]"
7,0,6,5,"[  0.           0.           0.           0.           0.
 118.76795698]"
7,0,7,0,"[181.56303785   0.           0.           0.           0.
   0.        ]"
7,0,7,1,"[  0.         183.72615304   0.           0.           0.
   0.        ]"
7,0,7,2,"[  0.           0.         193.74926227   0.           0.
   0.        ]"
7,0,7,3,"[  0.           0.           0.         126.65406401   0.
   0.        ]"
7,0,7,4,"[  0.           0.           0.           0.         124.16639593
   0.        ]"
7,0,7,5,"[  0.           0.           0.           0.           0.
 117.06329454]"
7,1,0,0,"[147.09312724   0.           0.           0.           0.
   0.        ]"
7,1,0,1,"[  0.         170.03962922   0.           0.           0.
   0.        ]"
7,1,0,2,"[  0.           0.         151.65142442   0.           0.
   0.        ]"
7,1,0,3,"[  0.           0.           0.         135.19395793   0.
   0.        ]"
7,1,0,4,"[  0.           0.           0.           0.         135.85040823
   0.        ]"
7,1,0,5,"[  0.           0.           0.           0.           0.
 132.67511034]"
7,1,1,0,[145.4830016   0.          0.          0.          0.          0.       ]
7,1,1,1,"[  0.         169.63662712   0.           0.           0.
   0.        ]"
7,1,1,2,"[  0.           0.         150.77236486   0.           0.
   0.        ]"
7,1,1,3,"[  0.           0.           0.         136.94443362   0.
   0.        ]"
7,1,1,4,"[  0.           0.           0.           0.         135.38406477
   0.        ]"
7,1,1,5,[  0.          0.          0.          0.          0.        129.8567219]
7,1,2,0,"[147.75557557   0.           0.           0.           0.
   0.        ]"
7,1,2,1,"[  0.         164.81560363   0.           0.           0.
   0.        ]"
7,1,2,2,"[  0.           0.         153.01882992   0.           0.
   0.        ]"
7,1,2,3,"[  0.           0.           0.         135.37483571   0.
   0.        ]"
7,1,2,4,"[  0.           0.           0.           0.         135.83813988
   0.        ]"
7,1,2,5,"[  0.           0.           0.           0.           0.
 131.10408127]"
7,1,3,0,"[147.07892857   0.           0.           0.           0.
   0.        ]"
7,1,3,1,"[  0.         163.97138846   0.           0.           0.
   0.        ]"
7,1,3,2,"[  0.           0.         151.49248444   0.           0.
   0.        ]"
7,1,3,3,"[  0.           0.           0.         135.06108226   0.
   0.        ]"
7,1,3,4,"[  0.           0.           0.           0.         135.90704339
   0.        ]"
7,1,3,5,"[  0.           0.           0.           0.           0.
 130.87799357]"
7,1,4,0,"[148.68756723   0.           0.           0.           0.
   0.        ]"
7,1,4,1,"[  0.         166.24091407   0.           0.           0.
   0.        ]"
7,1,4,2,"[  0.           0.         150.08405823   0.           0.
   0.        ]"
7,1,4,3,"[  0.           0.           0.         134.80937095   0.
   0.        ]"
7,1,4,4,"[  0.           0.           0.           0.         135.85379658
   0.        ]"
7,1,4,5,"[  0.           0.           0.           0.           0.
 130.34504977]"
7,1,5,0,"[145.64095588   0.           0.           0.           0.
   0.        ]"
7,1,5,1,"[  0.         166.96551944   0.           0.           0.
   0.        ]"
7,1,5,2,"[  0.           0.         149.29899146   0.           0.
   0.        ]"
7,1,5,3,"[  0.           0.           0.         135.28124435   0.
   0.        ]"
7,1,5,4,"[  0.           0.           0.           0.         135.36893515
   0.        ]"
7,1,5,5,"[  0.           0.           0.           0.           0.
 130.59632112]"
7,1,6,0,"[163.57259895   0.           0.           0.           0.
   0.        ]"
7,1,6,1,"[  0.         193.44266116   0.           0.           0.
   0.        ]"
7,1,6,2,"[  0.           0.         218.96513279   0.           0.
   0.        ]"
7,1,6,3,"[  0.           0.           0.         135.00197394   0.
   0.        ]"
7,1,6,4,"[  0.           0.           0.           0.         135.75557996
   0.        ]"
7,1,6,5,"[  0.           0.           0.           0.           0.
 131.64124259]"
7,1,7,0,"[149.13895692   0.           0.           0.           0.
   0.        ]"
7,1,7,1,"[  0.         185.37238212   0.           0.           0.
   0.        ]"
7,1,7,2,"[  0.           0.         198.96965825   0.           0.
   0.        ]"
7,1,7,3,"[  0.           0.           0.         214.06754258   0.
   0.        ]"
7,1,7,4,[  0.          0.          0.          0.        135.7747526   0.       ]
7,1,7,5,"[  0.           0.           0.           0.           0.
 142.64651475]"
7,2,0,0,[143.7904099   0.          0.          0.          0.          0.       ]
7,2,0,1,[  0.        159.0671369   0.          0.          0.          0.       ]
7,2,0,2,"[  0.           0.         181.52385463   0.           0.
   0.        ]"
7,2,0,3,"[  0.           0.           0.         162.29775092   0.
   0.        ]"
7,2,0,4,"[  0.           0.           0.           0.         144.12704244
   0.        ]"
7,2,0,5,"[  0.           0.           0.           0.           0.
 144.72743743]"
7,2,1,0,"[141.70643768   0.           0.           0.           0.
   0.        ]"
7,2,1,1,"[  0.         155.46633217   0.           0.           0.
   0.        ]"
7,2,1,2,"[  0.           0.         177.31408191   0.           0.
   0.        ]"
7,2,1,3,[  0.          0.          0.        158.5781408   0.          0.       ]
7,2,1,4,"[  0.           0.           0.           0.         144.19385769
   0.        ]"
7,2,1,5,"[  0.           0.           0.           0.           0.
 145.64059332]"
7,2,2,0,"[149.15378405   0.           0.           0.           0.
   0.        ]"
7,2,2,1,"[  0.         158.30817419   0.           0.           0.
   0.        ]"
7,2,2,2,"[  0.           0.         180.07096064   0.           0.
   0.        ]"
7,2,2,3,"[  0.           0.           0.         162.01624969   0.
   0.        ]"
7,2,2,4,"[  0.           0.           0.           0.         149.47068592
   0.        ]"
7,2,2,5,"[  0.           0.           0.           0.           0.
 144.75975457]"
7,2,3,0,"[141.24490869   0.           0.           0.           0.
   0.        ]"
7,2,3,1,"[  0.         157.25208192   0.           0.           0.
   0.        ]"
7,2,3,2,"[  0.           0.         178.89725404   0.           0.
   0.        ]"
7,2,3,3,"[  0.           0.           0.         161.89774335   0.
   0.        ]"
7,2,3,4,"[  0.           0.           0.           0.         144.14489273
   0.        ]"
7,2,3,5,[  0.          0.          0.          0.          0.        144.9474472]
7,2,4,0,"[141.06315456   0.           0.           0.           0.
   0.        ]"
7,2,4,1,"[  0.         159.06788501   0.           0.           0.
   0.        ]"
7,2,4,2,"[  0.           0.         176.78683037   0.           0.
   0.        ]"
7,2,4,3,"[  0.           0.           0.         162.33778527   0.
   0.        ]"
7,2,4,4,[  0.          0.          0.          0.        146.8039542   0.       ]
7,2,4,5,"[  0.           0.           0.           0.           0.
 147.61401437]"
7,2,5,0,"[140.08439876   0.           0.           0.           0.
   0.        ]"
7,2,5,1,"[  0.         155.54581623   0.           0.           0.
   0.        ]"
7,2,5,2,"[  0.           0.         175.40435161   0.           0.
   0.        ]"
7,2,5,3,"[  0.           0.           0.         162.33438614   0.
   0.        ]"
7,2,5,4,"[  0.           0.           0.           0.         144.30627141
   0.        ]"
7,2,5,5,[  0.          0.          0.          0.          0.        144.9477214]
7,2,6,0,"[144.19263303   0.           0.           0.           0.
   0.        ]"
7,2,6,1,"[  0.         176.44624314   0.           0.           0.
   0.        ]"
7,2,6,2,"[  0.           0.         224.94778331   0.           0.
   0.        ]"
7,2,6,3,"[  0.           0.           0.         242.35689345   0.
   0.        ]"
7,2,6,4,"[  0.           0.           0.           0.         144.20040125
   0.        ]"
7,2,6,5,"[  0.           0.           0.           0.           0.
 156.41554946]"
7,2,7,0,"[163.03365575   0.           0.           0.           0.
   0.        ]"
7,2,7,1,"[  0.         162.81623553   0.           0.           0.
   0.        ]"
7,2,7,2,"[  0.           0.         212.26459741   0.           0.
   0.        ]"
7,2,7,3,"[  0.           0.           0.         212.38475362   0.
   0.        ]"
7,2,7,4,"[  0.           0.           0.           0.         224.12036135
   0.        ]"
7,2,7,5,"[  0.           0.           0.           0.           0.
 144.91118619]"
7,3,0,0,"[150.94039785   0.           0.           0.           0.
   0.        ]"
7,3,0,1,"[  0.         153.71561986   0.           0.           0.
   0.        ]"
7,3,0,2,"[  0.           0.         167.38549646   0.           0.
   0.        ]"
7,3,0,3,"[  0.           0.           0.         191.00336916   0.
   0.        ]"
7,3,0,4,"[  0.           0.           0.           0.         171.53968614
   0.        ]"
7,3,0,5,"[  0.           0.           0.           0.           0.
 157.17618042]"
7,3,1,0,"[148.97733465   0.           0.           0.           0.
   0.        ]"
7,3,1,1,"[  0.         153.75025705   0.           0.           0.
   0.        ]"
7,3,1,2,"[  0.           0.         167.75430063   0.           0.
   0.        ]"
7,3,1,3,"[  0.           0.           0.         190.37733299   0.
   0.        ]"
7,3,1,4,"[  0.           0.           0.           0.         171.67789891
   0.        ]"
7,3,1,5,[  0.          0.          0.          0.          0.        155.1251654]
7,3,2,0,"[152.78025893   0.           0.           0.           0.
   0.        ]"
7,3,2,1,"[  0.         151.12690916   0.           0.           0.
   0.        ]"
7,3,2,2,[  0.          0.        167.5744608   0.          0.          0.       ]
7,3,2,3,"[  0.           0.           0.         189.25944701   0.
   0.        ]"
7,3,2,4,[  0.          0.          0.          0.        171.4917258   0.       ]
7,3,2,5,"[  0.           0.           0.           0.           0.
 156.92670783]"
7,3,3,0,"[153.15441551   0.           0.           0.           0.
   0.        ]"
7,3,3,1,"[  0.         152.87745099   0.           0.           0.
   0.        ]"
7,3,3,2,"[  0.           0.         166.92184472   0.           0.
   0.        ]"
7,3,3,3,"[  0.           0.           0.         189.97460515   0.
   0.        ]"
7,3,3,4,"[  0.           0.           0.           0.         171.33752641
   0.        ]"
7,3,3,5,"[  0.           0.           0.           0.           0.
 153.24556721]"
7,3,4,0,"[142.40566691   0.           0.           0.           0.
   0.        ]"
7,3,4,1,"[  0.         156.11100381   0.           0.           0.
   0.        ]"
7,3,4,2,"[  0.           0.         168.07255849   0.           0.
   0.        ]"
7,3,4,3,"[  0.           0.           0.         189.04777152   0.
   0.        ]"
7,3,4,4,"[  0.           0.           0.           0.         170.80459414
   0.        ]"
7,3,4,5,"[  0.           0.           0.           0.           0.
 155.11728117]"
7,3,5,0,"[147.65621412   0.           0.           0.           0.
   0.        ]"
7,3,5,1,"[  0.         152.65911917   0.           0.           0.
   0.        ]"
7,3,5,2,"[  0.           0.         168.54055431   0.           0.
   0.        ]"
7,3,5,3,"[  0.           0.           0.         190.45324909   0.
   0.        ]"
7,3,5,4,[  0.          0.          0.          0.        171.3632635   0.       ]
7,3,5,5,"[  0.           0.           0.           0.           0.
 154.21088327]"
7,3,6,0,"[160.94644132   0.           0.           0.           0.
   0.        ]"
7,3,6,1,"[  0.         163.54170779   0.           0.           0.
   0.        ]"
7,3,6,2,"[  0.           0.         206.83980096   0.           0.
   0.        ]"
7,3,6,3,"[  0.           0.           0.         235.14069481   0.
   0.        ]"
7,3,6,4,[  0.          0.          0.          0.        251.2419505   0.       ]
7,3,6,5,"[  0.           0.           0.           0.           0.
 157.13369859]"
7,3,7,0,"[147.73917138   0.           0.           0.           0.
   0.        ]"
7,3,7,1,"[  0.         161.57329131   0.           0.           0.
   0.        ]"
7,3,7,2,"[  0.           0.         174.72179385   0.           0.
   0.        ]"
7,3,7,3,[  0.          0.          0.        221.5448802   0.          0.       ]
7,3,7,4,"[  0.           0.           0.           0.         221.40585393
   0.        ]"
7,3,7,5,"[  0.           0.           0.           0.           0.
 228.13057859]"
7,4,0,0,"[163.39188939   0.           0.           0.           0.
   0.        ]"
7,4,0,1,"[  0.         163.50425935   0.           0.           0.
   0.        ]"
7,4,0,2,[  0.          0.        161.3512653   0.          0.          0.       ]
7,4,0,3,"[  0.           0.           0.         175.50515593   0.
   0.        ]"
7,4,0,4,"[  0.           0.           0.           0.         198.58750039
   0.        ]"
7,4,0,5,"[  0.           0.           0.           0.           0.
 181.19308274]"
7,4,1,0,"[146.98573576   0.           0.           0.           0.
   0.        ]"
7,4,1,1,"[  0.         157.00144933   0.           0.           0.
   0.        ]"
7,4,1,2,"[  0.           0.         159.56743358   0.           0.
   0.        ]"
7,4,1,3,"[  0.           0.           0.         174.21758362   0.
   0.        ]"
7,4,1,4,"[  0.           0.           0.           0.         199.65639779
   0.        ]"
7,4,1,5,"[  0.           0.           0.           0.           0.
 180.32697566]"
7,4,2,0,"[156.96404199   0.           0.           0.           0.
   0.        ]"
7,4,2,1,"[  0.         152.29419577   0.           0.           0.
   0.        ]"
7,4,2,2,"[  0.           0.         159.69031792   0.           0.
   0.        ]"
7,4,2,3,"[  0.           0.           0.         172.20589946   0.
   0.        ]"
7,4,2,4,"[  0.           0.           0.           0.         199.55773236
   0.        ]"
7,4,2,5,"[  0.           0.           0.           0.           0.
 180.45230866]"
7,4,3,0,"[148.39995224   0.           0.           0.           0.
   0.        ]"
7,4,3,1,"[  0.         150.31450068   0.           0.           0.
   0.        ]"
7,4,3,2,[  0.          0.        165.6263793   0.          0.          0.       ]
7,4,3,3,"[  0.           0.           0.         175.59460176   0.
   0.        ]"
7,4,3,4,"[  0.           0.           0.           0.         198.33319584
   0.        ]"
7,4,3,5,"[  0.           0.           0.           0.           0.
 180.25452952]"
7,4,4,0,"[159.73888997   0.           0.           0.           0.
   0.        ]"
7,4,4,1,"[  0.         155.97784971   0.           0.           0.
   0.        ]"
7,4,4,2,"[  0.           0.         159.60305961   0.           0.
   0.        ]"
7,4,4,3,"[  0.           0.           0.         175.76057966   0.
   0.        ]"
7,4,4,4,"[  0.           0.           0.           0.         199.74414861
   0.        ]"
7,4,4,5,"[  0.           0.           0.           0.           0.
 180.34510261]"
7,4,5,0,"[148.35937716   0.           0.           0.           0.
   0.        ]"
7,4,5,1,"[  0.         150.81855906   0.           0.           0.
   0.        ]"
7,4,5,2,"[  0.           0.         167.13644287   0.           0.
   0.        ]"
7,4,5,3,"[  0.           0.           0.         177.10363679   0.
   0.        ]"
7,4,5,4,"[  0.           0.           0.           0.         199.74718109
   0.        ]"
7,4,5,5,"[  0.           0.           0.           0.           0.
 177.15109435]"
7,4,6,0,"[156.43407371   0.           0.           0.           0.
   0.        ]"
7,4,6,1,"[  0.         159.93465099   0.           0.           0.
   0.        ]"
7,4,6,2,"[  0.           0.         170.65871929   0.           0.
   0.        ]"
7,4,6,3,"[  0.           0.           0.         205.92539905   0.
   0.        ]"
7,4,6,4,"[  0.           0.           0.           0.         250.62152512
   0.        ]"
7,4,6,5,"[  0.           0.           0.           0.           0.
 260.23954339]"
7,4,7,0,"[167.16868891   0.           0.           0.           0.
   0.        ]"
7,4,7,1,"[  0.         156.34683981   0.           0.           0.
   0.        ]"
7,4,7,2,"[  0.           0.         166.56795791   0.           0.
   0.        ]"
7,4,7,3,"[  0.           0.           0.         181.63650059   0.
   0.        ]"
7,4,7,4,"[  0.           0.           0.           0.         229.83735543
   0.        ]"
7,4,7,5,"[  0.           0.           0.           0.           0.
 227.72764451]"
7,5,0,0,"[153.78548609   0.           0.           0.           0.
   0.        ]"
7,5,0,1,"[  0.         151.97323795   0.           0.           0.
   0.        ]"
7,5,0,2,"[  0.           0.         157.22258109   0.           0.
   0.        ]"
7,5,0,3,"[  0.           0.           0.         166.86796842   0.
   0.        ]"
7,5,0,4,"[  0.           0.           0.           0.         183.95536752
   0.        ]"
7,5,0,5,"[  0.           0.           0.           0.           0.
 203.14112513]"
7,5,1,0,"[144.01740399   0.           0.           0.           0.
   0.        ]"
7,5,1,1,"[  0.         149.87788391   0.           0.           0.
   0.        ]"
7,5,1,2,"[  0.           0.         157.39702927   0.           0.
   0.        ]"
7,5,1,3,"[  0.           0.           0.         164.19055669   0.
   0.        ]"
7,5,1,4,"[  0.           0.           0.           0.         184.65890213
   0.        ]"
7,5,1,5,"[  0.           0.           0.           0.           0.
 208.80942616]"
7,5,2,0,"[153.67261966   0.           0.           0.           0.
   0.        ]"
7,5,2,1,"[  0.         158.82633751   0.           0.           0.
   0.        ]"
7,5,2,2,"[  0.           0.         158.60218143   0.           0.
   0.        ]"
7,5,2,3,"[  0.           0.           0.         168.57034622   0.
   0.        ]"
7,5,2,4,"[  0.           0.           0.           0.         184.51661465
   0.        ]"
7,5,2,5,"[  0.           0.           0.           0.           0.
 208.78064899]"
7,5,3,0,"[143.40919996   0.           0.           0.           0.
   0.        ]"
7,5,3,1,"[  0.         157.41709971   0.           0.           0.
   0.        ]"
7,5,3,2,"[  0.           0.         157.75178098   0.           0.
   0.        ]"
7,5,3,3,"[  0.           0.           0.         166.67483124   0.
   0.        ]"
7,5,3,4,"[  0.           0.           0.           0.         184.80879719
   0.        ]"
7,5,3,5,"[  0.           0.           0.           0.           0.
 201.74200292]"
7,5,4,0,"[140.67626691   0.           0.           0.           0.
   0.        ]"
7,5,4,1,"[  0.         155.11559948   0.           0.           0.
   0.        ]"
7,5,4,2,"[  0.           0.         160.32767392   0.           0.
   0.        ]"
7,5,4,3,"[  0.           0.           0.         168.18655105   0.
   0.        ]"
7,5,4,4,"[  0.           0.           0.           0.         184.79766503
   0.        ]"
7,5,4,5,"[  0.           0.           0.           0.           0.
 206.18831636]"
7,5,5,0,"[143.72159898   0.           0.           0.           0.
   0.        ]"
7,5,5,1,"[  0.         156.73317071   0.           0.           0.
   0.        ]"
7,5,5,2,"[  0.           0.         162.97374019   0.           0.
   0.        ]"
7,5,5,3,"[  0.           0.           0.         167.87618776   0.
   0.        ]"
7,5,5,4,"[  0.           0.           0.           0.         184.74638096
   0.        ]"
7,5,5,5,"[  0.           0.           0.           0.           0.
 203.26920076]"
7,5,6,0,"[153.01296456   0.           0.           0.           0.
   0.        ]"
7,5,6,1,"[  0.         151.71035267   0.           0.           0.
   0.        ]"
7,5,6,2,[  0.         0.       157.625206   0.         0.         0.      ]
7,5,6,3,"[  0.           0.           0.         172.86733803   0.
   0.        ]"
7,5,6,4,[  0.          0.          0.          0.        212.4540583   0.       ]
7,5,6,5,"[  0.           0.           0.           0.           0.
 245.44531063]"
7,5,7,0,"[149.17830651   0.           0.           0.           0.
   0.        ]"
7,5,7,1,"[  0.         166.07289207   0.           0.           0.
   0.        ]"
7,5,7,2,"[  0.           0.         160.12411372   0.           0.
   0.        ]"
7,5,7,3,"[  0.           0.           0.         166.88240605   0.
   0.        ]"
7,5,7,4,"[  0.           0.           0.           0.         186.77746483
   0.        ]"
7,5,7,5,"[  0.           0.           0.           0.           0.
 230.35680075]"
7,6,0,0,"[124.09755325   0.           0.           0.           0.
   0.        ]"
7,6,0,1,[  0.        147.9781936   0.          0.          0.          0.       ]
7,6,0,2,[  0.          0.        158.7583583   0.          0.          0.       ]
7,6,0,3,"[  0.           0.           0.         165.88238147   0.
   0.        ]"
7,6,0,4,[  0.          0.          0.          0.        175.8462739   0.       ]
7,6,0,5,"[  0.           0.           0.           0.           0.
 186.99463184]"
7,6,1,0,"[123.77114464   0.           0.           0.           0.
   0.        ]"
7,6,1,1,"[  0.         144.70415687   0.           0.           0.
   0.        ]"
7,6,1,2,"[  0.           0.         158.01887774   0.           0.
   0.        ]"
7,6,1,3,"[  0.           0.           0.         168.72433625   0.
   0.        ]"
7,6,1,4,"[  0.           0.           0.           0.         175.75791411
   0.        ]"
7,6,1,5,"[  0.           0.           0.           0.           0.
 192.50338152]"
7,6,2,0,"[137.13454714   0.           0.           0.           0.
   0.        ]"
7,6,2,1,[  0.        153.0919528   0.          0.          0.          0.       ]
7,6,2,2,"[  0.           0.         158.00727437   0.           0.
   0.        ]"
7,6,2,3,"[  0.           0.           0.         166.87928371   0.
   0.        ]"
7,6,2,4,"[  0.           0.           0.           0.         174.95619149
   0.        ]"
7,6,2,5,"[  0.           0.           0.           0.           0.
 193.41104848]"
7,6,3,0,"[136.86079512   0.           0.           0.           0.
   0.        ]"
7,6,3,1,"[  0.         151.95090714   0.           0.           0.
   0.        ]"
7,6,3,2,"[  0.           0.         158.68565705   0.           0.
   0.        ]"
7,6,3,3,"[  0.           0.           0.         165.05008886   0.
   0.        ]"
7,6,3,4,"[  0.           0.           0.           0.         173.18744903
   0.        ]"
7,6,3,5,"[  0.           0.           0.           0.           0.
 193.08017172]"
7,6,4,0,"[139.85783357   0.           0.           0.           0.
   0.        ]"
7,6,4,1,"[  0.         154.27160121   0.           0.           0.
   0.        ]"
7,6,4,2,"[  0.           0.         155.61493418   0.           0.
   0.        ]"
7,6,4,3,"[  0.           0.           0.         165.55322245   0.
   0.        ]"
7,6,4,4,"[  0.           0.           0.           0.         175.59920531
   0.        ]"
7,6,4,5,"[  0.           0.           0.           0.           0.
 193.55947937]"
7,6,5,0,"[121.00182017   0.           0.           0.           0.
   0.        ]"
7,6,5,1,"[  0.         149.17199025   0.           0.           0.
   0.        ]"
7,6,5,2,"[  0.           0.         156.39018075   0.           0.
   0.        ]"
7,6,5,3,"[  0.           0.           0.         165.51691376   0.
   0.        ]"
7,6,5,4,"[  0.           0.           0.           0.         175.81041019
   0.        ]"
7,6,5,5,"[  0.           0.           0.           0.           0.
 194.20378929]"
7,6,6,0,"[130.65389087   0.           0.           0.           0.
   0.        ]"
7,6,6,1,[  0.        145.6790153   0.          0.          0.          0.       ]
7,6,6,2,"[  0.           0.         160.60425579   0.           0.
   0.        ]"
7,6,6,3,"[  0.           0.           0.         165.24402703   0.
   0.        ]"
7,6,6,4,"[  0.           0.           0.           0.         177.80693596
   0.        ]"
7,6,6,5,"[  0.           0.           0.           0.           0.
 223.43104791]"
7,6,7,0,"[131.20292505   0.           0.           0.           0.
   0.        ]"
7,6,7,1,"[  0.         157.10101513   0.           0.           0.
   0.        ]"
7,6,7,2,[  0.          0.        159.0955889   0.          0.          0.       ]
7,6,7,3,"[  0.           0.           0.         164.93312044   0.
   0.        ]"
7,6,7,4,"[  0.           0.           0.           0.         173.61192006
   0.        ]"
7,6,7,5,"[  0.           0.           0.           0.           0.
 193.99340569]"
7,7,0,0,"[119.16585909   0.           0.           0.           0.
   0.        ]"
7,7,0,1,"[  0.         146.97832474   0.           0.           0.
   0.        ]"
7,7,0,2,"[  0.           0.         154.16505522   0.           0.
   0.        ]"
7,7,0,3,"[  0.           0.           0.         167.02907414   0.
   0.        ]"
7,7,0,4,"[  0.           0.           0.           0.         172.97639116
   0.        ]"
7,7,0,5,"[  0.           0.           0.           0.           0.
 184.77421527]"
7,7,1,0,"[116.47361592   0.           0.           0.           0.
   0.        ]"
7,7,1,1,"[  0.         135.58044607   0.           0.           0.
   0.        ]"
7,7,1,2,"[  0.           0.         151.61213783   0.           0.
   0.        ]"
7,7,1,3,[  0.          0.          0.        165.7019296   0.          0.       ]
7,7,1,4,"[  0.           0.           0.           0.         174.17677818
   0.        ]"
7,7,1,5,[  0.          0.          0.          0.          0.        184.3614602]
7,7,2,0,"[107.43290059   0.           0.           0.           0.
   0.        ]"
7,7,2,1,"[  0.         138.41451812   0.           0.           0.
   0.        ]"
7,7,2,2,"[  0.           0.         152.68078169   0.           0.
   0.        ]"
7,7,2,3,"[  0.           0.           0.         165.59894529   0.
   0.        ]"
7,7,2,4,[  0.          0.          0.          0.        174.0592437   0.       ]
7,7,2,5,"[  0.           0.           0.           0.           0.
 184.67171684]"
7,7,3,0,"[115.29042606   0.           0.           0.           0.
   0.        ]"
7,7,3,1,"[  0.         132.49246932   0.           0.           0.
   0.        ]"
7,7,3,2,"[  0.           0.         153.29269235   0.           0.
   0.        ]"
7,7,3,3,[  0.         0.         0.       165.639908   0.         0.      ]
7,7,3,4,"[  0.           0.           0.           0.         173.98843291
   0.        ]"
7,7,3,5,"[  0.           0.           0.           0.           0.
 182.50245225]"
7,7,4,0,"[111.61342845   0.           0.           0.           0.
   0.        ]"
7,7,4,1,[  0.        139.1067265   0.          0.          0.          0.       ]
7,7,4,2,"[  0.           0.         156.08157004   0.           0.
   0.        ]"
7,7,4,3,"[  0.           0.           0.         164.64611739   0.
   0.        ]"
7,7,4,4,"[  0.           0.           0.           0.         172.86429219
   0.        ]"
7,7,4,5,"[  0.           0.           0.           0.           0.
 184.74320784]"
7,7,5,0,"[111.76967904   0.           0.           0.           0.
   0.        ]"
7,7,5,1,"[  0.         127.88850265   0.           0.           0.
   0.        ]"
7,7,5,2,"[  0.           0.         154.17988468   0.           0.
   0.        ]"
7,7,5,3,"[  0.           0.           0.         164.82692457   0.
   0.        ]"
7,7,5,4,"[  0.           0.           0.           0.         174.23245243
   0.        ]"
7,7,5,5,"[  0.           0.           0.           0.           0.
 184.22145412]"
7,7,6,0,"[105.17180994   0.           0.           0.           0.
   0.        ]"
7,7,6,1,"[  0.         131.32263829   0.           0.           0.
   0.        ]"
7,7,6,2,"[  0.           0.         158.35297046   0.           0.
   0.        ]"
7,7,6,3,"[  0.           0.           0.         165.69989082   0.
   0.        ]"
7,7,6,4,"[  0.           0.           0.           0.         173.36946124
   0.        ]"
7,7,6,5,"[  0.           0.           0.           0.           0.
 184.25934353]"
7,7,7,0,"[117.61652232   0.           0.           0.           0.
   0.        ]"
7,7,7,1,"[  0.         133.32952359   0.           0.           0.
   0.        ]"
7,7,7,2,"[  0.           0.         156.66016931   0.           0.
   0.        ]"
7,7,7,3,"[  0.           0.           0.         165.94817481   0.
   0.        ]"
7,7,7,4,"[  0.           0.           0.           0.         172.87924928
   0.        ]"
7,7,7,5,"[  0.           0.           0.           0.           0.
 184.45555183]"
8,0,0,0,"[139.81718063   0.           0.           0.           0.
   0.        ]"
8,0,0,1,"[  0.         123.46624598   0.           0.           0.
   0.        ]"
8,0,0,2,"[  0.           0.         128.53433878   0.           0.
   0.        ]"
8,0,0,3,"[  0.           0.           0.         122.09905803   0.
   0.        ]"
8,0,0,4,"[  0.           0.           0.           0.         119.61837279
   0.        ]"
8,0,0,5,[  0.          0.          0.          0.          0.        114.3865172]
8,0,1,0,"[138.73259709   0.           0.           0.           0.
   0.        ]"
8,0,1,1,"[  0.         124.74533409   0.           0.           0.
   0.        ]"
8,0,1,2,"[  0.           0.         127.27095914   0.           0.
   0.        ]"
8,0,1,3,"[  0.           0.           0.         123.18736745   0.
   0.        ]"
8,0,1,4,"[  0.           0.           0.           0.         118.07425403
   0.        ]"
8,0,1,5,"[  0.           0.           0.           0.           0.
 115.24748415]"
8,0,2,0,"[139.26434431   0.           0.           0.           0.
   0.        ]"
8,0,2,1,"[  0.         126.83119085   0.           0.           0.
   0.        ]"
8,0,2,2,"[  0.           0.         124.66114046   0.           0.
   0.        ]"
8,0,2,3,"[  0.           0.           0.         123.03258625   0.
   0.        ]"
8,0,2,4,"[  0.           0.           0.           0.         117.82162618
   0.        ]"
8,0,2,5,"[  0.           0.           0.           0.           0.
 114.10611267]"
8,0,3,0,"[136.14132439   0.           0.           0.           0.
   0.        ]"
8,0,3,1,"[  0.         126.42554093   0.           0.           0.
   0.        ]"
8,0,3,2,"[  0.           0.         126.42988739   0.           0.
   0.        ]"
8,0,3,3,"[  0.           0.           0.         121.63275605   0.
   0.        ]"
8,0,3,4,"[  0.           0.           0.           0.         119.12020723
   0.        ]"
8,0,3,5,"[  0.           0.           0.           0.           0.
 114.06125021]"
8,0,4,0,"[136.04570585   0.           0.           0.           0.
   0.        ]"
8,0,4,1,"[  0.         124.47961841   0.           0.           0.
   0.        ]"
8,0,4,2,"[  0.           0.         125.23024872   0.           0.
   0.        ]"
8,0,4,3,"[  0.           0.           0.         121.98818775   0.
   0.        ]"
8,0,4,4,"[  0.           0.           0.           0.         118.63113896
   0.        ]"
8,0,4,5,"[  0.           0.           0.           0.           0.
 114.33874566]"
8,0,5,0,"[136.38459393   0.           0.           0.           0.
   0.        ]"
8,0,5,1,"[  0.         125.17026651   0.           0.           0.
   0.        ]"
8,0,5,2,"[  0.           0.         125.76684735   0.           0.
   0.        ]"
8,0,5,3,"[  0.           0.           0.         122.34799969   0.
   0.        ]"
8,0,5,4,"[  0.           0.           0.           0.         119.18519888
   0.        ]"
8,0,5,5,"[  0.           0.           0.           0.           0.
 115.37933108]"
8,0,6,0,[190.4776762   0.          0.          0.          0.          0.       ]
8,0,6,1,"[  0.         124.52494995   0.           0.           0.
   0.        ]"
8,0,6,2,"[  0.           0.         127.01554259   0.           0.
   0.        ]"
8,0,6,3,"[  0.           0.           0.         129.66572426   0.
   0.        ]"
8,0,6,4,"[  0.           0.           0.           0.         119.38383449
   0.        ]"
8,0,6,5,"[  0.           0.           0.           0.           0.
 114.60837578]"
8,0,7,0,"[155.05648748   0.           0.           0.           0.
   0.        ]"
8,0,7,1,"[  0.         182.07897012   0.           0.           0.
   0.        ]"
8,0,7,2,"[  0.           0.         125.25602585   0.           0.
   0.        ]"
8,0,7,3,"[  0.           0.           0.         122.55863405   0.
   0.        ]"
8,0,7,4,[  0.          0.          0.          0.        119.1281201   0.       ]
8,0,7,5,"[  0.           0.           0.           0.           0.
 115.02241596]"
8,1,0,0,"[165.81593532   0.           0.           0.           0.
   0.        ]"
8,1,0,1,"[  0.         152.13027788   0.           0.           0.
   0.        ]"
8,1,0,2,"[  0.           0.         136.34853773   0.           0.
   0.        ]"
8,1,0,3,"[  0.           0.           0.         138.05686019   0.
   0.        ]"
8,1,0,4,[  0.          0.          0.          0.        131.8729377   0.       ]
8,1,0,5,"[  0.           0.           0.           0.           0.
 128.96482042]"
8,1,1,0,"[155.34277131   0.           0.           0.           0.
   0.        ]"
8,1,1,1,"[  0.         148.77700073   0.           0.           0.
   0.        ]"
8,1,1,2,"[  0.           0.         134.85332704   0.           0.
   0.        ]"
8,1,1,3,"[  0.           0.           0.         136.53467938   0.
   0.        ]"
8,1,1,4,"[  0.           0.           0.           0.         131.37840293
   0.        ]"
8,1,1,5,"[  0.           0.           0.           0.           0.
 128.36787597]"
8,1,2,0,"[156.68254705   0.           0.           0.           0.
   0.        ]"
8,1,2,1,"[  0.         149.38948616   0.           0.           0.
   0.        ]"
8,1,2,2,"[  0.           0.         139.88967612   0.           0.
   0.        ]"
8,1,2,3,"[  0.           0.           0.         136.31546738   0.
   0.        ]"
8,1,2,4,"[  0.           0.           0.           0.         132.08996012
   0.        ]"
8,1,2,5,"[  0.           0.           0.           0.           0.
 127.51392039]"
8,1,3,0,"[168.04483147   0.           0.           0.           0.
   0.        ]"
8,1,3,1,[  0.        149.2554985   0.          0.          0.          0.       ]
8,1,3,2,"[  0.           0.         135.65120915   0.           0.
   0.        ]"
8,1,3,3,"[  0.           0.           0.         136.17521605   0.
   0.        ]"
8,1,3,4,"[  0.           0.           0.           0.         131.84737835
   0.        ]"
8,1,3,5,"[  0.           0.           0.           0.           0.
 127.82155085]"
8,1,4,0,"[162.72974307   0.           0.           0.           0.
   0.        ]"
8,1,4,1,"[  0.         146.92816626   0.           0.           0.
   0.        ]"
8,1,4,2,"[  0.           0.         137.03595627   0.           0.
   0.        ]"
8,1,4,3,"[  0.           0.           0.         136.58498946   0.
   0.        ]"
8,1,4,4,"[  0.           0.           0.           0.         131.14221163
   0.        ]"
8,1,4,5,[  0.          0.          0.          0.          0.        127.0353081]
8,1,5,0,"[167.52745051   0.           0.           0.           0.
   0.        ]"
8,1,5,1,"[  0.         151.23491029   0.           0.           0.
   0.        ]"
8,1,5,2,[  0.         0.       136.698769   0.         0.         0.      ]
8,1,5,3,"[  0.           0.           0.         135.42034073   0.
   0.        ]"
8,1,5,4,"[  0.           0.           0.           0.         131.81601839
   0.        ]"
8,1,5,5,"[  0.           0.           0.           0.           0.
 129.29292965]"
8,1,6,0,"[199.97018475   0.           0.           0.           0.
   0.        ]"
8,1,6,1,"[  0.         203.73289114   0.           0.           0.
   0.        ]"
8,1,6,2,"[  0.           0.         134.98208667   0.           0.
   0.        ]"
8,1,6,3,"[  0.           0.           0.         142.13706798   0.
   0.        ]"
8,1,6,4,"[  0.           0.           0.           0.         131.14505605
   0.        ]"
8,1,6,5,"[  0.           0.           0.           0.           0.
 130.40461763]"
8,1,7,0,[182.6405258   0.          0.          0.          0.          0.       ]
8,1,7,1,"[  0.         183.50748996   0.           0.           0.
   0.        ]"
8,1,7,2,"[  0.           0.         205.13408488   0.           0.
   0.        ]"
8,1,7,3,"[  0.           0.           0.         136.32577956   0.
   0.        ]"
8,1,7,4,"[  0.           0.           0.           0.         131.58159696
   0.        ]"
8,1,7,5,"[  0.           0.           0.           0.           0.
 127.67737971]"
8,2,0,0,"[156.55526544   0.           0.           0.           0.
   0.        ]"
8,2,0,1,"[  0.         172.59177001   0.           0.           0.
   0.        ]"
8,2,0,2,"[  0.           0.         157.46404702   0.           0.
   0.        ]"
8,2,0,3,"[  0.           0.           0.         147.80839099   0.
   0.        ]"
8,2,0,4,"[  0.           0.           0.           0.         145.92060937
   0.        ]"
8,2,0,5,"[  0.           0.           0.           0.           0.
 140.73931459]"
8,2,1,0,"[157.89587468   0.           0.           0.           0.
   0.        ]"
8,2,1,1,"[  0.         173.16819406   0.           0.           0.
   0.        ]"
8,2,1,2,"[  0.           0.         156.05240022   0.           0.
   0.        ]"
8,2,1,3,"[  0.           0.           0.         145.04049036   0.
   0.        ]"
8,2,1,4,"[  0.           0.           0.           0.         145.98662179
   0.        ]"
8,2,1,5,"[  0.           0.           0.           0.           0.
 141.35603703]"
8,2,2,0,"[157.14666471   0.           0.           0.           0.
   0.        ]"
8,2,2,1,"[  0.         178.95583143   0.           0.           0.
   0.        ]"
8,2,2,2,[  0.          0.        161.6701406   0.          0.          0.       ]
8,2,2,3,"[  0.           0.           0.         150.14236714   0.
   0.        ]"
8,2,2,4,[  0.          0.          0.          0.        145.8443197   0.       ]
8,2,2,5,"[  0.           0.           0.           0.           0.
 140.70433568]"
8,2,3,0,"[156.40793998   0.           0.           0.           0.
   0.        ]"
8,2,3,1,"[  0.         180.15212346   0.           0.           0.
   0.        ]"
8,2,3,2,"[  0.           0.         161.91234613   0.           0.
   0.        ]"
8,2,3,3,"[  0.           0.           0.         145.47755499   0.
   0.        ]"
8,2,3,4,"[  0.           0.           0.           0.         145.98328223
   0.        ]"
8,2,3,5,"[  0.           0.           0.           0.           0.
 140.97304407]"
8,2,4,0,"[154.53099027   0.           0.           0.           0.
   0.        ]"
8,2,4,1,"[  0.         175.24082402   0.           0.           0.
   0.        ]"
8,2,4,2,"[  0.           0.         161.69686554   0.           0.
   0.        ]"
8,2,4,3,"[  0.           0.           0.         144.50891279   0.
   0.        ]"
8,2,4,4,"[  0.           0.           0.           0.         145.91860398
   0.        ]"
8,2,4,5,"[  0.           0.           0.           0.           0.
 140.24330134]"
8,2,5,0,"[159.68122294   0.           0.           0.           0.
   0.        ]"
8,2,5,1,"[  0.         179.42207407   0.           0.           0.
   0.        ]"
8,2,5,2,"[  0.           0.         158.79964925   0.           0.
   0.        ]"
8,2,5,3,"[  0.           0.           0.         145.01424506   0.
   0.        ]"
8,2,5,4,"[  0.           0.           0.           0.         145.85898934
   0.        ]"
8,2,5,5,"[  0.           0.           0.           0.           0.
 140.35931276]"
8,2,6,0,"[177.50324422   0.           0.           0.           0.
   0.        ]"
8,2,6,1,"[  0.         199.63672811   0.           0.           0.
   0.        ]"
8,2,6,2,"[  0.           0.         237.78500869   0.           0.
   0.        ]"
8,2,6,3,"[  0.           0.           0.         145.14048233   0.
   0.        ]"
8,2,6,4,"[  0.           0.           0.           0.         145.91711822
   0.        ]"
8,2,6,5,"[  0.           0.           0.           0.           0.
 140.45354915]"
8,2,7,0,"[171.69567486   0.           0.           0.           0.
   0.        ]"
8,2,7,1,"[  0.         192.58292959   0.           0.           0.
   0.        ]"
8,2,7,2,"[  0.           0.         202.02977317   0.           0.
   0.        ]"
8,2,7,3,"[  0.           0.           0.         217.25786516   0.
   0.        ]"
8,2,7,4,[  0.         0.         0.         0.       145.960928   0.      ]
8,2,7,5,"[  0.           0.           0.           0.           0.
 141.15616145]"
8,3,0,0,"[150.24520072   0.           0.           0.           0.
   0.        ]"
8,3,0,1,"[  0.         162.64611209   0.           0.           0.
   0.        ]"
8,3,0,2,"[  0.           0.         184.84893107   0.           0.
   0.        ]"
8,3,0,3,"[  0.           0.           0.         172.14432318   0.
   0.        ]"
8,3,0,4,"[  0.           0.           0.           0.         154.43180479
   0.        ]"
8,3,0,5,"[  0.           0.           0.           0.           0.
 154.57913709]"
8,3,1,0,"[156.87875119   0.           0.           0.           0.
   0.        ]"
8,3,1,1,"[  0.         166.74004207   0.           0.           0.
   0.        ]"
8,3,1,2,"[  0.           0.         182.79630717   0.           0.
   0.        ]"
8,3,1,3,"[  0.           0.           0.         171.21388563   0.
   0.        ]"
8,3,1,4,"[  0.           0.           0.           0.         155.02343064
   0.        ]"
8,3,1,5,"[  0.           0.           0.           0.           0.
 159.33772709]"
8,3,2,0,[155.059261   0.         0.         0.         0.         0.      ]
8,3,2,1,"[  0.         167.14728861   0.           0.           0.
   0.        ]"
8,3,2,2,[  0.          0.        185.4435085   0.          0.          0.       ]
8,3,2,3,[  0.          0.          0.        172.1514456   0.          0.       ]
8,3,2,4,[  0.          0.          0.          0.        154.3156621   0.       ]
8,3,2,5,"[  0.           0.           0.           0.           0.
 154.81393281]"
8,3,3,0,"[157.38787705   0.           0.           0.           0.
   0.        ]"
8,3,3,1,"[  0.         164.56571828   0.           0.           0.
   0.        ]"
8,3,3,2,"[  0.           0.         187.90630252   0.           0.
   0.        ]"
8,3,3,3,"[  0.           0.           0.         174.04605248   0.
   0.        ]"
8,3,3,4,"[  0.           0.           0.           0.         154.16450725
   0.        ]"
8,3,3,5,"[  0.           0.           0.           0.           0.
 154.77465176]"
8,3,4,0,"[155.49280154   0.           0.           0.           0.
   0.        ]"
8,3,4,1,"[  0.         166.45683355   0.           0.           0.
   0.        ]"
8,3,4,2,"[  0.           0.         175.73981557   0.           0.
   0.        ]"
8,3,4,3,"[  0.           0.           0.         171.36852566   0.
   0.        ]"
8,3,4,4,[  0.          0.          0.          0.        154.1589441   0.       ]
8,3,4,5,"[  0.           0.           0.           0.           0.
 155.29273299]"
8,3,5,0,"[152.87396166   0.           0.           0.           0.
   0.        ]"
8,3,5,1,"[  0.         166.66283792   0.           0.           0.
   0.        ]"
8,3,5,2,"[  0.           0.         185.73353983   0.           0.
   0.        ]"
8,3,5,3,[  0.          0.          0.        171.9187817   0.          0.       ]
8,3,5,4,"[  0.           0.           0.           0.         154.27514303
   0.        ]"
8,3,5,5,"[  0.           0.           0.           0.           0.
 154.93896787]"
8,3,6,0,[168.95336   0.        0.        0.        0.        0.     ]
8,3,6,1,"[  0.         197.44898233   0.           0.           0.
   0.        ]"
8,3,6,2,"[  0.           0.         229.38843622   0.           0.
   0.        ]"
8,3,6,3,"[  0.           0.           0.         230.24313694   0.
   0.        ]"
8,3,6,4,"[  0.           0.           0.           0.         154.12189449
   0.        ]"
8,3,6,5,"[  0.           0.           0.           0.           0.
 163.39643577]"
8,3,7,0,"[160.27116241   0.           0.           0.           0.
   0.        ]"
8,3,7,1,"[  0.         173.17998271   0.           0.           0.
   0.        ]"
8,3,7,2,"[  0.           0.         221.69708734   0.           0.
   0.        ]"
8,3,7,3,[  0.          0.          0.        220.3095347   0.          0.       ]
8,3,7,4,"[  0.           0.           0.           0.         234.15215603
   0.        ]"
8,3,7,5,[  0.          0.          0.          0.          0.        155.4703842]
8,4,0,0,"[161.76623773   0.           0.           0.           0.
   0.        ]"
8,4,0,1,"[  0.         166.63390773   0.           0.           0.
   0.        ]"
8,4,0,2,"[  0.           0.         173.29709084   0.           0.
   0.        ]"
8,4,0,3,"[  0.           0.           0.         200.66264947   0.
   0.        ]"
8,4,0,4,"[  0.           0.           0.           0.         181.45119813
   0.        ]"
8,4,0,5,"[  0.           0.           0.           0.           0.
 165.47577109]"
8,4,1,0,"[161.36082345   0.           0.           0.           0.
   0.        ]"
8,4,1,1,"[  0.         164.05604725   0.           0.           0.
   0.        ]"
8,4,1,2,"[  0.           0.         175.86303118   0.           0.
   0.        ]"
8,4,1,3,"[  0.           0.           0.         200.92083278   0.
   0.        ]"
8,4,1,4,"[  0.           0.           0.           0.         181.49848423
   0.        ]"
8,4,1,5,"[  0.           0.           0.           0.           0.
 165.79428847]"
8,4,2,0,"[162.45223905   0.           0.           0.           0.
   0.        ]"
8,4,2,1,"[  0.         160.95403931   0.           0.           0.
   0.        ]"
8,4,2,2,"[  0.           0.         179.11799885   0.           0.
   0.        ]"
8,4,2,3,"[  0.           0.           0.         199.89576334   0.
   0.        ]"
8,4,2,4,"[  0.           0.           0.           0.         181.40293307
   0.        ]"
8,4,2,5,"[  0.           0.           0.           0.           0.
 163.23202706]"
8,4,3,0,"[158.68330045   0.           0.           0.           0.
   0.        ]"
8,4,3,1,"[  0.         165.17275381   0.           0.           0.
   0.        ]"
8,4,3,2,"[  0.           0.         177.64234138   0.           0.
   0.        ]"
8,4,3,3,"[  0.           0.           0.         198.89149654   0.
   0.        ]"
8,4,3,4,"[  0.           0.           0.           0.         181.12695137
   0.        ]"
8,4,3,5,"[  0.           0.           0.           0.           0.
 163.29139061]"
8,4,4,0,[155.9185726   0.          0.          0.          0.          0.       ]
8,4,4,1,"[  0.         163.90985681   0.           0.           0.
   0.        ]"
8,4,4,2,[  0.          0.        177.3057841   0.          0.          0.       ]
8,4,4,3,[  0.          0.          0.        200.6278742   0.          0.       ]
8,4,4,4,"[  0.           0.           0.           0.         181.51238186
   0.        ]"
8,4,4,5,"[  0.           0.           0.           0.           0.
 163.46196324]"
8,4,5,0,"[159.40509033   0.           0.           0.           0.
   0.        ]"
8,4,5,1,"[  0.         164.02739002   0.           0.           0.
   0.        ]"
8,4,5,2,[  0.          0.        176.6498998   0.          0.          0.       ]
8,4,5,3,"[  0.           0.           0.         200.47252345   0.
   0.        ]"
8,4,5,4,"[  0.           0.           0.           0.         181.38184574
   0.        ]"
8,4,5,5,"[  0.           0.           0.           0.           0.
 161.36828984]"
8,4,6,0,"[180.80694516   0.           0.           0.           0.
   0.        ]"
8,4,6,1,[  0.        164.6659777   0.          0.          0.          0.       ]
8,4,6,2,"[  0.           0.         209.20866542   0.           0.
   0.        ]"
8,4,6,3,"[  0.           0.           0.         250.68138661   0.
   0.        ]"
8,4,6,4,"[  0.           0.           0.           0.         261.08841964
   0.        ]"
8,4,6,5,"[  0.           0.           0.           0.           0.
 163.94739419]"
8,4,7,0,"[185.30438153   0.           0.           0.           0.
   0.        ]"
8,4,7,1,[  0.      176.43084   0.        0.        0.        0.     ]
8,4,7,2,"[  0.           0.         185.01247141   0.           0.
   0.        ]"
8,4,7,3,"[  0.           0.           0.         230.97480697   0.
   0.        ]"
8,4,7,4,[  0.          0.          0.          0.        231.4482166   0.       ]
8,4,7,5,[  0.          0.          0.          0.          0.        242.5359895]
8,5,0,0,"[170.92369195   0.           0.           0.           0.
   0.        ]"
8,5,0,1,"[  0.         169.11670637   0.           0.           0.
   0.        ]"
8,5,0,2,"[  0.           0.         167.53989393   0.           0.
   0.        ]"
8,5,0,3,"[  0.           0.           0.         186.62034446   0.
   0.        ]"
8,5,0,4,"[  0.           0.           0.           0.         209.93932643
   0.        ]"
8,5,0,5,[  0.          0.          0.          0.          0.        190.2837171]
8,5,1,0,[164.3374687   0.          0.          0.          0.          0.       ]
8,5,1,1,"[  0.         171.47041509   0.           0.           0.
   0.        ]"
8,5,1,2,[  0.          0.        181.0098028   0.          0.          0.       ]
8,5,1,3,[  0.          0.          0.        186.9728821   0.          0.       ]
8,5,1,4,"[  0.           0.           0.           0.         209.69173834
   0.        ]"
8,5,1,5,[  0.          0.          0.          0.          0.        189.5331978]
8,5,2,0,"[156.34465406   0.           0.           0.           0.
   0.        ]"
8,5,2,1,"[  0.         163.83026847   0.           0.           0.
   0.        ]"
8,5,2,2,"[  0.           0.         174.03244533   0.           0.
   0.        ]"
8,5,2,3,"[  0.           0.           0.         185.81905847   0.
   0.        ]"
8,5,2,4,"[  0.           0.           0.           0.         209.55881368
   0.        ]"
8,5,2,5,"[  0.           0.           0.           0.           0.
 188.36910988]"
8,5,3,0,[154.9408281   0.          0.          0.          0.          0.       ]
8,5,3,1,"[  0.         164.00550535   0.           0.           0.
   0.        ]"
8,5,3,2,[  0.          0.        170.5044966   0.          0.          0.       ]
8,5,3,3,"[  0.           0.           0.         185.89741633   0.
   0.        ]"
8,5,3,4,"[  0.           0.           0.           0.         208.43297446
   0.        ]"
8,5,3,5,"[  0.           0.           0.           0.           0.
 191.82902919]"
8,5,4,0,"[175.15499497   0.           0.           0.           0.
   0.        ]"
8,5,4,1,"[  0.         173.87140099   0.           0.           0.
   0.        ]"
8,5,4,2,"[  0.           0.         169.36486599   0.           0.
   0.        ]"
8,5,4,3,"[  0.           0.           0.         185.83713377   0.
   0.        ]"
8,5,4,4,"[  0.           0.           0.           0.         209.95599308
   0.        ]"
8,5,4,5,"[  0.           0.           0.           0.           0.
 190.25929324]"
8,5,5,0,"[162.60835205   0.           0.           0.           0.
   0.        ]"
8,5,5,1,"[  0.         163.98644628   0.           0.           0.
   0.        ]"
8,5,5,2,"[  0.           0.         172.40123278   0.           0.
   0.        ]"
8,5,5,3,"[  0.           0.           0.         187.06443226   0.
   0.        ]"
8,5,5,4,"[  0.           0.           0.           0.         210.02757922
   0.        ]"
8,5,5,5,"[  0.           0.           0.           0.           0.
 190.49523149]"
8,5,6,0,"[175.84269333   0.           0.           0.           0.
   0.        ]"
8,5,6,1,"[  0.         181.90334863   0.           0.           0.
   0.        ]"
8,5,6,2,"[  0.           0.         177.98301095   0.           0.
   0.        ]"
8,5,6,3,"[  0.           0.           0.         220.46968407   0.
   0.        ]"
8,5,6,4,"[  0.           0.           0.           0.         259.25532477
   0.        ]"
8,5,6,5,"[  0.           0.           0.           0.           0.
 267.00191969]"
8,5,7,0,"[175.77620691   0.           0.           0.           0.
   0.        ]"
8,5,7,1,"[  0.         185.71998686   0.           0.           0.
   0.        ]"
8,5,7,2,"[  0.           0.         175.02125734   0.           0.
   0.        ]"
8,5,7,3,"[  0.           0.           0.         188.05143391   0.
   0.        ]"
8,5,7,4,"[  0.           0.           0.           0.         239.75274735
   0.        ]"
8,5,7,5,"[  0.           0.           0.           0.           0.
 240.36965161]"
8,6,0,0,"[162.40954887   0.           0.           0.           0.
   0.        ]"
8,6,0,1,[  0.        170.7038263   0.          0.          0.          0.       ]
8,6,0,2,"[  0.           0.         169.35155352   0.           0.
   0.        ]"
8,6,0,3,"[  0.           0.           0.         175.87462273   0.
   0.        ]"
8,6,0,4,"[  0.           0.           0.           0.         194.43251262
   0.        ]"
8,6,0,5,"[  0.           0.           0.           0.           0.
 218.91851766]"
8,6,1,0,"[167.96068517   0.           0.           0.           0.
   0.        ]"
8,6,1,1,"[  0.         157.25037257   0.           0.           0.
   0.        ]"
8,6,1,2,"[  0.           0.         169.50374406   0.           0.
   0.        ]"
8,6,1,3,"[  0.           0.           0.         179.49861961   0.
   0.        ]"
8,6,1,4,[  0.          0.          0.          0.        194.5926585   0.       ]
8,6,1,5,"[  0.           0.           0.           0.           0.
 216.01827994]"
8,6,2,0,"[155.61244178   0.           0.           0.           0.
   0.        ]"
8,6,2,1,"[  0.         171.33962339   0.           0.           0.
   0.        ]"
8,6,2,2,"[  0.           0.         172.81316736   0.           0.
   0.        ]"
8,6,2,3,"[  0.           0.           0.         176.81406544   0.
   0.        ]"
8,6,2,4,"[  0.           0.           0.           0.         194.54994972
   0.        ]"
8,6,2,5,"[  0.           0.           0.           0.           0.
 218.03691953]"
8,6,3,0,[148.9599864   0.          0.          0.          0.          0.       ]
8,6,3,1,"[  0.         159.55630607   0.           0.           0.
   0.        ]"
8,6,3,2,"[  0.           0.         166.55007002   0.           0.
   0.        ]"
8,6,3,3,"[  0.           0.           0.         178.16238164   0.
   0.        ]"
8,6,3,4,"[  0.           0.           0.           0.         192.60018852
   0.        ]"
8,6,3,5,"[  0.           0.           0.           0.           0.
 211.50892974]"
8,6,4,0,"[161.06786114   0.           0.           0.           0.
   0.        ]"
8,6,4,1,"[  0.         175.03368689   0.           0.           0.
   0.        ]"
8,6,4,2,"[  0.           0.         176.50745246   0.           0.
   0.        ]"
8,6,4,3,"[  0.           0.           0.         178.46311624   0.
   0.        ]"
8,6,4,4,"[  0.           0.           0.           0.         194.59178475
   0.        ]"
8,6,4,5,"[  0.           0.           0.           0.           0.
 218.76021467]"
8,6,5,0,"[169.93938092   0.           0.           0.           0.
   0.        ]"
8,6,5,1,"[  0.         164.27990646   0.           0.           0.
   0.        ]"
8,6,5,2,"[  0.           0.         166.61494364   0.           0.
   0.        ]"
8,6,5,3,"[  0.           0.           0.         175.60099401   0.
   0.        ]"
8,6,5,4,"[  0.           0.           0.           0.         194.49214952
   0.        ]"
8,6,5,5,"[  0.           0.           0.           0.           0.
 216.73035635]"
8,6,6,0,"[174.01158362   0.           0.           0.           0.
   0.        ]"
8,6,6,1,"[  0.         161.89882993   0.           0.           0.
   0.        ]"
8,6,6,2,"[  0.           0.         172.11969712   0.           0.
   0.        ]"
8,6,6,3,"[  0.           0.           0.         185.21981378   0.
   0.        ]"
8,6,6,4,"[  0.           0.           0.           0.         219.86671736
   0.        ]"
8,6,6,5,"[  0.           0.           0.           0.           0.
 268.97464539]"
8,6,7,0,"[161.88308653   0.           0.           0.           0.
   0.        ]"
8,6,7,1,[  0.        170.6583164   0.          0.          0.          0.       ]
8,6,7,2,"[  0.           0.         179.90202813   0.           0.
   0.        ]"
8,6,7,3,"[  0.           0.           0.         177.28931311   0.
   0.        ]"
8,6,7,4,"[  0.           0.           0.           0.         197.30188858
   0.        ]"
8,6,7,5,[  0.          0.          0.          0.          0.        248.6057659]
8,7,0,0,"[154.39951397   0.           0.           0.           0.
   0.        ]"
8,7,0,1,"[  0.         158.70474911   0.           0.           0.
   0.        ]"
8,7,0,2,"[  0.           0.         166.59130732   0.           0.
   0.        ]"
8,7,0,3,"[  0.           0.           0.         175.04278168   0.
   0.        ]"
8,7,0,4,"[  0.           0.           0.           0.         185.91402836
   0.        ]"
8,7,0,5,"[  0.           0.           0.           0.           0.
 203.84596983]"
8,7,1,0,"[144.11086477   0.           0.           0.           0.
   0.        ]"
8,7,1,1,"[  0.         163.80489128   0.           0.           0.
   0.        ]"
8,7,1,2,"[  0.           0.         168.64155477   0.           0.
   0.        ]"
8,7,1,3,"[  0.           0.           0.         175.06648906   0.
   0.        ]"
8,7,1,4,"[  0.           0.           0.           0.         185.86895576
   0.        ]"
8,7,1,5,"[  0.           0.           0.           0.           0.
 203.10097578]"
8,7,2,0,"[146.93344888   0.           0.           0.           0.
   0.        ]"
8,7,2,1,"[  0.         154.70869279   0.           0.           0.
   0.        ]"
8,7,2,2,"[  0.           0.         168.39143865   0.           0.
   0.        ]"
8,7,2,3,"[  0.           0.           0.         178.09069723   0.
   0.        ]"
8,7,2,4,"[  0.           0.           0.           0.         185.65445313
   0.        ]"
8,7,2,5,"[  0.           0.           0.           0.           0.
 201.54231413]"
8,7,3,0,"[155.49770493   0.           0.           0.           0.
   0.        ]"
8,7,3,1,"[  0.         165.07119863   0.           0.           0.
   0.        ]"
8,7,3,2,"[  0.           0.         166.80261966   0.           0.
   0.        ]"
8,7,3,3,"[  0.           0.           0.         176.89861156   0.
   0.        ]"
8,7,3,4,"[  0.           0.           0.           0.         185.13538366
   0.        ]"
8,7,3,5,"[  0.           0.           0.           0.           0.
 201.30393693]"
8,7,4,0,"[142.94760192   0.           0.           0.           0.
   0.        ]"
8,7,4,1,"[  0.         156.99568894   0.           0.           0.
   0.        ]"
8,7,4,2,"[  0.           0.         171.50685259   0.           0.
   0.        ]"
8,7,4,3,"[  0.           0.           0.         172.68358175   0.
   0.        ]"
8,7,4,4,"[  0.           0.           0.           0.         185.87791318
   0.        ]"
8,7,4,5,"[  0.           0.           0.           0.           0.
 203.81615934]"
8,7,5,0,"[165.58429481   0.           0.           0.           0.
   0.        ]"
8,7,5,1,"[  0.         158.80723448   0.           0.           0.
   0.        ]"
8,7,5,2,"[  0.           0.         169.99585492   0.           0.
   0.        ]"
8,7,5,3,"[  0.           0.           0.         175.13104716   0.
   0.        ]"
8,7,5,4,"[  0.           0.           0.           0.         185.89368892
   0.        ]"
8,7,5,5,"[  0.           0.           0.           0.           0.
 203.82736652]"
8,7,6,0,"[145.82012849   0.           0.           0.           0.
   0.        ]"
8,7,6,1,"[  0.         164.96704256   0.           0.           0.
   0.        ]"
8,7,6,2,"[  0.           0.         182.51685491   0.           0.
   0.        ]"
8,7,6,3,[  0.          0.          0.        176.1541472   0.          0.       ]
8,7,6,4,"[  0.           0.           0.           0.         187.88710324
   0.        ]"
8,7,6,5,"[  0.           0.           0.           0.           0.
 233.30596529]"
8,7,7,0,[140.6342673   0.          0.          0.          0.          0.       ]
8,7,7,1,"[  0.         158.62483153   0.           0.           0.
   0.        ]"
8,7,7,2,"[  0.           0.         171.77979545   0.           0.
   0.        ]"
8,7,7,3,"[  0.           0.           0.         175.54297713   0.
   0.        ]"
8,7,7,4,"[  0.           0.           0.           0.         186.02427493
   0.        ]"
8,7,7,5,"[  0.           0.           0.           0.           0.
 206.11247006]"
9,0,0,0,[124.3757443   0.          0.          0.          0.          0.       ]
9,0,0,1,"[  0.         122.53699769   0.           0.           0.
   0.        ]"
9,0,0,2,"[  0.           0.         122.22013621   0.           0.
   0.        ]"
9,0,0,3,"[  0.           0.           0.         118.89719114   0.
   0.        ]"
9,0,0,4,"[  0.           0.           0.           0.         114.82213319
   0.        ]"
9,0,0,5,"[  0.           0.           0.           0.           0.
 111.90018669]"
9,0,1,0,"[124.75033671   0.           0.           0.           0.
   0.        ]"
9,0,1,1,"[  0.         126.01949059   0.           0.           0.
   0.        ]"
9,0,1,2,"[  0.           0.         120.10531124   0.           0.
   0.        ]"
9,0,1,3,"[  0.           0.           0.         119.77805508   0.
   0.        ]"
9,0,1,4,"[  0.           0.           0.           0.         114.81166339
   0.        ]"
9,0,1,5,"[  0.           0.           0.           0.           0.
 112.47049655]"
9,0,2,0,"[125.54351917   0.           0.           0.           0.
   0.        ]"
9,0,2,1,"[  0.         125.97641314   0.           0.           0.
   0.        ]"
9,0,2,2,"[  0.           0.         122.24150922   0.           0.
   0.        ]"
9,0,2,3,"[  0.           0.           0.         119.19007735   0.
   0.        ]"
9,0,2,4,"[  0.           0.           0.           0.         116.13261486
   0.        ]"
9,0,2,5,[  0.          0.          0.          0.          0.        112.1708717]
9,0,3,0,"[120.77511686   0.           0.           0.           0.
   0.        ]"
9,0,3,1,"[  0.         125.32554564   0.           0.           0.
   0.        ]"
9,0,3,2,"[  0.           0.         122.30372895   0.           0.
   0.        ]"
9,0,3,3,"[  0.           0.           0.         117.79080438   0.
   0.        ]"
9,0,3,4,"[  0.           0.           0.           0.         115.22808816
   0.        ]"
9,0,3,5,"[  0.           0.           0.           0.           0.
 111.82568854]"
9,0,4,0,"[123.62500646   0.           0.           0.           0.
   0.        ]"
9,0,4,1,"[  0.         126.39185307   0.           0.           0.
   0.        ]"
9,0,4,2,"[  0.           0.         123.50502972   0.           0.
   0.        ]"
9,0,4,3,"[  0.           0.           0.         119.31971318   0.
   0.        ]"
9,0,4,4,"[  0.           0.           0.           0.         115.09796313
   0.        ]"
9,0,4,5,"[  0.           0.           0.           0.           0.
 113.96952843]"
9,0,5,0,"[125.81252496   0.           0.           0.           0.
   0.        ]"
9,0,5,1,"[  0.         122.47003315   0.           0.           0.
   0.        ]"
9,0,5,2,"[  0.           0.         121.51515435   0.           0.
   0.        ]"
9,0,5,3,"[  0.           0.           0.         120.48334687   0.
   0.        ]"
9,0,5,4,"[  0.           0.           0.           0.         115.17932007
   0.        ]"
9,0,5,5,[  0.         0.         0.         0.         0.       111.574267]
9,0,6,0,"[122.43726303   0.           0.           0.           0.
   0.        ]"
9,0,6,1,"[  0.         127.07915476   0.           0.           0.
   0.        ]"
9,0,6,2,"[  0.           0.         120.02397318   0.           0.
   0.        ]"
9,0,6,3,"[  0.           0.           0.         118.35803787   0.
   0.        ]"
9,0,6,4,"[  0.           0.           0.           0.         115.39638644
   0.        ]"
9,0,6,5,"[  0.           0.           0.           0.           0.
 111.82190914]"
9,0,7,0,"[175.72820991   0.           0.           0.           0.
   0.        ]"
9,0,7,1,"[  0.         124.54411207   0.           0.           0.
   0.        ]"
9,0,7,2,"[  0.           0.         122.09055781   0.           0.
   0.        ]"
9,0,7,3,"[  0.           0.           0.         118.43428713   0.
   0.        ]"
9,0,7,4,"[  0.           0.           0.           0.         115.57755744
   0.        ]"
9,0,7,5,"[  0.           0.           0.           0.           0.
 112.30374653]"
9,1,0,0,"[144.12562841   0.           0.           0.           0.
   0.        ]"
9,1,0,1,"[  0.         135.34675917   0.           0.           0.
   0.        ]"
9,1,0,2,"[  0.           0.         135.88315309   0.           0.
   0.        ]"
9,1,0,3,"[  0.           0.           0.         132.74785814   0.
   0.        ]"
9,1,0,4,"[  0.           0.           0.           0.         129.51516047
   0.        ]"
9,1,0,5,"[  0.           0.           0.           0.           0.
 124.66813886]"
9,1,1,0,[149.6570245   0.          0.          0.          0.          0.       ]
9,1,1,1,"[  0.         134.77178014   0.           0.           0.
   0.        ]"
9,1,1,2,"[  0.           0.         134.80352317   0.           0.
   0.        ]"
9,1,1,3,"[  0.           0.           0.         133.20642059   0.
   0.        ]"
9,1,1,4,[  0.          0.          0.          0.        128.2628241   0.       ]
9,1,1,5,"[  0.           0.           0.           0.           0.
 124.84999244]"
9,1,2,0,"[146.42029166   0.           0.           0.           0.
   0.        ]"
9,1,2,1,[  0.        135.1451456   0.          0.          0.          0.       ]
9,1,2,2,"[  0.           0.         135.07880609   0.           0.
   0.        ]"
9,1,2,3,"[  0.           0.           0.         132.55395864   0.
   0.        ]"
9,1,2,4,"[  0.           0.           0.           0.         128.97667986
   0.        ]"
9,1,2,5,[  0.          0.          0.          0.          0.        124.7739391]
9,1,3,0,"[143.33396271   0.           0.           0.           0.
   0.        ]"
9,1,3,1,"[  0.         133.42817835   0.           0.           0.
   0.        ]"
9,1,3,2,"[  0.           0.         134.47138537   0.           0.
   0.        ]"
9,1,3,3,"[  0.           0.           0.         131.70078003   0.
   0.        ]"
9,1,3,4,"[  0.           0.           0.           0.         128.22446728
   0.        ]"
9,1,3,5,"[  0.           0.           0.           0.           0.
 124.76462735]"
9,1,4,0,"[145.73808412   0.           0.           0.           0.
   0.        ]"
9,1,4,1,"[  0.         133.64153159   0.           0.           0.
   0.        ]"
9,1,4,2,"[  0.           0.         135.74771109   0.           0.
   0.        ]"
9,1,4,3,"[  0.           0.           0.         131.36708105   0.
   0.        ]"
9,1,4,4,"[  0.           0.           0.           0.         128.61705729
   0.        ]"
9,1,4,5,"[  0.           0.           0.           0.           0.
 122.50902091]"
9,1,5,0,"[150.27300999   0.           0.           0.           0.
   0.        ]"
9,1,5,1,"[  0.         133.77595295   0.           0.           0.
   0.        ]"
9,1,5,2,"[  0.           0.         135.31837772   0.           0.
   0.        ]"
9,1,5,3,"[  0.           0.           0.         133.22298035   0.
   0.        ]"
9,1,5,4,"[  0.           0.           0.           0.         128.53323252
   0.        ]"
9,1,5,5,"[  0.           0.           0.           0.           0.
 124.61206914]"
9,1,6,0,"[176.37573209   0.           0.           0.           0.
   0.        ]"
9,1,6,1,"[  0.         138.96476131   0.           0.           0.
   0.        ]"
9,1,6,2,"[  0.           0.         133.46986707   0.           0.
   0.        ]"
9,1,6,3,"[  0.           0.           0.         131.89468059   0.
   0.        ]"
9,1,6,4,"[  0.           0.           0.           0.         128.88906301
   0.        ]"
9,1,6,5,"[  0.           0.           0.           0.           0.
 125.01097305]"
9,1,7,0,[175.7166119   0.          0.          0.          0.          0.       ]
9,1,7,1,"[  0.         175.20888432   0.           0.           0.
   0.        ]"
9,1,7,2,"[  0.           0.         136.61855646   0.           0.
   0.        ]"
9,1,7,3,"[  0.           0.           0.         133.03816833   0.
   0.        ]"
9,1,7,4,"[  0.           0.           0.           0.         128.54382369
   0.        ]"
9,1,7,5,"[  0.           0.           0.           0.           0.
 124.25145944]"
9,2,0,0,[165.6949765   0.          0.          0.          0.          0.       ]
9,2,0,1,"[  0.         160.28094082   0.           0.           0.
   0.        ]"
9,2,0,2,"[  0.           0.         144.56873241   0.           0.
   0.        ]"
9,2,0,3,"[  0.           0.           0.         146.53355649   0.
   0.        ]"
9,2,0,4,"[  0.           0.           0.           0.         141.91367673
   0.        ]"
9,2,0,5,"[  0.           0.           0.           0.           0.
 137.54418228]"
9,2,1,0,"[168.79155569   0.           0.           0.           0.
   0.        ]"
9,2,1,1,"[  0.         157.58743163   0.           0.           0.
   0.        ]"
9,2,1,2,"[  0.           0.         144.79052561   0.           0.
   0.        ]"
9,2,1,3,"[  0.           0.           0.         146.35071463   0.
   0.        ]"
9,2,1,4,"[  0.           0.           0.           0.         144.11564583
   0.        ]"
9,2,1,5,"[  0.           0.           0.           0.           0.
 138.52610583]"
9,2,2,0,"[165.75904817   0.           0.           0.           0.
   0.        ]"
9,2,2,1,"[  0.         158.18092901   0.           0.           0.
   0.        ]"
9,2,2,2,"[  0.           0.         145.02167883   0.           0.
   0.        ]"
9,2,2,3,[  0.          0.          0.        146.3990163   0.          0.       ]
9,2,2,4,"[  0.           0.           0.           0.         141.37346639
   0.        ]"
9,2,2,5,"[  0.           0.           0.           0.           0.
 138.61130398]"
9,2,3,0,"[159.92645905   0.           0.           0.           0.
   0.        ]"
9,2,3,1,"[  0.         159.27402287   0.           0.           0.
   0.        ]"
9,2,3,2,"[  0.           0.         145.02376817   0.           0.
   0.        ]"
9,2,3,3,[  0.          0.          0.        146.2167078   0.          0.       ]
9,2,3,4,"[  0.           0.           0.           0.         141.28835848
   0.        ]"
9,2,3,5,"[  0.           0.           0.           0.           0.
 137.87795542]"
9,2,4,0,[172.1138875   0.          0.          0.          0.          0.       ]
9,2,4,1,"[  0.         158.72760393   0.           0.           0.
   0.        ]"
9,2,4,2,"[  0.           0.         144.09998735   0.           0.
   0.        ]"
9,2,4,3,"[  0.           0.           0.         145.43912596   0.
   0.        ]"
9,2,4,4,"[  0.           0.           0.           0.         142.23906046
   0.        ]"
9,2,4,5,"[  0.           0.           0.           0.           0.
 137.70399779]"
9,2,5,0,"[174.20257622   0.           0.           0.           0.
   0.        ]"
9,2,5,1,"[  0.         157.82661866   0.           0.           0.
   0.        ]"
9,2,5,2,"[  0.           0.         144.22021404   0.           0.
   0.        ]"
9,2,5,3,"[  0.           0.           0.         145.19401386   0.
   0.        ]"
9,2,5,4,"[  0.           0.           0.           0.         141.63623611
   0.        ]"
9,2,5,5,"[  0.           0.           0.           0.           0.
 137.96095861]"
9,2,6,0,"[211.46534466   0.           0.           0.           0.
   0.        ]"
9,2,6,1,"[  0.         216.34806124   0.           0.           0.
   0.        ]"
9,2,6,2,"[  0.           0.         145.36274002   0.           0.
   0.        ]"
9,2,6,3,"[  0.           0.           0.         145.77509191   0.
   0.        ]"
9,2,6,4,"[  0.           0.           0.           0.         140.51456912
   0.        ]"
9,2,6,5,"[  0.           0.           0.           0.           0.
 137.84443067]"
9,2,7,0,"[191.24392836   0.           0.           0.           0.
   0.        ]"
9,2,7,1,"[  0.         185.70559482   0.           0.           0.
   0.        ]"
9,2,7,2,"[  0.           0.         201.34306506   0.           0.
   0.        ]"
9,2,7,3,"[  0.           0.           0.         146.23792806   0.
   0.        ]"
9,2,7,4,"[  0.           0.           0.           0.         140.17668092
   0.        ]"
9,2,7,5,"[  0.           0.           0.           0.           0.
 137.92356746]"
9,3,0,0,"[161.98042784   0.           0.           0.           0.
   0.        ]"
9,3,0,1,[  0.        181.8196606   0.          0.          0.          0.       ]
9,3,0,2,[  0.          0.        167.5455141   0.          0.          0.       ]
9,3,0,3,"[  0.           0.           0.         154.47409611   0.
   0.        ]"
9,3,0,4,"[  0.           0.           0.           0.         155.84934042
   0.        ]"
9,3,0,5,[  0.          0.          0.          0.          0.        150.9534872]
9,3,1,0,"[164.35587214   0.           0.           0.           0.
   0.        ]"
9,3,1,1,"[  0.         184.83517964   0.           0.           0.
   0.        ]"
9,3,1,2,"[  0.           0.         171.51034097   0.           0.
   0.        ]"
9,3,1,3,"[  0.           0.           0.         155.84879758   0.
   0.        ]"
9,3,1,4,"[  0.           0.           0.           0.         155.33973202
   0.        ]"
9,3,1,5,"[  0.           0.           0.           0.           0.
 150.24867136]"
9,3,2,0,"[166.88559039   0.           0.           0.           0.
   0.        ]"
9,3,2,1,"[  0.         183.67420085   0.           0.           0.
   0.        ]"
9,3,2,2,"[  0.           0.         163.32771753   0.           0.
   0.        ]"
9,3,2,3,"[  0.           0.           0.         154.60322869   0.
   0.        ]"
9,3,2,4,"[  0.           0.           0.           0.         155.87770277
   0.        ]"
9,3,2,5,"[  0.           0.           0.           0.           0.
 150.85635197]"
9,3,3,0,"[160.70906978   0.           0.           0.           0.
   0.        ]"
9,3,3,1,"[  0.         185.89879395   0.           0.           0.
   0.        ]"
9,3,3,2,"[  0.           0.         170.23932308   0.           0.
   0.        ]"
9,3,3,3,"[  0.           0.           0.         155.02959732   0.
   0.        ]"
9,3,3,4,"[  0.           0.           0.           0.         155.94131069
   0.        ]"
9,3,3,5,"[  0.           0.           0.           0.           0.
 151.33500424]"
9,3,4,0,"[163.94585732   0.           0.           0.           0.
   0.        ]"
9,3,4,1,"[  0.         180.56313902   0.           0.           0.
   0.        ]"
9,3,4,2,[  0.          0.        165.4847548   0.          0.          0.       ]
9,3,4,3,"[  0.           0.           0.         156.32620097   0.
   0.        ]"
9,3,4,4,"[  0.           0.           0.           0.         155.73238218
   0.        ]"
9,3,4,5,"[  0.           0.           0.           0.           0.
 150.52044781]"
9,3,5,0,"[163.42253324   0.           0.           0.           0.
   0.        ]"
9,3,5,1,"[  0.         176.85598553   0.           0.           0.
   0.        ]"
9,3,5,2,"[  0.           0.         170.87532221   0.           0.
   0.        ]"
9,3,5,3,"[  0.           0.           0.         155.53363439   0.
   0.        ]"
9,3,5,4,"[  0.           0.           0.           0.         155.31685136
   0.        ]"
9,3,5,5,"[  0.           0.           0.           0.           0.
 150.19496851]"
9,3,6,0,[176.9171888   0.          0.          0.          0.          0.       ]
9,3,6,1,"[  0.         225.07016477   0.           0.           0.
   0.        ]"
9,3,6,2,"[  0.           0.         211.13557468   0.           0.
   0.        ]"
9,3,6,3,"[  0.           0.           0.         155.11014178   0.
   0.        ]"
9,3,6,4,[  0.          0.          0.          0.        155.8391953   0.       ]
9,3,6,5,"[  0.           0.           0.           0.           0.
 152.15636579]"
9,3,7,0,"[172.84004854   0.           0.           0.           0.
   0.        ]"
9,3,7,1,"[  0.         209.02453997   0.           0.           0.
   0.        ]"
9,3,7,2,"[  0.           0.         212.21914451   0.           0.
   0.        ]"
9,3,7,3,"[  0.           0.           0.         228.87000991   0.
   0.        ]"
9,3,7,4,"[  0.           0.           0.           0.         155.81279055
   0.        ]"
9,3,7,5,"[  0.           0.           0.           0.           0.
 150.50303051]"
9,4,0,0,"[160.97676748   0.           0.           0.           0.
   0.        ]"
9,4,0,1,"[  0.         175.17809156   0.           0.           0.
   0.        ]"
9,4,0,2,"[  0.           0.         193.95379561   0.           0.
   0.        ]"
9,4,0,3,"[  0.           0.           0.         181.50289037   0.
   0.        ]"
9,4,0,4,"[  0.           0.           0.           0.         165.96881658
   0.        ]"
9,4,0,5,"[  0.           0.           0.           0.           0.
 164.94168417]"
9,4,1,0,[164.6557925   0.          0.          0.          0.          0.       ]
9,4,1,1,[  0.        178.2570264   0.          0.          0.          0.       ]
9,4,1,2,"[  0.           0.         196.27254489   0.           0.
   0.        ]"
9,4,1,3,[  0.          0.          0.        181.3701366   0.          0.       ]
9,4,1,4,"[  0.           0.           0.           0.         164.10498839
   0.        ]"
9,4,1,5,"[  0.           0.           0.           0.           0.
 164.94781224]"
9,4,2,0,"[161.43393882   0.           0.           0.           0.
   0.        ]"
9,4,2,1,"[  0.         177.27493196   0.           0.           0.
   0.        ]"
9,4,2,2,"[  0.           0.         195.24174873   0.           0.
   0.        ]"
9,4,2,3,"[  0.           0.           0.         180.52755607   0.
   0.        ]"
9,4,2,4,"[  0.           0.           0.           0.         163.71988168
   0.        ]"
9,4,2,5,"[  0.           0.           0.           0.           0.
 164.90591777]"
9,4,3,0,"[162.52803768   0.           0.           0.           0.
   0.        ]"
9,4,3,1,"[  0.         176.39959231   0.           0.           0.
   0.        ]"
9,4,3,2,"[  0.           0.         191.66380097   0.           0.
   0.        ]"
9,4,3,3,"[  0.           0.           0.         179.60072789   0.
   0.        ]"
9,4,3,4,"[  0.           0.           0.           0.         164.81618793
   0.        ]"
9,4,3,5,"[  0.           0.           0.           0.           0.
 165.29660987]"
9,4,4,0,"[166.72570315   0.           0.           0.           0.
   0.        ]"
9,4,4,1,"[  0.         175.33962294   0.           0.           0.
   0.        ]"
9,4,4,2,"[  0.           0.         197.38607099   0.           0.
   0.        ]"
9,4,4,3,"[  0.           0.           0.         181.52320031   0.
   0.        ]"
9,4,4,4,"[  0.           0.           0.           0.         164.10133517
   0.        ]"
9,4,4,5,"[  0.           0.           0.           0.           0.
 165.02194557]"
9,4,5,0,"[162.27095825   0.           0.           0.           0.
   0.        ]"
9,4,5,1,"[  0.         174.28055105   0.           0.           0.
   0.        ]"
9,4,5,2,"[  0.           0.         196.05012568   0.           0.
   0.        ]"
9,4,5,3,"[  0.           0.           0.         181.70340166   0.
   0.        ]"
9,4,5,4,[  0.          0.          0.          0.        164.5366512   0.       ]
9,4,5,5,"[  0.           0.           0.           0.           0.
 164.99895093]"
9,4,6,0,[162.8083909   0.          0.          0.          0.          0.       ]
9,4,6,1,"[  0.         192.00219985   0.           0.           0.
   0.        ]"
9,4,6,2,"[  0.           0.         231.46130522   0.           0.
   0.        ]"
9,4,6,3,"[  0.           0.           0.         254.38721774   0.
   0.        ]"
9,4,6,4,"[  0.           0.           0.           0.         164.25039734
   0.        ]"
9,4,6,5,"[  0.           0.           0.           0.           0.
 166.58239891]"
9,4,7,0,"[173.23156697   0.           0.           0.           0.
   0.        ]"
9,4,7,1,"[  0.         183.58467406   0.           0.           0.
   0.        ]"
9,4,7,2,"[  0.           0.         230.62129748   0.           0.
   0.        ]"
9,4,7,3,"[  0.           0.           0.         229.23622115   0.
   0.        ]"
9,4,7,4,"[  0.           0.           0.           0.         244.00729968
   0.        ]"
9,4,7,5,"[  0.           0.           0.           0.           0.
 173.29488162]"
9,5,0,0,"[167.95694101   0.           0.           0.           0.
   0.        ]"
9,5,0,1,[  0.        169.6599401   0.          0.          0.          0.       ]
9,5,0,2,"[  0.           0.         186.67556625   0.           0.
   0.        ]"
9,5,0,3,"[  0.           0.           0.         205.61387044   0.
   0.        ]"
9,5,0,4,"[  0.           0.           0.           0.         191.17941249
   0.        ]"
9,5,0,5,"[  0.           0.           0.           0.           0.
 173.13772137]"
9,5,1,0,"[169.44188045   0.           0.           0.           0.
   0.        ]"
9,5,1,1,"[  0.         176.71195619   0.           0.           0.
   0.        ]"
9,5,1,2,"[  0.           0.         185.95989994   0.           0.
   0.        ]"
9,5,1,3,"[  0.           0.           0.         208.52297583   0.
   0.        ]"
9,5,1,4,"[  0.           0.           0.           0.         190.98259267
   0.        ]"
9,5,1,5,"[  0.           0.           0.           0.           0.
 173.93910467]"
9,5,2,0,"[166.50481467   0.           0.           0.           0.
   0.        ]"
9,5,2,1,"[  0.         176.12340521   0.           0.           0.
   0.        ]"
9,5,2,2,"[  0.           0.         184.76268718   0.           0.
   0.        ]"
9,5,2,3,[  0.          0.          0.        208.2980279   0.          0.       ]
9,5,2,4,"[  0.           0.           0.           0.         189.14567707
   0.        ]"
9,5,2,5,"[  0.           0.           0.           0.           0.
 173.15868259]"
9,5,3,0,"[175.58745795   0.           0.           0.           0.
   0.        ]"
9,5,3,1,"[  0.         171.17454813   0.           0.           0.
   0.        ]"
9,5,3,2,"[  0.           0.         187.48827704   0.           0.
   0.        ]"
9,5,3,3,"[  0.           0.           0.         209.48209322   0.
   0.        ]"
9,5,3,4,[  0.        0.        0.        0.      191.39645   0.     ]
9,5,3,5,"[  0.           0.           0.           0.           0.
 173.30270388]"
9,5,4,0,"[173.32992826   0.           0.           0.           0.
   0.        ]"
9,5,4,1,"[  0.         175.47652319   0.           0.           0.
   0.        ]"
9,5,4,2,"[  0.           0.         188.22205482   0.           0.
   0.        ]"
9,5,4,3,"[  0.           0.           0.         206.43945209   0.
   0.        ]"
9,5,4,4,"[  0.           0.           0.           0.         190.33513395
   0.        ]"
9,5,4,5,"[  0.           0.           0.           0.           0.
 173.17744052]"
9,5,5,0,"[176.42106587   0.           0.           0.           0.
   0.        ]"
9,5,5,1,"[  0.         174.51309798   0.           0.           0.
   0.        ]"
9,5,5,2,"[  0.           0.         189.28278406   0.           0.
   0.        ]"
9,5,5,3,"[  0.           0.           0.         210.91432433   0.
   0.        ]"
9,5,5,4,"[  0.           0.           0.           0.         191.36402647
   0.        ]"
9,5,5,5,"[  0.           0.           0.           0.           0.
 173.20537951]"
9,5,6,0,"[172.47527743   0.           0.           0.           0.
   0.        ]"
9,5,6,1,"[  0.         190.18654314   0.           0.           0.
   0.        ]"
9,5,6,2,"[  0.           0.         210.28928231   0.           0.
   0.        ]"
9,5,6,3,"[  0.           0.           0.         260.56621776   0.
   0.        ]"
9,5,6,4,[  0.          0.          0.          0.        271.2149456   0.       ]
9,5,6,5,"[  0.           0.           0.           0.           0.
 173.14917351]"
9,5,7,0,"[177.09098917   0.           0.           0.           0.
   0.        ]"
9,5,7,1,"[  0.         185.83357369   0.           0.           0.
   0.        ]"
9,5,7,2,"[  0.           0.         195.18137073   0.           0.
   0.        ]"
9,5,7,3,"[  0.           0.           0.         242.75215038   0.
   0.        ]"
9,5,7,4,"[  0.           0.           0.           0.         241.32886695
   0.        ]"
9,5,7,5,[  0.          0.          0.          0.          0.        251.7171441]
9,6,0,0,"[178.86141035   0.           0.           0.           0.
   0.        ]"
9,6,0,1,"[  0.         175.72652066   0.           0.           0.
   0.        ]"
9,6,0,2,[  0.          0.        179.8639371   0.          0.          0.       ]
9,6,0,3,"[  0.           0.           0.         198.05520948   0.
   0.        ]"
9,6,0,4,"[  0.           0.           0.           0.         217.86281061
   0.        ]"
9,6,0,5,"[  0.           0.           0.           0.           0.
 200.29939455]"
9,6,1,0,"[183.03204995   0.           0.           0.           0.
   0.        ]"
9,6,1,1,[  0.        174.3272834   0.          0.          0.          0.       ]
9,6,1,2,"[  0.           0.         186.22643335   0.           0.
   0.        ]"
9,6,1,3,"[  0.           0.           0.         199.21341018   0.
   0.        ]"
9,6,1,4,"[  0.           0.           0.           0.         219.65686713
   0.        ]"
9,6,1,5,"[  0.           0.           0.           0.           0.
 200.40837794]"
9,6,2,0,"[180.38262052   0.           0.           0.           0.
   0.        ]"
9,6,2,1,"[  0.         175.98180796   0.           0.           0.
   0.        ]"
9,6,2,2,"[  0.           0.         180.29714804   0.           0.
   0.        ]"
9,6,2,3,"[  0.           0.           0.         195.24347561   0.
   0.        ]"
9,6,2,4,[  0.          0.          0.          0.        217.1500168   0.       ]
9,6,2,5,"[  0.           0.           0.           0.           0.
 200.45137751]"
9,6,3,0,"[176.87060232   0.           0.           0.           0.
   0.        ]"
9,6,3,1,[  0.        174.3651441   0.          0.          0.          0.       ]
9,6,3,2,"[  0.           0.         184.84566186   0.           0.
   0.        ]"
9,6,3,3,"[  0.           0.           0.         192.57572875   0.
   0.        ]"
9,6,3,4,"[  0.           0.           0.           0.         219.02899387
   0.        ]"
9,6,3,5,"[  0.           0.           0.           0.           0.
 202.28899202]"
9,6,4,0,"[165.42295331   0.           0.           0.           0.
   0.        ]"
9,6,4,1,"[  0.         175.43108619   0.           0.           0.
   0.        ]"
9,6,4,2,"[  0.           0.         178.47288598   0.           0.
   0.        ]"
9,6,4,3,"[  0.           0.           0.         196.37998359   0.
   0.        ]"
9,6,4,4,"[  0.           0.           0.           0.         215.64582233
   0.        ]"
9,6,4,5,"[  0.           0.           0.           0.           0.
 200.51176685]"
9,6,5,0,"[169.86430156   0.           0.           0.           0.
   0.        ]"
9,6,5,1,"[  0.         185.48015543   0.           0.           0.
   0.        ]"
9,6,5,2,"[  0.           0.         189.18649703   0.           0.
   0.        ]"
9,6,5,3,"[  0.           0.           0.         196.22866202   0.
   0.        ]"
9,6,5,4,"[  0.           0.           0.           0.         219.95309106
   0.        ]"
9,6,5,5,"[  0.           0.           0.           0.           0.
 200.50980792]"
9,6,6,0,"[185.22857957   0.           0.           0.           0.
   0.        ]"
9,6,6,1,"[  0.         200.39955177   0.           0.           0.
   0.        ]"
9,6,6,2,[  0.          0.        197.5622773   0.          0.          0.       ]
9,6,6,3,"[  0.           0.           0.         226.77980719   0.
   0.        ]"
9,6,6,4,"[  0.           0.           0.           0.         269.87102825
   0.        ]"
9,6,6,5,"[  0.           0.           0.           0.           0.
 280.43084641]"
9,6,7,0,"[193.93533249   0.           0.           0.           0.
   0.        ]"
9,6,7,1,"[  0.         182.50439255   0.           0.           0.
   0.        ]"
9,6,7,2,"[  0.           0.         200.03322669   0.           0.
   0.        ]"
9,6,7,3,"[  0.           0.           0.         198.99023915   0.
   0.        ]"
9,6,7,4,"[  0.           0.           0.           0.         248.80486154
   0.        ]"
9,6,7,5,"[  0.           0.           0.           0.           0.
 250.47421542]"
9,7,0,0,"[180.61651788   0.           0.           0.           0.
   0.        ]"
9,7,0,1,"[  0.         181.77953351   0.           0.           0.
   0.        ]"
9,7,0,2,"[  0.           0.         182.19061714   0.           0.
   0.        ]"
9,7,0,3,"[  0.           0.           0.         190.62639765   0.
   0.        ]"
9,7,0,4,"[  0.           0.           0.           0.         204.59010795
   0.        ]"
9,7,0,5,"[  0.           0.           0.           0.           0.
 229.02689563]"
9,7,1,0,[175.8084757   0.          0.          0.          0.          0.       ]
9,7,1,1,"[  0.         182.65660826   0.           0.           0.
   0.        ]"
9,7,1,2,"[  0.           0.         187.61777744   0.           0.
   0.        ]"
9,7,1,3,"[  0.           0.           0.         188.08281086   0.
   0.        ]"
9,7,1,4,"[  0.           0.           0.           0.         205.74748309
   0.        ]"
9,7,1,5,"[  0.           0.           0.           0.           0.
 229.06094924]"
9,7,2,0,"[180.51775023   0.           0.           0.           0.
   0.        ]"
9,7,2,1,"[  0.         180.54293494   0.           0.           0.
   0.        ]"
9,7,2,2,"[  0.           0.         180.68437382   0.           0.
   0.        ]"
9,7,2,3,[  0.          0.          0.        188.3944069   0.          0.       ]
9,7,2,4,"[  0.           0.           0.           0.         204.18388214
   0.        ]"
9,7,2,5,"[  0.           0.           0.           0.           0.
 229.02234455]"
9,7,3,0,"[192.59773247   0.           0.           0.           0.
   0.        ]"
9,7,3,1,"[  0.         181.00653073   0.           0.           0.
   0.        ]"
9,7,3,2,"[  0.           0.         186.84298088   0.           0.
   0.        ]"
9,7,3,3,[  0.          0.          0.        190.3943544   0.          0.       ]
9,7,3,4,[  0.          0.          0.          0.        206.8212312   0.       ]
9,7,3,5,"[  0.           0.           0.           0.           0.
 228.96712899]"
9,7,4,0,"[157.61119875   0.           0.           0.           0.
   0.        ]"
9,7,4,1,"[  0.         180.10203121   0.           0.           0.
   0.        ]"
9,7,4,2,"[  0.           0.         184.24616345   0.           0.
   0.        ]"
9,7,4,3,"[  0.           0.           0.         189.54499572   0.
   0.        ]"
9,7,4,4,"[  0.           0.           0.           0.         204.75540806
   0.        ]"
9,7,4,5,"[  0.           0.           0.           0.           0.
 229.06817725]"
9,7,5,0,"[186.25903373   0.           0.           0.           0.
   0.        ]"
9,7,5,1,"[  0.         178.68387221   0.           0.           0.
   0.        ]"
9,7,5,2,"[  0.           0.         190.92396678   0.           0.
   0.        ]"
9,7,5,3,"[  0.           0.           0.         191.54545428   0.
   0.        ]"
9,7,5,4,[  0.          0.          0.          0.        204.4290322   0.       ]
9,7,5,5,"[  0.           0.           0.           0.           0.
 228.23468281]"
9,7,6,0,"[204.24281205   0.           0.           0.           0.
   0.        ]"
9,7,6,1,"[  0.         186.83151144   0.           0.           0.
   0.        ]"
9,7,6,2,"[  0.           0.         190.79017984   0.           0.
   0.        ]"
9,7,6,3,"[  0.           0.           0.         198.37610091   0.
   0.        ]"
9,7,6,4,"[  0.           0.           0.           0.         234.55491548
   0.        ]"
9,7,6,5,"[  0.           0.           0.           0.           0.
 274.62474194]"
9,7,7,0,"[168.27570079   0.           0.           0.           0.
   0.        ]"
9,7,7,1,[  0.       179.884328   0.         0.         0.         0.      ]
9,7,7,2,"[  0.           0.         187.82310851   0.           0.
   0.        ]"
9,7,7,3,"[  0.           0.           0.         191.10866844   0.
   0.        ]"
9,7,7,4,"[  0.           0.           0.           0.         207.09908472
   0.        ]"
9,7,7,5,"[  0.           0.           0.           0.           0.
 259.00937712]"
10,0,0,0,"[122.85547753   0.           0.           0.           0.
   0.        ]"
10,0,0,1,"[  0.         119.53177173   0.           0.           0.
   0.        ]"
10,0,0,2,"[  0.           0.         117.88812027   0.           0.
   0.        ]"
10,0,0,3,"[  0.           0.           0.         117.25930669   0.
   0.        ]"
10,0,0,4,"[  0.           0.           0.           0.         112.83168175
   0.        ]"
10,0,0,5,"[  0.           0.           0.           0.           0.
 108.69584548]"
10,0,1,0,"[120.84538849   0.           0.           0.           0.
   0.        ]"
10,0,1,1,"[  0.         120.59317742   0.           0.           0.
   0.        ]"
10,0,1,2,"[  0.           0.         119.51503953   0.           0.
   0.        ]"
10,0,1,3,"[  0.           0.           0.         116.24469233   0.
   0.        ]"
10,0,1,4,"[  0.           0.           0.           0.         112.89098519
   0.        ]"
10,0,1,5,"[  0.           0.           0.           0.           0.
 109.29205557]"
10,0,2,0,"[122.71098545   0.           0.           0.           0.
   0.        ]"
10,0,2,1,"[  0.         117.40114417   0.           0.           0.
   0.        ]"
10,0,2,2,"[  0.           0.         119.80612245   0.           0.
   0.        ]"
10,0,2,3,"[  0.           0.           0.         116.27468812   0.
   0.        ]"
10,0,2,4,"[  0.           0.           0.           0.         112.42175355
   0.        ]"
10,0,2,5,[  0.          0.          0.          0.          0.        108.2854515]
10,0,3,0,[124.3799496   0.          0.          0.          0.          0.       ]
10,0,3,1,"[  0.         118.80663648   0.           0.           0.
   0.        ]"
10,0,3,2,"[  0.           0.         120.54041101   0.           0.
   0.        ]"
10,0,3,3,"[  0.           0.           0.         114.32972812   0.
   0.        ]"
10,0,3,4,"[  0.           0.           0.           0.         112.60638466
   0.        ]"
10,0,3,5,"[  0.           0.           0.           0.           0.
 108.96270705]"
10,0,4,0,"[120.23639294   0.           0.           0.           0.
   0.        ]"
10,0,4,1,"[  0.         120.02886003   0.           0.           0.
   0.        ]"
10,0,4,2,"[  0.           0.         118.59356439   0.           0.
   0.        ]"
10,0,4,3,"[  0.           0.           0.         115.61449798   0.
   0.        ]"
10,0,4,4,"[  0.           0.           0.           0.         112.34288023
   0.        ]"
10,0,4,5,"[  0.           0.           0.           0.           0.
 108.73649785]"
10,0,5,0,"[122.97589092   0.           0.           0.           0.
   0.        ]"
10,0,5,1,[  0.        120.8984411   0.          0.          0.          0.       ]
10,0,5,2,"[  0.           0.         118.91328498   0.           0.
   0.        ]"
10,0,5,3,"[  0.           0.           0.         115.43832488   0.
   0.        ]"
10,0,5,4,"[  0.           0.           0.           0.         112.13732625
   0.        ]"
10,0,5,5,"[  0.           0.           0.           0.           0.
 107.91722409]"
10,0,6,0,"[123.65682758   0.           0.           0.           0.
   0.        ]"
10,0,6,1,"[  0.         123.06215052   0.           0.           0.
   0.        ]"
10,0,6,2,"[  0.           0.         118.82627703   0.           0.
   0.        ]"
10,0,6,3,"[  0.           0.           0.         115.93866316   0.
   0.        ]"
10,0,6,4,[  0.          0.          0.          0.        112.1745327   0.       ]
10,0,6,5,"[  0.           0.           0.           0.           0.
 108.61692848]"
10,0,7,0,"[122.31801598   0.           0.           0.           0.
   0.        ]"
10,0,7,1,"[  0.         120.95727382   0.           0.           0.
   0.        ]"
10,0,7,2,"[  0.           0.         118.44854805   0.           0.
   0.        ]"
10,0,7,3,"[  0.           0.           0.         115.90666983   0.
   0.        ]"
10,0,7,4,[  0.          0.          0.          0.        112.6720922   0.       ]
10,0,7,5,"[  0.           0.           0.           0.           0.
 108.65719889]"
10,1,0,0,"[131.49274363   0.           0.           0.           0.
   0.        ]"
10,1,0,1,"[  0.         133.70919177   0.           0.           0.
   0.        ]"
10,1,0,2,"[  0.           0.         131.42960571   0.           0.
   0.        ]"
10,1,0,3,"[  0.           0.           0.         129.65665548   0.
   0.        ]"
10,1,0,4,"[  0.           0.           0.           0.         125.57790709
   0.        ]"
10,1,0,5,"[  0.           0.           0.           0.           0.
 121.93902246]"
10,1,1,0,"[135.46406276   0.           0.           0.           0.
   0.        ]"
10,1,1,1,"[  0.         130.79960655   0.           0.           0.
   0.        ]"
10,1,1,2,"[  0.           0.         130.61161688   0.           0.
   0.        ]"
10,1,1,3,"[  0.           0.           0.         129.32144225   0.
   0.        ]"
10,1,1,4,"[  0.           0.           0.           0.         125.85253983
   0.        ]"
10,1,1,5,"[  0.           0.           0.           0.           0.
 121.99852241]"
10,1,2,0,"[136.70236862   0.           0.           0.           0.
   0.        ]"
10,1,2,1,"[  0.         132.83449151   0.           0.           0.
   0.        ]"
10,1,2,2,"[  0.           0.         132.78683799   0.           0.
   0.        ]"
10,1,2,3,"[  0.           0.           0.         129.23220297   0.
   0.        ]"
10,1,2,4,"[  0.           0.           0.           0.         125.57401883
   0.        ]"
10,1,2,5,"[  0.           0.           0.           0.           0.
 122.89877329]"
10,1,3,0,[129.9044034   0.          0.          0.          0.          0.       ]
10,1,3,1,"[  0.         129.03990894   0.           0.           0.
   0.        ]"
10,1,3,2,"[  0.           0.         131.87012082   0.           0.
   0.        ]"
10,1,3,3,"[  0.           0.           0.         127.40786187   0.
   0.        ]"
10,1,3,4,"[  0.           0.           0.           0.         125.55539404
   0.        ]"
10,1,3,5,"[  0.           0.           0.           0.           0.
 121.77301735]"
10,1,4,0,"[133.68309098   0.           0.           0.           0.
   0.        ]"
10,1,4,1,"[  0.         130.89186174   0.           0.           0.
   0.        ]"
10,1,4,2,"[  0.           0.         132.61310205   0.           0.
   0.        ]"
10,1,4,3,"[  0.           0.           0.         129.52593549   0.
   0.        ]"
10,1,4,4,"[  0.           0.           0.           0.         124.63245778
   0.        ]"
10,1,4,5,"[  0.           0.           0.           0.           0.
 121.85812849]"
10,1,5,0,"[132.93878754   0.           0.           0.           0.
   0.        ]"
10,1,5,1,[  0.       135.883489   0.         0.         0.         0.      ]
10,1,5,2,"[  0.           0.         131.58294036   0.           0.
   0.        ]"
10,1,5,3,"[  0.           0.           0.         128.28509599   0.
   0.        ]"
10,1,5,4,"[  0.           0.           0.           0.         125.52945764
   0.        ]"
10,1,5,5,"[  0.           0.           0.           0.           0.
 121.65815237]"
10,1,6,0,"[135.67786201   0.           0.           0.           0.
   0.        ]"
10,1,6,1,"[  0.         131.30611132   0.           0.           0.
   0.        ]"
10,1,6,2,"[  0.           0.         133.11507949   0.           0.
   0.        ]"
10,1,6,3,"[  0.           0.           0.         129.01827533   0.
   0.        ]"
10,1,6,4,"[  0.           0.           0.           0.         125.82093182
   0.        ]"
10,1,6,5,[  0.          0.          0.          0.          0.        122.9739475]
10,1,7,0,[184.0761925   0.          0.          0.          0.          0.       ]
10,1,7,1,"[  0.         129.44435283   0.           0.           0.
   0.        ]"
10,1,7,2,"[  0.           0.         130.65513209   0.           0.
   0.        ]"
10,1,7,3,[  0.          0.          0.        127.2634613   0.          0.       ]
10,1,7,4,"[  0.           0.           0.           0.         125.44398392
   0.        ]"
10,1,7,5,"[  0.           0.           0.           0.           0.
 121.45911818]"
10,2,0,0,"[148.94229418   0.           0.           0.           0.
   0.        ]"
10,2,0,1,"[  0.         145.07588581   0.           0.           0.
   0.        ]"
10,2,0,2,"[  0.           0.         144.94657657   0.           0.
   0.        ]"
10,2,0,3,"[  0.           0.           0.         142.03342268   0.
   0.        ]"
10,2,0,4,"[  0.           0.           0.           0.         137.99593899
   0.        ]"
10,2,0,5,"[  0.           0.           0.           0.           0.
 134.09425882]"
10,2,1,0,"[155.22248221   0.           0.           0.           0.
   0.        ]"
10,2,1,1,"[  0.         142.84088621   0.           0.           0.
   0.        ]"
10,2,1,2,"[  0.           0.         145.16687774   0.           0.
   0.        ]"
10,2,1,3,"[  0.           0.           0.         140.36254555   0.
   0.        ]"
10,2,1,4,"[  0.           0.           0.           0.         138.84376621
   0.        ]"
10,2,1,5,"[  0.           0.           0.           0.           0.
 135.13739041]"
10,2,2,0,[159.1658008   0.          0.          0.          0.          0.       ]
10,2,2,1,"[  0.         145.07911113   0.           0.           0.
   0.        ]"
10,2,2,2,[  0.          0.        146.0632406   0.          0.          0.       ]
10,2,2,3,"[  0.           0.           0.         141.74667937   0.
   0.        ]"
10,2,2,4,"[  0.           0.           0.           0.         138.07286091
   0.        ]"
10,2,2,5,"[  0.           0.           0.           0.           0.
 134.90955566]"
10,2,3,0,"[147.31646563   0.           0.           0.           0.
   0.        ]"
10,2,3,1,"[  0.         141.63030849   0.           0.           0.
   0.        ]"
10,2,3,2,"[  0.           0.         145.71878026   0.           0.
   0.        ]"
10,2,3,3,"[  0.           0.           0.         142.35993729   0.
   0.        ]"
10,2,3,4,"[  0.           0.           0.           0.         139.21407366
   0.        ]"
10,2,3,5,"[  0.           0.           0.           0.           0.
 133.43480559]"
10,2,4,0,"[151.19935904   0.           0.           0.           0.
   0.        ]"
10,2,4,1,"[  0.         146.57148523   0.           0.           0.
   0.        ]"
10,2,4,2,"[  0.           0.         145.95885637   0.           0.
   0.        ]"
10,2,4,3,"[  0.           0.           0.         141.68300156   0.
   0.        ]"
10,2,4,4,"[  0.           0.           0.           0.         138.04378914
   0.        ]"
10,2,4,5,"[  0.           0.           0.           0.           0.
 138.03510998]"
10,2,5,0,"[160.52015965   0.           0.           0.           0.
   0.        ]"
10,2,5,1,"[  0.         142.98930713   0.           0.           0.
   0.        ]"
10,2,5,2,"[  0.           0.         144.84253395   0.           0.
   0.        ]"
10,2,5,3,"[  0.           0.           0.         144.84902783   0.
   0.        ]"
10,2,5,4,"[  0.           0.           0.           0.         137.45131653
   0.        ]"
10,2,5,5,[  0.          0.          0.          0.          0.        134.9985215]
10,2,6,0,"[211.26904138   0.           0.           0.           0.
   0.        ]"
10,2,6,1,[  0.        140.7102696   0.          0.          0.          0.       ]
10,2,6,2,"[  0.           0.         144.57500507   0.           0.
   0.        ]"
10,2,6,3,[  0.          0.          0.        141.3318334   0.          0.       ]
10,2,6,4,"[  0.           0.           0.           0.         138.78378109
   0.        ]"
10,2,6,5,"[  0.           0.           0.           0.           0.
 135.10959532]"
10,2,7,0,"[182.03134438   0.           0.           0.           0.
   0.        ]"
10,2,7,1,"[  0.         181.21745739   0.           0.           0.
   0.        ]"
10,2,7,2,"[  0.           0.         144.41100106   0.           0.
   0.        ]"
10,2,7,3,[  0.          0.          0.        141.2011767   0.          0.       ]
10,2,7,4,"[  0.           0.           0.           0.         138.74255548
   0.        ]"
10,2,7,5,"[  0.           0.           0.           0.           0.
 133.96954929]"
10,3,0,0,"[179.22145797   0.           0.           0.           0.
   0.        ]"
10,3,0,1,"[  0.         167.13305742   0.           0.           0.
   0.        ]"
10,3,0,2,"[  0.           0.         154.76359788   0.           0.
   0.        ]"
10,3,0,3,"[  0.           0.           0.         156.29620367   0.
   0.        ]"
10,3,0,4,[  0.          0.          0.          0.        151.9921203   0.       ]
10,3,0,5,"[  0.           0.           0.           0.           0.
 147.84432883]"
10,3,1,0,"[175.94612562   0.           0.           0.           0.
   0.        ]"
10,3,1,1,[  0.        169.0272864   0.          0.          0.          0.       ]
10,3,1,2,[  0.          0.        155.0787238   0.          0.          0.       ]
10,3,1,3,"[  0.           0.           0.         155.68324456   0.
   0.        ]"
10,3,1,4,"[  0.           0.           0.           0.         150.38924825
   0.        ]"
10,3,1,5,"[  0.           0.           0.           0.           0.
 149.95872027]"
10,3,2,0,"[178.91968279   0.           0.           0.           0.
   0.        ]"
10,3,2,1,"[  0.         167.29079635   0.           0.           0.
   0.        ]"
10,3,2,2,"[  0.           0.         154.69440119   0.           0.
   0.        ]"
10,3,2,3,"[  0.           0.           0.         155.70775338   0.
   0.        ]"
10,3,2,4,"[  0.           0.           0.           0.         151.32910911
   0.        ]"
10,3,2,5,"[  0.           0.           0.           0.           0.
 147.20514911]"
10,3,3,0,"[183.62366438   0.           0.           0.           0.
   0.        ]"
10,3,3,1,[  0.        169.5986246   0.          0.          0.          0.       ]
10,3,3,2,"[  0.           0.         155.19491336   0.           0.
   0.        ]"
10,3,3,3,"[  0.           0.           0.         156.33065196   0.
   0.        ]"
10,3,3,4,"[  0.           0.           0.           0.         151.19279933
   0.        ]"
10,3,3,5,"[  0.           0.           0.           0.           0.
 148.03429524]"
10,3,4,0,"[175.02911566   0.           0.           0.           0.
   0.        ]"
10,3,4,1,"[  0.         166.89399087   0.           0.           0.
   0.        ]"
10,3,4,2,"[  0.           0.         156.12769276   0.           0.
   0.        ]"
10,3,4,3,"[  0.           0.           0.         154.34032827   0.
   0.        ]"
10,3,4,4,"[  0.           0.           0.           0.         150.79010591
   0.        ]"
10,3,4,5,"[  0.           0.           0.           0.           0.
 147.78522311]"
10,3,5,0,"[183.09604106   0.           0.           0.           0.
   0.        ]"
10,3,5,1,"[  0.         173.37054362   0.           0.           0.
   0.        ]"
10,3,5,2,[  0.          0.        155.2343032   0.          0.          0.       ]
10,3,5,3,"[  0.           0.           0.         156.12133292   0.
   0.        ]"
10,3,5,4,"[  0.           0.           0.           0.         151.70142109
   0.        ]"
10,3,5,5,"[  0.           0.           0.           0.           0.
 147.44735042]"
10,3,6,0,"[197.20150906   0.           0.           0.           0.
   0.        ]"
10,3,6,1,"[  0.         207.18813701   0.           0.           0.
   0.        ]"
10,3,6,2,"[  0.           0.         159.49680833   0.           0.
   0.        ]"
10,3,6,3,"[  0.           0.           0.         156.45463137   0.
   0.        ]"
10,3,6,4,"[  0.           0.           0.           0.         151.89000102
   0.        ]"
10,3,6,5,[  0.          0.          0.          0.          0.        147.5016778]
10,3,7,0,[195.2612678   0.          0.          0.          0.          0.       ]
10,3,7,1,"[  0.         195.05574752   0.           0.           0.
   0.        ]"
10,3,7,2,"[  0.           0.         212.58588573   0.           0.
   0.        ]"
10,3,7,3,"[  0.           0.           0.         155.26915247   0.
   0.        ]"
10,3,7,4,"[  0.           0.           0.           0.         151.10751642
   0.        ]"
10,3,7,5,"[  0.           0.           0.           0.           0.
 147.72399373]"
10,4,0,0,"[172.02669116   0.           0.           0.           0.
   0.        ]"
10,4,0,1,"[  0.         184.06086022   0.           0.           0.
   0.        ]"
10,4,0,2,"[  0.           0.         177.58249832   0.           0.
   0.        ]"
10,4,0,3,"[  0.           0.           0.         164.79059854   0.
   0.        ]"
10,4,0,4,"[  0.           0.           0.           0.         165.78054837
   0.        ]"
10,4,0,5,"[  0.           0.           0.           0.           0.
 161.23731409]"
10,4,1,0,"[173.32057867   0.           0.           0.           0.
   0.        ]"
10,4,1,1,[  0.        189.7281803   0.          0.          0.          0.       ]
10,4,1,2,"[  0.           0.         176.86111111   0.           0.
   0.        ]"
10,4,1,3,[  0.          0.          0.        164.8840337   0.          0.       ]
10,4,1,4,"[  0.           0.           0.           0.         165.93509897
   0.        ]"
10,4,1,5,"[  0.           0.           0.           0.           0.
 161.72022076]"
10,4,2,0,"[172.62009557   0.           0.           0.           0.
   0.        ]"
10,4,2,1,"[  0.         195.56479188   0.           0.           0.
   0.        ]"
10,4,2,2,"[  0.           0.         175.94610968   0.           0.
   0.        ]"
10,4,2,3,"[  0.           0.           0.         164.96313706   0.
   0.        ]"
10,4,2,4,"[  0.           0.           0.           0.         165.81090478
   0.        ]"
10,4,2,5,"[  0.           0.           0.           0.           0.
 160.62649003]"
10,4,3,0,"[174.45794069   0.           0.           0.           0.
   0.        ]"
10,4,3,1,[  0.        179.7795292   0.          0.          0.          0.       ]
10,4,3,2,"[  0.           0.         181.59590032   0.           0.
   0.        ]"
10,4,3,3,"[  0.           0.           0.         165.00829703   0.
   0.        ]"
10,4,3,4,"[  0.           0.           0.           0.         165.97214327
   0.        ]"
10,4,3,5,"[  0.           0.           0.           0.           0.
 161.33695395]"
10,4,4,0,"[171.90197413   0.           0.           0.           0.
   0.        ]"
10,4,4,1,"[  0.         195.79163242   0.           0.           0.
   0.        ]"
10,4,4,2,"[  0.           0.         181.67941417   0.           0.
   0.        ]"
10,4,4,3,[  0.          0.          0.        164.4026825   0.          0.       ]
10,4,4,4,"[  0.           0.           0.           0.         168.26593547
   0.        ]"
10,4,4,5,"[  0.           0.           0.           0.           0.
 165.51838883]"
10,4,5,0,"[176.21743199   0.           0.           0.           0.
   0.        ]"
10,4,5,1,"[  0.         187.11107284   0.           0.           0.
   0.        ]"
10,4,5,2,"[  0.           0.         176.38894349   0.           0.
   0.        ]"
10,4,5,3,"[  0.           0.           0.         164.11317643   0.
   0.        ]"
10,4,5,4,"[  0.           0.           0.           0.         165.83671633
   0.        ]"
10,4,5,5,"[  0.           0.           0.           0.           0.
 160.81024145]"
10,4,6,0,"[195.00652866   0.           0.           0.           0.
   0.        ]"
10,4,6,1,"[  0.         245.96716893   0.           0.           0.
   0.        ]"
10,4,6,2,"[  0.           0.         217.58725174   0.           0.
   0.        ]"
10,4,6,3,"[  0.           0.           0.         171.25856565   0.
   0.        ]"
10,4,6,4,"[  0.           0.           0.           0.         165.41117983
   0.        ]"
10,4,6,5,"[  0.           0.           0.           0.           0.
 160.44279486]"
10,4,7,0,"[179.08811329   0.           0.           0.           0.
   0.        ]"
10,4,7,1,"[  0.         211.06426476   0.           0.           0.
   0.        ]"
10,4,7,2,"[  0.           0.         212.71572768   0.           0.
   0.        ]"
10,4,7,3,"[  0.           0.           0.         241.16674909   0.
   0.        ]"
10,4,7,4,[  0.          0.          0.          0.        166.1676048   0.       ]
10,4,7,5,"[  0.           0.           0.           0.           0.
 161.77776896]"
10,5,0,0,"[171.74671977   0.           0.           0.           0.
   0.        ]"
10,5,0,1,"[  0.         186.92392034   0.           0.           0.
   0.        ]"
10,5,0,2,"[  0.           0.         198.27866714   0.           0.
   0.        ]"
10,5,0,3,"[  0.           0.           0.         189.41015048   0.
   0.        ]"
10,5,0,4,"[  0.           0.           0.           0.         174.14255696
   0.        ]"
10,5,0,5,"[  0.           0.           0.           0.           0.
 174.82253951]"
10,5,1,0,"[170.76471215   0.           0.           0.           0.
   0.        ]"
10,5,1,1,"[  0.         186.07735635   0.           0.           0.
   0.        ]"
10,5,1,2,"[  0.           0.         206.78120369   0.           0.
   0.        ]"
10,5,1,3,"[  0.           0.           0.         191.94090848   0.
   0.        ]"
10,5,1,4,"[  0.           0.           0.           0.         174.17052372
   0.        ]"
10,5,1,5,"[  0.           0.           0.           0.           0.
 174.99733506]"
10,5,2,0,[174.3451873   0.          0.          0.          0.          0.       ]
10,5,2,1,"[  0.         186.14862943   0.           0.           0.
   0.        ]"
10,5,2,2,"[  0.           0.         200.92753832   0.           0.
   0.        ]"
10,5,2,3,"[  0.           0.           0.         190.92703994   0.
   0.        ]"
10,5,2,4,"[  0.           0.           0.           0.         174.15545372
   0.        ]"
10,5,2,5,"[  0.           0.           0.           0.           0.
 174.93185501]"
10,5,3,0,[172.594043   0.         0.         0.         0.         0.      ]
10,5,3,1,[  0.        184.9456608   0.          0.          0.          0.       ]
10,5,3,2,[  0.          0.        191.5175578   0.          0.          0.       ]
10,5,3,3,[  0.         0.         0.       188.099061   0.         0.      ]
10,5,3,4,"[  0.           0.           0.           0.         174.14261415
   0.        ]"
10,5,3,5,"[  0.           0.           0.           0.           0.
 174.98495063]"
10,5,4,0,"[172.87833578   0.           0.           0.           0.
   0.        ]"
10,5,4,1,"[  0.         188.51283053   0.           0.           0.
   0.        ]"
10,5,4,2,"[  0.           0.         200.42359611   0.           0.
   0.        ]"
10,5,4,3,"[  0.           0.           0.         190.17446625   0.
   0.        ]"
10,5,4,4,[  0.          0.          0.          0.        174.0704075   0.       ]
10,5,4,5,"[  0.           0.           0.           0.           0.
 175.16223203]"
10,5,5,0,"[170.39494253   0.           0.           0.           0.
   0.        ]"
10,5,5,1,"[  0.         185.68904201   0.           0.           0.
   0.        ]"
10,5,5,2,"[  0.           0.         204.11465939   0.           0.
   0.        ]"
10,5,5,3,"[  0.           0.           0.         188.60478477   0.
   0.        ]"
10,5,5,4,"[  0.           0.           0.           0.         174.22270642
   0.        ]"
10,5,5,5,"[  0.           0.           0.           0.           0.
 174.97921043]"
10,5,6,0,"[178.63018484   0.           0.           0.           0.
   0.        ]"
10,5,6,1,"[  0.         205.34781515   0.           0.           0.
   0.        ]"
10,5,6,2,[  0.          0.        254.8697927   0.          0.          0.       ]
10,5,6,3,"[  0.           0.           0.         272.05578826   0.
   0.        ]"
10,5,6,4,"[  0.           0.           0.           0.         174.09206934
   0.        ]"
10,5,6,5,"[  0.           0.           0.           0.           0.
 174.92261659]"
10,5,7,0,[179.9506446   0.          0.          0.          0.          0.       ]
10,5,7,1,"[  0.         197.68125424   0.           0.           0.
   0.        ]"
10,5,7,2,"[  0.           0.         219.82869603   0.           0.
   0.        ]"
10,5,7,3,"[  0.           0.           0.         239.15017501   0.
   0.        ]"
10,5,7,4,"[  0.           0.           0.           0.         253.26604453
   0.        ]"
10,5,7,5,"[  0.           0.           0.           0.           0.
 175.12283795]"
10,6,0,0,"[181.10490763   0.           0.           0.           0.
   0.        ]"
10,6,0,1,"[  0.         185.94666763   0.           0.           0.
   0.        ]"
10,6,0,2,"[  0.           0.         196.20351225   0.           0.
   0.        ]"
10,6,0,3,"[  0.           0.           0.         214.03101595   0.
   0.        ]"
10,6,0,4,"[  0.           0.           0.           0.         201.33850637
   0.        ]"
10,6,0,5,"[  0.           0.           0.           0.           0.
 183.15233343]"
10,6,1,0,"[181.64888512   0.           0.           0.           0.
   0.        ]"
10,6,1,1,[  0.        180.2361286   0.          0.          0.          0.       ]
10,6,1,2,"[  0.           0.         197.33952003   0.           0.
   0.        ]"
10,6,1,3,"[  0.           0.           0.         212.37244438   0.
   0.        ]"
10,6,1,4,"[  0.           0.           0.           0.         201.94800353
   0.        ]"
10,6,1,5,"[  0.           0.           0.           0.           0.
 185.23984194]"
10,6,2,0,[181.1788342   0.          0.          0.          0.          0.       ]
10,6,2,1,"[  0.         185.82053223   0.           0.           0.
   0.        ]"
10,6,2,2,"[  0.           0.         195.14943295   0.           0.
   0.        ]"
10,6,2,3,"[  0.           0.           0.         215.33013281   0.
   0.        ]"
10,6,2,4,"[  0.           0.           0.           0.         200.98904184
   0.        ]"
10,6,2,5,"[  0.           0.           0.           0.           0.
 183.15589463]"
10,6,3,0,"[185.66605114   0.           0.           0.           0.
   0.        ]"
10,6,3,1,"[  0.         180.25168625   0.           0.           0.
   0.        ]"
10,6,3,2,"[  0.           0.         198.98369279   0.           0.
   0.        ]"
10,6,3,3,"[  0.           0.           0.         217.69455879   0.
   0.        ]"
10,6,3,4,"[  0.           0.           0.           0.         199.97774073
   0.        ]"
10,6,3,5,"[  0.           0.           0.           0.           0.
 183.20846907]"
10,6,4,0,"[172.83686697   0.           0.           0.           0.
   0.        ]"
10,6,4,1,"[  0.         183.23982713   0.           0.           0.
   0.        ]"
10,6,4,2,"[  0.           0.         197.29581604   0.           0.
   0.        ]"
10,6,4,3,"[  0.           0.           0.         220.74992802   0.
   0.        ]"
10,6,4,4,"[  0.           0.           0.           0.         201.47702389
   0.        ]"
10,6,4,5,"[  0.           0.           0.           0.           0.
 183.14842852]"
10,6,5,0,"[177.32455861   0.           0.           0.           0.
   0.        ]"
10,6,5,1,"[  0.         180.29257313   0.           0.           0.
   0.        ]"
10,6,5,2,"[  0.           0.         196.58049926   0.           0.
   0.        ]"
10,6,5,3,"[  0.           0.           0.         216.71893002   0.
   0.        ]"
10,6,5,4,"[  0.           0.           0.           0.         200.96886009
   0.        ]"
10,6,5,5,"[  0.           0.           0.           0.           0.
 183.10486649]"
10,6,6,0,"[189.52649287   0.           0.           0.           0.
   0.        ]"
10,6,6,1,"[  0.         206.33728254   0.           0.           0.
   0.        ]"
10,6,6,2,"[  0.           0.         214.32810733   0.           0.
   0.        ]"
10,6,6,3,"[  0.           0.           0.         271.12530952   0.
   0.        ]"
10,6,6,4,"[  0.           0.           0.           0.         281.30433099
   0.        ]"
10,6,6,5,"[  0.           0.           0.           0.           0.
 183.07547165]"
10,6,7,0,"[193.36042719   0.           0.           0.           0.
   0.        ]"
10,6,7,1,"[  0.         228.19705526   0.           0.           0.
   0.        ]"
10,6,7,2,"[  0.           0.         218.66761112   0.           0.
   0.        ]"
10,6,7,3,"[  0.           0.           0.         251.02765853   0.
   0.        ]"
10,6,7,4,[  0.          0.          0.          0.        251.3405882   0.       ]
10,6,7,5,"[  0.           0.           0.           0.           0.
 263.16761798]"
10,7,0,0,"[183.85944227   0.           0.           0.           0.
   0.        ]"
10,7,0,1,"[  0.         189.91707415   0.           0.           0.
   0.        ]"
10,7,0,2,[  0.          0.        193.0087903   0.          0.          0.       ]
10,7,0,3,"[  0.           0.           0.         206.73787021   0.
   0.        ]"
10,7,0,4,"[  0.           0.           0.           0.         228.50976324
   0.        ]"
10,7,0,5,"[  0.           0.           0.           0.           0.
 208.80310492]"
10,7,1,0,"[174.79922038   0.           0.           0.           0.
   0.        ]"
10,7,1,1,"[  0.         189.86398143   0.           0.           0.
   0.        ]"
10,7,1,2,"[  0.           0.         195.55834045   0.           0.
   0.        ]"
10,7,1,3,"[  0.           0.           0.         208.86346923   0.
   0.        ]"
10,7,1,4,"[  0.           0.           0.           0.         228.18725438
   0.        ]"
10,7,1,5,[  0.          0.          0.          0.          0.        212.6714912]
10,7,2,0,"[187.32804935   0.           0.           0.           0.
   0.        ]"
10,7,2,1,"[  0.         193.31900677   0.           0.           0.
   0.        ]"
10,7,2,2,"[  0.           0.         188.99010936   0.           0.
   0.        ]"
10,7,2,3,"[  0.           0.           0.         205.74175576   0.
   0.        ]"
10,7,2,4,"[  0.           0.           0.           0.         230.00220746
   0.        ]"
10,7,2,5,"[  0.           0.           0.           0.           0.
 210.43814243]"
10,7,3,0,"[178.88758757   0.           0.           0.           0.
   0.        ]"
10,7,3,1,"[  0.         188.19286872   0.           0.           0.
   0.        ]"
10,7,3,2,"[  0.           0.         195.10814938   0.           0.
   0.        ]"
10,7,3,3,"[  0.           0.           0.         207.27567716   0.
   0.        ]"
10,7,3,4,"[  0.           0.           0.           0.         228.72012906
   0.        ]"
10,7,3,5,"[  0.           0.           0.           0.           0.
 210.46116812]"
10,7,4,0,"[188.23573213   0.           0.           0.           0.
   0.        ]"
10,7,4,1,"[  0.         189.45273445   0.           0.           0.
   0.        ]"
10,7,4,2,"[  0.           0.         192.43643045   0.           0.
   0.        ]"
10,7,4,3,"[  0.           0.           0.         206.02153108   0.
   0.        ]"
10,7,4,4,"[  0.           0.           0.           0.         229.29277115
   0.        ]"
10,7,4,5,"[  0.           0.           0.           0.           0.
 210.51119684]"
10,7,5,0,[178.8688758   0.          0.          0.          0.          0.       ]
10,7,5,1,"[  0.         188.21424091   0.           0.           0.
   0.        ]"
10,7,5,2,"[  0.           0.         192.89000866   0.           0.
   0.        ]"
10,7,5,3,"[  0.           0.           0.         205.90450012   0.
   0.        ]"
10,7,5,4,"[  0.           0.           0.           0.         229.32829386
   0.        ]"
10,7,5,5,"[  0.           0.           0.           0.           0.
 210.45573069]"
10,7,6,0,"[206.61163334   0.           0.           0.           0.
   0.        ]"
10,7,6,1,[  0.        210.7175971   0.          0.          0.          0.       ]
10,7,6,2,"[  0.           0.         220.43528724   0.           0.
   0.        ]"
10,7,6,3,"[  0.           0.           0.         236.96732345   0.
   0.        ]"
10,7,6,4,"[  0.           0.           0.           0.         279.94446535
   0.        ]"
10,7,6,5,"[  0.           0.           0.           0.           0.
 290.30657134]"
10,7,7,0,"[208.61411352   0.           0.           0.           0.
   0.        ]"
10,7,7,1,"[  0.         201.56135695   0.           0.           0.
   0.        ]"
10,7,7,2,"[  0.           0.         215.56988851   0.           0.
   0.        ]"
10,7,7,3,"[  0.           0.           0.         208.85599176   0.
   0.        ]"
10,7,7,4,"[  0.           0.           0.           0.         255.31535687
   0.        ]"
10,7,7,5,"[  0.           0.           0.           0.           0.
 260.43663126]"
11,0,0,0,"[117.35248626   0.           0.           0.           0.
   0.        ]"
11,0,0,1,"[  0.         112.94247924   0.           0.           0.
   0.        ]"
11,0,0,2,"[  0.           0.         115.51452753   0.           0.
   0.        ]"
11,0,0,3,"[  0.           0.           0.         110.46969024   0.
   0.        ]"
11,0,0,4,"[  0.           0.           0.           0.         110.52725497
   0.        ]"
11,0,0,5,[  0.          0.          0.          0.          0.        107.0643682]
11,0,1,0,"[118.16299195   0.           0.           0.           0.
   0.        ]"
11,0,1,1,"[  0.         114.75596188   0.           0.           0.
   0.        ]"
11,0,1,2,"[  0.           0.         116.50329411   0.           0.
   0.        ]"
11,0,1,3,"[  0.           0.           0.         113.53508067   0.
   0.        ]"
11,0,1,4,"[  0.           0.           0.           0.         110.29642011
   0.        ]"
11,0,1,5,"[  0.           0.           0.           0.           0.
 106.95881008]"
11,0,2,0,"[119.31298618   0.           0.           0.           0.
   0.        ]"
11,0,2,1,"[  0.         113.85660957   0.           0.           0.
   0.        ]"
11,0,2,2,"[  0.           0.         115.41586122   0.           0.
   0.        ]"
11,0,2,3,"[  0.           0.           0.         111.67351765   0.
   0.        ]"
11,0,2,4,"[  0.           0.           0.           0.         110.95253317
   0.        ]"
11,0,2,5,[  0.         0.         0.         0.         0.       106.894031]
11,0,3,0,"[116.18328438   0.           0.           0.           0.
   0.        ]"
11,0,3,1,"[  0.         117.17210551   0.           0.           0.
   0.        ]"
11,0,3,2,"[  0.           0.         111.38715992   0.           0.
   0.        ]"
11,0,3,3,"[  0.           0.           0.         112.58038217   0.
   0.        ]"
11,0,3,4,"[  0.           0.           0.           0.         110.11216097
   0.        ]"
11,0,3,5,[  0.          0.          0.          0.          0.        107.0566945]
11,0,4,0,[114.9337415   0.          0.          0.          0.          0.       ]
11,0,4,1,"[  0.         114.83244671   0.           0.           0.
   0.        ]"
11,0,4,2,"[  0.           0.         114.86619115   0.           0.
   0.        ]"
11,0,4,3,"[  0.           0.           0.         112.84668816   0.
   0.        ]"
11,0,4,4,"[  0.           0.           0.           0.         110.78302486
   0.        ]"
11,0,4,5,"[  0.           0.           0.           0.           0.
 107.64054963]"
11,0,5,0,[117.1358332   0.          0.          0.          0.          0.       ]
11,0,5,1,"[  0.         115.83274363   0.           0.           0.
   0.        ]"
11,0,5,2,"[  0.           0.         112.36900681   0.           0.
   0.        ]"
11,0,5,3,"[  0.           0.           0.         113.02323992   0.
   0.        ]"
11,0,5,4,"[  0.           0.           0.           0.         110.09866226
   0.        ]"
11,0,5,5,"[  0.           0.           0.           0.           0.
 108.06694187]"
11,0,6,0,"[121.69398231   0.           0.           0.           0.
   0.        ]"
11,0,6,1,"[  0.         115.67429164   0.           0.           0.
   0.        ]"
11,0,6,2,"[  0.           0.         113.68805467   0.           0.
   0.        ]"
11,0,6,3,"[  0.           0.           0.         113.79181754   0.
   0.        ]"
11,0,6,4,"[  0.           0.           0.           0.         110.28958035
   0.        ]"
11,0,6,5,"[  0.           0.           0.           0.           0.
 106.80443339]"
11,0,7,0,"[115.93533507   0.           0.           0.           0.
   0.        ]"
11,0,7,1,"[  0.         116.02714602   0.           0.           0.
   0.        ]"
11,0,7,2,"[  0.           0.         115.99012714   0.           0.
   0.        ]"
11,0,7,3,"[  0.           0.           0.         111.12529432   0.
   0.        ]"
11,0,7,4,"[  0.           0.           0.           0.         111.18407496
   0.        ]"
11,0,7,5,[  0.          0.          0.          0.          0.        107.0502287]
11,1,0,0,"[131.90272729   0.           0.           0.           0.
   0.        ]"
11,1,0,1,"[  0.         130.69778295   0.           0.           0.
   0.        ]"
11,1,0,2,[  0.          0.        128.0150636   0.          0.          0.       ]
11,1,0,3,[  0.          0.          0.        125.1352713   0.          0.       ]
11,1,0,4,"[  0.           0.           0.           0.         122.93124593
   0.        ]"
11,1,0,5,"[  0.           0.           0.           0.           0.
 119.95799291]"
11,1,1,0,"[128.31739803   0.           0.           0.           0.
   0.        ]"
11,1,1,1,"[  0.         126.41742783   0.           0.           0.
   0.        ]"
11,1,1,2,"[  0.           0.         129.18529156   0.           0.
   0.        ]"
11,1,1,3,"[  0.           0.           0.         126.30034667   0.
   0.        ]"
11,1,1,4,"[  0.           0.           0.           0.         123.61348017
   0.        ]"
11,1,1,5,"[  0.           0.           0.           0.           0.
 120.15582019]"
11,1,2,0,"[130.71441696   0.           0.           0.           0.
   0.        ]"
11,1,2,1,"[  0.         127.88487025   0.           0.           0.
   0.        ]"
11,1,2,2,"[  0.           0.         128.05081737   0.           0.
   0.        ]"
11,1,2,3,"[  0.           0.           0.         125.70271046   0.
   0.        ]"
11,1,2,4,"[  0.           0.           0.           0.         123.42348359
   0.        ]"
11,1,2,5,"[  0.           0.           0.           0.           0.
 119.73781584]"
11,1,3,0,"[129.81674658   0.           0.           0.           0.
   0.        ]"
11,1,3,1,"[  0.         126.86658056   0.           0.           0.
   0.        ]"
11,1,3,2,"[  0.           0.         126.58510485   0.           0.
   0.        ]"
11,1,3,3,"[  0.           0.           0.         125.55419072   0.
   0.        ]"
11,1,3,4,"[  0.           0.           0.           0.         123.62661415
   0.        ]"
11,1,3,5,"[  0.           0.           0.           0.           0.
 120.14530448]"
11,1,4,0,"[131.70081392   0.           0.           0.           0.
   0.        ]"
11,1,4,1,[  0.        126.9708696   0.          0.          0.          0.       ]
11,1,4,2,"[  0.           0.         128.01130051   0.           0.
   0.        ]"
11,1,4,3,"[  0.           0.           0.         125.12741895   0.
   0.        ]"
11,1,4,4,"[  0.           0.           0.           0.         123.23661515
   0.        ]"
11,1,4,5,"[  0.           0.           0.           0.           0.
 120.73010523]"
11,1,5,0,"[132.30211302   0.           0.           0.           0.
   0.        ]"
11,1,5,1,"[  0.         128.41638187   0.           0.           0.
   0.        ]"
11,1,5,2,"[  0.           0.         124.61969579   0.           0.
   0.        ]"
11,1,5,3,"[  0.           0.           0.         127.14367347   0.
   0.        ]"
11,1,5,4,"[  0.           0.           0.           0.         123.93988405
   0.        ]"
11,1,5,5,"[  0.           0.           0.           0.           0.
 119.98246025]"
11,1,6,0,"[127.61845698   0.           0.           0.           0.
   0.        ]"
11,1,6,1,"[  0.         131.74485886   0.           0.           0.
   0.        ]"
11,1,6,2,"[  0.           0.         126.95386152   0.           0.
   0.        ]"
11,1,6,3,"[  0.           0.           0.         124.92740902   0.
   0.        ]"
11,1,6,4,"[  0.           0.           0.           0.         123.37834057
   0.        ]"
11,1,6,5,"[  0.           0.           0.           0.           0.
 120.71386637]"
11,1,7,0,"[127.73698417   0.           0.           0.           0.
   0.        ]"
11,1,7,1,"[  0.         126.15055471   0.           0.           0.
   0.        ]"
11,1,7,2,"[  0.           0.         129.06975984   0.           0.
   0.        ]"
11,1,7,3,[  0.          0.          0.        125.9619431   0.          0.       ]
11,1,7,4,"[  0.           0.           0.           0.         123.46751828
   0.        ]"
11,1,7,5,"[  0.           0.           0.           0.           0.
 120.10154444]"
11,2,0,0,"[141.50994557   0.           0.           0.           0.
   0.        ]"
11,2,0,1,[  0.        143.8907392   0.          0.          0.          0.       ]
11,2,0,2,"[  0.           0.         141.29365061   0.           0.
   0.        ]"
11,2,0,3,"[  0.           0.           0.         138.37721813   0.
   0.        ]"
11,2,0,4,"[  0.           0.           0.           0.         136.75818369
   0.        ]"
11,2,0,5,"[  0.           0.           0.           0.           0.
 133.16914221]"
11,2,1,0,"[143.84409677   0.           0.           0.           0.
   0.        ]"
11,2,1,1,"[  0.         140.13977601   0.           0.           0.
   0.        ]"
11,2,1,2,"[  0.           0.         140.77314298   0.           0.
   0.        ]"
11,2,1,3,"[  0.           0.           0.         137.79916101   0.
   0.        ]"
11,2,1,4,"[  0.           0.           0.           0.         136.78677297
   0.        ]"
11,2,1,5,"[  0.           0.           0.           0.           0.
 133.04247937]"
11,2,2,0,"[141.49819471   0.           0.           0.           0.
   0.        ]"
11,2,2,1,"[  0.         141.47062031   0.           0.           0.
   0.        ]"
11,2,2,2,"[  0.           0.         139.01628567   0.           0.
   0.        ]"
11,2,2,3,"[  0.           0.           0.         138.68466431   0.
   0.        ]"
11,2,2,4,"[  0.           0.           0.           0.         136.10398641
   0.        ]"
11,2,2,5,"[  0.           0.           0.           0.           0.
 132.92920573]"
11,2,3,0,"[143.75419346   0.           0.           0.           0.
   0.        ]"
11,2,3,1,"[  0.         141.39994404   0.           0.           0.
   0.        ]"
11,2,3,2,"[  0.           0.         141.43906238   0.           0.
   0.        ]"
11,2,3,3,"[  0.           0.           0.         136.81545188   0.
   0.        ]"
11,2,3,4,"[  0.           0.           0.           0.         136.44404303
   0.        ]"
11,2,3,5,"[  0.           0.           0.           0.           0.
 132.80100332]"
11,2,4,0,"[143.94970444   0.           0.           0.           0.
   0.        ]"
11,2,4,1,"[  0.         143.90047084   0.           0.           0.
   0.        ]"
11,2,4,2,"[  0.           0.         140.32050444   0.           0.
   0.        ]"
11,2,4,3,"[  0.           0.           0.         138.81076558   0.
   0.        ]"
11,2,4,4,"[  0.           0.           0.           0.         137.02808518
   0.        ]"
11,2,4,5,"[  0.           0.           0.           0.           0.
 133.45145358]"
11,2,5,0,[141.3402379   0.          0.          0.          0.          0.       ]
11,2,5,1,"[  0.         139.78276745   0.           0.           0.
   0.        ]"
11,2,5,2,"[  0.           0.         138.76753899   0.           0.
   0.        ]"
11,2,5,3,"[  0.           0.           0.         139.00860743   0.
   0.        ]"
11,2,5,4,"[  0.           0.           0.           0.         135.94613728
   0.        ]"
11,2,5,5,"[  0.           0.           0.           0.           0.
 133.14313155]"
11,2,6,0,"[140.40942782   0.           0.           0.           0.
   0.        ]"
11,2,6,1,"[  0.         139.79194307   0.           0.           0.
   0.        ]"
11,2,6,2,"[  0.           0.         141.19139119   0.           0.
   0.        ]"
11,2,6,3,"[  0.           0.           0.         140.05608902   0.
   0.        ]"
11,2,6,4,"[  0.           0.           0.           0.         136.59098212
   0.        ]"
11,2,6,5,"[  0.           0.           0.           0.           0.
 132.70461329]"
11,2,7,0,"[176.56647188   0.           0.           0.           0.
   0.        ]"
11,2,7,1,"[  0.         140.50681141   0.           0.           0.
   0.        ]"
11,2,7,2,"[  0.           0.         140.38487141   0.           0.
   0.        ]"
11,2,7,3,"[  0.           0.           0.         138.51269629   0.
   0.        ]"
11,2,7,4,"[  0.           0.           0.           0.         136.55589671
   0.        ]"
11,2,7,5,"[  0.           0.           0.           0.           0.
 133.07259152]"
11,3,0,0,"[156.50223742   0.           0.           0.           0.
   0.        ]"
11,3,0,1,"[  0.         153.83532163   0.           0.           0.
   0.        ]"
11,3,0,2,"[  0.           0.         156.51952204   0.           0.
   0.        ]"
11,3,0,3,"[  0.           0.           0.         152.13834315   0.
   0.        ]"
11,3,0,4,"[  0.           0.           0.           0.         149.26173105
   0.        ]"
11,3,0,5,"[  0.           0.           0.           0.           0.
 145.95203005]"
11,3,1,0,"[163.06439161   0.           0.           0.           0.
   0.        ]"
11,3,1,1,"[  0.         154.44402207   0.           0.           0.
   0.        ]"
11,3,1,2,"[  0.           0.         152.40689353   0.           0.
   0.        ]"
11,3,1,3,"[  0.           0.           0.         151.53537596   0.
   0.        ]"
11,3,1,4,"[  0.           0.           0.           0.         149.32870325
   0.        ]"
11,3,1,5,"[  0.           0.           0.           0.           0.
 146.10572109]"
11,3,2,0,"[157.02547038   0.           0.           0.           0.
   0.        ]"
11,3,2,1,"[  0.         154.12612095   0.           0.           0.
   0.        ]"
11,3,2,2,"[  0.           0.         153.87118477   0.           0.
   0.        ]"
11,3,2,3,"[  0.           0.           0.         152.48417506   0.
   0.        ]"
11,3,2,4,"[  0.           0.           0.           0.         149.84288418
   0.        ]"
11,3,2,5,"[  0.           0.           0.           0.           0.
 146.18679199]"
11,3,3,0,[165.3508466   0.          0.          0.          0.          0.       ]
11,3,3,1,"[  0.         151.42386888   0.           0.           0.
   0.        ]"
11,3,3,2,"[  0.           0.         153.34907039   0.           0.
   0.        ]"
11,3,3,3,"[  0.           0.           0.         152.39794817   0.
   0.        ]"
11,3,3,4,"[  0.           0.           0.           0.         149.45787331
   0.        ]"
11,3,3,5,"[  0.           0.           0.           0.           0.
 146.41945948]"
11,3,4,0,"[169.06410241   0.           0.           0.           0.
   0.        ]"
11,3,4,1,"[  0.         152.44254605   0.           0.           0.
   0.        ]"
11,3,4,2,"[  0.           0.         156.30262006   0.           0.
   0.        ]"
11,3,4,3,"[  0.           0.           0.         151.46913387   0.
   0.        ]"
11,3,4,4,"[  0.           0.           0.           0.         149.80169328
   0.        ]"
11,3,4,5,"[  0.           0.           0.           0.           0.
 146.03192625]"
11,3,5,0,"[164.31894018   0.           0.           0.           0.
   0.        ]"
11,3,5,1,"[  0.         150.31476541   0.           0.           0.
   0.        ]"
11,3,5,2,[  0.         0.       155.017041   0.         0.         0.      ]
11,3,5,3,"[  0.           0.           0.         150.53283908   0.
   0.        ]"
11,3,5,4,"[  0.           0.           0.           0.         149.49640463
   0.        ]"
11,3,5,5,"[  0.           0.           0.           0.           0.
 145.79343921]"
11,3,6,0,"[229.65648164   0.           0.           0.           0.
   0.        ]"
11,3,6,1,[  0.        150.1671127   0.          0.          0.          0.       ]
11,3,6,2,"[  0.           0.         158.76231626   0.           0.
   0.        ]"
11,3,6,3,"[  0.           0.           0.         151.50240907   0.
   0.        ]"
11,3,6,4,"[  0.           0.           0.           0.         149.60164188
   0.        ]"
11,3,6,5,"[  0.           0.           0.           0.           0.
 146.09428584]"
11,3,7,0,"[180.17556735   0.           0.           0.           0.
   0.        ]"
11,3,7,1,"[  0.         217.37332736   0.           0.           0.
   0.        ]"
11,3,7,2,[  0.          0.        156.2612741   0.          0.          0.       ]
11,3,7,3,"[  0.           0.           0.         150.89516575   0.
   0.        ]"
11,3,7,4,"[  0.           0.           0.           0.         149.44511026
   0.        ]"
11,3,7,5,"[  0.           0.           0.           0.           0.
 146.01372856]"
11,4,0,0,"[172.57138932   0.           0.           0.           0.
   0.        ]"
11,4,0,1,[  0.       174.077251   0.         0.         0.         0.      ]
11,4,0,2,[  0.          0.        162.8246901   0.          0.          0.       ]
11,4,0,3,"[  0.           0.           0.         166.28511373   0.
   0.        ]"
11,4,0,4,[  0.          0.          0.          0.        162.8557948   0.       ]
11,4,0,5,"[  0.           0.           0.           0.           0.
 158.90103288]"
11,4,1,0,"[192.13756241   0.           0.           0.           0.
   0.        ]"
11,4,1,1,"[  0.         172.92385823   0.           0.           0.
   0.        ]"
11,4,1,2,"[  0.           0.         163.64378745   0.           0.
   0.        ]"
11,4,1,3,"[  0.           0.           0.         166.48702267   0.
   0.        ]"
11,4,1,4,[  0.          0.          0.          0.        163.6044301   0.       ]
11,4,1,5,"[  0.           0.           0.           0.           0.
 158.94415264]"
11,4,2,0,"[173.36169741   0.           0.           0.           0.
   0.        ]"
11,4,2,1,[  0.        173.9662958   0.          0.          0.          0.       ]
11,4,2,2,"[  0.           0.         162.51395943   0.           0.
   0.        ]"
11,4,2,3,"[  0.           0.           0.         165.90736673   0.
   0.        ]"
11,4,2,4,"[  0.           0.           0.           0.         162.17881165
   0.        ]"
11,4,2,5,"[  0.           0.           0.           0.           0.
 158.86069861]"
11,4,3,0,"[178.74263297   0.           0.           0.           0.
   0.        ]"
11,4,3,1,"[  0.         173.89387238   0.           0.           0.
   0.        ]"
11,4,3,2,"[  0.           0.         163.85399515   0.           0.
   0.        ]"
11,4,3,3,"[  0.           0.           0.         164.19712768   0.
   0.        ]"
11,4,3,4,"[  0.           0.           0.           0.         162.67915555
   0.        ]"
11,4,3,5,"[  0.           0.           0.           0.           0.
 159.06452851]"
11,4,4,0,"[176.26188257   0.           0.           0.           0.
   0.        ]"
11,4,4,1,"[  0.         177.02305077   0.           0.           0.
   0.        ]"
11,4,4,2,[  0.          0.        163.7858036   0.          0.          0.       ]
11,4,4,3,"[  0.           0.           0.         164.85154827   0.
   0.        ]"
11,4,4,4,"[  0.           0.           0.           0.         162.39847313
   0.        ]"
11,4,4,5,"[  0.           0.           0.           0.           0.
 159.02430351]"
11,4,5,0,"[173.63228708   0.           0.           0.           0.
   0.        ]"
11,4,5,1,"[  0.         171.90857791   0.           0.           0.
   0.        ]"
11,4,5,2,"[  0.           0.         162.89984925   0.           0.
   0.        ]"
11,4,5,3,"[  0.           0.           0.         164.59696799   0.
   0.        ]"
11,4,5,4,"[  0.           0.           0.           0.         162.80059126
   0.        ]"
11,4,5,5,"[  0.           0.           0.           0.           0.
 158.92458478]"
11,4,6,0,[216.6426053   0.          0.          0.          0.          0.       ]
11,4,6,1,"[  0.         219.55411458   0.           0.           0.
   0.        ]"
11,4,6,2,"[  0.           0.         162.63876971   0.           0.
   0.        ]"
11,4,6,3,"[  0.           0.           0.         166.50338783   0.
   0.        ]"
11,4,6,4,"[  0.           0.           0.           0.         162.78752658
   0.        ]"
11,4,6,5,"[  0.           0.           0.           0.           0.
 159.03613986]"
11,4,7,0,"[204.46042331   0.           0.           0.           0.
   0.        ]"
11,4,7,1,"[  0.         192.53893923   0.           0.           0.
   0.        ]"
11,4,7,2,"[  0.           0.         223.59623608   0.           0.
   0.        ]"
11,4,7,3,"[  0.           0.           0.         166.88827837   0.
   0.        ]"
11,4,7,4,"[  0.           0.           0.           0.         162.52339457
   0.        ]"
11,4,7,5,"[  0.           0.           0.           0.           0.
 159.13337163]"
11,5,0,0,"[185.20560152   0.           0.           0.           0.
   0.        ]"
11,5,0,1,"[  0.         203.01727921   0.           0.           0.
   0.        ]"
11,5,0,2,"[  0.           0.         185.78105077   0.           0.
   0.        ]"
11,5,0,3,"[  0.           0.           0.         174.17044294   0.
   0.        ]"
11,5,0,4,"[  0.           0.           0.           0.         176.05559364
   0.        ]"
11,5,0,5,"[  0.           0.           0.           0.           0.
 171.61878949]"
11,5,1,0,[184.9635956   0.          0.          0.          0.          0.       ]
11,5,1,1,"[  0.         200.67135735   0.           0.           0.
   0.        ]"
11,5,1,2,[  0.          0.        188.9257857   0.          0.          0.       ]
11,5,1,3,"[  0.           0.           0.         174.30853851   0.
   0.        ]"
11,5,1,4,"[  0.           0.           0.           0.         176.11850691
   0.        ]"
11,5,1,5,"[  0.           0.           0.           0.           0.
 171.91208749]"
11,5,2,0,"[179.88779768   0.           0.           0.           0.
   0.        ]"
11,5,2,1,"[  0.         203.62988073   0.           0.           0.
   0.        ]"
11,5,2,2,[  0.          0.        181.6824612   0.          0.          0.       ]
11,5,2,3,[  0.          0.          0.        174.8666265   0.          0.       ]
11,5,2,4,"[  0.           0.           0.           0.         176.07166475
   0.        ]"
11,5,2,5,"[  0.           0.           0.           0.           0.
 171.94697837]"
11,5,3,0,"[183.17229686   0.           0.           0.           0.
   0.        ]"
11,5,3,1,"[  0.         191.08779743   0.           0.           0.
   0.        ]"
11,5,3,2,[  0.          0.        188.1390565   0.          0.          0.       ]
11,5,3,3,"[  0.           0.           0.         174.65034136   0.
   0.        ]"
11,5,3,4,"[  0.           0.           0.           0.         176.13770246
   0.        ]"
11,5,3,5,"[  0.           0.           0.           0.           0.
 174.16167436]"
11,5,4,0,[181.9173524   0.          0.          0.          0.          0.       ]
11,5,4,1,"[  0.         190.15831711   0.           0.           0.
   0.        ]"
11,5,4,2,"[  0.           0.         185.43379805   0.           0.
   0.        ]"
11,5,4,3,"[  0.           0.           0.         175.15038939   0.
   0.        ]"
11,5,4,4,"[  0.           0.           0.           0.         176.13877917
   0.        ]"
11,5,4,5,[  0.          0.          0.          0.          0.        172.0343822]
11,5,5,0,"[180.92889736   0.           0.           0.           0.
   0.        ]"
11,5,5,1,"[  0.         188.63408317   0.           0.           0.
   0.        ]"
11,5,5,2,"[  0.           0.         190.70463093   0.           0.
   0.        ]"
11,5,5,3,"[  0.           0.           0.         174.89289774   0.
   0.        ]"
11,5,5,4,[  0.          0.          0.          0.        175.9589978   0.       ]
11,5,5,5,"[  0.           0.           0.           0.           0.
 171.66393746]"
11,5,6,0,"[196.77005292   0.           0.           0.           0.
   0.        ]"
11,5,6,1,"[  0.         208.79836677   0.           0.           0.
   0.        ]"
11,5,6,2,"[  0.           0.         244.25340863   0.           0.
   0.        ]"
11,5,6,3,"[  0.           0.           0.         174.87794757   0.
   0.        ]"
11,5,6,4,"[  0.           0.           0.           0.         176.13590917
   0.        ]"
11,5,6,5,"[  0.           0.           0.           0.           0.
 171.99824025]"
11,5,7,0,"[181.96060093   0.           0.           0.           0.
   0.        ]"
11,5,7,1,"[  0.         231.92853364   0.           0.           0.
   0.        ]"
11,5,7,2,"[  0.           0.         225.95427841   0.           0.
   0.        ]"
11,5,7,3,"[  0.           0.           0.         251.66649475   0.
   0.        ]"
11,5,7,4,"[  0.           0.           0.           0.         176.05770064
   0.        ]"
11,5,7,5,"[  0.           0.           0.           0.           0.
 172.07062142]"
11,6,0,0,"[183.21395662   0.           0.           0.           0.
   0.        ]"
11,6,0,1,[  0.       193.859508   0.         0.         0.         0.      ]
11,6,0,2,"[  0.           0.         204.36761356   0.           0.
   0.        ]"
11,6,0,3,"[  0.           0.           0.         199.94745471   0.
   0.        ]"
11,6,0,4,"[  0.           0.           0.           0.         184.22876778
   0.        ]"
11,6,0,5,"[  0.           0.           0.           0.           0.
 185.07463862]"
11,6,1,0,"[184.54648269   0.           0.           0.           0.
   0.        ]"
11,6,1,1,"[  0.         194.37737811   0.           0.           0.
   0.        ]"
11,6,1,2,"[  0.           0.         214.61543904   0.           0.
   0.        ]"
11,6,1,3,"[  0.           0.           0.         201.64901307   0.
   0.        ]"
11,6,1,4,"[  0.           0.           0.           0.         184.20256673
   0.        ]"
11,6,1,5,"[  0.           0.           0.           0.           0.
 185.14237135]"
11,6,2,0,"[184.10421992   0.           0.           0.           0.
   0.        ]"
11,6,2,1,"[  0.         194.54255023   0.           0.           0.
   0.        ]"
11,6,2,2,"[  0.           0.         213.21543063   0.           0.
   0.        ]"
11,6,2,3,"[  0.           0.           0.         198.50190492   0.
   0.        ]"
11,6,2,4,"[  0.           0.           0.           0.         184.34631753
   0.        ]"
11,6,2,5,"[  0.           0.           0.           0.           0.
 185.13892335]"
11,6,3,0,"[183.21674549   0.           0.           0.           0.
   0.        ]"
11,6,3,1,"[  0.         193.34389292   0.           0.           0.
   0.        ]"
11,6,3,2,"[  0.           0.         214.71111317   0.           0.
   0.        ]"
11,6,3,3,"[  0.           0.           0.         200.00969902   0.
   0.        ]"
11,6,3,4,"[  0.           0.           0.           0.         184.21219602
   0.        ]"
11,6,3,5,"[  0.           0.           0.           0.           0.
 185.28163728]"
11,6,4,0,"[185.74093902   0.           0.           0.           0.
   0.        ]"
11,6,4,1,"[  0.         194.97993446   0.           0.           0.
   0.        ]"
11,6,4,2,"[  0.           0.         205.93287434   0.           0.
   0.        ]"
11,6,4,3,"[  0.           0.           0.         198.86842326   0.
   0.        ]"
11,6,4,4,"[  0.           0.           0.           0.         187.29515976
   0.        ]"
11,6,4,5,"[  0.           0.           0.           0.           0.
 185.11208582]"
11,6,5,0,"[185.02094787   0.           0.           0.           0.
   0.        ]"
11,6,5,1,"[  0.         193.91110404   0.           0.           0.
   0.        ]"
11,6,5,2,"[  0.           0.         204.37045819   0.           0.
   0.        ]"
11,6,5,3,"[  0.           0.           0.         201.65928092   0.
   0.        ]"
11,6,5,4,"[  0.           0.           0.           0.         184.21165562
   0.        ]"
11,6,5,5,"[  0.           0.           0.           0.           0.
 185.12969856]"
11,6,6,0,"[183.90875378   0.           0.           0.           0.
   0.        ]"
11,6,6,1,"[  0.         219.19068693   0.           0.           0.
   0.        ]"
11,6,6,2,"[  0.           0.         239.73469851   0.           0.
   0.        ]"
11,6,6,3,"[  0.           0.           0.         269.60770284   0.
   0.        ]"
11,6,6,4,"[  0.           0.           0.           0.         184.27540199
   0.        ]"
11,6,6,5,"[  0.           0.           0.           0.           0.
 185.12788884]"
11,6,7,0,"[197.25911431   0.           0.           0.           0.
   0.        ]"
11,6,7,1,"[  0.         225.08438245   0.           0.           0.
   0.        ]"
11,6,7,2,"[  0.           0.         237.54176103   0.           0.
   0.        ]"
11,6,7,3,"[  0.           0.           0.         236.90696817   0.
   0.        ]"
11,6,7,4,"[  0.           0.           0.           0.         262.30638054
   0.        ]"
11,6,7,5,"[  0.           0.           0.           0.           0.
 185.71302462]"
11,7,0,0,"[189.56233035   0.           0.           0.           0.
   0.        ]"
11,7,0,1,"[  0.         197.66682182   0.           0.           0.
   0.        ]"
11,7,0,2,"[  0.           0.         206.86530665   0.           0.
   0.        ]"
11,7,0,3,"[  0.           0.           0.         224.68208857   0.
   0.        ]"
11,7,0,4,"[  0.           0.           0.           0.         211.27308175
   0.        ]"
11,7,0,5,"[  0.           0.           0.           0.           0.
 193.20925162]"
11,7,1,0,[190.8701722   0.          0.          0.          0.          0.       ]
11,7,1,1,"[  0.         194.59503849   0.           0.           0.
   0.        ]"
11,7,1,2,"[  0.           0.         209.24047543   0.           0.
   0.        ]"
11,7,1,3,"[  0.           0.           0.         225.61940764   0.
   0.        ]"
11,7,1,4,"[  0.           0.           0.           0.         211.43333165
   0.        ]"
11,7,1,5,[  0.          0.          0.          0.          0.        193.2020087]
11,7,2,0,"[186.66875228   0.           0.           0.           0.
   0.        ]"
11,7,2,1,[  0.       192.394528   0.         0.         0.         0.      ]
11,7,2,2,"[  0.           0.         206.61708337   0.           0.
   0.        ]"
11,7,2,3,"[  0.           0.           0.         223.29781658   0.
   0.        ]"
11,7,2,4,"[  0.           0.           0.           0.         209.64265373
   0.        ]"
11,7,2,5,"[  0.           0.           0.           0.           0.
 193.48722952]"
11,7,3,0,"[190.82227523   0.           0.           0.           0.
   0.        ]"
11,7,3,1,"[  0.         192.41139579   0.           0.           0.
   0.        ]"
11,7,3,2,"[  0.           0.         202.20489515   0.           0.
   0.        ]"
11,7,3,3,"[  0.           0.           0.         223.77868003   0.
   0.        ]"
11,7,3,4,"[  0.           0.           0.           0.         210.31422358
   0.        ]"
11,7,3,5,[  0.          0.          0.          0.          0.        193.1989898]
11,7,4,0,"[185.86984799   0.           0.           0.           0.
   0.        ]"
11,7,4,1,"[  0.         193.65149698   0.           0.           0.
   0.        ]"
11,7,4,2,"[  0.           0.         207.06118446   0.           0.
   0.        ]"
11,7,4,3,"[  0.           0.           0.         218.36139873   0.
   0.        ]"
11,7,4,4,"[  0.           0.           0.           0.         210.29984821
   0.        ]"
11,7,4,5,"[  0.           0.           0.           0.           0.
 193.20818346]"
11,7,5,0,"[184.56200895   0.           0.           0.           0.
   0.        ]"
11,7,5,1,[  0.        194.0617841   0.          0.          0.          0.       ]
11,7,5,2,"[  0.           0.         203.95765192   0.           0.
   0.        ]"
11,7,5,3,[  0.          0.          0.        228.6183874   0.          0.       ]
11,7,5,4,"[  0.           0.           0.           0.         209.60424314
   0.        ]"
11,7,5,5,"[  0.           0.           0.           0.           0.
 193.23244001]"
11,7,6,0,"[209.39260844   0.           0.           0.           0.
   0.        ]"
11,7,6,1,"[  0.         203.05439763   0.           0.           0.
   0.        ]"
11,7,6,2,"[  0.           0.         224.52346566   0.           0.
   0.        ]"
11,7,6,3,"[  0.           0.           0.         265.41964112   0.
   0.        ]"
11,7,6,4,"[  0.           0.           0.           0.         290.74119884
   0.        ]"
11,7,6,5,"[  0.           0.           0.           0.           0.
 193.20357507]"
11,7,7,0,"[240.35172136   0.           0.           0.           0.
   0.        ]"
11,7,7,1,"[  0.         220.02963103   0.           0.           0.
   0.        ]"
11,7,7,2,"[  0.           0.         227.80885167   0.           0.
   0.        ]"
11,7,7,3,"[  0.           0.           0.         261.40646921   0.
   0.        ]"
11,7,7,4,[  0.        0.        0.        0.      262.35551   0.     ]
11,7,7,5,"[  0.           0.           0.           0.           0.
 272.81744712]"
