Time,Queue 0 Product 0,Queue 0 Product 1,Queue 1 Product 0,Queue 1 Product 1,Queue 2 Product 0,Queue 2 Product 1,Queue 3 Product 0,Queue 3 Product 1,Demand Queue Product 0,Demand Queue Product 1,Machine 1 Current Product,Machine 3 Current Product
0,1,1,0,0,0,0,0,0,1,1,None,None
1,2,1,0,0,0,0,0,0,2,1,None,None
2,3,1,0,0,0,0,0,0,3,1,None,None
3,0,2,0,0,0,0,0,0,4,2,None,None
4,1,2,0,0,0,0,0,0,5,2,None,None
5,2,2,0,0,0,0,0,0,6,2,None,None
6,3,3,0,0,0,0,0,0,7,3,None,None
7,4,3,0,0,0,0,0,0,8,3,None,None
8,5,3,0,0,0,0,0,0,9,3,None,None
9,6,4,0,0,0,0,0,0,10,4,None,None
10,7,4,0,0,0,0,0,0,11,4,None,None
11,8,4,0,0,0,0,0,0,12,4,None,None
12,9,5,0,0,0,0,0,0,13,5,None,None
13,10,5,0,0,0,0,0,0,14,5,None,None
14,11,5,0,0,0,0,0,0,15,5,None,None
15,12,6,0,0,0,0,0,0,16,6,None,None
16,13,6,0,0,0,0,0,0,17,6,None,None
17,14,6,0,0,0,0,0,0,18,6,None,None
18,15,7,0,0,0,0,0,0,19,7,None,None
19,16,7,0,0,0,0,0,0,20,7,None,None
20,17,7,0,0,0,0,0,0,21,7,None,None
21,18,8,0,0,0,0,0,0,22,8,None,None
22,19,8,0,0,0,0,0,0,23,8,None,None
23,20,8,0,0,0,0,0,0,24,8,None,None
24,21,9,0,0,0,0,0,0,25,9,None,None
25,22,9,0,0,0,0,0,0,26,9,None,None
26,23,9,0,0,0,0,0,0,27,9,None,None
27,24,10,0,0,0,0,0,0,28,10,None,None
28,25,10,0,0,0,0,0,0,29,10,None,None
29,26,10,0,0,0,0,0,0,30,10,None,None
30,27,11,0,0,0,0,0,0,31,11,None,None
31,28,11,0,0,0,0,0,0,32,11,None,None
32,29,11,0,0,0,0,0,0,33,11,None,None
33,30,12,0,0,0,0,0,0,34,12,None,None
34,31,12,0,0,0,0,0,0,35,12,None,None
35,32,12,0,0,0,0,0,0,36,12,None,None
36,33,13,0,0,0,0,0,0,37,13,None,None
37,34,13,0,0,0,0,0,0,38,13,None,None
38,35,13,0,0,0,0,0,0,39,13,None,None
39,36,14,0,0,0,0,0,0,40,14,None,None
40,37,14,0,0,0,0,0,0,41,14,None,None
41,38,14,0,0,0,0,0,0,42,14,None,None
42,39,15,0,0,0,0,0,0,43,15,None,None
43,40,15,0,0,0,0,0,0,44,15,None,None
44,41,15,0,0,0,0,0,0,45,15,None,None
45,42,16,0,0,0,0,0,0,46,16,None,None
46,43,16,0,0,0,0,0,0,47,16,None,None
47,44,16,0,0,0,0,0,0,48,16,None,None
48,45,17,0,0,0,0,0,0,49,17,None,None
49,46,17,0,0,0,0,0,0,50,17,None,None
50,47,17,0,0,0,0,0,0,51,17,None,None
51,48,18,0,0,0,0,0,0,52,18,None,None
52,49,18,0,0,0,0,0,0,53,18,None,None
53,50,18,0,0,0,0,0,0,54,18,None,None
54,51,19,0,0,0,0,0,0,55,19,None,None
55,52,19,0,0,0,0,0,0,56,19,None,None
56,53,19,0,0,0,0,0,0,57,19,None,None
57,54,20,0,0,0,0,0,0,58,20,None,None
58,55,20,0,0,0,0,0,0,59,20,None,None
59,56,20,0,0,0,0,0,0,60,20,None,None
60,57,21,0,0,0,0,0,0,61,21,None,None
61,58,21,0,0,0,0,0,0,62,21,None,None
62,59,21,0,0,0,0,0,0,63,21,None,None
63,60,22,0,0,0,0,0,0,64,22,None,None
64,61,22,0,0,0,0,0,0,65,22,None,None
65,62,22,0,0,0,0,0,0,66,22,None,None
66,63,23,0,0,0,0,0,0,67,23,None,None
67,64,23,0,0,0,0,0,0,68,23,None,None
68,65,23,0,0,0,0,0,0,69,23,None,None
69,66,24,0,0,0,0,0,0,70,24,None,None
70,67,24,0,0,0,0,0,0,71,24,None,None
71,68,24,0,0,0,0,0,0,72,24,None,None
72,69,25,0,0,0,0,0,0,73,25,None,None
73,70,25,0,0,0,0,0,0,74,25,None,None
74,71,25,0,0,0,0,0,0,75,25,None,None
75,72,26,0,0,0,0,0,0,76,26,None,None
76,73,26,0,0,0,0,0,0,77,26,None,None
77,74,26,0,0,0,0,0,0,78,26,None,None
78,75,27,0,0,0,0,0,0,79,27,None,None
79,76,27,0,0,0,0,0,0,80,27,None,None
80,77,27,0,0,0,0,0,0,81,27,None,None
81,78,28,0,0,0,0,0,0,82,28,None,None
82,79,28,0,0,0,0,0,0,83,28,None,None
83,80,28,0,0,0,0,0,0,84,28,None,None
84,81,29,0,0,0,0,0,0,85,29,None,None
85,82,29,0,0,0,0,0,0,86,29,None,None
86,83,29,0,0,0,0,0,0,87,29,None,None
87,84,30,0,0,0,0,0,0,88,30,None,None
88,85,30,0,0,0,0,0,0,89,30,None,None
89,86,30,0,0,0,0,0,0,90,30,None,None
90,87,31,0,0,0,0,0,0,91,31,None,None
91,88,31,0,0,0,0,0,0,92,31,None,None
92,89,31,0,0,0,0,0,0,93,31,None,None
93,90,32,0,0,0,0,0,0,94,32,None,None
94,91,32,0,0,0,0,0,0,95,32,None,None
95,92,32,0,0,0,0,0,0,96,32,None,None
96,93,33,0,0,0,0,0,0,97,33,None,None
97,94,33,0,0,0,0,0,0,98,33,None,None
98,95,33,0,0,0,0,0,0,99,33,None,None
99,96,34,0,0,0,0,0,0,100,34,None,None
100,97,34,0,0,0,0,0,0,101,34,None,None
101,98,34,0,0,0,0,0,0,102,34,None,None
102,99,35,0,0,0,0,0,0,103,35,None,None
103,100,35,0,0,0,0,0,0,104,35,None,None
104,101,35,0,0,0,0,0,0,105,35,None,None
105,102,36,0,0,0,0,0,0,106,36,None,None
106,103,36,0,0,0,0,0,0,107,36,None,None
107,104,36,0,0,0,0,0,0,108,36,None,None
108,105,37,0,0,0,0,0,0,109,37,None,None
109,106,37,0,0,0,0,0,0,110,37,None,None
110,107,37,0,0,0,0,0,0,111,37,None,None
111,108,38,0,0,0,0,0,0,112,38,None,None
112,109,38,0,0,0,0,0,0,113,38,None,None
113,110,38,0,0,0,0,0,0,114,38,None,None
114,111,39,0,0,0,0,0,0,115,39,None,None
115,112,39,0,0,0,0,0,0,116,39,None,None
116,113,39,0,0,0,0,0,0,117,39,None,None
117,114,40,0,0,0,0,0,0,118,40,None,None
118,115,40,0,0,0,0,0,0,119,40,None,None
119,116,40,0,0,0,0,0,0,120,40,None,None
120,117,41,0,0,0,0,0,0,121,41,None,None
121,118,41,0,0,0,0,0,0,122,41,None,None
122,119,41,0,0,0,0,0,0,123,41,None,None
123,120,42,0,0,0,0,0,0,124,42,None,None
124,121,42,0,0,0,0,0,0,125,42,None,None
125,122,42,0,0,0,0,0,0,126,42,None,None
126,123,43,0,0,0,0,0,0,127,43,None,None
127,124,43,0,0,0,0,0,0,128,43,None,None
128,125,43,0,0,0,0,0,0,129,43,None,None
129,126,44,0,0,0,0,0,0,130,44,None,None
130,127,44,0,0,0,0,0,0,131,44,None,None
131,128,44,0,0,0,0,0,0,132,44,None,None
132,129,45,0,0,0,0,0,0,133,45,None,None
133,130,45,0,0,0,0,0,0,134,45,None,None
134,131,45,0,0,0,0,0,0,135,45,None,None
135,132,46,0,0,0,0,0,0,136,46,None,None
136,133,46,0,0,0,0,0,0,137,46,None,None
137,134,46,0,0,0,0,0,0,138,46,None,None
138,135,47,0,0,0,0,0,0,139,47,None,None
139,136,47,0,0,0,0,0,0,140,47,None,None
140,137,47,0,0,0,0,0,0,141,47,None,None
141,138,48,0,0,0,0,0,0,142,48,None,None
142,139,48,0,0,0,0,0,0,143,48,None,None
143,140,48,0,0,0,0,0,0,144,48,None,None
144,141,49,0,0,0,0,0,0,145,49,None,None
145,142,49,0,0,0,0,0,0,146,49,None,None
146,143,49,0,0,0,0,0,0,147,49,None,None
147,144,50,0,0,0,0,0,0,148,50,None,None
148,145,50,0,0,0,0,0,0,149,50,None,None
149,146,50,0,0,0,0,0,0,150,50,None,None
150,146,50,0,0,0,0,0,0,150,50,None,None
151,146,50,0,0,0,0,0,0,150,50,None,None
152,146,50,0,0,0,0,0,0,150,50,None,None
153,146,50,0,0,0,0,0,0,150,50,None,None
154,146,50,0,0,0,0,0,0,150,50,None,None
155,146,50,0,0,0,0,0,0,150,50,None,None
156,146,50,0,0,0,0,0,0,150,50,None,None
157,146,50,0,0,0,0,0,0,150,50,None,None
158,146,50,0,0,0,0,0,0,150,50,None,None
159,146,50,0,0,0,0,0,0,150,50,None,None
160,146,50,0,0,0,0,0,0,150,50,None,None
161,146,50,0,0,0,0,0,0,150,50,None,None
162,146,50,0,0,0,0,0,0,150,50,None,None
163,146,50,0,0,0,0,0,0,150,50,None,None
164,146,50,0,0,0,0,0,0,150,50,None,None
165,146,50,0,0,0,0,0,0,150,50,None,None
166,146,50,0,0,0,0,0,0,150,50,None,None
167,146,50,0,0,0,0,0,0,150,50,None,None
168,146,50,0,0,0,0,0,0,150,50,None,None
169,146,50,0,0,0,0,0,0,150,50,None,None
170,146,50,0,0,0,0,0,0,150,50,None,None
171,146,50,0,0,0,0,0,0,150,50,None,None
172,146,50,0,0,0,0,0,0,150,50,None,None
173,146,50,0,0,0,0,0,0,150,50,None,None
174,146,50,0,0,0,0,0,0,150,50,None,None
175,146,50,0,0,0,0,0,0,150,50,None,None
176,146,50,0,0,0,0,0,0,150,50,None,None
177,146,50,0,0,0,0,0,0,150,50,None,None
178,146,50,0,0,0,0,0,0,150,50,None,None
179,146,50,0,0,0,0,0,0,150,50,None,None
180,146,50,0,0,0,0,0,0,150,50,None,None
181,146,50,0,0,0,0,0,0,150,50,None,None
182,146,50,0,0,0,0,0,0,150,50,None,None
183,146,50,0,0,0,0,0,0,150,50,None,None
184,146,50,0,0,0,0,0,0,150,50,None,None
185,146,50,0,0,0,0,0,0,150,50,None,None
186,146,50,0,0,0,0,0,0,150,50,None,None
187,146,50,0,0,0,0,0,0,150,50,None,None
188,146,50,0,0,0,0,0,0,150,50,None,None
189,146,50,0,0,0,0,0,0,150,50,None,None
190,146,50,0,0,0,0,0,0,150,50,None,None
191,146,50,0,0,0,0,0,0,150,50,None,None
192,146,50,0,0,0,0,0,0,150,50,None,None
193,146,50,0,0,0,0,0,0,150,50,None,None
194,146,50,0,0,0,0,0,0,150,50,None,None
195,146,50,0,0,0,0,0,0,150,50,None,None
196,146,50,0,0,0,0,0,0,150,50,None,None
197,146,50,0,0,0,0,0,0,150,50,None,None
198,146,50,0,0,0,0,0,0,150,50,None,None
199,146,50,0,0,0,0,0,0,150,50,None,None
200,146,50,0,0,0,0,0,0,150,50,None,None
201,146,50,0,0,0,0,0,0,150,50,None,None
202,146,50,0,0,0,0,0,0,150,50,None,None
203,146,50,0,0,0,0,0,0,150,50,None,None
204,146,50,0,0,0,0,0,0,150,50,None,None
205,146,50,0,0,0,0,0,0,150,50,None,None
206,146,50,0,0,0,0,0,0,150,50,None,None
207,146,50,0,0,0,0,0,0,150,50,None,None
208,146,50,0,0,0,0,0,0,150,50,None,None
209,146,50,0,0,0,0,0,0,150,50,None,None
210,146,50,0,0,0,0,0,0,150,50,None,None
211,146,50,0,0,0,0,0,0,150,50,None,None
212,146,50,0,0,0,0,0,0,150,50,None,None
213,146,50,0,0,0,0,0,0,150,50,None,None
214,146,50,0,0,0,0,0,0,150,50,None,None
215,146,50,0,0,0,0,0,0,150,50,None,None
216,146,50,0,0,0,0,0,0,150,50,None,None
217,146,50,0,0,0,0,0,0,150,50,None,None
218,146,50,0,0,0,0,0,0,150,50,None,None
219,146,50,0,0,0,0,0,0,150,50,None,None
220,146,50,0,0,0,0,0,0,150,50,None,None
221,146,50,0,0,0,0,0,0,150,50,None,None
222,146,50,0,0,0,0,0,0,150,50,None,None
223,146,50,0,0,0,0,0,0,150,50,None,None
224,146,50,0,0,0,0,0,0,150,50,None,None
225,146,50,0,0,0,0,0,0,150,50,None,None
226,146,50,0,0,0,0,0,0,150,50,None,None
227,146,50,0,0,0,0,0,0,150,50,None,None
228,146,50,0,0,0,0,0,0,150,50,None,None
229,146,50,0,0,0,0,0,0,150,50,None,None
230,146,50,0,0,0,0,0,0,150,50,None,None
231,146,50,0,0,0,0,0,0,150,50,None,None
232,146,50,0,0,0,0,0,0,150,50,None,None
233,146,50,0,0,0,0,0,0,150,50,None,None
234,146,50,0,0,0,0,0,0,150,50,None,None
235,146,50,0,0,0,0,0,0,150,50,None,None
236,146,50,0,0,0,0,0,0,150,50,None,None
237,146,50,0,0,0,0,0,0,150,50,None,None
238,146,50,0,0,0,0,0,0,150,50,None,None
239,146,50,0,0,0,0,0,0,150,50,None,None
240,146,50,0,0,0,0,0,0,150,50,None,None
241,146,50,0,0,0,0,0,0,150,50,None,None
242,146,50,0,0,0,0,0,0,150,50,None,None
243,142,50,3,0,0,0,0,0,150,50,0,None
244,142,50,3,0,0,0,0,0,150,50,0,None
245,142,50,3,0,0,0,0,0,150,50,0,None
246,142,50,3,0,0,0,0,0,150,50,0,None
247,142,50,3,0,0,0,0,0,150,50,0,None
248,142,50,3,0,0,0,0,0,150,50,0,None
249,142,50,3,0,0,0,0,0,150,50,0,None
250,142,50,3,0,0,0,0,0,150,50,0,None
251,142,50,3,0,0,0,0,0,150,50,0,None
252,142,50,3,0,0,0,0,0,150,50,0,None
253,142,50,3,0,0,0,0,0,150,50,0,None
254,142,50,3,0,0,0,0,0,150,50,0,None
255,142,50,3,0,0,0,0,0,150,50,0,None
256,142,50,3,0,0,0,0,0,150,50,0,None
257,142,50,3,0,0,0,0,0,150,50,0,None
258,142,50,3,0,0,0,0,0,150,50,0,None
259,142,50,3,0,0,0,0,0,150,50,0,None
260,142,50,3,0,0,0,0,0,150,50,0,None
261,142,50,3,0,0,0,0,0,150,50,0,None
262,142,50,3,0,0,0,0,0,150,50,0,None
263,142,50,3,0,0,0,0,0,150,50,0,None
264,142,50,3,0,0,0,0,0,150,50,0,None
265,142,50,3,0,0,0,0,0,150,50,0,None
266,142,50,3,0,0,0,0,0,150,50,0,None
267,142,50,3,0,0,0,0,0,150,50,0,None
268,142,50,3,0,0,0,0,0,150,50,0,None
269,142,50,3,0,0,0,0,0,150,50,0,None
270,142,50,3,0,0,0,0,0,150,50,0,None
271,142,50,3,0,0,0,0,0,150,50,0,None
272,142,50,3,0,0,0,0,0,150,50,0,None
273,142,50,3,0,0,0,0,0,150,50,0,None
274,142,50,3,0,0,0,0,0,150,50,0,None
275,142,50,3,0,0,0,0,0,150,50,0,None
276,142,50,3,0,0,0,0,0,150,50,0,None
277,142,50,3,0,0,0,0,0,150,50,0,None
278,142,50,3,0,0,0,0,0,150,50,0,None
279,142,50,3,0,0,0,0,0,150,50,0,None
280,142,50,3,0,0,0,0,0,150,50,0,None
281,142,50,3,0,0,0,0,0,150,50,0,None
282,142,50,3,0,0,0,0,0,150,50,0,None
283,142,50,3,0,0,0,0,0,150,50,0,None
284,142,50,3,0,0,0,0,0,150,50,0,None
285,142,50,3,0,0,0,0,0,150,50,0,None
286,142,50,3,0,0,0,0,0,150,50,0,None
287,142,50,3,0,0,0,0,0,150,50,0,None
288,142,50,2,0,1,0,0,0,150,50,0,None
289,142,50,2,0,1,0,0,0,150,50,0,None
290,142,50,2,0,1,0,0,0,150,50,0,None
291,142,50,2,0,1,0,0,0,150,50,0,None
292,142,50,2,0,1,0,0,0,150,50,0,None
293,142,50,2,0,1,0,0,0,150,50,0,None
294,142,50,2,0,1,0,0,0,150,50,0,None
295,142,50,2,0,1,0,0,0,150,50,0,None
296,142,50,2,0,1,0,0,0,150,50,0,None
297,142,50,2,0,1,0,0,0,150,50,0,None
298,142,50,2,0,1,0,0,0,150,50,0,None
299,142,50,2,0,1,0,0,0,150,50,0,None
300,142,50,2,0,1,0,0,0,150,50,0,None
301,142,50,2,0,1,0,0,0,150,50,0,None
302,142,50,2,0,1,0,0,0,150,50,0,None
303,142,50,2,0,1,0,0,0,150,50,0,None
304,142,50,2,0,1,0,0,0,150,50,0,None
305,142,50,2,0,1,0,0,0,150,50,0,None
306,142,50,2,0,1,0,0,0,150,50,0,None
307,142,50,2,0,1,0,0,0,150,50,0,None
308,142,50,2,0,1,0,0,0,150,50,0,None
309,142,50,2,0,1,0,0,0,150,50,0,None
310,142,50,2,0,1,0,0,0,150,50,0,None
311,142,50,2,0,1,0,0,0,150,50,0,None
312,142,50,2,0,1,0,0,0,150,50,0,None
313,142,50,2,0,1,0,0,0,150,50,0,None
314,142,50,2,0,1,0,0,0,150,50,0,None
315,142,50,2,0,1,0,0,0,150,50,0,None
316,142,50,2,0,1,0,0,0,150,50,0,None
317,142,50,2,0,1,0,0,0,150,50,0,None
318,142,50,1,0,2,0,0,0,150,50,0,None
319,142,50,1,0,2,0,0,0,150,50,0,None
320,142,50,1,0,2,0,0,0,150,50,0,None
321,142,50,1,0,2,0,0,0,150,50,0,None
322,142,50,1,0,2,0,0,0,150,50,0,None
323,142,50,1,0,2,0,0,0,150,50,0,None
324,142,50,1,0,2,0,0,0,150,50,0,None
325,142,50,1,0,2,0,0,0,150,50,0,None
326,142,50,1,0,2,0,0,0,150,50,0,None
327,142,50,1,0,2,0,0,0,150,50,0,None
328,142,50,1,0,2,0,0,0,150,50,0,None
329,142,50,1,0,2,0,0,0,150,50,0,None
330,142,50,1,0,2,0,0,0,150,50,0,None
331,142,50,1,0,2,0,0,0,150,50,0,None
332,142,50,1,0,2,0,0,0,150,50,0,None
333,142,50,1,0,2,0,0,0,150,50,0,None
334,142,50,1,0,2,0,0,0,150,50,0,None
335,142,50,1,0,2,0,0,0,150,50,0,None
336,142,50,1,0,2,0,0,0,150,50,0,None
337,142,50,1,0,2,0,0,0,150,50,0,None
338,142,50,1,0,2,0,0,0,150,50,0,None
339,142,50,1,0,2,0,0,0,150,50,0,None
340,142,50,1,0,2,0,0,0,150,50,0,None
341,142,50,1,0,2,0,0,0,150,50,0,None
342,142,50,1,0,2,0,0,0,150,50,0,None
343,142,50,1,0,2,0,0,0,150,50,0,None
344,142,50,1,0,2,0,0,0,150,50,0,None
345,142,50,1,0,2,0,0,0,150,50,0,None
346,142,50,1,0,2,0,0,0,150,50,0,None
347,142,50,1,0,2,0,0,0,150,50,0,None
348,142,50,0,0,3,0,0,0,150,50,0,None
349,142,50,0,0,3,0,0,0,150,50,0,None
350,142,50,0,0,3,0,0,0,150,50,0,None
351,142,50,0,0,3,0,0,0,150,50,0,None
352,142,50,0,0,3,0,0,0,150,50,0,None
353,142,50,0,0,3,0,0,0,150,50,0,None
354,142,50,0,0,3,0,0,0,150,50,0,None
355,142,50,0,0,3,0,0,0,150,50,0,None
356,142,50,0,0,3,0,0,0,150,50,0,None
357,142,50,0,0,3,0,0,0,150,50,0,None
358,142,50,0,0,3,0,0,0,150,50,0,None
359,142,50,0,0,3,0,0,0,150,50,0,None
360,142,50,0,0,3,0,0,0,150,50,0,None
361,142,50,0,0,3,0,0,0,150,50,0,None
362,142,50,0,0,3,0,0,0,150,50,0,None
363,142,50,0,0,3,0,0,0,150,50,0,None
364,142,50,0,0,3,0,0,0,150,50,0,None
365,142,50,0,0,3,0,0,0,150,50,0,None
366,142,50,0,0,3,0,0,0,150,50,0,None
367,142,50,0,0,3,0,0,0,150,50,0,None
368,142,50,0,0,3,0,0,0,150,50,0,None
369,142,50,0,0,3,0,0,0,150,50,0,None
370,142,50,0,0,3,0,0,0,150,50,0,None
371,142,50,0,0,3,0,0,0,150,50,0,None
372,142,50,0,0,3,0,0,0,150,50,0,None
373,142,50,0,0,3,0,0,0,150,50,0,None
374,142,50,0,0,3,0,0,0,150,50,0,None
375,142,50,0,0,3,0,0,0,150,50,0,None
376,142,50,0,0,3,0,0,0,150,50,0,None
377,142,50,0,0,3,0,0,0,150,50,0,None
378,142,50,0,0,0,0,0,0,150,50,0,None
379,142,50,0,0,0,0,0,0,150,50,0,None
380,142,50,0,0,0,0,0,0,150,50,0,None
381,142,50,0,0,0,0,0,0,150,50,0,None
382,142,50,0,0,0,0,0,0,150,50,0,None
383,142,50,0,0,0,0,0,0,150,50,0,None
384,142,50,0,0,0,0,0,0,150,50,0,None
385,142,50,0,0,0,0,0,0,150,50,0,None
386,142,50,0,0,0,0,0,0,150,50,0,None
387,142,50,0,0,0,0,0,0,150,50,0,None
388,142,50,0,0,0,0,0,0,150,50,0,None
389,142,50,0,0,0,0,0,0,150,50,0,None
390,142,50,0,0,0,0,0,0,150,50,0,None
391,142,50,0,0,0,0,0,0,150,50,0,None
392,142,50,0,0,0,0,0,0,150,50,0,None
393,142,50,0,0,0,0,0,0,150,50,0,None
394,142,50,0,0,0,0,0,0,150,50,0,None
395,142,50,0,0,0,0,0,0,150,50,0,None
396,142,50,0,0,0,0,0,0,150,50,0,None
397,142,50,0,0,0,0,0,0,150,50,0,None
398,142,50,0,0,0,0,0,0,150,50,0,None
399,142,50,0,0,0,0,0,0,150,50,0,None
400,142,50,0,0,0,0,0,0,150,50,0,None
401,142,50,0,0,0,0,0,0,150,50,0,None
402,142,50,0,0,0,0,0,0,150,50,0,None
403,142,50,0,0,0,0,0,0,150,50,0,None
404,142,50,0,0,0,0,0,0,150,50,0,None
405,142,50,0,0,0,0,0,0,150,50,0,None
406,142,50,0,0,0,0,0,0,150,50,0,None
407,142,50,0,0,0,0,0,0,150,50,0,None
408,142,50,0,0,0,0,0,0,150,50,0,None
409,142,50,0,0,0,0,0,0,150,50,0,None
410,142,50,0,0,0,0,0,0,150,50,0,None
411,142,50,0,0,0,0,0,0,150,50,0,None
412,142,50,0,0,0,0,0,0,150,50,0,None
413,142,50,0,0,0,0,0,0,150,50,0,None
414,142,50,0,0,0,0,0,0,150,50,0,None
415,142,50,0,0,0,0,0,0,150,50,0,None
416,142,50,0,0,0,0,0,0,150,50,0,None
417,142,50,0,0,0,0,0,0,150,50,0,None
418,142,50,0,0,0,0,0,0,150,50,0,None
419,142,50,0,0,0,0,0,0,150,50,0,None
420,142,50,0,0,0,0,0,0,150,50,0,None
421,142,50,0,0,0,0,0,0,150,50,0,None
422,142,50,0,0,0,0,0,0,150,50,0,None
423,142,50,0,0,0,0,0,0,150,50,0,None
424,142,50,0,0,0,0,0,0,150,50,0,None
425,142,50,0,0,0,0,0,0,150,50,0,None
426,142,50,0,0,0,0,0,0,150,50,0,None
427,142,50,0,0,0,0,0,0,150,50,0,None
428,142,50,0,0,0,0,0,0,150,50,0,None
429,142,50,0,0,0,0,0,0,150,50,0,None
430,142,50,0,0,0,0,0,0,150,50,0,None
431,142,50,0,0,0,0,0,0,150,50,0,None
432,142,50,0,0,0,0,0,0,150,50,0,None
433,142,50,0,0,0,0,0,0,150,50,0,None
434,142,50,0,0,0,0,0,0,150,50,0,None
435,142,50,0,0,0,0,0,0,150,50,0,None
436,142,50,0,0,0,0,0,0,150,50,0,None
437,142,50,0,0,0,0,0,0,150,50,0,None
438,142,50,0,0,0,0,0,0,150,50,0,None
439,142,50,0,0,0,0,0,0,150,50,0,None
440,142,50,0,0,0,0,0,0,150,50,0,None
441,142,50,0,0,0,0,0,0,150,50,0,None
442,142,50,0,0,0,0,0,0,150,50,0,None
443,142,50,0,0,0,0,0,0,150,50,0,None
444,142,50,0,0,0,0,0,0,150,50,0,None
445,142,50,0,0,0,0,0,0,150,50,0,None
446,142,50,0,0,0,0,0,0,150,50,0,None
447,142,50,0,0,0,0,0,0,150,50,0,None
448,142,50,0,0,0,0,0,0,150,50,0,None
449,142,50,0,0,0,0,0,0,150,50,0,None
450,142,50,0,0,0,0,0,0,150,50,0,None
451,142,50,0,0,0,0,0,0,150,50,0,None
452,142,50,0,0,0,0,0,0,150,50,0,None
453,142,50,0,0,0,0,0,0,150,50,0,None
454,142,50,0,0,0,0,0,0,150,50,0,None
455,142,50,0,0,0,0,0,0,150,50,0,None
456,142,50,0,0,0,0,0,0,150,50,0,None
457,142,50,0,0,0,0,0,0,150,50,0,None
458,142,50,0,0,0,0,0,0,150,50,0,None
459,142,50,0,0,0,0,0,0,150,50,0,None
460,142,50,0,0,0,0,0,0,150,50,0,None
461,142,50,0,0,0,0,0,0,150,50,0,None
462,142,50,0,0,0,0,0,0,150,50,0,None
463,142,50,0,0,0,0,0,0,150,50,0,None
464,142,50,0,0,0,0,0,0,150,50,0,None
465,142,50,0,0,0,0,0,0,150,50,0,None
466,142,50,0,0,0,0,0,0,150,50,0,None
467,142,50,0,0,0,0,0,0,150,50,0,None
468,142,50,0,0,0,0,0,0,150,50,0,None
469,142,50,0,0,0,0,0,0,150,50,0,None
470,142,50,0,0,0,0,0,0,150,50,0,None
471,142,50,0,0,0,0,0,0,150,50,0,None
472,142,50,0,0,0,0,0,0,150,50,0,None
473,142,50,0,0,0,0,0,0,150,50,0,None
474,142,50,0,0,0,0,0,0,150,50,0,None
475,142,50,0,0,0,0,0,0,150,50,0,None
476,142,50,0,0,0,0,0,0,150,50,0,None
477,142,50,0,0,0,0,0,0,150,50,0,None
478,142,50,0,0,0,0,0,0,150,50,0,None
479,142,50,0,0,0,0,0,0,150,50,0,None
480,142,50,0,0,0,0,0,0,150,50,0,None
481,142,50,0,0,0,0,0,0,150,50,0,None
482,142,50,0,0,0,0,0,0,150,50,0,None
483,138,50,3,0,0,0,0,0,150,50,0,None
484,138,50,3,0,0,0,0,0,150,50,0,None
485,138,50,3,0,0,0,0,0,150,50,0,None
486,138,50,3,0,0,0,0,0,150,50,0,None
487,138,50,3,0,0,0,0,0,150,50,0,None
488,138,50,3,0,0,0,0,0,150,50,0,None
489,138,50,3,0,0,0,0,0,150,50,0,None
490,138,50,3,0,0,0,0,0,150,50,0,None
491,138,50,3,0,0,0,0,0,150,50,0,None
492,138,50,3,0,0,0,0,0,150,50,0,None
493,138,50,3,0,0,0,0,0,150,50,0,None
494,138,50,3,0,0,0,0,0,150,50,0,None
495,138,50,3,0,0,0,0,0,150,50,0,None
496,138,50,3,0,0,0,0,0,150,50,0,None
497,138,50,3,0,0,0,0,0,150,50,0,None
498,138,50,3,0,0,0,0,0,150,50,0,None
499,138,50,3,0,0,0,0,0,150,50,0,None
500,138,50,3,0,0,0,0,0,150,50,0,None
501,138,50,3,0,0,0,0,0,150,50,0,None
502,138,50,3,0,0,0,0,0,150,50,0,None
503,138,50,3,0,0,0,0,0,150,50,0,None
504,138,50,3,0,0,0,0,0,150,50,0,None
505,138,50,3,0,0,0,0,0,150,50,0,None
506,138,50,3,0,0,0,0,0,150,50,0,None
507,138,50,3,0,0,0,0,0,150,50,0,None
508,138,50,3,0,0,0,0,0,150,50,0,None
509,138,50,3,0,0,0,0,0,150,50,0,None
510,138,50,3,0,0,0,0,0,150,50,0,None
511,138,50,3,0,0,0,0,0,150,50,0,None
512,138,50,3,0,0,0,0,0,150,50,0,None
513,138,50,2,0,1,0,0,0,150,50,0,None
514,138,50,2,0,1,0,0,0,150,50,0,None
515,138,50,2,0,1,0,0,0,150,50,0,None
516,138,50,2,0,1,0,0,0,150,50,0,None
517,138,50,2,0,1,0,0,0,150,50,0,None
518,138,50,2,0,1,0,0,0,150,50,0,None
519,138,50,2,0,1,0,0,0,150,50,0,None
520,138,50,2,0,1,0,0,0,150,50,0,None
521,138,50,2,0,1,0,0,0,150,50,0,None
522,138,50,2,0,1,0,0,0,150,50,0,None
523,138,50,2,0,1,0,0,0,150,50,0,None
524,138,50,2,0,1,0,0,0,150,50,0,None
525,138,50,2,0,1,0,0,0,150,50,0,None
526,138,50,2,0,1,0,0,0,150,50,0,None
527,138,50,2,0,1,0,0,0,150,50,0,None
528,138,50,2,0,1,0,0,0,150,50,0,None
529,138,50,2,0,1,0,0,0,150,50,0,None
530,138,50,2,0,1,0,0,0,150,50,0,None
531,138,50,2,0,1,0,0,0,150,50,0,None
532,138,50,2,0,1,0,0,0,150,50,0,None
533,138,50,2,0,1,0,0,0,150,50,0,None
534,138,50,2,0,1,0,0,0,150,50,0,None
535,138,50,2,0,1,0,0,0,150,50,0,None
536,138,50,2,0,1,0,0,0,150,50,0,None
537,138,50,2,0,1,0,0,0,150,50,0,None
538,138,50,2,0,1,0,0,0,150,50,0,None
539,138,50,2,0,1,0,0,0,150,50,0,None
540,138,50,2,0,1,0,0,0,150,50,0,None
541,138,50,2,0,1,0,0,0,150,50,0,None
542,138,50,2,0,1,0,0,0,150,50,0,None
543,138,50,1,0,2,0,0,0,150,50,0,None
544,138,50,1,0,2,0,0,0,150,50,0,None
545,138,50,1,0,2,0,0,0,150,50,0,None
546,138,50,1,0,2,0,0,0,150,50,0,None
547,138,50,1,0,2,0,0,0,150,50,0,None
548,138,50,1,0,2,0,0,0,150,50,0,None
549,138,50,1,0,2,0,0,0,150,50,0,None
550,138,50,1,0,2,0,0,0,150,50,0,None
551,138,50,1,0,2,0,0,0,150,50,0,None
552,138,50,1,0,2,0,0,0,150,50,0,None
553,138,50,1,0,2,0,0,0,150,50,0,None
554,138,50,1,0,2,0,0,0,150,50,0,None
555,138,50,1,0,2,0,0,0,150,50,0,None
556,138,50,1,0,2,0,0,0,150,50,0,None
557,138,50,1,0,2,0,0,0,150,50,0,None
558,138,50,1,0,2,0,0,0,150,50,0,None
559,138,50,1,0,2,0,0,0,150,50,0,None
560,138,50,1,0,2,0,0,0,150,50,0,None
561,138,50,1,0,2,0,0,0,150,50,0,None
562,138,50,1,0,2,0,0,0,150,50,0,None
563,138,50,1,0,2,0,0,0,150,50,0,None
564,138,50,1,0,2,0,0,0,150,50,0,None
565,138,50,1,0,2,0,0,0,150,50,0,None
566,138,50,1,0,2,0,0,0,150,50,0,None
567,138,50,1,0,2,0,0,0,150,50,0,None
568,138,50,1,0,2,0,0,0,150,50,0,None
569,138,50,1,0,2,0,0,0,150,50,0,None
570,138,50,1,0,2,0,0,0,150,50,0,None
571,138,50,1,0,2,0,0,0,150,50,0,None
572,138,50,1,0,2,0,0,0,150,50,0,None
573,138,50,0,0,3,0,0,0,150,50,0,None
574,138,50,0,0,3,0,0,0,150,50,0,None
575,138,50,0,0,3,0,0,0,150,50,0,None
576,138,50,0,0,3,0,0,0,150,50,0,None
577,138,50,0,0,3,0,0,0,150,50,0,None
578,138,50,0,0,3,0,0,0,150,50,0,None
579,138,50,0,0,3,0,0,0,150,50,0,None
580,138,50,0,0,3,0,0,0,150,50,0,None
581,138,50,0,0,3,0,0,0,150,50,0,None
582,138,50,0,0,3,0,0,0,150,50,0,None
583,138,50,0,0,3,0,0,0,150,50,0,None
584,138,50,0,0,3,0,0,0,150,50,0,None
585,138,50,0,0,3,0,0,0,150,50,0,None
586,138,50,0,0,3,0,0,0,150,50,0,None
587,138,50,0,0,3,0,0,0,150,50,0,None
588,138,50,0,0,3,0,0,0,150,50,0,None
589,138,50,0,0,3,0,0,0,150,50,0,None
590,138,50,0,0,3,0,0,0,150,50,0,None
591,138,50,0,0,3,0,0,0,150,50,0,None
592,138,50,0,0,3,0,0,0,150,50,0,None
593,138,50,0,0,3,0,0,0,150,50,0,None
594,138,50,0,0,3,0,0,0,150,50,0,None
595,138,50,0,0,3,0,0,0,150,50,0,None
596,138,50,0,0,3,0,0,0,150,50,0,None
597,138,50,0,0,3,0,0,0,150,50,0,None
598,138,50,0,0,3,0,0,0,150,50,0,None
599,138,50,0,0,3,0,0,0,150,50,0,None
600,138,50,0,0,3,0,0,0,150,50,0,None
601,138,50,0,0,3,0,0,0,150,50,0,None
602,138,50,0,0,3,0,0,0,150,50,0,None
603,138,50,0,0,4,0,0,0,150,50,0,None
604,138,50,0,0,4,0,0,0,150,50,0,None
605,138,50,0,0,4,0,0,0,150,50,0,None
606,138,50,0,0,4,0,0,0,150,50,0,None
607,138,50,0,0,4,0,0,0,150,50,0,None
608,138,50,0,0,4,0,0,0,150,50,0,None
609,138,50,0,0,4,0,0,0,150,50,0,None
610,138,50,0,0,4,0,0,0,150,50,0,None
611,138,50,0,0,4,0,0,0,150,50,0,None
612,138,50,0,0,4,0,0,0,150,50,0,None
613,138,50,0,0,4,0,0,0,150,50,0,None
614,138,50,0,0,4,0,0,0,150,50,0,None
615,138,50,0,0,4,0,0,0,150,50,0,None
616,138,50,0,0,4,0,0,0,150,50,0,None
617,138,50,0,0,4,0,0,0,150,50,0,None
618,138,50,0,0,0,0,3,0,150,50,0,0
619,138,50,0,0,0,0,3,0,150,50,0,0
620,138,50,0,0,0,0,3,0,150,50,0,0
621,138,50,0,0,0,0,3,0,150,50,0,0
622,138,50,0,0,0,0,3,0,150,50,0,0
623,138,50,0,0,0,0,3,0,150,50,0,0
624,138,50,0,0,0,0,3,0,150,50,0,0
625,138,50,0,0,0,0,3,0,150,50,0,0
626,138,50,0,0,0,0,3,0,150,50,0,0
627,138,50,0,0,0,0,3,0,150,50,0,0
628,138,50,0,0,0,0,3,0,150,50,0,0
629,138,50,0,0,0,0,3,0,150,50,0,0
630,138,50,0,0,0,0,3,0,150,50,0,0
631,138,50,0,0,0,0,3,0,150,50,0,0
632,138,50,0,0,0,0,3,0,150,50,0,0
633,138,50,0,0,0,0,3,0,150,50,0,0
634,138,50,0,0,0,0,3,0,150,50,0,0
635,138,50,0,0,0,0,3,0,150,50,0,0
636,138,50,0,0,0,0,3,0,150,50,0,0
637,138,50,0,0,0,0,3,0,150,50,0,0
638,138,50,0,0,0,0,3,0,150,50,0,0
639,138,50,0,0,0,0,3,0,150,50,0,0
640,138,50,0,0,0,0,3,0,150,50,0,0
641,138,50,0,0,0,0,3,0,150,50,0,0
642,138,50,0,0,0,0,3,0,150,50,0,0
643,138,50,0,0,0,0,3,0,150,50,0,0
644,138,50,0,0,0,0,3,0,150,50,0,0
645,138,50,0,0,0,0,3,0,150,50,0,0
646,138,50,0,0,0,0,3,0,150,50,0,0
647,138,50,0,0,0,0,3,0,150,50,0,0
648,138,50,0,0,0,0,3,0,150,50,0,0
649,138,50,0,0,0,0,3,0,150,50,0,0
650,138,50,0,0,0,0,3,0,150,50,0,0
651,138,50,0,0,0,0,3,0,150,50,0,0
652,138,50,0,0,0,0,3,0,150,50,0,0
653,138,50,0,0,0,0,3,0,150,50,0,0
654,138,50,0,0,0,0,3,0,150,50,0,0
655,138,50,0,0,0,0,3,0,150,50,0,0
656,138,50,0,0,0,0,3,0,150,50,0,0
657,138,50,0,0,0,0,3,0,150,50,0,0
658,138,50,0,0,0,0,3,0,150,50,0,0
659,138,50,0,0,0,0,3,0,150,50,0,0
660,138,50,0,0,0,0,3,0,150,50,0,0
661,138,50,0,0,0,0,3,0,150,50,0,0
662,138,50,0,0,0,0,3,0,150,50,0,0
663,138,50,0,0,0,0,3,0,149,50,0,0
663,138,50,0,0,0,0,2,0,149,50,0,0
664,138,50,0,0,0,0,2,0,149,50,0,0
665,138,50,0,0,0,0,2,0,149,50,0,0
666,138,50,0,0,0,0,2,0,149,50,0,0
667,138,50,0,0,0,0,2,0,149,50,0,0
668,138,50,0,0,0,0,2,0,149,50,0,0
669,138,50,0,0,0,0,2,0,149,50,0,0
670,138,50,0,0,0,0,2,0,149,50,0,0
671,138,50,0,0,0,0,2,0,149,50,0,0
672,138,50,0,0,0,0,2,0,149,50,0,0
673,138,50,0,0,0,0,2,0,149,50,0,0
674,138,50,0,0,0,0,2,0,149,50,0,0
675,138,50,0,0,0,0,2,0,149,50,0,0
676,138,50,0,0,0,0,2,0,149,50,0,0
677,138,50,0,0,0,0,2,0,149,50,0,0
678,138,50,0,0,0,0,2,0,149,50,0,0
679,138,50,0,0,0,0,2,0,149,50,0,0
680,138,50,0,0,0,0,2,0,149,50,0,0
681,138,50,0,0,0,0,2,0,149,50,0,0
682,138,50,0,0,0,0,2,0,149,50,0,0
683,138,50,0,0,0,0,2,0,149,50,0,0
684,138,50,0,0,0,0,2,0,149,50,0,0
685,138,50,0,0,0,0,2,0,149,50,0,0
686,138,50,0,0,0,0,2,0,149,50,0,0
687,138,50,0,0,0,0,2,0,149,50,0,0
688,138,50,0,0,0,0,2,0,149,50,0,0
689,138,50,0,0,0,0,2,0,149,50,0,0
690,138,50,0,0,0,0,2,0,149,50,0,0
691,138,50,0,0,0,0,2,0,149,50,0,0
692,138,50,0,0,0,0,2,0,149,50,0,0
693,138,50,0,0,0,0,2,0,148,50,0,0
693,138,50,0,0,0,0,1,0,148,50,0,0
694,138,50,0,0,0,0,1,0,148,50,0,0
695,138,50,0,0,0,0,1,0,148,50,0,0
696,138,50,0,0,0,0,1,0,148,50,0,0
697,138,50,0,0,0,0,1,0,148,50,0,0
698,138,50,0,0,0,0,1,0,148,50,0,0
699,138,50,0,0,0,0,1,0,148,50,0,0
700,138,50,0,0,0,0,1,0,148,50,0,0
701,138,50,0,0,0,0,1,0,148,50,0,0
702,138,50,0,0,0,0,1,0,148,50,0,0
703,138,50,0,0,0,0,1,0,148,50,0,0
704,138,50,0,0,0,0,1,0,148,50,0,0
705,138,50,0,0,0,0,1,0,148,50,0,0
706,138,50,0,0,0,0,1,0,148,50,0,0
707,138,50,0,0,0,0,1,0,148,50,0,0
708,138,50,0,0,0,0,1,0,148,50,0,0
709,138,50,0,0,0,0,1,0,148,50,0,0
710,138,50,0,0,0,0,1,0,148,50,0,0
711,138,50,0,0,0,0,1,0,148,50,0,0
712,138,50,0,0,0,0,1,0,148,50,0,0
713,138,50,0,0,0,0,1,0,148,50,0,0
714,138,50,0,0,0,0,1,0,148,50,0,0
715,138,50,0,0,0,0,1,0,148,50,0,0
716,138,50,0,0,0,0,1,0,148,50,0,0
717,138,50,0,0,0,0,1,0,148,50,0,0
718,138,50,0,0,0,0,1,0,148,50,0,0
719,138,50,0,0,0,0,1,0,148,50,0,0
720,138,50,0,0,0,0,1,0,148,50,0,0
721,138,50,0,0,0,0,1,0,148,50,0,0
722,138,50,0,0,0,0,1,0,148,50,0,0
723,134,50,3,0,0,0,1,0,147,50,0,0
723,134,50,3,0,0,0,0,0,147,50,0,0
724,134,50,3,0,0,0,0,0,147,50,0,0
725,134,50,3,0,0,0,0,0,147,50,0,0
726,134,50,3,0,0,0,0,0,147,50,0,0
727,134,50,3,0,0,0,0,0,147,50,0,0
728,134,50,3,0,0,0,0,0,147,50,0,0
729,134,50,3,0,0,0,0,0,147,50,0,0
730,134,50,3,0,0,0,0,0,147,50,0,0
731,134,50,3,0,0,0,0,0,147,50,0,0
732,134,50,3,0,0,0,0,0,147,50,0,0
733,134,50,3,0,0,0,0,0,147,50,0,0
734,134,50,3,0,0,0,0,0,147,50,0,0
735,134,50,3,0,0,0,0,0,147,50,0,0
736,134,50,3,0,0,0,0,0,147,50,0,0
737,134,50,3,0,0,0,0,0,147,50,0,0
738,134,50,3,0,0,0,0,0,147,50,0,0
739,134,50,3,0,0,0,0,0,147,50,0,0
740,134,50,3,0,0,0,0,0,147,50,0,0
741,134,50,3,0,0,0,0,0,147,50,0,0
742,134,50,3,0,0,0,0,0,147,50,0,0
743,134,50,3,0,0,0,0,0,147,50,0,0
744,134,50,3,0,0,0,0,0,147,50,0,0
745,134,50,3,0,0,0,0,0,147,50,0,0
746,134,50,3,0,0,0,0,0,147,50,0,0
747,134,50,3,0,0,0,0,0,147,50,0,0
748,134,50,3,0,0,0,0,0,147,50,0,0
749,134,50,3,0,0,0,0,0,147,50,0,0
750,134,50,3,0,0,0,0,0,147,50,0,0
751,134,50,3,0,0,0,0,0,147,50,0,0
752,134,50,3,0,0,0,0,0,147,50,0,0
753,134,50,2,0,1,0,0,0,146,50,0,0
753,134,50,2,0,1,0,0,0,146,50,0,0
754,134,50,2,0,1,0,0,0,146,50,0,0
755,134,50,2,0,1,0,0,0,146,50,0,0
756,134,50,2,0,1,0,0,0,146,50,0,0
757,134,50,2,0,1,0,0,0,146,50,0,0
758,134,50,2,0,1,0,0,0,146,50,0,0
759,134,50,2,0,1,0,0,0,146,50,0,0
760,134,50,2,0,1,0,0,0,146,50,0,0
761,134,50,2,0,1,0,0,0,146,50,0,0
762,134,50,2,0,1,0,0,0,146,50,0,0
763,134,50,2,0,1,0,0,0,146,50,0,0
764,134,50,2,0,1,0,0,0,146,50,0,0
765,134,50,2,0,1,0,0,0,146,50,0,0
766,134,50,2,0,1,0,0,0,146,50,0,0
767,134,50,2,0,1,0,0,0,146,50,0,0
768,134,50,2,0,1,0,0,0,146,50,0,0
769,134,50,2,0,1,0,0,0,146,50,0,0
770,134,50,2,0,1,0,0,0,146,50,0,0
771,134,50,2,0,1,0,0,0,146,50,0,0
772,134,50,2,0,1,0,0,0,146,50,0,0
773,134,50,2,0,1,0,0,0,146,50,0,0
774,134,50,2,0,1,0,0,0,146,50,0,0
775,134,50,2,0,1,0,0,0,146,50,0,0
776,134,50,2,0,1,0,0,0,146,50,0,0
777,134,50,2,0,1,0,0,0,146,50,0,0
778,134,50,2,0,1,0,0,0,146,50,0,0
779,134,50,2,0,1,0,0,0,146,50,0,0
780,134,50,2,0,1,0,0,0,146,50,0,0
781,134,50,2,0,1,0,0,0,146,50,0,0
782,134,50,2,0,1,0,0,0,146,50,0,0
783,134,50,1,0,2,0,0,0,146,50,0,0
784,134,50,1,0,2,0,0,0,146,50,0,0
785,134,50,1,0,2,0,0,0,146,50,0,0
786,134,50,1,0,2,0,0,0,146,50,0,0
787,134,50,1,0,2,0,0,0,146,50,0,0
788,134,50,1,0,2,0,0,0,146,50,0,0
789,134,50,1,0,2,0,0,0,146,50,0,0
790,134,50,1,0,2,0,0,0,146,50,0,0
791,134,50,1,0,2,0,0,0,146,50,0,0
792,134,50,1,0,2,0,0,0,146,50,0,0
793,134,50,1,0,2,0,0,0,146,50,0,0
794,134,50,1,0,2,0,0,0,146,50,0,0
795,134,50,1,0,2,0,0,0,146,50,0,0
796,134,50,1,0,2,0,0,0,146,50,0,0
797,134,50,1,0,2,0,0,0,146,50,0,0
798,134,50,1,0,2,0,0,0,146,50,0,0
799,134,50,1,0,2,0,0,0,146,50,0,0
800,134,50,1,0,2,0,0,0,146,50,0,0
801,134,50,1,0,2,0,0,0,146,50,0,0
802,134,50,1,0,2,0,0,0,146,50,0,0
803,134,50,1,0,2,0,0,0,146,50,0,0
804,134,50,1,0,2,0,0,0,146,50,0,0
805,134,50,1,0,2,0,0,0,146,50,0,0
806,134,50,1,0,2,0,0,0,146,50,0,0
807,134,50,1,0,2,0,0,0,146,50,0,0
808,134,50,1,0,2,0,0,0,146,50,0,0
809,134,50,1,0,2,0,0,0,146,50,0,0
810,134,50,1,0,2,0,0,0,146,50,0,0
811,134,50,1,0,2,0,0,0,146,50,0,0
812,134,50,1,0,2,0,0,0,146,50,0,0
813,134,50,0,0,3,0,0,0,146,50,0,0
814,134,50,0,0,3,0,0,0,146,50,0,0
815,134,50,0,0,3,0,0,0,146,50,0,0
816,134,50,0,0,3,0,0,0,146,50,0,0
817,134,50,0,0,3,0,0,0,146,50,0,0
818,134,50,0,0,3,0,0,0,146,50,0,0
819,134,50,0,0,3,0,0,0,146,50,0,0
820,134,50,0,0,3,0,0,0,146,50,0,0
821,134,50,0,0,3,0,0,0,146,50,0,0
822,134,50,0,0,3,0,0,0,146,50,0,0
823,134,50,0,0,3,0,0,0,146,50,0,0
824,134,50,0,0,3,0,0,0,146,50,0,0
825,134,50,0,0,3,0,0,0,146,50,0,0
826,134,50,0,0,3,0,0,0,146,50,0,0
827,134,50,0,0,3,0,0,0,146,50,0,0
828,134,50,0,0,3,0,0,0,146,50,0,0
829,134,50,0,0,3,0,0,0,146,50,0,0
830,134,50,0,0,3,0,0,0,146,50,0,0
831,134,50,0,0,3,0,0,0,146,50,0,0
832,134,50,0,0,3,0,0,0,146,50,0,0
833,134,50,0,0,3,0,0,0,146,50,0,0
834,134,50,0,0,3,0,0,0,146,50,0,0
835,134,50,0,0,3,0,0,0,146,50,0,0
836,134,50,0,0,3,0,0,0,146,50,0,0
837,134,50,0,0,3,0,0,0,146,50,0,0
838,134,50,0,0,3,0,0,0,146,50,0,0
839,134,50,0,0,3,0,0,0,146,50,0,0
840,134,50,0,0,3,0,0,0,146,50,0,0
841,134,50,0,0,3,0,0,0,146,50,0,0
842,134,50,0,0,3,0,0,0,146,50,0,0
843,134,50,0,0,4,0,0,0,146,50,0,0
844,134,50,0,0,4,0,0,0,146,50,0,0
845,134,50,0,0,4,0,0,0,146,50,0,0
846,134,50,0,0,4,0,0,0,146,50,0,0
847,134,50,0,0,4,0,0,0,146,50,0,0
848,134,50,0,0,4,0,0,0,146,50,0,0
849,134,50,0,0,4,0,0,0,146,50,0,0
850,134,50,0,0,4,0,0,0,146,50,0,0
851,134,50,0,0,4,0,0,0,146,50,0,0
852,134,50,0,0,4,0,0,0,146,50,0,0
853,134,50,0,0,4,0,0,0,146,50,0,0
854,134,50,0,0,4,0,0,0,146,50,0,0
855,134,50,0,0,4,0,0,0,146,50,0,0
856,134,50,0,0,4,0,0,0,146,50,0,0
857,134,50,0,0,4,0,0,0,146,50,0,0
858,134,50,0,0,0,0,3,0,146,50,0,0
859,134,50,0,0,0,0,3,0,146,50,0,0
860,134,50,0,0,0,0,3,0,146,50,0,0
861,134,50,0,0,0,0,3,0,146,50,0,0
862,134,50,0,0,0,0,3,0,146,50,0,0
863,134,50,0,0,0,0,3,0,146,50,0,0
864,134,50,0,0,0,0,3,0,146,50,0,0
865,134,50,0,0,0,0,3,0,146,50,0,0
866,134,50,0,0,0,0,3,0,146,50,0,0
867,134,50,0,0,0,0,3,0,146,50,0,0
868,134,50,0,0,0,0,3,0,146,50,0,0
869,134,50,0,0,0,0,3,0,146,50,0,0
870,134,50,0,0,0,0,3,0,146,50,0,0
871,134,50,0,0,0,0,3,0,146,50,0,0
872,134,50,0,0,0,0,3,0,146,50,0,0
873,134,50,0,0,0,0,3,0,146,50,0,0
874,134,50,0,0,0,0,3,0,146,50,0,0
875,134,50,0,0,0,0,3,0,146,50,0,0
876,134,50,0,0,0,0,3,0,146,50,0,0
877,134,50,0,0,0,0,3,0,146,50,0,0
878,134,50,0,0,0,0,3,0,146,50,0,0
879,134,50,0,0,0,0,3,0,146,50,0,0
880,134,50,0,0,0,0,3,0,146,50,0,0
881,134,50,0,0,0,0,3,0,146,50,0,0
882,134,50,0,0,0,0,3,0,146,50,0,0
883,134,50,0,0,0,0,3,0,146,50,0,0
884,134,50,0,0,0,0,3,0,146,50,0,0
885,134,50,0,0,0,0,3,0,146,50,0,0
886,134,50,0,0,0,0,3,0,146,50,0,0
887,134,50,0,0,0,0,3,0,146,50,0,0
888,134,50,0,0,0,0,3,0,145,50,0,0
888,134,50,0,0,0,0,2,0,145,50,0,0
889,134,50,0,0,0,0,2,0,145,50,0,0
890,134,50,0,0,0,0,2,0,145,50,0,0
891,134,50,0,0,0,0,2,0,145,50,0,0
892,134,50,0,0,0,0,2,0,145,50,0,0
893,134,50,0,0,0,0,2,0,145,50,0,0
894,134,50,0,0,0,0,2,0,145,50,0,0
895,134,50,0,0,0,0,2,0,145,50,0,0
896,134,50,0,0,0,0,2,0,145,50,0,0
897,134,50,0,0,0,0,2,0,145,50,0,0
898,134,50,0,0,0,0,2,0,145,50,0,0
899,134,50,0,0,0,0,2,0,145,50,0,0
900,134,50,0,0,0,0,2,0,145,50,0,0
901,134,50,0,0,0,0,2,0,145,50,0,0
902,134,50,0,0,0,0,2,0,145,50,0,0
903,134,50,0,0,0,0,2,0,145,50,0,0
904,134,50,0,0,0,0,2,0,145,50,0,0
905,134,50,0,0,0,0,2,0,145,50,0,0
906,134,50,0,0,0,0,2,0,145,50,0,0
907,134,50,0,0,0,0,2,0,145,50,0,0
908,134,50,0,0,0,0,2,0,145,50,0,0
909,134,50,0,0,0,0,2,0,145,50,0,0
910,134,50,0,0,0,0,2,0,145,50,0,0
911,134,50,0,0,0,0,2,0,145,50,0,0
912,134,50,0,0,0,0,2,0,145,50,0,0
913,134,50,0,0,0,0,2,0,145,50,0,0
914,134,50,0,0,0,0,2,0,145,50,0,0
915,134,50,0,0,0,0,2,0,145,50,0,0
916,134,50,0,0,0,0,2,0,145,50,0,0
917,134,50,0,0,0,0,2,0,145,50,0,0
918,134,50,0,0,0,0,2,0,144,50,0,0
918,134,50,0,0,0,0,1,0,144,50,0,0
919,134,50,0,0,0,0,1,0,144,50,0,0
920,134,50,0,0,0,0,1,0,144,50,0,0
921,134,50,0,0,0,0,1,0,144,50,0,0
922,134,50,0,0,0,0,1,0,144,50,0,0
923,134,50,0,0,0,0,1,0,144,50,0,0
924,134,50,0,0,0,0,1,0,144,50,0,0
925,134,50,0,0,0,0,1,0,144,50,0,0
926,134,50,0,0,0,0,1,0,144,50,0,0
927,134,50,0,0,0,0,1,0,144,50,0,0
928,134,50,0,0,0,0,1,0,144,50,0,0
929,134,50,0,0,0,0,1,0,144,50,0,0
930,134,50,0,0,0,0,1,0,144,50,0,0
931,134,50,0,0,0,0,1,0,144,50,0,0
932,134,50,0,0,0,0,1,0,144,50,0,0
933,134,50,0,0,0,0,1,0,144,50,0,0
934,134,50,0,0,0,0,1,0,144,50,0,0
935,134,50,0,0,0,0,1,0,144,50,0,0
936,134,50,0,0,0,0,1,0,144,50,0,0
937,134,50,0,0,0,0,1,0,144,50,0,0
938,134,50,0,0,0,0,1,0,144,50,0,0
939,134,50,0,0,0,0,1,0,144,50,0,0
940,134,50,0,0,0,0,1,0,144,50,0,0
941,134,50,0,0,0,0,1,0,144,50,0,0
942,134,50,0,0,0,0,1,0,144,50,0,0
943,134,50,0,0,0,0,1,0,144,50,0,0
944,134,50,0,0,0,0,1,0,144,50,0,0
945,134,50,0,0,0,0,1,0,144,50,0,0
946,134,50,0,0,0,0,1,0,144,50,0,0
947,134,50,0,0,0,0,1,0,144,50,0,0
948,134,50,0,0,0,0,1,0,143,50,0,0
948,134,50,0,0,0,0,0,0,143,50,0,0
949,134,50,0,0,0,0,0,0,143,50,0,0
950,134,50,0,0,0,0,0,0,143,50,0,0
951,134,50,0,0,0,0,0,0,143,50,0,0
952,134,50,0,0,0,0,0,0,143,50,0,0
953,134,50,0,0,0,0,0,0,143,50,0,0
954,134,50,0,0,0,0,0,0,143,50,0,0
955,134,50,0,0,0,0,0,0,143,50,0,0
956,134,50,0,0,0,0,0,0,143,50,0,0
957,134,50,0,0,0,0,0,0,143,50,0,0
958,134,50,0,0,0,0,0,0,143,50,0,0
959,134,50,0,0,0,0,0,0,143,50,0,0
960,134,50,0,0,0,0,0,0,143,50,0,0
961,134,50,0,0,0,0,0,0,143,50,0,0
962,134,50,0,0,0,0,0,0,143,50,0,0
963,130,50,3,0,0,0,0,0,143,50,0,0
964,130,50,3,0,0,0,0,0,143,50,0,0
965,130,50,3,0,0,0,0,0,143,50,0,0
966,130,50,3,0,0,0,0,0,143,50,0,0
967,130,50,3,0,0,0,0,0,143,50,0,0
968,130,50,3,0,0,0,0,0,143,50,0,0
969,130,50,3,0,0,0,0,0,143,50,0,0
970,130,50,3,0,0,0,0,0,143,50,0,0
971,130,50,3,0,0,0,0,0,143,50,0,0
972,130,50,3,0,0,0,0,0,143,50,0,0
973,130,50,3,0,0,0,0,0,143,50,0,0
974,130,50,3,0,0,0,0,0,143,50,0,0
975,130,50,3,0,0,0,0,0,143,50,0,0
976,130,50,3,0,0,0,0,0,143,50,0,0
977,130,50,3,0,0,0,0,0,143,50,0,0
978,130,50,3,0,0,0,0,0,142,50,0,0
978,130,50,3,0,0,0,0,0,142,50,0,0
979,130,50,3,0,0,0,0,0,142,50,0,0
980,130,50,3,0,0,0,0,0,142,50,0,0
981,130,50,3,0,0,0,0,0,142,50,0,0
982,130,50,3,0,0,0,0,0,142,50,0,0
983,130,50,3,0,0,0,0,0,142,50,0,0
984,130,50,3,0,0,0,0,0,142,50,0,0
985,130,50,3,0,0,0,0,0,142,50,0,0
986,130,50,3,0,0,0,0,0,142,50,0,0
987,130,50,3,0,0,0,0,0,142,50,0,0
988,130,50,3,0,0,0,0,0,142,50,0,0
989,130,50,3,0,0,0,0,0,142,50,0,0
990,130,50,3,0,0,0,0,0,142,50,0,0
991,130,50,3,0,0,0,0,0,142,50,0,0
992,130,50,3,0,0,0,0,0,142,50,0,0
993,130,50,2,0,1,0,0,0,142,50,0,0
994,130,50,2,0,1,0,0,0,142,50,0,0
995,130,50,2,0,1,0,0,0,142,50,0,0
996,130,50,2,0,1,0,0,0,142,50,0,0
997,130,50,2,0,1,0,0,0,142,50,0,0
998,130,50,2,0,1,0,0,0,142,50,0,0
999,130,50,2,0,1,0,0,0,142,50,0,0
1000,130,50,2,0,1,0,0,0,142,50,0,0
1001,130,50,2,0,1,0,0,0,142,50,0,0
1002,130,50,2,0,1,0,0,0,142,50,0,0
1003,130,50,2,0,1,0,0,0,142,50,0,0
1004,130,50,2,0,1,0,0,0,142,50,0,0
1005,130,50,2,0,1,0,0,0,142,50,0,0
1006,130,50,2,0,1,0,0,0,142,50,0,0
1007,130,50,2,0,1,0,0,0,142,50,0,0
1008,130,50,2,0,1,0,0,0,142,50,0,0
1009,130,50,2,0,1,0,0,0,142,50,0,0
1010,130,50,2,0,1,0,0,0,142,50,0,0
1011,130,50,2,0,1,0,0,0,142,50,0,0
1012,130,50,2,0,1,0,0,0,142,50,0,0
1013,130,50,2,0,1,0,0,0,142,50,0,0
1014,130,50,2,0,1,0,0,0,142,50,0,0
1015,130,50,2,0,1,0,0,0,142,50,0,0
1016,130,50,2,0,1,0,0,0,142,50,0,0
1017,130,50,2,0,1,0,0,0,142,50,0,0
1018,130,50,2,0,1,0,0,0,142,50,0,0
1019,130,50,2,0,1,0,0,0,142,50,0,0
1020,130,50,2,0,1,0,0,0,142,50,0,0
1021,130,50,2,0,1,0,0,0,142,50,0,0
1022,130,50,2,0,1,0,0,0,142,50,0,0
1023,130,50,1,0,2,0,0,0,142,50,0,0
1024,130,50,1,0,2,0,0,0,142,50,0,0
1025,130,50,1,0,2,0,0,0,142,50,0,0
1026,130,50,1,0,2,0,0,0,142,50,0,0
1027,130,50,1,0,2,0,0,0,142,50,0,0
1028,130,50,1,0,2,0,0,0,142,50,0,0
1029,130,50,1,0,2,0,0,0,142,50,0,0
1030,130,50,1,0,2,0,0,0,142,50,0,0
1031,130,50,1,0,2,0,0,0,142,50,0,0
1032,130,50,1,0,2,0,0,0,142,50,0,0
1033,130,50,1,0,2,0,0,0,142,50,0,0
1034,130,50,1,0,2,0,0,0,142,50,0,0
1035,130,50,1,0,2,0,0,0,142,50,0,0
1036,130,50,1,0,2,0,0,0,142,50,0,0
1037,130,50,1,0,2,0,0,0,142,50,0,0
1038,130,50,1,0,2,0,0,0,142,50,0,0
1039,130,50,1,0,2,0,0,0,142,50,0,0
1040,130,50,1,0,2,0,0,0,142,50,0,0
1041,130,50,1,0,2,0,0,0,142,50,0,0
1042,130,50,1,0,2,0,0,0,142,50,0,0
1043,130,50,1,0,2,0,0,0,142,50,0,0
1044,130,50,1,0,2,0,0,0,142,50,0,0
1045,130,50,1,0,2,0,0,0,142,50,0,0
1046,130,50,1,0,2,0,0,0,142,50,0,0
1047,130,50,1,0,2,0,0,0,142,50,0,0
1048,130,50,1,0,2,0,0,0,142,50,0,0
1049,130,50,1,0,2,0,0,0,142,50,0,0
1050,130,50,1,0,2,0,0,0,142,50,0,0
1051,130,50,1,0,2,0,0,0,142,50,0,0
1052,130,50,1,0,2,0,0,0,142,50,0,0
1053,130,50,0,0,3,0,0,0,142,50,0,0
1054,130,50,0,0,3,0,0,0,142,50,0,0
1055,130,50,0,0,3,0,0,0,142,50,0,0
1056,130,50,0,0,3,0,0,0,142,50,0,0
1057,130,50,0,0,3,0,0,0,142,50,0,0
1058,130,50,0,0,3,0,0,0,142,50,0,0
1059,130,50,0,0,3,0,0,0,142,50,0,0
1060,130,50,0,0,3,0,0,0,142,50,0,0
1061,130,50,0,0,3,0,0,0,142,50,0,0
1062,130,50,0,0,3,0,0,0,142,50,0,0
1063,130,50,0,0,3,0,0,0,142,50,0,0
1064,130,50,0,0,3,0,0,0,142,50,0,0
1065,130,50,0,0,3,0,0,0,142,50,0,0
1066,130,50,0,0,3,0,0,0,142,50,0,0
1067,130,50,0,0,3,0,0,0,142,50,0,0
1068,130,50,0,0,3,0,0,0,142,50,0,0
1069,130,50,0,0,3,0,0,0,142,50,0,0
1070,130,50,0,0,3,0,0,0,142,50,0,0
1071,130,50,0,0,3,0,0,0,142,50,0,0
1072,130,50,0,0,3,0,0,0,142,50,0,0
1073,130,50,0,0,3,0,0,0,142,50,0,0
1074,130,50,0,0,3,0,0,0,142,50,0,0
1075,130,50,0,0,3,0,0,0,142,50,0,0
1076,130,50,0,0,3,0,0,0,142,50,0,0
1077,130,50,0,0,3,0,0,0,142,50,0,0
1078,130,50,0,0,3,0,0,0,142,50,0,0
1079,130,50,0,0,3,0,0,0,142,50,0,0
1080,130,50,0,0,3,0,0,0,142,50,0,0
1081,130,50,0,0,3,0,0,0,142,50,0,0
1082,130,50,0,0,3,0,0,0,142,50,0,0
1083,130,50,0,0,4,0,0,0,142,50,0,0
1084,130,50,0,0,4,0,0,0,142,50,0,0
1085,130,50,0,0,4,0,0,0,142,50,0,0
1086,130,50,0,0,4,0,0,0,142,50,0,0
1087,130,50,0,0,4,0,0,0,142,50,0,0
1088,130,50,0,0,4,0,0,0,142,50,0,0
1089,130,50,0,0,4,0,0,0,142,50,0,0
1090,130,50,0,0,4,0,0,0,142,50,0,0
1091,130,50,0,0,4,0,0,0,142,50,0,0
1092,130,50,0,0,4,0,0,0,142,50,0,0
1093,130,50,0,0,4,0,0,0,142,50,0,0
1094,130,50,0,0,4,0,0,0,142,50,0,0
1095,130,50,0,0,4,0,0,0,142,50,0,0
1096,130,50,0,0,4,0,0,0,142,50,0,0
1097,130,50,0,0,4,0,0,0,142,50,0,0
1098,130,50,0,0,0,0,3,0,142,50,0,0
1099,130,50,0,0,0,0,3,0,142,50,0,0
1100,130,50,0,0,0,0,3,0,142,50,0,0
1101,130,50,0,0,0,0,3,0,142,50,0,0
1102,130,50,0,0,0,0,3,0,142,50,0,0
1103,130,50,0,0,0,0,3,0,142,50,0,0
1104,130,50,0,0,0,0,3,0,142,50,0,0
1105,130,50,0,0,0,0,3,0,142,50,0,0
1106,130,50,0,0,0,0,3,0,142,50,0,0
1107,130,50,0,0,0,0,3,0,142,50,0,0
1108,130,50,0,0,0,0,3,0,142,50,0,0
1109,130,50,0,0,0,0,3,0,142,50,0,0
1110,130,50,0,0,0,0,3,0,142,50,0,0
1111,130,50,0,0,0,0,3,0,142,50,0,0
1112,130,50,0,0,0,0,3,0,142,50,0,0
1113,130,50,0,0,0,0,3,0,142,50,0,0
1114,130,50,0,0,0,0,3,0,142,50,0,0
1115,130,50,0,0,0,0,3,0,142,50,0,0
1116,130,50,0,0,0,0,3,0,142,50,0,0
1117,130,50,0,0,0,0,3,0,142,50,0,0
1118,130,50,0,0,0,0,3,0,142,50,0,0
1119,130,50,0,0,0,0,3,0,142,50,0,0
1120,130,50,0,0,0,0,3,0,142,50,0,0
1121,130,50,0,0,0,0,3,0,142,50,0,0
1122,130,50,0,0,0,0,3,0,142,50,0,0
1123,130,50,0,0,0,0,3,0,142,50,0,0
1124,130,50,0,0,0,0,3,0,142,50,0,0
1125,130,50,0,0,0,0,3,0,142,50,0,0
1126,130,50,0,0,0,0,3,0,142,50,0,0
1127,130,50,0,0,0,0,3,0,142,50,0,0
1128,130,50,0,0,0,0,3,0,141,50,0,0
1128,130,50,0,0,0,0,2,0,141,50,0,0
1129,130,50,0,0,0,0,2,0,141,50,0,0
1130,130,50,0,0,0,0,2,0,141,50,0,0
1131,130,50,0,0,0,0,2,0,141,50,0,0
1132,130,50,0,0,0,0,2,0,141,50,0,0
1133,130,50,0,0,0,0,2,0,141,50,0,0
1134,130,50,0,0,0,0,2,0,141,50,0,0
1135,130,50,0,0,0,0,2,0,141,50,0,0
1136,130,50,0,0,0,0,2,0,141,50,0,0
1137,130,50,0,0,0,0,2,0,141,50,0,0
1138,130,50,0,0,0,0,2,0,141,50,0,0
1139,130,50,0,0,0,0,2,0,141,50,0,0
1140,130,50,0,0,0,0,2,0,141,50,0,0
1141,130,50,0,0,0,0,2,0,141,50,0,0
1142,130,50,0,0,0,0,2,0,141,50,0,0
1143,130,50,0,0,0,0,2,0,141,50,0,0
1144,130,50,0,0,0,0,2,0,141,50,0,0
1145,130,50,0,0,0,0,2,0,141,50,0,0
1146,130,50,0,0,0,0,2,0,141,50,0,0
1147,130,50,0,0,0,0,2,0,141,50,0,0
1148,130,50,0,0,0,0,2,0,141,50,0,0
1149,130,50,0,0,0,0,2,0,141,50,0,0
1150,130,50,0,0,0,0,2,0,141,50,0,0
1151,130,50,0,0,0,0,2,0,141,50,0,0
1152,130,50,0,0,0,0,2,0,141,50,0,0
1153,130,50,0,0,0,0,2,0,141,50,0,0
1154,130,50,0,0,0,0,2,0,141,50,0,0
1155,130,50,0,0,0,0,2,0,141,50,0,0
1156,130,50,0,0,0,0,2,0,141,50,0,0
1157,130,50,0,0,0,0,2,0,141,50,0,0
1158,130,50,0,0,0,0,2,0,140,50,0,0
1158,130,50,0,0,0,0,1,0,140,50,0,0
1159,130,50,0,0,0,0,1,0,140,50,0,0
1160,130,50,0,0,0,0,1,0,140,50,0,0
1161,130,50,0,0,0,0,1,0,140,50,0,0
1162,130,50,0,0,0,0,1,0,140,50,0,0
1163,130,50,0,0,0,0,1,0,140,50,0,0
1164,130,50,0,0,0,0,1,0,140,50,0,0
1165,130,50,0,0,0,0,1,0,140,50,0,0
1166,130,50,0,0,0,0,1,0,140,50,0,0
1167,130,50,0,0,0,0,1,0,140,50,0,0
1168,130,50,0,0,0,0,1,0,140,50,0,0
1169,130,50,0,0,0,0,1,0,140,50,0,0
1170,130,50,0,0,0,0,1,0,140,50,0,0
1171,130,50,0,0,0,0,1,0,140,50,0,0
1172,130,50,0,0,0,0,1,0,140,50,0,0
1173,130,50,0,0,0,0,1,0,140,50,0,0
1174,130,50,0,0,0,0,1,0,140,50,0,0
1175,130,50,0,0,0,0,1,0,140,50,0,0
1176,130,50,0,0,0,0,1,0,140,50,0,0
1177,130,50,0,0,0,0,1,0,140,50,0,0
1178,130,50,0,0,0,0,1,0,140,50,0,0
1179,130,50,0,0,0,0,1,0,140,50,0,0
1180,130,50,0,0,0,0,1,0,140,50,0,0
1181,130,50,0,0,0,0,1,0,140,50,0,0
1182,130,50,0,0,0,0,1,0,140,50,0,0
1183,130,50,0,0,0,0,1,0,140,50,0,0
1184,130,50,0,0,0,0,1,0,140,50,0,0
1185,130,50,0,0,0,0,1,0,140,50,0,0
1186,130,50,0,0,0,0,1,0,140,50,0,0
1187,130,50,0,0,0,0,1,0,140,50,0,0
1188,130,50,0,0,0,0,1,0,139,50,0,0
1188,130,50,0,0,0,0,0,0,139,50,0,0
1189,130,50,0,0,0,0,0,0,139,50,0,0
1190,130,50,0,0,0,0,0,0,139,50,0,0
1191,130,50,0,0,0,0,0,0,139,50,0,0
1192,130,50,0,0,0,0,0,0,139,50,0,0
1193,130,50,0,0,0,0,0,0,139,50,0,0
1194,130,50,0,0,0,0,0,0,139,50,0,0
1195,130,50,0,0,0,0,0,0,139,50,0,0
1196,130,50,0,0,0,0,0,0,139,50,0,0
1197,130,50,0,0,0,0,0,0,139,50,0,0
1198,130,50,0,0,0,0,0,0,139,50,0,0
1199,130,50,0,0,0,0,0,0,139,50,0,0
1200,130,50,0,0,0,0,0,0,139,50,0,0
1201,130,50,0,0,0,0,0,0,139,50,0,0
1202,130,50,0,0,0,0,0,0,139,50,0,0
1203,126,50,3,0,0,0,0,0,139,50,0,0
1204,126,50,3,0,0,0,0,0,139,50,0,0
1205,126,50,3,0,0,0,0,0,139,50,0,0
1206,126,50,3,0,0,0,0,0,139,50,0,0
1207,126,50,3,0,0,0,0,0,139,50,0,0
1208,126,50,3,0,0,0,0,0,139,50,0,0
1209,126,50,3,0,0,0,0,0,139,50,0,0
1210,126,50,3,0,0,0,0,0,139,50,0,0
1211,126,50,3,0,0,0,0,0,139,50,0,0
1212,126,50,3,0,0,0,0,0,139,50,0,0
1213,126,50,3,0,0,0,0,0,139,50,0,0
1214,126,50,3,0,0,0,0,0,139,50,0,0
1215,126,50,3,0,0,0,0,0,139,50,0,0
1216,126,50,3,0,0,0,0,0,139,50,0,0
1217,126,50,3,0,0,0,0,0,139,50,0,0
1218,126,50,3,0,0,0,0,0,138,50,0,0
1218,126,50,3,0,0,0,0,0,138,50,0,0
1219,126,50,3,0,0,0,0,0,138,50,0,0
1220,126,50,3,0,0,0,0,0,138,50,0,0
1221,126,50,3,0,0,0,0,0,138,50,0,0
1222,126,50,3,0,0,0,0,0,138,50,0,0
1223,126,50,3,0,0,0,0,0,138,50,0,0
1224,126,50,3,0,0,0,0,0,138,50,0,0
1225,126,50,3,0,0,0,0,0,138,50,0,0
1226,126,50,3,0,0,0,0,0,138,50,0,0
1227,126,50,3,0,0,0,0,0,138,50,0,0
1228,126,50,3,0,0,0,0,0,138,50,0,0
1229,126,50,3,0,0,0,0,0,138,50,0,0
1230,126,50,3,0,0,0,0,0,138,50,0,0
1231,126,50,3,0,0,0,0,0,138,50,0,0
1232,126,50,3,0,0,0,0,0,138,50,0,0
1233,126,50,2,0,1,0,0,0,138,50,0,0
1234,126,50,2,0,1,0,0,0,138,50,0,0
1235,126,50,2,0,1,0,0,0,138,50,0,0
1236,126,50,2,0,1,0,0,0,138,50,0,0
1237,126,50,2,0,1,0,0,0,138,50,0,0
1238,126,50,2,0,1,0,0,0,138,50,0,0
1239,126,50,2,0,1,0,0,0,138,50,0,0
1240,126,50,2,0,1,0,0,0,138,50,0,0
1241,126,50,2,0,1,0,0,0,138,50,0,0
1242,126,50,2,0,1,0,0,0,138,50,0,0
1243,126,50,2,0,1,0,0,0,138,50,0,0
1244,126,50,2,0,1,0,0,0,138,50,0,0
1245,126,50,2,0,1,0,0,0,138,50,0,0
1246,126,50,2,0,1,0,0,0,138,50,0,0
1247,126,50,2,0,1,0,0,0,138,50,0,0
1248,126,50,2,0,1,0,0,0,138,50,0,0
1249,126,50,2,0,1,0,0,0,138,50,0,0
1250,126,50,2,0,1,0,0,0,138,50,0,0
1251,126,50,2,0,1,0,0,0,138,50,0,0
1252,126,50,2,0,1,0,0,0,138,50,0,0
1253,126,50,2,0,1,0,0,0,138,50,0,0
1254,126,50,2,0,1,0,0,0,138,50,0,0
1255,126,50,2,0,1,0,0,0,138,50,0,0
1256,126,50,2,0,1,0,0,0,138,50,0,0
1257,126,50,2,0,1,0,0,0,138,50,0,0
1258,126,50,2,0,1,0,0,0,138,50,0,0
1259,126,50,2,0,1,0,0,0,138,50,0,0
1260,126,50,2,0,1,0,0,0,138,50,0,0
1261,126,50,2,0,1,0,0,0,138,50,0,0
1262,126,50,2,0,1,0,0,0,138,50,0,0
1263,126,50,1,0,2,0,0,0,138,50,0,0
1264,126,50,1,0,2,0,0,0,138,50,0,0
1265,126,50,1,0,2,0,0,0,138,50,0,0
1266,126,50,1,0,2,0,0,0,138,50,0,0
1267,126,50,1,0,2,0,0,0,138,50,0,0
1268,126,50,1,0,2,0,0,0,138,50,0,0
1269,126,50,1,0,2,0,0,0,138,50,0,0
1270,126,50,1,0,2,0,0,0,138,50,0,0
1271,126,50,1,0,2,0,0,0,138,50,0,0
1272,126,50,1,0,2,0,0,0,138,50,0,0
1273,126,50,1,0,2,0,0,0,138,50,0,0
1274,126,50,1,0,2,0,0,0,138,50,0,0
1275,126,50,1,0,2,0,0,0,138,50,0,0
1276,126,50,1,0,2,0,0,0,138,50,0,0
1277,126,50,1,0,2,0,0,0,138,50,0,0
1278,126,50,1,0,2,0,0,0,138,50,0,0
1279,126,50,1,0,2,0,0,0,138,50,0,0
1280,126,50,1,0,2,0,0,0,138,50,0,0
1281,126,50,1,0,2,0,0,0,138,50,0,0
1282,126,50,1,0,2,0,0,0,138,50,0,0
1283,126,50,1,0,2,0,0,0,138,50,0,0
1284,126,50,1,0,2,0,0,0,138,50,0,0
1285,126,50,1,0,2,0,0,0,138,50,0,0
1286,126,50,1,0,2,0,0,0,138,50,0,0
1287,126,50,1,0,2,0,0,0,138,50,0,0
1288,126,50,1,0,2,0,0,0,138,50,0,0
1289,126,50,1,0,2,0,0,0,138,50,0,0
1290,126,50,1,0,2,0,0,0,138,50,0,0
1291,126,50,1,0,2,0,0,0,138,50,0,0
1292,126,50,1,0,2,0,0,0,138,50,0,0
1293,126,50,0,0,3,0,0,0,138,50,0,0
1294,126,50,0,0,3,0,0,0,138,50,0,0
1295,126,50,0,0,3,0,0,0,138,50,0,0
1296,126,50,0,0,3,0,0,0,138,50,0,0
1297,126,50,0,0,3,0,0,0,138,50,0,0
1298,126,50,0,0,3,0,0,0,138,50,0,0
1299,126,50,0,0,3,0,0,0,138,50,0,0
1300,126,50,0,0,3,0,0,0,138,50,0,0
1301,126,50,0,0,3,0,0,0,138,50,0,0
1302,126,50,0,0,3,0,0,0,138,50,0,0
1303,126,50,0,0,3,0,0,0,138,50,0,0
1304,126,50,0,0,3,0,0,0,138,50,0,0
1305,126,50,0,0,3,0,0,0,138,50,0,0
1306,126,50,0,0,3,0,0,0,138,50,0,0
1307,126,50,0,0,3,0,0,0,138,50,0,0
1308,126,50,0,0,3,0,0,0,138,50,0,0
1309,126,50,0,0,3,0,0,0,138,50,0,0
1310,126,50,0,0,3,0,0,0,138,50,0,0
1311,126,50,0,0,3,0,0,0,138,50,0,0
1312,126,50,0,0,3,0,0,0,138,50,0,0
1313,126,50,0,0,3,0,0,0,138,50,0,0
1314,126,50,0,0,3,0,0,0,138,50,0,0
1315,126,50,0,0,3,0,0,0,138,50,0,0
1316,126,50,0,0,3,0,0,0,138,50,0,0
1317,126,50,0,0,3,0,0,0,138,50,0,0
1318,126,50,0,0,3,0,0,0,138,50,0,0
1319,126,50,0,0,3,0,0,0,138,50,0,0
1320,126,50,0,0,3,0,0,0,138,50,0,0
1321,126,50,0,0,3,0,0,0,138,50,0,0
1322,126,50,0,0,3,0,0,0,138,50,0,0
1323,126,50,0,0,4,0,0,0,138,50,0,0
1324,126,50,0,0,4,0,0,0,138,50,0,0
1325,126,50,0,0,4,0,0,0,138,50,0,0
1326,126,50,0,0,4,0,0,0,138,50,0,0
1327,126,50,0,0,4,0,0,0,138,50,0,0
1328,126,50,0,0,4,0,0,0,138,50,0,0
1329,126,50,0,0,4,0,0,0,138,50,0,0
1330,126,50,0,0,4,0,0,0,138,50,0,0
1331,126,50,0,0,4,0,0,0,138,50,0,0
1332,126,50,0,0,4,0,0,0,138,50,0,0
1333,126,50,0,0,4,0,0,0,138,50,0,0
1334,126,50,0,0,4,0,0,0,138,50,0,0
1335,126,50,0,0,4,0,0,0,138,50,0,0
1336,126,50,0,0,4,0,0,0,138,50,0,0
1337,126,50,0,0,4,0,0,0,138,50,0,0
1338,126,50,0,0,0,0,3,0,138,50,0,0
1339,126,50,0,0,0,0,3,0,138,50,0,0
1340,126,50,0,0,0,0,3,0,138,50,0,0
1341,126,50,0,0,0,0,3,0,138,50,0,0
1342,126,50,0,0,0,0,3,0,138,50,0,0
1343,126,50,0,0,0,0,3,0,138,50,0,0
1344,126,50,0,0,0,0,3,0,138,50,0,0
1345,126,50,0,0,0,0,3,0,138,50,0,0
1346,126,50,0,0,0,0,3,0,138,50,0,0
1347,126,50,0,0,0,0,3,0,138,50,0,0
1348,126,50,0,0,0,0,3,0,138,50,0,0
1349,126,50,0,0,0,0,3,0,138,50,0,0
1350,126,50,0,0,0,0,3,0,138,50,0,0
1351,126,50,0,0,0,0,3,0,138,50,0,0
1352,126,50,0,0,0,0,3,0,138,50,0,0
1353,126,50,0,0,0,0,3,0,138,50,0,0
1354,126,50,0,0,0,0,3,0,138,50,0,0
1355,126,50,0,0,0,0,3,0,138,50,0,0
1356,126,50,0,0,0,0,3,0,138,50,0,0
1357,126,50,0,0,0,0,3,0,138,50,0,0
1358,126,50,0,0,0,0,3,0,138,50,0,0
1359,126,50,0,0,0,0,3,0,138,50,0,0
1360,126,50,0,0,0,0,3,0,138,50,0,0
1361,126,50,0,0,0,0,3,0,138,50,0,0
1362,126,50,0,0,0,0,3,0,138,50,0,0
1363,126,50,0,0,0,0,3,0,138,50,0,0
1364,126,50,0,0,0,0,3,0,138,50,0,0
1365,126,50,0,0,0,0,3,0,138,50,0,0
1366,126,50,0,0,0,0,3,0,138,50,0,0
1367,126,50,0,0,0,0,3,0,138,50,0,0
1368,126,50,0,0,0,0,3,0,137,50,0,0
1368,126,50,0,0,0,0,2,0,137,50,0,0
1369,126,50,0,0,0,0,2,0,137,50,0,0
1370,126,50,0,0,0,0,2,0,137,50,0,0
1371,126,50,0,0,0,0,2,0,137,50,0,0
1372,126,50,0,0,0,0,2,0,137,50,0,0
1373,126,50,0,0,0,0,2,0,137,50,0,0
1374,126,50,0,0,0,0,2,0,137,50,0,0
1375,126,50,0,0,0,0,2,0,137,50,0,0
1376,126,50,0,0,0,0,2,0,137,50,0,0
1377,126,50,0,0,0,0,2,0,137,50,0,0
1378,126,50,0,0,0,0,2,0,137,50,0,0
1379,126,50,0,0,0,0,2,0,137,50,0,0
1380,126,50,0,0,0,0,2,0,137,50,0,0
1381,126,50,0,0,0,0,2,0,137,50,0,0
1382,126,50,0,0,0,0,2,0,137,50,0,0
1383,126,50,0,0,0,0,2,0,137,50,0,0
1384,126,50,0,0,0,0,2,0,137,50,0,0
1385,126,50,0,0,0,0,2,0,137,50,0,0
1386,126,50,0,0,0,0,2,0,137,50,0,0
1387,126,50,0,0,0,0,2,0,137,50,0,0
1388,126,50,0,0,0,0,2,0,137,50,0,0
1389,126,50,0,0,0,0,2,0,137,50,0,0
1390,126,50,0,0,0,0,2,0,137,50,0,0
1391,126,50,0,0,0,0,2,0,137,50,0,0
1392,126,50,0,0,0,0,2,0,137,50,0,0
1393,126,50,0,0,0,0,2,0,137,50,0,0
1394,126,50,0,0,0,0,2,0,137,50,0,0
1395,126,50,0,0,0,0,2,0,137,50,0,0
1396,126,50,0,0,0,0,2,0,137,50,0,0
1397,126,50,0,0,0,0,2,0,137,50,0,0
1398,126,50,0,0,0,0,2,0,136,50,0,0
1398,126,50,0,0,0,0,1,0,136,50,0,0
1399,126,50,0,0,0,0,1,0,136,50,0,0
1400,126,50,0,0,0,0,1,0,136,50,0,0
1401,126,50,0,0,0,0,1,0,136,50,0,0
1402,126,50,0,0,0,0,1,0,136,50,0,0
1403,126,50,0,0,0,0,1,0,136,50,0,0
1404,126,50,0,0,0,0,1,0,136,50,0,0
1405,126,50,0,0,0,0,1,0,136,50,0,0
1406,126,50,0,0,0,0,1,0,136,50,0,0
1407,126,50,0,0,0,0,1,0,136,50,0,0
1408,126,50,0,0,0,0,1,0,136,50,0,0
1409,126,50,0,0,0,0,1,0,136,50,0,0
1410,126,50,0,0,0,0,1,0,136,50,0,0
1411,126,50,0,0,0,0,1,0,136,50,0,0
1412,126,50,0,0,0,0,1,0,136,50,0,0
1413,126,50,0,0,0,0,1,0,136,50,0,0
1414,126,50,0,0,0,0,1,0,136,50,0,0
1415,126,50,0,0,0,0,1,0,136,50,0,0
1416,126,50,0,0,0,0,1,0,136,50,0,0
1417,126,50,0,0,0,0,1,0,136,50,0,0
1418,126,50,0,0,0,0,1,0,136,50,0,0
1419,126,50,0,0,0,0,1,0,136,50,0,0
1420,126,50,0,0,0,0,1,0,136,50,0,0
1421,126,50,0,0,0,0,1,0,136,50,0,0
1422,126,50,0,0,0,0,1,0,136,50,0,0
1423,126,50,0,0,0,0,1,0,136,50,0,0
1424,126,50,0,0,0,0,1,0,136,50,0,0
1425,126,50,0,0,0,0,1,0,136,50,0,0
1426,126,50,0,0,0,0,1,0,136,50,0,0
1427,126,50,0,0,0,0,1,0,136,50,0,0
1428,126,50,0,0,0,0,1,0,135,50,0,0
1428,126,50,0,0,0,0,0,0,135,50,0,0
1429,126,50,0,0,0,0,0,0,135,50,0,0
1430,126,50,0,0,0,0,0,0,135,50,0,0
1431,126,50,0,0,0,0,0,0,135,50,0,0
1432,126,50,0,0,0,0,0,0,135,50,0,0
1433,126,50,0,0,0,0,0,0,135,50,0,0
1434,126,50,0,0,0,0,0,0,135,50,0,0
1435,126,50,0,0,0,0,0,0,135,50,0,0
1436,126,50,0,0,0,0,0,0,135,50,0,0
1437,126,50,0,0,0,0,0,0,135,50,0,0
1438,126,50,0,0,0,0,0,0,135,50,0,0
1439,126,50,0,0,0,0,0,0,135,50,0,0
1440,126,50,0,0,0,0,0,0,135,50,0,0
1441,126,50,0,0,0,0,0,0,135,50,0,0
1442,126,50,0,0,0,0,0,0,135,50,0,0
1443,122,50,3,0,0,0,0,0,135,50,0,0
1444,122,50,3,0,0,0,0,0,135,50,0,0
1445,122,50,3,0,0,0,0,0,135,50,0,0
1446,122,50,3,0,0,0,0,0,135,50,0,0
1447,122,50,3,0,0,0,0,0,135,50,0,0
1448,122,50,3,0,0,0,0,0,135,50,0,0
1449,122,50,3,0,0,0,0,0,135,50,0,0
1450,122,50,3,0,0,0,0,0,135,50,0,0
1451,122,50,3,0,0,0,0,0,135,50,0,0
1452,122,50,3,0,0,0,0,0,135,50,0,0
1453,122,50,3,0,0,0,0,0,135,50,0,0
1454,122,50,3,0,0,0,0,0,135,50,0,0
1455,122,50,3,0,0,0,0,0,135,50,0,0
1456,122,50,3,0,0,0,0,0,135,50,0,0
1457,122,50,3,0,0,0,0,0,135,50,0,0
1458,122,50,3,0,0,0,0,0,134,50,0,0
1458,122,50,3,0,0,0,0,0,134,50,0,0
1459,122,50,3,0,0,0,0,0,134,50,0,0
1460,122,50,3,0,0,0,0,0,134,50,0,0
1461,122,50,3,0,0,0,0,0,134,50,0,0
1462,122,50,3,0,0,0,0,0,134,50,0,0
1463,122,50,3,0,0,0,0,0,134,50,0,0
1464,122,50,3,0,0,0,0,0,134,50,0,0
1465,122,50,3,0,0,0,0,0,134,50,0,0
1466,122,50,3,0,0,0,0,0,134,50,0,0
1467,122,50,3,0,0,0,0,0,134,50,0,0
1468,122,50,3,0,0,0,0,0,134,50,0,0
1469,122,50,3,0,0,0,0,0,134,50,0,0
1470,122,50,3,0,0,0,0,0,134,50,0,0
1471,122,50,3,0,0,0,0,0,134,50,0,0
1472,122,50,3,0,0,0,0,0,134,50,0,0
1473,122,50,2,0,1,0,0,0,134,50,0,0
1474,122,50,2,0,1,0,0,0,134,50,0,0
1475,122,50,2,0,1,0,0,0,134,50,0,0
1476,122,50,2,0,1,0,0,0,134,50,0,0
1477,122,50,2,0,1,0,0,0,134,50,0,0
1478,122,50,2,0,1,0,0,0,134,50,0,0
1479,122,50,2,0,1,0,0,0,134,50,0,0
1480,122,50,2,0,1,0,0,0,134,50,0,0
1481,122,50,2,0,1,0,0,0,134,50,0,0
1482,122,50,2,0,1,0,0,0,134,50,0,0
1483,122,50,2,0,1,0,0,0,134,50,0,0
1484,122,50,2,0,1,0,0,0,134,50,0,0
1485,122,50,2,0,1,0,0,0,134,50,0,0
1486,122,50,2,0,1,0,0,0,134,50,0,0
1487,122,50,2,0,1,0,0,0,134,50,0,0
1488,122,50,2,0,1,0,0,0,134,50,0,0
1489,122,50,2,0,1,0,0,0,134,50,0,0
1490,122,50,2,0,1,0,0,0,134,50,0,0
1491,122,50,2,0,1,0,0,0,134,50,0,0
1492,122,50,2,0,1,0,0,0,134,50,0,0
1493,122,50,2,0,1,0,0,0,134,50,0,0
1494,122,50,2,0,1,0,0,0,134,50,0,0
1495,122,50,2,0,1,0,0,0,134,50,0,0
1496,122,50,2,0,1,0,0,0,134,50,0,0
1497,122,50,2,0,1,0,0,0,134,50,0,0
1498,122,50,2,0,1,0,0,0,134,50,0,0
1499,122,50,2,0,1,0,0,0,134,50,0,0
1500,122,50,2,0,1,0,0,0,134,50,0,0
1501,122,50,2,0,1,0,0,0,134,50,0,0
1502,122,50,2,0,1,0,0,0,134,50,0,0
1503,122,50,1,0,2,0,0,0,134,50,0,0
1504,122,50,1,0,2,0,0,0,134,50,0,0
1505,122,50,1,0,2,0,0,0,134,50,0,0
1506,122,50,1,0,2,0,0,0,134,50,0,0
1507,122,50,1,0,2,0,0,0,134,50,0,0
1508,122,50,1,0,2,0,0,0,134,50,0,0
1509,122,50,1,0,2,0,0,0,134,50,0,0
1510,122,50,1,0,2,0,0,0,134,50,0,0
1511,122,50,1,0,2,0,0,0,134,50,0,0
1512,122,50,1,0,2,0,0,0,134,50,0,0
1513,122,50,1,0,2,0,0,0,134,50,0,0
1514,122,50,1,0,2,0,0,0,134,50,0,0
1515,122,50,1,0,2,0,0,0,134,50,0,0
1516,122,50,1,0,2,0,0,0,134,50,0,0
1517,122,50,1,0,2,0,0,0,134,50,0,0
1518,122,50,1,0,2,0,0,0,134,50,0,0
1519,122,50,1,0,2,0,0,0,134,50,0,0
1520,122,50,1,0,2,0,0,0,134,50,0,0
1521,122,50,1,0,2,0,0,0,134,50,0,0
1522,122,50,1,0,2,0,0,0,134,50,0,0
1523,122,50,1,0,2,0,0,0,134,50,0,0
1524,122,50,1,0,2,0,0,0,134,50,0,0
1525,122,50,1,0,2,0,0,0,134,50,0,0
1526,122,50,1,0,2,0,0,0,134,50,0,0
1527,122,50,1,0,2,0,0,0,134,50,0,0
1528,122,50,1,0,2,0,0,0,134,50,0,0
1529,122,50,1,0,2,0,0,0,134,50,0,0
1530,122,50,1,0,2,0,0,0,134,50,0,0
1531,122,50,1,0,2,0,0,0,134,50,0,0
1532,122,50,1,0,2,0,0,0,134,50,0,0
1533,122,50,0,0,3,0,0,0,134,50,0,0
1534,122,50,0,0,3,0,0,0,134,50,0,0
1535,122,50,0,0,3,0,0,0,134,50,0,0
1536,122,50,0,0,3,0,0,0,134,50,0,0
1537,122,50,0,0,3,0,0,0,134,50,0,0
1538,122,50,0,0,3,0,0,0,134,50,0,0
1539,122,50,0,0,3,0,0,0,134,50,0,0
1540,122,50,0,0,3,0,0,0,134,50,0,0
1541,122,50,0,0,3,0,0,0,134,50,0,0
1542,122,50,0,0,3,0,0,0,134,50,0,0
1543,122,50,0,0,3,0,0,0,134,50,0,0
1544,122,50,0,0,3,0,0,0,134,50,0,0
1545,122,50,0,0,3,0,0,0,134,50,0,0
1546,122,50,0,0,3,0,0,0,134,50,0,0
1547,122,50,0,0,3,0,0,0,134,50,0,0
1548,122,50,0,0,3,0,0,0,134,50,0,0
1549,122,50,0,0,3,0,0,0,134,50,0,0
1550,122,50,0,0,3,0,0,0,134,50,0,0
1551,122,50,0,0,3,0,0,0,134,50,0,0
1552,122,50,0,0,3,0,0,0,134,50,0,0
1553,122,50,0,0,3,0,0,0,134,50,0,0
1554,122,50,0,0,3,0,0,0,134,50,0,0
1555,122,50,0,0,3,0,0,0,134,50,0,0
1556,122,50,0,0,3,0,0,0,134,50,0,0
1557,122,50,0,0,3,0,0,0,134,50,0,0
1558,122,50,0,0,3,0,0,0,134,50,0,0
1559,122,50,0,0,3,0,0,0,134,50,0,0
1560,122,50,0,0,3,0,0,0,134,50,0,0
1561,122,50,0,0,3,0,0,0,134,50,0,0
1562,122,50,0,0,3,0,0,0,134,50,0,0
1563,122,50,0,0,4,0,0,0,134,50,0,0
1564,122,50,0,0,4,0,0,0,134,50,0,0
1565,122,50,0,0,4,0,0,0,134,50,0,0
1566,122,50,0,0,4,0,0,0,134,50,0,0
1567,122,50,0,0,4,0,0,0,134,50,0,0
1568,122,50,0,0,4,0,0,0,134,50,0,0
1569,122,50,0,0,4,0,0,0,134,50,0,0
1570,122,50,0,0,4,0,0,0,134,50,0,0
1571,122,50,0,0,4,0,0,0,134,50,0,0
1572,122,50,0,0,4,0,0,0,134,50,0,0
1573,122,50,0,0,4,0,0,0,134,50,0,0
1574,122,50,0,0,4,0,0,0,134,50,0,0
1575,122,50,0,0,4,0,0,0,134,50,0,0
1576,122,50,0,0,4,0,0,0,134,50,0,0
1577,122,50,0,0,4,0,0,0,134,50,0,0
1578,122,50,0,0,0,0,3,0,134,50,0,0
1579,122,50,0,0,0,0,3,0,134,50,0,0
1580,122,50,0,0,0,0,3,0,134,50,0,0
1581,122,50,0,0,0,0,3,0,134,50,0,0
1582,122,50,0,0,0,0,3,0,134,50,0,0
1583,122,50,0,0,0,0,3,0,134,50,0,0
1584,122,50,0,0,0,0,3,0,134,50,0,0
1585,122,50,0,0,0,0,3,0,134,50,0,0
1586,122,50,0,0,0,0,3,0,134,50,0,0
1587,122,50,0,0,0,0,3,0,134,50,0,0
1588,122,50,0,0,0,0,3,0,134,50,0,0
1589,122,50,0,0,0,0,3,0,134,50,0,0
1590,122,50,0,0,0,0,3,0,134,50,0,0
1591,122,50,0,0,0,0,3,0,134,50,0,0
1592,122,50,0,0,0,0,3,0,134,50,0,0
1593,122,50,0,0,0,0,3,0,134,50,0,0
1594,122,50,0,0,0,0,3,0,134,50,0,0
1595,122,50,0,0,0,0,3,0,134,50,0,0
1596,122,50,0,0,0,0,3,0,134,50,0,0
1597,122,50,0,0,0,0,3,0,134,50,0,0
1598,122,50,0,0,0,0,3,0,134,50,0,0
1599,122,50,0,0,0,0,3,0,134,50,0,0
1600,122,50,0,0,0,0,3,0,134,50,0,0
1601,122,50,0,0,0,0,3,0,134,50,0,0
1602,122,50,0,0,0,0,3,0,134,50,0,0
1603,122,50,0,0,0,0,3,0,134,50,0,0
1604,122,50,0,0,0,0,3,0,134,50,0,0
1605,122,50,0,0,0,0,3,0,134,50,0,0
1606,122,50,0,0,0,0,3,0,134,50,0,0
1607,122,50,0,0,0,0,3,0,134,50,0,0
1608,122,50,0,0,0,0,3,0,133,50,0,0
1608,122,50,0,0,0,0,2,0,133,50,0,0
1609,122,50,0,0,0,0,2,0,133,50,0,0
1610,122,50,0,0,0,0,2,0,133,50,0,0
1611,122,50,0,0,0,0,2,0,133,50,0,0
1612,122,50,0,0,0,0,2,0,133,50,0,0
1613,122,50,0,0,0,0,2,0,133,50,0,0
1614,122,50,0,0,0,0,2,0,133,50,0,0
1615,122,50,0,0,0,0,2,0,133,50,0,0
1616,122,50,0,0,0,0,2,0,133,50,0,0
1617,122,50,0,0,0,0,2,0,133,50,0,0
1618,122,50,0,0,0,0,2,0,133,50,0,0
1619,122,50,0,0,0,0,2,0,133,50,0,0
1620,122,50,0,0,0,0,2,0,133,50,0,0
1621,122,50,0,0,0,0,2,0,133,50,0,0
1622,122,50,0,0,0,0,2,0,133,50,0,0
1623,122,50,0,0,0,0,2,0,133,50,0,0
1624,122,50,0,0,0,0,2,0,133,50,0,0
1625,122,50,0,0,0,0,2,0,133,50,0,0
1626,122,50,0,0,0,0,2,0,133,50,0,0
1627,122,50,0,0,0,0,2,0,133,50,0,0
1628,122,50,0,0,0,0,2,0,133,50,0,0
1629,122,50,0,0,0,0,2,0,133,50,0,0
1630,122,50,0,0,0,0,2,0,133,50,0,0
1631,122,50,0,0,0,0,2,0,133,50,0,0
1632,122,50,0,0,0,0,2,0,133,50,0,0
1633,122,50,0,0,0,0,2,0,133,50,0,0
1634,122,50,0,0,0,0,2,0,133,50,0,0
1635,122,50,0,0,0,0,2,0,133,50,0,0
1636,122,50,0,0,0,0,2,0,133,50,0,0
1637,122,50,0,0,0,0,2,0,133,50,0,0
1638,122,50,0,0,0,0,2,0,132,50,0,0
1638,122,50,0,0,0,0,1,0,132,50,0,0
1639,122,50,0,0,0,0,1,0,132,50,0,0
1640,122,50,0,0,0,0,1,0,132,50,0,0
1641,122,50,0,0,0,0,1,0,132,50,0,0
1642,122,50,0,0,0,0,1,0,132,50,0,0
1643,122,50,0,0,0,0,1,0,132,50,0,0
1644,122,50,0,0,0,0,1,0,132,50,0,0
1645,122,50,0,0,0,0,1,0,132,50,0,0
1646,122,50,0,0,0,0,1,0,132,50,0,0
1647,122,50,0,0,0,0,1,0,132,50,0,0
1648,122,50,0,0,0,0,1,0,132,50,0,0
1649,122,50,0,0,0,0,1,0,132,50,0,0
1650,122,50,0,0,0,0,1,0,132,50,0,0
1651,122,50,0,0,0,0,1,0,132,50,0,0
1652,122,50,0,0,0,0,1,0,132,50,0,0
1653,122,50,0,0,0,0,1,0,132,50,0,0
1654,122,50,0,0,0,0,1,0,132,50,0,0
1655,122,50,0,0,0,0,1,0,132,50,0,0
1656,122,50,0,0,0,0,1,0,132,50,0,0
1657,122,50,0,0,0,0,1,0,132,50,0,0
1658,122,50,0,0,0,0,1,0,132,50,0,0
1659,122,50,0,0,0,0,1,0,132,50,0,0
1660,122,50,0,0,0,0,1,0,132,50,0,0
1661,122,50,0,0,0,0,1,0,132,50,0,0
1662,122,50,0,0,0,0,1,0,132,50,0,0
1663,122,50,0,0,0,0,1,0,132,50,0,0
1664,122,50,0,0,0,0,1,0,132,50,0,0
1665,122,50,0,0,0,0,1,0,132,50,0,0
1666,122,50,0,0,0,0,1,0,132,50,0,0
1667,122,50,0,0,0,0,1,0,132,50,0,0
1668,122,50,0,0,0,0,1,0,131,50,0,0
1668,122,50,0,0,0,0,0,0,131,50,0,0
1669,122,50,0,0,0,0,0,0,131,50,0,0
1670,122,50,0,0,0,0,0,0,131,50,0,0
1671,122,50,0,0,0,0,0,0,131,50,0,0
1672,122,50,0,0,0,0,0,0,131,50,0,0
1673,122,50,0,0,0,0,0,0,131,50,0,0
1674,122,50,0,0,0,0,0,0,131,50,0,0
1675,122,50,0,0,0,0,0,0,131,50,0,0
1676,122,50,0,0,0,0,0,0,131,50,0,0
1677,122,50,0,0,0,0,0,0,131,50,0,0
1678,122,50,0,0,0,0,0,0,131,50,0,0
1679,122,50,0,0,0,0,0,0,131,50,0,0
1680,122,50,0,0,0,0,0,0,131,50,0,0
1681,122,50,0,0,0,0,0,0,131,50,0,0
1682,122,50,0,0,0,0,0,0,131,50,0,0
1683,118,50,3,0,0,0,0,0,131,50,0,0
1684,118,50,3,0,0,0,0,0,131,50,0,0
1685,118,50,3,0,0,0,0,0,131,50,0,0
1686,118,50,3,0,0,0,0,0,131,50,0,0
1687,118,50,3,0,0,0,0,0,131,50,0,0
1688,118,50,3,0,0,0,0,0,131,50,0,0
1689,118,50,3,0,0,0,0,0,131,50,0,0
1690,118,50,3,0,0,0,0,0,131,50,0,0
1691,118,50,3,0,0,0,0,0,131,50,0,0
1692,118,50,3,0,0,0,0,0,131,50,0,0
1693,118,50,3,0,0,0,0,0,131,50,0,0
1694,118,50,3,0,0,0,0,0,131,50,0,0
1695,118,50,3,0,0,0,0,0,131,50,0,0
1696,118,50,3,0,0,0,0,0,131,50,0,0
1697,118,50,3,0,0,0,0,0,131,50,0,0
1698,118,50,3,0,0,0,0,0,130,50,0,0
1698,118,50,3,0,0,0,0,0,130,50,0,0
1699,118,50,3,0,0,0,0,0,130,50,0,0
1700,118,50,3,0,0,0,0,0,130,50,0,0
1701,118,50,3,0,0,0,0,0,130,50,0,0
1702,118,50,3,0,0,0,0,0,130,50,0,0
1703,118,50,3,0,0,0,0,0,130,50,0,0
1704,118,50,3,0,0,0,0,0,130,50,0,0
1705,118,50,3,0,0,0,0,0,130,50,0,0
1706,118,50,3,0,0,0,0,0,130,50,0,0
1707,118,50,3,0,0,0,0,0,130,50,0,0
1708,118,50,3,0,0,0,0,0,130,50,0,0
1709,118,50,3,0,0,0,0,0,130,50,0,0
1710,118,50,3,0,0,0,0,0,130,50,0,0
1711,118,50,3,0,0,0,0,0,130,50,0,0
1712,118,50,3,0,0,0,0,0,130,50,0,0
1713,118,50,2,0,1,0,0,0,130,50,0,0
1714,118,50,2,0,1,0,0,0,130,50,0,0
1715,118,50,2,0,1,0,0,0,130,50,0,0
1716,118,50,2,0,1,0,0,0,130,50,0,0
1717,118,50,2,0,1,0,0,0,130,50,0,0
1718,118,50,2,0,1,0,0,0,130,50,0,0
1719,118,50,2,0,1,0,0,0,130,50,0,0
1720,118,50,2,0,1,0,0,0,130,50,0,0
1721,118,50,2,0,1,0,0,0,130,50,0,0
1722,118,50,2,0,1,0,0,0,130,50,0,0
1723,118,50,2,0,1,0,0,0,130,50,0,0
1724,118,50,2,0,1,0,0,0,130,50,0,0
1725,118,50,2,0,1,0,0,0,130,50,0,0
1726,118,50,2,0,1,0,0,0,130,50,0,0
1727,118,50,2,0,1,0,0,0,130,50,0,0
1728,118,50,2,0,1,0,0,0,130,50,0,0
1729,118,50,2,0,1,0,0,0,130,50,0,0
1730,118,50,2,0,1,0,0,0,130,50,0,0
1731,118,50,2,0,1,0,0,0,130,50,0,0
1732,118,50,2,0,1,0,0,0,130,50,0,0
1733,118,50,2,0,1,0,0,0,130,50,0,0
1734,118,50,2,0,1,0,0,0,130,50,0,0
1735,118,50,2,0,1,0,0,0,130,50,0,0
1736,118,50,2,0,1,0,0,0,130,50,0,0
1737,118,50,2,0,1,0,0,0,130,50,0,0
1738,118,50,2,0,1,0,0,0,130,50,0,0
1739,118,50,2,0,1,0,0,0,130,50,0,0
1740,118,50,2,0,1,0,0,0,130,50,0,0
1741,118,50,2,0,1,0,0,0,130,50,0,0
1742,118,50,2,0,1,0,0,0,130,50,0,0
1743,118,50,1,0,2,0,0,0,130,50,0,0
1744,118,50,1,0,2,0,0,0,130,50,0,0
1745,118,50,1,0,2,0,0,0,130,50,0,0
1746,118,50,1,0,2,0,0,0,130,50,0,0
1747,118,50,1,0,2,0,0,0,130,50,0,0
1748,118,50,1,0,2,0,0,0,130,50,0,0
1749,118,50,1,0,2,0,0,0,130,50,0,0
1750,118,50,1,0,2,0,0,0,130,50,0,0
1751,118,50,1,0,2,0,0,0,130,50,0,0
1752,118,50,1,0,2,0,0,0,130,50,0,0
1753,118,50,1,0,2,0,0,0,130,50,0,0
1754,118,50,1,0,2,0,0,0,130,50,0,0
1755,118,50,1,0,2,0,0,0,130,50,0,0
1756,118,50,1,0,2,0,0,0,130,50,0,0
1757,118,50,1,0,2,0,0,0,130,50,0,0
1758,118,50,1,0,2,0,0,0,130,50,0,0
1759,118,50,1,0,2,0,0,0,130,50,0,0
1760,118,50,1,0,2,0,0,0,130,50,0,0
1761,118,50,1,0,2,0,0,0,130,50,0,0
1762,118,50,1,0,2,0,0,0,130,50,0,0
1763,118,50,1,0,2,0,0,0,130,50,0,0
1764,118,50,1,0,2,0,0,0,130,50,0,0
1765,118,50,1,0,2,0,0,0,130,50,0,0
1766,118,50,1,0,2,0,0,0,130,50,0,0
1767,118,50,1,0,2,0,0,0,130,50,0,0
1768,118,50,1,0,2,0,0,0,130,50,0,0
1769,118,50,1,0,2,0,0,0,130,50,0,0
1770,118,50,1,0,2,0,0,0,130,50,0,0
1771,118,50,1,0,2,0,0,0,130,50,0,0
1772,118,50,1,0,2,0,0,0,130,50,0,0
1773,118,50,0,0,3,0,0,0,130,50,0,0
1774,118,50,0,0,3,0,0,0,130,50,0,0
1775,118,50,0,0,3,0,0,0,130,50,0,0
1776,118,50,0,0,3,0,0,0,130,50,0,0
1777,118,50,0,0,3,0,0,0,130,50,0,0
1778,118,50,0,0,3,0,0,0,130,50,0,0
1779,118,50,0,0,3,0,0,0,130,50,0,0
1780,118,50,0,0,3,0,0,0,130,50,0,0
1781,118,50,0,0,3,0,0,0,130,50,0,0
1782,118,50,0,0,3,0,0,0,130,50,0,0
1783,118,50,0,0,3,0,0,0,130,50,0,0
1784,118,50,0,0,3,0,0,0,130,50,0,0
1785,118,50,0,0,3,0,0,0,130,50,0,0
1786,118,50,0,0,3,0,0,0,130,50,0,0
1787,118,50,0,0,3,0,0,0,130,50,0,0
1788,118,50,0,0,3,0,0,0,130,50,0,0
1789,118,50,0,0,3,0,0,0,130,50,0,0
1790,118,50,0,0,3,0,0,0,130,50,0,0
1791,118,50,0,0,3,0,0,0,130,50,0,0
1792,118,50,0,0,3,0,0,0,130,50,0,0
1793,118,50,0,0,3,0,0,0,130,50,0,0
1794,118,50,0,0,3,0,0,0,130,50,0,0
1795,118,50,0,0,3,0,0,0,130,50,0,0
1796,118,50,0,0,3,0,0,0,130,50,0,0
1797,118,50,0,0,3,0,0,0,130,50,0,0
1798,118,50,0,0,3,0,0,0,130,50,0,0
1799,118,50,0,0,3,0,0,0,130,50,0,0
1800,118,50,0,0,3,0,0,0,130,50,0,0
1801,118,50,0,0,3,0,0,0,130,50,0,0
1802,118,50,0,0,3,0,0,0,130,50,0,0
1803,118,50,0,0,4,0,0,0,130,50,0,0
1804,118,50,0,0,4,0,0,0,130,50,0,0
1805,118,50,0,0,4,0,0,0,130,50,0,0
1806,118,50,0,0,4,0,0,0,130,50,0,0
1807,118,50,0,0,4,0,0,0,130,50,0,0
1808,118,50,0,0,4,0,0,0,130,50,0,0
1809,118,50,0,0,4,0,0,0,130,50,0,0
1810,118,50,0,0,4,0,0,0,130,50,0,0
1811,118,50,0,0,4,0,0,0,130,50,0,0
1812,118,50,0,0,4,0,0,0,130,50,0,0
1813,118,50,0,0,4,0,0,0,130,50,0,0
1814,118,50,0,0,4,0,0,0,130,50,0,0
1815,118,50,0,0,4,0,0,0,130,50,0,0
1816,118,50,0,0,4,0,0,0,130,50,0,0
1817,118,50,0,0,4,0,0,0,130,50,0,0
1818,118,50,0,0,0,0,3,0,130,50,0,0
1819,118,50,0,0,0,0,3,0,130,50,0,0
1820,118,50,0,0,0,0,3,0,130,50,0,0
1821,118,50,0,0,0,0,3,0,130,50,0,0
1822,118,50,0,0,0,0,3,0,130,50,0,0
1823,118,50,0,0,0,0,3,0,130,50,0,0
1824,118,50,0,0,0,0,3,0,130,50,0,0
1825,118,50,0,0,0,0,3,0,130,50,0,0
1826,118,50,0,0,0,0,3,0,130,50,0,0
1827,118,50,0,0,0,0,3,0,130,50,0,0
1828,118,50,0,0,0,0,3,0,130,50,0,0
1829,118,50,0,0,0,0,3,0,130,50,0,0
1830,118,50,0,0,0,0,3,0,130,50,0,0
1831,118,50,0,0,0,0,3,0,130,50,0,0
1832,118,50,0,0,0,0,3,0,130,50,0,0
1833,118,50,0,0,0,0,3,0,130,50,0,0
1834,118,50,0,0,0,0,3,0,130,50,0,0
1835,118,50,0,0,0,0,3,0,130,50,0,0
1836,118,50,0,0,0,0,3,0,130,50,0,0
1837,118,50,0,0,0,0,3,0,130,50,0,0
1838,118,50,0,0,0,0,3,0,130,50,0,0
1839,118,50,0,0,0,0,3,0,130,50,0,0
1840,118,50,0,0,0,0,3,0,130,50,0,0
1841,118,50,0,0,0,0,3,0,130,50,0,0
1842,118,50,0,0,0,0,3,0,130,50,0,0
1843,118,50,0,0,0,0,3,0,130,50,0,0
1844,118,50,0,0,0,0,3,0,130,50,0,0
1845,118,50,0,0,0,0,3,0,130,50,0,0
1846,118,50,0,0,0,0,3,0,130,50,0,0
1847,118,50,0,0,0,0,3,0,130,50,0,0
1848,118,50,0,0,0,0,3,0,129,50,0,0
1848,118,50,0,0,0,0,2,0,129,50,0,0
1849,118,50,0,0,0,0,2,0,129,50,0,0
1850,118,50,0,0,0,0,2,0,129,50,0,0
1851,118,50,0,0,0,0,2,0,129,50,0,0
1852,118,50,0,0,0,0,2,0,129,50,0,0
1853,118,50,0,0,0,0,2,0,129,50,0,0
1854,118,50,0,0,0,0,2,0,129,50,0,0
1855,118,50,0,0,0,0,2,0,129,50,0,0
1856,118,50,0,0,0,0,2,0,129,50,0,0
1857,118,50,0,0,0,0,2,0,129,50,0,0
1858,118,50,0,0,0,0,2,0,129,50,0,0
1859,118,50,0,0,0,0,2,0,129,50,0,0
1860,118,50,0,0,0,0,2,0,129,50,0,0
1861,118,50,0,0,0,0,2,0,129,50,0,0
1862,118,50,0,0,0,0,2,0,129,50,0,0
1863,118,50,0,0,0,0,2,0,129,50,0,0
1864,118,50,0,0,0,0,2,0,129,50,0,0
1865,118,50,0,0,0,0,2,0,129,50,0,0
1866,118,50,0,0,0,0,2,0,129,50,0,0
1867,118,50,0,0,0,0,2,0,129,50,0,0
1868,118,50,0,0,0,0,2,0,129,50,0,0
1869,118,50,0,0,0,0,2,0,129,50,0,0
1870,118,50,0,0,0,0,2,0,129,50,0,0
1871,118,50,0,0,0,0,2,0,129,50,0,0
1872,118,50,0,0,0,0,2,0,129,50,0,0
1873,118,50,0,0,0,0,2,0,129,50,0,0
1874,118,50,0,0,0,0,2,0,129,50,0,0
1875,118,50,0,0,0,0,2,0,129,50,0,0
1876,118,50,0,0,0,0,2,0,129,50,0,0
1877,118,50,0,0,0,0,2,0,129,50,0,0
1878,118,50,0,0,0,0,2,0,128,50,0,0
1878,118,50,0,0,0,0,1,0,128,50,0,0
1879,118,50,0,0,0,0,1,0,128,50,0,0
1880,118,50,0,0,0,0,1,0,128,50,0,0
1881,118,50,0,0,0,0,1,0,128,50,0,0
1882,118,50,0,0,0,0,1,0,128,50,0,0
1883,118,50,0,0,0,0,1,0,128,50,0,0
1884,118,50,0,0,0,0,1,0,128,50,0,0
1885,118,50,0,0,0,0,1,0,128,50,0,0
1886,118,50,0,0,0,0,1,0,128,50,0,0
1887,118,50,0,0,0,0,1,0,128,50,0,0
1888,118,50,0,0,0,0,1,0,128,50,0,0
1889,118,50,0,0,0,0,1,0,128,50,0,0
1890,118,50,0,0,0,0,1,0,128,50,0,0
1891,118,50,0,0,0,0,1,0,128,50,0,0
1892,118,50,0,0,0,0,1,0,128,50,0,0
1893,118,50,0,0,0,0,1,0,128,50,0,0
1894,118,50,0,0,0,0,1,0,128,50,0,0
1895,118,50,0,0,0,0,1,0,128,50,0,0
1896,118,50,0,0,0,0,1,0,128,50,0,0
1897,118,50,0,0,0,0,1,0,128,50,0,0
1898,118,50,0,0,0,0,1,0,128,50,0,0
1899,118,50,0,0,0,0,1,0,128,50,0,0
1900,118,50,0,0,0,0,1,0,128,50,0,0
1901,118,50,0,0,0,0,1,0,128,50,0,0
1902,118,50,0,0,0,0,1,0,128,50,0,0
1903,118,50,0,0,0,0,1,0,128,50,0,0
1904,118,50,0,0,0,0,1,0,128,50,0,0
1905,118,50,0,0,0,0,1,0,128,50,0,0
1906,118,50,0,0,0,0,1,0,128,50,0,0
1907,118,50,0,0,0,0,1,0,128,50,0,0
1908,118,50,0,0,0,0,1,0,127,50,0,0
1908,118,50,0,0,0,0,0,0,127,50,0,0
1909,118,50,0,0,0,0,0,0,127,50,0,0
1910,118,50,0,0,0,0,0,0,127,50,0,0
1911,118,50,0,0,0,0,0,0,127,50,0,0
1912,118,50,0,0,0,0,0,0,127,50,0,0
1913,118,50,0,0,0,0,0,0,127,50,0,0
1914,118,50,0,0,0,0,0,0,127,50,0,0
1915,118,50,0,0,0,0,0,0,127,50,0,0
1916,118,50,0,0,0,0,0,0,127,50,0,0
1917,118,50,0,0,0,0,0,0,127,50,0,0
1918,118,50,0,0,0,0,0,0,127,50,0,0
1919,118,50,0,0,0,0,0,0,127,50,0,0
1920,118,50,0,0,0,0,0,0,127,50,0,0
1921,118,50,0,0,0,0,0,0,127,50,0,0
1922,118,50,0,0,0,0,0,0,127,50,0,0
1923,114,50,3,0,0,0,0,0,127,50,0,0
1924,114,50,3,0,0,0,0,0,127,50,0,0
1925,114,50,3,0,0,0,0,0,127,50,0,0
1926,114,50,3,0,0,0,0,0,127,50,0,0
1927,114,50,3,0,0,0,0,0,127,50,0,0
1928,114,50,3,0,0,0,0,0,127,50,0,0
1929,114,50,3,0,0,0,0,0,127,50,0,0
1930,114,50,3,0,0,0,0,0,127,50,0,0
1931,114,50,3,0,0,0,0,0,127,50,0,0
1932,114,50,3,0,0,0,0,0,127,50,0,0
1933,114,50,3,0,0,0,0,0,127,50,0,0
1934,114,50,3,0,0,0,0,0,127,50,0,0
1935,114,50,3,0,0,0,0,0,127,50,0,0
1936,114,50,3,0,0,0,0,0,127,50,0,0
1937,114,50,3,0,0,0,0,0,127,50,0,0
1938,114,50,3,0,0,0,0,0,126,50,0,0
1938,114,50,3,0,0,0,0,0,126,50,0,0
1939,114,50,3,0,0,0,0,0,126,50,0,0
1940,114,50,3,0,0,0,0,0,126,50,0,0
1941,114,50,3,0,0,0,0,0,126,50,0,0
1942,114,50,3,0,0,0,0,0,126,50,0,0
1943,114,50,3,0,0,0,0,0,126,50,0,0
1944,114,50,3,0,0,0,0,0,126,50,0,0
1945,114,50,3,0,0,0,0,0,126,50,0,0
1946,114,50,3,0,0,0,0,0,126,50,0,0
1947,114,50,3,0,0,0,0,0,126,50,0,0
1948,114,50,3,0,0,0,0,0,126,50,0,0
1949,114,50,3,0,0,0,0,0,126,50,0,0
1950,114,50,3,0,0,0,0,0,126,50,0,0
1951,114,50,3,0,0,0,0,0,126,50,0,0
1952,114,50,3,0,0,0,0,0,126,50,0,0
1953,114,50,2,0,1,0,0,0,126,50,0,0
1954,114,50,2,0,1,0,0,0,126,50,0,0
1955,114,50,2,0,1,0,0,0,126,50,0,0
1956,114,50,2,0,1,0,0,0,126,50,0,0
1957,114,50,2,0,1,0,0,0,126,50,0,0
1958,114,50,2,0,1,0,0,0,126,50,0,0
1959,114,50,2,0,1,0,0,0,126,50,0,0
1960,114,50,2,0,1,0,0,0,126,50,0,0
1961,114,50,2,0,1,0,0,0,126,50,0,0
1962,114,50,2,0,1,0,0,0,126,50,0,0
1963,114,50,2,0,1,0,0,0,126,50,0,0
1964,114,50,2,0,1,0,0,0,126,50,0,0
1965,114,50,2,0,1,0,0,0,126,50,0,0
1966,114,50,2,0,1,0,0,0,126,50,0,0
1967,114,50,2,0,1,0,0,0,126,50,0,0
1968,114,50,2,0,1,0,0,0,126,50,0,0
1969,114,50,2,0,1,0,0,0,126,50,0,0
1970,114,50,2,0,1,0,0,0,126,50,0,0
1971,114,50,2,0,1,0,0,0,126,50,0,0
1972,114,50,2,0,1,0,0,0,126,50,0,0
1973,114,50,2,0,1,0,0,0,126,50,0,0
1974,114,50,2,0,1,0,0,0,126,50,0,0
1975,114,50,2,0,1,0,0,0,126,50,0,0
1976,114,50,2,0,1,0,0,0,126,50,0,0
1977,114,50,2,0,1,0,0,0,126,50,0,0
1978,114,50,2,0,1,0,0,0,126,50,0,0
1979,114,50,2,0,1,0,0,0,126,50,0,0
1980,114,50,2,0,1,0,0,0,126,50,0,0
1981,114,50,2,0,1,0,0,0,126,50,0,0
1982,114,50,2,0,1,0,0,0,126,50,0,0
1983,114,50,1,0,2,0,0,0,126,50,0,0
1984,114,50,1,0,2,0,0,0,126,50,0,0
1985,114,50,1,0,2,0,0,0,126,50,0,0
1986,114,50,1,0,2,0,0,0,126,50,0,0
1987,114,50,1,0,2,0,0,0,126,50,0,0
1988,114,50,1,0,2,0,0,0,126,50,0,0
1989,114,50,1,0,2,0,0,0,126,50,0,0
1990,114,50,1,0,2,0,0,0,126,50,0,0
1991,114,50,1,0,2,0,0,0,126,50,0,0
1992,114,50,1,0,2,0,0,0,126,50,0,0
1993,114,50,1,0,2,0,0,0,126,50,0,0
1994,114,50,1,0,2,0,0,0,126,50,0,0
1995,114,50,1,0,2,0,0,0,126,50,0,0
1996,114,50,1,0,2,0,0,0,126,50,0,0
1997,114,50,1,0,2,0,0,0,126,50,0,0
1998,114,50,1,0,2,0,0,0,126,50,0,0
1999,114,50,1,0,2,0,0,0,126,50,0,0
2000,114,50,1,0,2,0,0,0,126,50,0,0
2001,114,50,1,0,2,0,0,0,126,50,0,0
2002,114,50,1,0,2,0,0,0,126,50,0,0
2003,114,50,1,0,2,0,0,0,126,50,0,0
2004,114,50,1,0,2,0,0,0,126,50,0,0
2005,114,50,1,0,2,0,0,0,126,50,0,0
2006,114,50,1,0,2,0,0,0,126,50,0,0
2007,114,50,1,0,2,0,0,0,126,50,0,0
2008,114,50,1,0,2,0,0,0,126,50,0,0
2009,114,50,1,0,2,0,0,0,126,50,0,0
2010,114,50,1,0,2,0,0,0,126,50,0,0
2011,114,50,1,0,2,0,0,0,126,50,0,0
2012,114,50,1,0,2,0,0,0,126,50,0,0
2013,114,50,0,0,3,0,0,0,126,50,0,0
2014,114,50,0,0,3,0,0,0,126,50,0,0
2015,114,50,0,0,3,0,0,0,126,50,0,0
2016,114,50,0,0,3,0,0,0,126,50,0,0
2017,114,50,0,0,3,0,0,0,126,50,0,0
2018,114,50,0,0,3,0,0,0,126,50,0,0
2019,114,50,0,0,3,0,0,0,126,50,0,0
2020,114,50,0,0,3,0,0,0,126,50,0,0
2021,114,50,0,0,3,0,0,0,126,50,0,0
2022,114,50,0,0,3,0,0,0,126,50,0,0
2023,114,50,0,0,3,0,0,0,126,50,0,0
2024,114,50,0,0,3,0,0,0,126,50,0,0
2025,114,50,0,0,3,0,0,0,126,50,0,0
2026,114,50,0,0,3,0,0,0,126,50,0,0
2027,114,50,0,0,3,0,0,0,126,50,0,0
2028,114,50,0,0,3,0,0,0,126,50,0,0
2029,114,50,0,0,3,0,0,0,126,50,0,0
2030,114,50,0,0,3,0,0,0,126,50,0,0
2031,114,50,0,0,3,0,0,0,126,50,0,0
2032,114,50,0,0,3,0,0,0,126,50,0,0
2033,114,50,0,0,3,0,0,0,126,50,0,0
2034,114,50,0,0,3,0,0,0,126,50,0,0
2035,114,50,0,0,3,0,0,0,126,50,0,0
2036,114,50,0,0,3,0,0,0,126,50,0,0
2037,114,50,0,0,3,0,0,0,126,50,0,0
2038,114,50,0,0,3,0,0,0,126,50,0,0
2039,114,50,0,0,3,0,0,0,126,50,0,0
2040,114,50,0,0,3,0,0,0,126,50,0,0
2041,114,50,0,0,3,0,0,0,126,50,0,0
2042,114,50,0,0,3,0,0,0,126,50,0,0
2043,114,50,0,0,4,0,0,0,126,50,0,0
2044,114,50,0,0,4,0,0,0,126,50,0,0
2045,114,50,0,0,4,0,0,0,126,50,0,0
2046,114,50,0,0,4,0,0,0,126,50,0,0
2047,114,50,0,0,4,0,0,0,126,50,0,0
2048,114,50,0,0,4,0,0,0,126,50,0,0
2049,114,50,0,0,4,0,0,0,126,50,0,0
2050,114,50,0,0,4,0,0,0,126,50,0,0
2051,114,50,0,0,4,0,0,0,126,50,0,0
2052,114,50,0,0,4,0,0,0,126,50,0,0
2053,114,50,0,0,4,0,0,0,126,50,0,0
2054,114,50,0,0,4,0,0,0,126,50,0,0
2055,114,50,0,0,4,0,0,0,126,50,0,0
2056,114,50,0,0,4,0,0,0,126,50,0,0
2057,114,50,0,0,4,0,0,0,126,50,0,0
2058,114,50,0,0,0,0,3,0,126,50,0,0
2059,114,50,0,0,0,0,3,0,126,50,0,0
2060,114,50,0,0,0,0,3,0,126,50,0,0
2061,114,50,0,0,0,0,3,0,126,50,0,0
2062,114,50,0,0,0,0,3,0,126,50,0,0
2063,114,50,0,0,0,0,3,0,126,50,0,0
2064,114,50,0,0,0,0,3,0,126,50,0,0
2065,114,50,0,0,0,0,3,0,126,50,0,0
2066,114,50,0,0,0,0,3,0,126,50,0,0
2067,114,50,0,0,0,0,3,0,126,50,0,0
2068,114,50,0,0,0,0,3,0,126,50,0,0
2069,114,50,0,0,0,0,3,0,126,50,0,0
2070,114,50,0,0,0,0,3,0,126,50,0,0
2071,114,50,0,0,0,0,3,0,126,50,0,0
2072,114,50,0,0,0,0,3,0,126,50,0,0
2073,114,50,0,0,0,0,3,0,126,50,0,0
2074,114,50,0,0,0,0,3,0,126,50,0,0
2075,114,50,0,0,0,0,3,0,126,50,0,0
2076,114,50,0,0,0,0,3,0,126,50,0,0
2077,114,50,0,0,0,0,3,0,126,50,0,0
2078,114,50,0,0,0,0,3,0,126,50,0,0
2079,114,50,0,0,0,0,3,0,126,50,0,0
2080,114,50,0,0,0,0,3,0,126,50,0,0
2081,114,50,0,0,0,0,3,0,126,50,0,0
2082,114,50,0,0,0,0,3,0,126,50,0,0
2083,114,50,0,0,0,0,3,0,126,50,0,0
2084,114,50,0,0,0,0,3,0,126,50,0,0
2085,114,50,0,0,0,0,3,0,126,50,0,0
2086,114,50,0,0,0,0,3,0,126,50,0,0
2087,114,50,0,0,0,0,3,0,126,50,0,0
2088,114,50,0,0,0,0,3,0,125,50,0,0
2088,114,50,0,0,0,0,2,0,125,50,0,0
2089,114,50,0,0,0,0,2,0,125,50,0,0
2090,114,50,0,0,0,0,2,0,125,50,0,0
2091,114,50,0,0,0,0,2,0,125,50,0,0
2092,114,50,0,0,0,0,2,0,125,50,0,0
2093,114,50,0,0,0,0,2,0,125,50,0,0
2094,114,50,0,0,0,0,2,0,125,50,0,0
2095,114,50,0,0,0,0,2,0,125,50,0,0
2096,114,50,0,0,0,0,2,0,125,50,0,0
2097,114,50,0,0,0,0,2,0,125,50,0,0
2098,114,50,0,0,0,0,2,0,125,50,0,0
2099,114,50,0,0,0,0,2,0,125,50,0,0
2100,114,50,0,0,0,0,2,0,125,50,0,0
2101,114,50,0,0,0,0,2,0,125,50,0,0
2102,114,50,0,0,0,0,2,0,125,50,0,0
2103,114,50,0,0,0,0,2,0,125,50,0,0
2104,114,50,0,0,0,0,2,0,125,50,0,0
2105,114,50,0,0,0,0,2,0,125,50,0,0
2106,114,50,0,0,0,0,2,0,125,50,0,0
2107,114,50,0,0,0,0,2,0,125,50,0,0
2108,114,50,0,0,0,0,2,0,125,50,0,0
2109,114,50,0,0,0,0,2,0,125,50,0,0
2110,114,50,0,0,0,0,2,0,125,50,0,0
2111,114,50,0,0,0,0,2,0,125,50,0,0
2112,114,50,0,0,0,0,2,0,125,50,0,0
2113,114,50,0,0,0,0,2,0,125,50,0,0
2114,114,50,0,0,0,0,2,0,125,50,0,0
2115,114,50,0,0,0,0,2,0,125,50,0,0
2116,114,50,0,0,0,0,2,0,125,50,0,0
2117,114,50,0,0,0,0,2,0,125,50,0,0
2118,114,50,0,0,0,0,2,0,124,50,0,0
2118,114,50,0,0,0,0,1,0,124,50,0,0
2119,114,50,0,0,0,0,1,0,124,50,0,0
2120,114,50,0,0,0,0,1,0,124,50,0,0
2121,114,50,0,0,0,0,1,0,124,50,0,0
2122,114,50,0,0,0,0,1,0,124,50,0,0
2123,114,50,0,0,0,0,1,0,124,50,0,0
2124,114,50,0,0,0,0,1,0,124,50,0,0
2125,114,50,0,0,0,0,1,0,124,50,0,0
2126,114,50,0,0,0,0,1,0,124,50,0,0
2127,114,50,0,0,0,0,1,0,124,50,0,0
2128,114,50,0,0,0,0,1,0,124,50,0,0
2129,114,50,0,0,0,0,1,0,124,50,0,0
2130,114,50,0,0,0,0,1,0,124,50,0,0
2131,114,50,0,0,0,0,1,0,124,50,0,0
2132,114,50,0,0,0,0,1,0,124,50,0,0
2133,114,50,0,0,0,0,1,0,124,50,0,0
2134,114,50,0,0,0,0,1,0,124,50,0,0
2135,114,50,0,0,0,0,1,0,124,50,0,0
2136,114,50,0,0,0,0,1,0,124,50,0,0
2137,114,50,0,0,0,0,1,0,124,50,0,0
2138,114,50,0,0,0,0,1,0,124,50,0,0
2139,114,50,0,0,0,0,1,0,124,50,0,0
2140,114,50,0,0,0,0,1,0,124,50,0,0
2141,114,50,0,0,0,0,1,0,124,50,0,0
2142,114,50,0,0,0,0,1,0,124,50,0,0
2143,114,50,0,0,0,0,1,0,124,50,0,0
2144,114,50,0,0,0,0,1,0,124,50,0,0
2145,114,50,0,0,0,0,1,0,124,50,0,0
2146,114,50,0,0,0,0,1,0,124,50,0,0
2147,114,50,0,0,0,0,1,0,124,50,0,0
2148,114,50,0,0,0,0,1,0,123,50,0,0
2148,114,50,0,0,0,0,0,0,123,50,0,0
2149,114,50,0,0,0,0,0,0,123,50,0,0
2150,114,50,0,0,0,0,0,0,123,50,0,0
2151,114,50,0,0,0,0,0,0,123,50,0,0
2152,114,50,0,0,0,0,0,0,123,50,0,0
2153,114,50,0,0,0,0,0,0,123,50,0,0
2154,114,50,0,0,0,0,0,0,123,50,0,0
2155,114,50,0,0,0,0,0,0,123,50,0,0
2156,114,50,0,0,0,0,0,0,123,50,0,0
2157,114,50,0,0,0,0,0,0,123,50,0,0
2158,114,50,0,0,0,0,0,0,123,50,0,0
2159,114,50,0,0,0,0,0,0,123,50,0,0
2160,114,50,0,0,0,0,0,0,123,50,0,0
2161,114,50,0,0,0,0,0,0,123,50,0,0
2162,114,50,0,0,0,0,0,0,123,50,0,0
2163,110,50,3,0,0,0,0,0,123,50,0,0
2164,110,50,3,0,0,0,0,0,123,50,0,0
2165,110,50,3,0,0,0,0,0,123,50,0,0
2166,110,50,3,0,0,0,0,0,123,50,0,0
2167,110,50,3,0,0,0,0,0,123,50,0,0
2168,110,50,3,0,0,0,0,0,123,50,0,0
2169,110,50,3,0,0,0,0,0,123,50,0,0
2170,110,50,3,0,0,0,0,0,123,50,0,0
2171,110,50,3,0,0,0,0,0,123,50,0,0
2172,110,50,3,0,0,0,0,0,123,50,0,0
2173,110,50,3,0,0,0,0,0,123,50,0,0
2174,110,50,3,0,0,0,0,0,123,50,0,0
2175,110,50,3,0,0,0,0,0,123,50,0,0
2176,110,50,3,0,0,0,0,0,123,50,0,0
2177,110,50,3,0,0,0,0,0,123,50,0,0
2178,110,50,3,0,0,0,0,0,122,50,0,0
2178,110,50,3,0,0,0,0,0,122,50,0,0
2179,110,50,3,0,0,0,0,0,122,50,0,0
2180,110,50,3,0,0,0,0,0,122,50,0,0
2181,110,50,3,0,0,0,0,0,122,50,0,0
2182,110,50,3,0,0,0,0,0,122,50,0,0
2183,110,50,3,0,0,0,0,0,122,50,0,0
2184,110,50,3,0,0,0,0,0,122,50,0,0
2185,110,50,3,0,0,0,0,0,122,50,0,0
2186,110,50,3,0,0,0,0,0,122,50,0,0
2187,110,50,3,0,0,0,0,0,122,50,0,0
2188,110,50,3,0,0,0,0,0,122,50,0,0
2189,110,50,3,0,0,0,0,0,122,50,0,0
2190,110,50,3,0,0,0,0,0,122,50,0,0
2191,110,50,3,0,0,0,0,0,122,50,0,0
2192,110,50,3,0,0,0,0,0,122,50,0,0
2193,110,50,2,0,1,0,0,0,122,50,0,0
2194,110,50,2,0,1,0,0,0,122,50,0,0
2195,110,50,2,0,1,0,0,0,122,50,0,0
2196,110,50,2,0,1,0,0,0,122,50,0,0
2197,110,50,2,0,1,0,0,0,122,50,0,0
2198,110,50,2,0,1,0,0,0,122,50,0,0
2199,110,50,2,0,1,0,0,0,122,50,0,0
2200,110,50,2,0,1,0,0,0,122,50,0,0
2201,110,50,2,0,1,0,0,0,122,50,0,0
2202,110,50,2,0,1,0,0,0,122,50,0,0
2203,110,50,2,0,1,0,0,0,122,50,0,0
2204,110,50,2,0,1,0,0,0,122,50,0,0
2205,110,50,2,0,1,0,0,0,122,50,0,0
2206,110,50,2,0,1,0,0,0,122,50,0,0
2207,110,50,2,0,1,0,0,0,122,50,0,0
2208,110,50,2,0,1,0,0,0,122,50,0,0
2209,110,50,2,0,1,0,0,0,122,50,0,0
2210,110,50,2,0,1,0,0,0,122,50,0,0
2211,110,50,2,0,1,0,0,0,122,50,0,0
2212,110,50,2,0,1,0,0,0,122,50,0,0
2213,110,50,2,0,1,0,0,0,122,50,0,0
2214,110,50,2,0,1,0,0,0,122,50,0,0
2215,110,50,2,0,1,0,0,0,122,50,0,0
2216,110,50,2,0,1,0,0,0,122,50,0,0
2217,110,50,2,0,1,0,0,0,122,50,0,0
2218,110,50,2,0,1,0,0,0,122,50,0,0
2219,110,50,2,0,1,0,0,0,122,50,0,0
2220,110,50,2,0,1,0,0,0,122,50,0,0
2221,110,50,2,0,1,0,0,0,122,50,0,0
2222,110,50,2,0,1,0,0,0,122,50,0,0
2223,110,50,1,0,2,0,0,0,122,50,0,0
2224,110,50,1,0,2,0,0,0,122,50,0,0
2225,110,50,1,0,2,0,0,0,122,50,0,0
2226,110,50,1,0,2,0,0,0,122,50,0,0
2227,110,50,1,0,2,0,0,0,122,50,0,0
2228,110,50,1,0,2,0,0,0,122,50,0,0
2229,110,50,1,0,2,0,0,0,122,50,0,0
2230,110,50,1,0,2,0,0,0,122,50,0,0
2231,110,50,1,0,2,0,0,0,122,50,0,0
2232,110,50,1,0,2,0,0,0,122,50,0,0
2233,110,50,1,0,2,0,0,0,122,50,0,0
2234,110,50,1,0,2,0,0,0,122,50,0,0
2235,110,50,1,0,2,0,0,0,122,50,0,0
2236,110,50,1,0,2,0,0,0,122,50,0,0
2237,110,50,1,0,2,0,0,0,122,50,0,0
2238,110,50,1,0,2,0,0,0,122,50,0,0
2239,110,50,1,0,2,0,0,0,122,50,0,0
2240,110,50,1,0,2,0,0,0,122,50,0,0
2241,110,50,1,0,2,0,0,0,122,50,0,0
2242,110,50,1,0,2,0,0,0,122,50,0,0
2243,110,50,1,0,2,0,0,0,122,50,0,0
2244,110,50,1,0,2,0,0,0,122,50,0,0
2245,110,50,1,0,2,0,0,0,122,50,0,0
2246,110,50,1,0,2,0,0,0,122,50,0,0
2247,110,50,1,0,2,0,0,0,122,50,0,0
2248,110,50,1,0,2,0,0,0,122,50,0,0
2249,110,50,1,0,2,0,0,0,122,50,0,0
2250,110,50,1,0,2,0,0,0,122,50,0,0
2251,110,50,1,0,2,0,0,0,122,50,0,0
2252,110,50,1,0,2,0,0,0,122,50,0,0
2253,110,50,0,0,3,0,0,0,122,50,0,0
2254,110,50,0,0,3,0,0,0,122,50,0,0
2255,110,50,0,0,3,0,0,0,122,50,0,0
2256,110,50,0,0,3,0,0,0,122,50,0,0
2257,110,50,0,0,3,0,0,0,122,50,0,0
2258,110,50,0,0,3,0,0,0,122,50,0,0
2259,110,50,0,0,3,0,0,0,122,50,0,0
2260,110,50,0,0,3,0,0,0,122,50,0,0
2261,110,50,0,0,3,0,0,0,122,50,0,0
2262,110,50,0,0,3,0,0,0,122,50,0,0
2263,110,50,0,0,3,0,0,0,122,50,0,0
2264,110,50,0,0,3,0,0,0,122,50,0,0
2265,110,50,0,0,3,0,0,0,122,50,0,0
2266,110,50,0,0,3,0,0,0,122,50,0,0
2267,110,50,0,0,3,0,0,0,122,50,0,0
2268,110,50,0,0,3,0,0,0,122,50,0,0
2269,110,50,0,0,3,0,0,0,122,50,0,0
2270,110,50,0,0,3,0,0,0,122,50,0,0
2271,110,50,0,0,3,0,0,0,122,50,0,0
2272,110,50,0,0,3,0,0,0,122,50,0,0
2273,110,50,0,0,3,0,0,0,122,50,0,0
2274,110,50,0,0,3,0,0,0,122,50,0,0
2275,110,50,0,0,3,0,0,0,122,50,0,0
2276,110,50,0,0,3,0,0,0,122,50,0,0
2277,110,50,0,0,3,0,0,0,122,50,0,0
2278,110,50,0,0,3,0,0,0,122,50,0,0
2279,110,50,0,0,3,0,0,0,122,50,0,0
2280,110,50,0,0,3,0,0,0,122,50,0,0
2281,110,50,0,0,3,0,0,0,122,50,0,0
2282,110,50,0,0,3,0,0,0,122,50,0,0
2283,110,50,0,0,4,0,0,0,122,50,0,0
2284,110,50,0,0,4,0,0,0,122,50,0,0
2285,110,50,0,0,4,0,0,0,122,50,0,0
2286,110,50,0,0,4,0,0,0,122,50,0,0
2287,110,50,0,0,4,0,0,0,122,50,0,0
2288,110,50,0,0,4,0,0,0,122,50,0,0
2289,110,50,0,0,4,0,0,0,122,50,0,0
2290,110,50,0,0,4,0,0,0,122,50,0,0
2291,110,50,0,0,4,0,0,0,122,50,0,0
2292,110,50,0,0,4,0,0,0,122,50,0,0
2293,110,50,0,0,4,0,0,0,122,50,0,0
2294,110,50,0,0,4,0,0,0,122,50,0,0
2295,110,50,0,0,4,0,0,0,122,50,0,0
2296,110,50,0,0,4,0,0,0,122,50,0,0
2297,110,50,0,0,4,0,0,0,122,50,0,0
2298,110,50,0,0,0,0,3,0,122,50,0,0
2299,110,50,0,0,0,0,3,0,122,50,0,0
2300,110,50,0,0,0,0,3,0,122,50,0,0
2301,110,50,0,0,0,0,3,0,122,50,0,0
2302,110,50,0,0,0,0,3,0,122,50,0,0
2303,110,50,0,0,0,0,3,0,122,50,0,0
2304,110,50,0,0,0,0,3,0,122,50,0,0
2305,110,50,0,0,0,0,3,0,122,50,0,0
2306,110,50,0,0,0,0,3,0,122,50,0,0
2307,110,50,0,0,0,0,3,0,122,50,0,0
2308,110,50,0,0,0,0,3,0,122,50,0,0
2309,110,50,0,0,0,0,3,0,122,50,0,0
2310,110,50,0,0,0,0,3,0,122,50,0,0
2311,110,50,0,0,0,0,3,0,122,50,0,0
2312,110,50,0,0,0,0,3,0,122,50,0,0
2313,110,50,0,0,0,0,3,0,122,50,0,0
2314,110,50,0,0,0,0,3,0,122,50,0,0
2315,110,50,0,0,0,0,3,0,122,50,0,0
2316,110,50,0,0,0,0,3,0,122,50,0,0
2317,110,50,0,0,0,0,3,0,122,50,0,0
2318,110,50,0,0,0,0,3,0,122,50,0,0
2319,110,50,0,0,0,0,3,0,122,50,0,0
2320,110,50,0,0,0,0,3,0,122,50,0,0
2321,110,50,0,0,0,0,3,0,122,50,0,0
2322,110,50,0,0,0,0,3,0,122,50,0,0
2323,110,50,0,0,0,0,3,0,122,50,0,0
2324,110,50,0,0,0,0,3,0,122,50,0,0
2325,110,50,0,0,0,0,3,0,122,50,0,0
2326,110,50,0,0,0,0,3,0,122,50,0,0
2327,110,50,0,0,0,0,3,0,122,50,0,0
2328,110,50,0,0,0,0,3,0,121,50,0,0
2328,110,50,0,0,0,0,2,0,121,50,0,0
2329,110,50,0,0,0,0,2,0,121,50,0,0
2330,110,50,0,0,0,0,2,0,121,50,0,0
2331,110,50,0,0,0,0,2,0,121,50,0,0
2332,110,50,0,0,0,0,2,0,121,50,0,0
2333,110,50,0,0,0,0,2,0,121,50,0,0
2334,110,50,0,0,0,0,2,0,121,50,0,0
2335,110,50,0,0,0,0,2,0,121,50,0,0
2336,110,50,0,0,0,0,2,0,121,50,0,0
2337,110,50,0,0,0,0,2,0,121,50,0,0
2338,110,50,0,0,0,0,2,0,121,50,0,0
2339,110,50,0,0,0,0,2,0,121,50,0,0
2340,110,50,0,0,0,0,2,0,121,50,0,0
2341,110,50,0,0,0,0,2,0,121,50,0,0
2342,110,50,0,0,0,0,2,0,121,50,0,0
2343,110,50,0,0,0,0,2,0,121,50,0,0
2344,110,50,0,0,0,0,2,0,121,50,0,0
2345,110,50,0,0,0,0,2,0,121,50,0,0
2346,110,50,0,0,0,0,2,0,121,50,0,0
2347,110,50,0,0,0,0,2,0,121,50,0,0
2348,110,50,0,0,0,0,2,0,121,50,0,0
2349,110,50,0,0,0,0,2,0,121,50,0,0
2350,110,50,0,0,0,0,2,0,121,50,0,0
2351,110,50,0,0,0,0,2,0,121,50,0,0
2352,110,50,0,0,0,0,2,0,121,50,0,0
2353,110,50,0,0,0,0,2,0,121,50,0,0
2354,110,50,0,0,0,0,2,0,121,50,0,0
2355,110,50,0,0,0,0,2,0,121,50,0,0
2356,110,50,0,0,0,0,2,0,121,50,0,0
2357,110,50,0,0,0,0,2,0,121,50,0,0
2358,110,50,0,0,0,0,2,0,120,50,0,0
2358,110,50,0,0,0,0,1,0,120,50,0,0
2359,110,50,0,0,0,0,1,0,120,50,0,0
2360,110,50,0,0,0,0,1,0,120,50,0,0
2361,110,50,0,0,0,0,1,0,120,50,0,0
2362,110,50,0,0,0,0,1,0,120,50,0,0
2363,110,50,0,0,0,0,1,0,120,50,0,0
2364,110,50,0,0,0,0,1,0,120,50,0,0
2365,110,50,0,0,0,0,1,0,120,50,0,0
2366,110,50,0,0,0,0,1,0,120,50,0,0
2367,110,50,0,0,0,0,1,0,120,50,0,0
2368,110,50,0,0,0,0,1,0,120,50,0,0
2369,110,50,0,0,0,0,1,0,120,50,0,0
2370,110,50,0,0,0,0,1,0,120,50,0,0
2371,110,50,0,0,0,0,1,0,120,50,0,0
2372,110,50,0,0,0,0,1,0,120,50,0,0
2373,110,50,0,0,0,0,1,0,120,50,0,0
2374,110,50,0,0,0,0,1,0,120,50,0,0
2375,110,50,0,0,0,0,1,0,120,50,0,0
2376,110,50,0,0,0,0,1,0,120,50,0,0
2377,110,50,0,0,0,0,1,0,120,50,0,0
2378,110,50,0,0,0,0,1,0,120,50,0,0
2379,110,50,0,0,0,0,1,0,120,50,0,0
2380,110,50,0,0,0,0,1,0,120,50,0,0
2381,110,50,0,0,0,0,1,0,120,50,0,0
2382,110,50,0,0,0,0,1,0,120,50,0,0
2383,110,50,0,0,0,0,1,0,120,50,0,0
2384,110,50,0,0,0,0,1,0,120,50,0,0
2385,110,50,0,0,0,0,1,0,120,50,0,0
2386,110,50,0,0,0,0,1,0,120,50,0,0
2387,110,50,0,0,0,0,1,0,120,50,0,0
2388,110,50,0,0,0,0,1,0,119,50,0,0
2388,110,50,0,0,0,0,0,0,119,50,0,0
2389,110,50,0,0,0,0,0,0,119,50,0,0
2390,110,50,0,0,0,0,0,0,119,50,0,0
2391,110,50,0,0,0,0,0,0,119,50,0,0
2392,110,50,0,0,0,0,0,0,119,50,0,0
2393,110,50,0,0,0,0,0,0,119,50,0,0
2394,110,50,0,0,0,0,0,0,119,50,0,0
2395,110,50,0,0,0,0,0,0,119,50,0,0
2396,110,50,0,0,0,0,0,0,119,50,0,0
2397,110,50,0,0,0,0,0,0,119,50,0,0
2398,110,50,0,0,0,0,0,0,119,50,0,0
2399,110,50,0,0,0,0,0,0,119,50,0,0
2400,110,50,0,0,0,0,0,0,119,50,0,0
2401,110,50,0,0,0,0,0,0,119,50,0,0
2402,110,50,0,0,0,0,0,0,119,50,0,0
2403,106,50,3,0,0,0,0,0,119,50,0,0
2404,106,50,3,0,0,0,0,0,119,50,0,0
2405,106,50,3,0,0,0,0,0,119,50,0,0
2406,106,50,3,0,0,0,0,0,119,50,0,0
2407,106,50,3,0,0,0,0,0,119,50,0,0
2408,106,50,3,0,0,0,0,0,119,50,0,0
2409,106,50,3,0,0,0,0,0,119,50,0,0
2410,106,50,3,0,0,0,0,0,119,50,0,0
2411,106,50,3,0,0,0,0,0,119,50,0,0
2412,106,50,3,0,0,0,0,0,119,50,0,0
2413,106,50,3,0,0,0,0,0,119,50,0,0
2414,106,50,3,0,0,0,0,0,119,50,0,0
2415,106,50,3,0,0,0,0,0,119,50,0,0
2416,106,50,3,0,0,0,0,0,119,50,0,0
2417,106,50,3,0,0,0,0,0,119,50,0,0
2418,106,50,3,0,0,0,0,0,118,50,0,0
2418,106,50,3,0,0,0,0,0,118,50,0,0
2419,106,50,3,0,0,0,0,0,118,50,0,0
2420,106,50,3,0,0,0,0,0,118,50,0,0
2421,106,50,3,0,0,0,0,0,118,50,0,0
2422,106,50,3,0,0,0,0,0,118,50,0,0
2423,106,50,3,0,0,0,0,0,118,50,0,0
2424,106,50,3,0,0,0,0,0,118,50,0,0
2425,106,50,3,0,0,0,0,0,118,50,0,0
2426,106,50,3,0,0,0,0,0,118,50,0,0
2427,106,50,3,0,0,0,0,0,118,50,0,0
2428,106,50,3,0,0,0,0,0,118,50,0,0
2429,106,50,3,0,0,0,0,0,118,50,0,0
2430,106,50,3,0,0,0,0,0,118,50,0,0
2431,106,50,3,0,0,0,0,0,118,50,0,0
2432,106,50,3,0,0,0,0,0,118,50,0,0
2433,106,50,2,0,1,0,0,0,118,50,0,0
2434,106,50,2,0,1,0,0,0,118,50,0,0
2435,106,50,2,0,1,0,0,0,118,50,0,0
2436,106,50,2,0,1,0,0,0,118,50,0,0
2437,106,50,2,0,1,0,0,0,118,50,0,0
2438,106,50,2,0,1,0,0,0,118,50,0,0
2439,106,50,2,0,1,0,0,0,118,50,0,0
2440,106,50,2,0,1,0,0,0,118,50,0,0
2441,106,50,2,0,1,0,0,0,118,50,0,0
2442,106,50,2,0,1,0,0,0,118,50,0,0
2443,106,50,2,0,1,0,0,0,118,50,0,0
2444,106,50,2,0,1,0,0,0,118,50,0,0
2445,106,50,2,0,1,0,0,0,118,50,0,0
2446,106,50,2,0,1,0,0,0,118,50,0,0
2447,106,50,2,0,1,0,0,0,118,50,0,0
2448,106,50,2,0,1,0,0,0,118,50,0,0
2449,106,50,2,0,1,0,0,0,118,50,0,0
2450,106,50,2,0,1,0,0,0,118,50,0,0
2451,106,50,2,0,1,0,0,0,118,50,0,0
2452,106,50,2,0,1,0,0,0,118,50,0,0
2453,106,50,2,0,1,0,0,0,118,50,0,0
2454,106,50,2,0,1,0,0,0,118,50,0,0
2455,106,50,2,0,1,0,0,0,118,50,0,0
2456,106,50,2,0,1,0,0,0,118,50,0,0
2457,106,50,2,0,1,0,0,0,118,50,0,0
2458,106,50,2,0,1,0,0,0,118,50,0,0
2459,106,50,2,0,1,0,0,0,118,50,0,0
2460,106,50,2,0,1,0,0,0,118,50,0,0
2461,106,50,2,0,1,0,0,0,118,50,0,0
2462,106,50,2,0,1,0,0,0,118,50,0,0
2463,106,50,1,0,2,0,0,0,118,50,0,0
2464,106,50,1,0,2,0,0,0,118,50,0,0
2465,106,50,1,0,2,0,0,0,118,50,0,0
2466,106,50,1,0,2,0,0,0,118,50,0,0
2467,106,50,1,0,2,0,0,0,118,50,0,0
2468,106,50,1,0,2,0,0,0,118,50,0,0
2469,106,50,1,0,2,0,0,0,118,50,0,0
2470,106,50,1,0,2,0,0,0,118,50,0,0
2471,106,50,1,0,2,0,0,0,118,50,0,0
2472,106,50,1,0,2,0,0,0,118,50,0,0
2473,106,50,1,0,2,0,0,0,118,50,0,0
2474,106,50,1,0,2,0,0,0,118,50,0,0
2475,106,50,1,0,2,0,0,0,118,50,0,0
2476,106,50,1,0,2,0,0,0,118,50,0,0
2477,106,50,1,0,2,0,0,0,118,50,0,0
2478,106,50,1,0,2,0,0,0,118,50,0,0
2479,106,50,1,0,2,0,0,0,118,50,0,0
2480,106,50,1,0,2,0,0,0,118,50,0,0
2481,106,50,1,0,2,0,0,0,118,50,0,0
2482,106,50,1,0,2,0,0,0,118,50,0,0
2483,106,50,1,0,2,0,0,0,118,50,0,0
2484,106,50,1,0,2,0,0,0,118,50,0,0
2485,106,50,1,0,2,0,0,0,118,50,0,0
2486,106,50,1,0,2,0,0,0,118,50,0,0
2487,106,50,1,0,2,0,0,0,118,50,0,0
2488,106,50,1,0,2,0,0,0,118,50,0,0
2489,106,50,1,0,2,0,0,0,118,50,0,0
2490,106,50,1,0,2,0,0,0,118,50,0,0
2491,106,50,1,0,2,0,0,0,118,50,0,0
2492,106,50,1,0,2,0,0,0,118,50,0,0
2493,106,50,0,0,3,0,0,0,118,50,0,0
2494,106,50,0,0,3,0,0,0,118,50,0,0
2495,106,50,0,0,3,0,0,0,118,50,0,0
2496,106,50,0,0,3,0,0,0,118,50,0,0
2497,106,50,0,0,3,0,0,0,118,50,0,0
2498,106,50,0,0,3,0,0,0,118,50,0,0
2499,106,50,0,0,3,0,0,0,118,50,0,0
2500,106,50,0,0,3,0,0,0,118,50,0,0
2501,106,50,0,0,3,0,0,0,118,50,0,0
2502,106,50,0,0,3,0,0,0,118,50,0,0
2503,106,50,0,0,3,0,0,0,118,50,0,0
2504,106,50,0,0,3,0,0,0,118,50,0,0
2505,106,50,0,0,3,0,0,0,118,50,0,0
2506,106,50,0,0,3,0,0,0,118,50,0,0
2507,106,50,0,0,3,0,0,0,118,50,0,0
2508,106,50,0,0,3,0,0,0,118,50,0,0
2509,106,50,0,0,3,0,0,0,118,50,0,0
2510,106,50,0,0,3,0,0,0,118,50,0,0
2511,106,50,0,0,3,0,0,0,118,50,0,0
2512,106,50,0,0,3,0,0,0,118,50,0,0
2513,106,50,0,0,3,0,0,0,118,50,0,0
2514,106,50,0,0,3,0,0,0,118,50,0,0
2515,106,50,0,0,3,0,0,0,118,50,0,0
2516,106,50,0,0,3,0,0,0,118,50,0,0
2517,106,50,0,0,3,0,0,0,118,50,0,0
2518,106,50,0,0,3,0,0,0,118,50,0,0
2519,106,50,0,0,3,0,0,0,118,50,0,0
2520,106,50,0,0,3,0,0,0,118,50,0,0
2521,106,50,0,0,3,0,0,0,118,50,0,0
2522,106,50,0,0,3,0,0,0,118,50,0,0
2523,106,50,0,0,4,0,0,0,118,50,0,0
2524,106,50,0,0,4,0,0,0,118,50,0,0
2525,106,50,0,0,4,0,0,0,118,50,0,0
2526,106,50,0,0,4,0,0,0,118,50,0,0
2527,106,50,0,0,4,0,0,0,118,50,0,0
2528,106,50,0,0,4,0,0,0,118,50,0,0
2529,106,50,0,0,4,0,0,0,118,50,0,0
2530,106,50,0,0,4,0,0,0,118,50,0,0
2531,106,50,0,0,4,0,0,0,118,50,0,0
2532,106,50,0,0,4,0,0,0,118,50,0,0
2533,106,50,0,0,4,0,0,0,118,50,0,0
2534,106,50,0,0,4,0,0,0,118,50,0,0
2535,106,50,0,0,4,0,0,0,118,50,0,0
2536,106,50,0,0,4,0,0,0,118,50,0,0
2537,106,50,0,0,4,0,0,0,118,50,0,0
2538,106,50,0,0,0,0,3,0,118,50,0,0
2539,106,50,0,0,0,0,3,0,118,50,0,0
2540,106,50,0,0,0,0,3,0,118,50,0,0
2541,106,50,0,0,0,0,3,0,118,50,0,0
2542,106,50,0,0,0,0,3,0,118,50,0,0
2543,106,50,0,0,0,0,3,0,118,50,0,0
2544,106,50,0,0,0,0,3,0,118,50,0,0
2545,106,50,0,0,0,0,3,0,118,50,0,0
2546,106,50,0,0,0,0,3,0,118,50,0,0
2547,106,50,0,0,0,0,3,0,118,50,0,0
2548,106,50,0,0,0,0,3,0,118,50,0,0
2549,106,50,0,0,0,0,3,0,118,50,0,0
2550,106,50,0,0,0,0,3,0,118,50,0,0
2551,106,50,0,0,0,0,3,0,118,50,0,0
2552,106,50,0,0,0,0,3,0,118,50,0,0
2553,106,50,0,0,0,0,3,0,118,50,0,0
2554,106,50,0,0,0,0,3,0,118,50,0,0
2555,106,50,0,0,0,0,3,0,118,50,0,0
2556,106,50,0,0,0,0,3,0,118,50,0,0
2557,106,50,0,0,0,0,3,0,118,50,0,0
2558,106,50,0,0,0,0,3,0,118,50,0,0
2559,106,50,0,0,0,0,3,0,118,50,0,0
2560,106,50,0,0,0,0,3,0,118,50,0,0
2561,106,50,0,0,0,0,3,0,118,50,0,0
2562,106,50,0,0,0,0,3,0,118,50,0,0
2563,106,50,0,0,0,0,3,0,118,50,0,0
2564,106,50,0,0,0,0,3,0,118,50,0,0
2565,106,50,0,0,0,0,3,0,118,50,0,0
2566,106,50,0,0,0,0,3,0,118,50,0,0
2567,106,50,0,0,0,0,3,0,118,50,0,0
2568,106,50,0,0,0,0,3,0,117,50,0,0
2568,106,50,0,0,0,0,2,0,117,50,0,0
2569,106,50,0,0,0,0,2,0,117,50,0,0
2570,106,50,0,0,0,0,2,0,117,50,0,0
2571,106,50,0,0,0,0,2,0,117,50,0,0
2572,106,50,0,0,0,0,2,0,117,50,0,0
2573,106,50,0,0,0,0,2,0,117,50,0,0
2574,106,50,0,0,0,0,2,0,117,50,0,0
2575,106,50,0,0,0,0,2,0,117,50,0,0
2576,106,50,0,0,0,0,2,0,117,50,0,0
2577,106,50,0,0,0,0,2,0,117,50,0,0
2578,106,50,0,0,0,0,2,0,117,50,0,0
2579,106,50,0,0,0,0,2,0,117,50,0,0
2580,106,50,0,0,0,0,2,0,117,50,0,0
2581,106,50,0,0,0,0,2,0,117,50,0,0
2582,106,50,0,0,0,0,2,0,117,50,0,0
2583,106,50,0,0,0,0,2,0,117,50,0,0
2584,106,50,0,0,0,0,2,0,117,50,0,0
2585,106,50,0,0,0,0,2,0,117,50,0,0
2586,106,50,0,0,0,0,2,0,117,50,0,0
2587,106,50,0,0,0,0,2,0,117,50,0,0
2588,106,50,0,0,0,0,2,0,117,50,0,0
2589,106,50,0,0,0,0,2,0,117,50,0,0
2590,106,50,0,0,0,0,2,0,117,50,0,0
2591,106,50,0,0,0,0,2,0,117,50,0,0
2592,106,50,0,0,0,0,2,0,117,50,0,0
2593,106,50,0,0,0,0,2,0,117,50,0,0
2594,106,50,0,0,0,0,2,0,117,50,0,0
2595,106,50,0,0,0,0,2,0,117,50,0,0
2596,106,50,0,0,0,0,2,0,117,50,0,0
2597,106,50,0,0,0,0,2,0,117,50,0,0
2598,106,50,0,0,0,0,2,0,116,50,0,0
2598,106,50,0,0,0,0,1,0,116,50,0,0
2599,106,50,0,0,0,0,1,0,116,50,0,0
2600,106,50,0,0,0,0,1,0,116,50,0,0
2601,106,50,0,0,0,0,1,0,116,50,0,0
2602,106,50,0,0,0,0,1,0,116,50,0,0
2603,106,50,0,0,0,0,1,0,116,50,0,0
2604,106,50,0,0,0,0,1,0,116,50,0,0
2605,106,50,0,0,0,0,1,0,116,50,0,0
2606,106,50,0,0,0,0,1,0,116,50,0,0
2607,106,50,0,0,0,0,1,0,116,50,0,0
2608,106,50,0,0,0,0,1,0,116,50,0,0
2609,106,50,0,0,0,0,1,0,116,50,0,0
2610,106,50,0,0,0,0,1,0,116,50,0,0
2611,106,50,0,0,0,0,1,0,116,50,0,0
2612,106,50,0,0,0,0,1,0,116,50,0,0
2613,106,50,0,0,0,0,1,0,116,50,0,0
2614,106,50,0,0,0,0,1,0,116,50,0,0
2615,106,50,0,0,0,0,1,0,116,50,0,0
2616,106,50,0,0,0,0,1,0,116,50,0,0
2617,106,50,0,0,0,0,1,0,116,50,0,0
2618,106,50,0,0,0,0,1,0,116,50,0,0
2619,106,50,0,0,0,0,1,0,116,50,0,0
2620,106,50,0,0,0,0,1,0,116,50,0,0
2621,106,50,0,0,0,0,1,0,116,50,0,0
2622,106,50,0,0,0,0,1,0,116,50,0,0
2623,106,50,0,0,0,0,1,0,116,50,0,0
2624,106,50,0,0,0,0,1,0,116,50,0,0
2625,106,50,0,0,0,0,1,0,116,50,0,0
2626,106,50,0,0,0,0,1,0,116,50,0,0
2627,106,50,0,0,0,0,1,0,116,50,0,0
2628,106,50,0,0,0,0,1,0,115,50,0,0
2628,106,50,0,0,0,0,0,0,115,50,0,0
2629,106,50,0,0,0,0,0,0,115,50,0,0
2630,106,50,0,0,0,0,0,0,115,50,0,0
2631,106,50,0,0,0,0,0,0,115,50,0,0
2632,106,50,0,0,0,0,0,0,115,50,0,0
2633,106,50,0,0,0,0,0,0,115,50,0,0
2634,106,50,0,0,0,0,0,0,115,50,0,0
2635,106,50,0,0,0,0,0,0,115,50,0,0
2636,106,50,0,0,0,0,0,0,115,50,0,0
2637,106,50,0,0,0,0,0,0,115,50,0,0
2638,106,50,0,0,0,0,0,0,115,50,0,0
2639,106,50,0,0,0,0,0,0,115,50,0,0
2640,106,50,0,0,0,0,0,0,115,50,0,0
2641,106,50,0,0,0,0,0,0,115,50,0,0
2642,106,50,0,0,0,0,0,0,115,50,0,0
2643,102,50,3,0,0,0,0,0,115,50,0,0
2644,102,50,3,0,0,0,0,0,115,50,0,0
2645,102,50,3,0,0,0,0,0,115,50,0,0
2646,102,50,3,0,0,0,0,0,115,50,0,0
2647,102,50,3,0,0,0,0,0,115,50,0,0
2648,102,50,3,0,0,0,0,0,115,50,0,0
2649,102,50,3,0,0,0,0,0,115,50,0,0
2650,102,50,3,0,0,0,0,0,115,50,0,0
2651,102,50,3,0,0,0,0,0,115,50,0,0
2652,102,50,3,0,0,0,0,0,115,50,0,0
2653,102,50,3,0,0,0,0,0,115,50,0,0
2654,102,50,3,0,0,0,0,0,115,50,0,0
2655,102,50,3,0,0,0,0,0,115,50,0,0
2656,102,50,3,0,0,0,0,0,115,50,0,0
2657,102,50,3,0,0,0,0,0,115,50,0,0
2658,102,50,3,0,0,0,0,0,114,50,0,0
2658,102,50,3,0,0,0,0,0,114,50,0,0
2659,102,50,3,0,0,0,0,0,114,50,0,0
2660,102,50,3,0,0,0,0,0,114,50,0,0
2661,102,50,3,0,0,0,0,0,114,50,0,0
2662,102,50,3,0,0,0,0,0,114,50,0,0
2663,102,50,3,0,0,0,0,0,114,50,0,0
2664,102,50,3,0,0,0,0,0,114,50,0,0
2665,102,50,3,0,0,0,0,0,114,50,0,0
2666,102,50,3,0,0,0,0,0,114,50,0,0
2667,102,50,3,0,0,0,0,0,114,50,0,0
2668,102,50,3,0,0,0,0,0,114,50,0,0
2669,102,50,3,0,0,0,0,0,114,50,0,0
2670,102,50,3,0,0,0,0,0,114,50,0,0
2671,102,50,3,0,0,0,0,0,114,50,0,0
2672,102,50,3,0,0,0,0,0,114,50,0,0
2673,102,50,2,0,1,0,0,0,114,50,0,0
2674,102,50,2,0,1,0,0,0,114,50,0,0
2675,102,50,2,0,1,0,0,0,114,50,0,0
2676,102,50,2,0,1,0,0,0,114,50,0,0
2677,102,50,2,0,1,0,0,0,114,50,0,0
2678,102,50,2,0,1,0,0,0,114,50,0,0
2679,102,50,2,0,1,0,0,0,114,50,0,0
2680,102,50,2,0,1,0,0,0,114,50,0,0
2681,102,50,2,0,1,0,0,0,114,50,0,0
2682,102,50,2,0,1,0,0,0,114,50,0,0
2683,102,50,2,0,1,0,0,0,114,50,0,0
2684,102,50,2,0,1,0,0,0,114,50,0,0
2685,102,50,2,0,1,0,0,0,114,50,0,0
2686,102,50,2,0,1,0,0,0,114,50,0,0
2687,102,50,2,0,1,0,0,0,114,50,0,0
2688,102,50,2,0,1,0,0,0,114,50,0,0
2689,102,50,2,0,1,0,0,0,114,50,0,0
2690,102,50,2,0,1,0,0,0,114,50,0,0
2691,102,50,2,0,1,0,0,0,114,50,0,0
2692,102,50,2,0,1,0,0,0,114,50,0,0
2693,102,50,2,0,1,0,0,0,114,50,0,0
2694,102,50,2,0,1,0,0,0,114,50,0,0
2695,102,50,2,0,1,0,0,0,114,50,0,0
2696,102,50,2,0,1,0,0,0,114,50,0,0
2697,102,50,2,0,1,0,0,0,114,50,0,0
2698,102,50,2,0,1,0,0,0,114,50,0,0
2699,102,50,2,0,1,0,0,0,114,50,0,0
2700,102,50,2,0,1,0,0,0,114,50,0,0
2701,102,50,2,0,1,0,0,0,114,50,0,0
2702,102,50,2,0,1,0,0,0,114,50,0,0
2703,102,50,1,0,2,0,0,0,114,50,0,0
2704,102,50,1,0,2,0,0,0,114,50,0,0
2705,102,50,1,0,2,0,0,0,114,50,0,0
2706,102,50,1,0,2,0,0,0,114,50,0,0
2707,102,50,1,0,2,0,0,0,114,50,0,0
2708,102,50,1,0,2,0,0,0,114,50,0,0
2709,102,50,1,0,2,0,0,0,114,50,0,0
2710,102,50,1,0,2,0,0,0,114,50,0,0
2711,102,50,1,0,2,0,0,0,114,50,0,0
2712,102,50,1,0,2,0,0,0,114,50,0,0
2713,102,50,1,0,2,0,0,0,114,50,0,0
2714,102,50,1,0,2,0,0,0,114,50,0,0
2715,102,50,1,0,2,0,0,0,114,50,0,0
2716,102,50,1,0,2,0,0,0,114,50,0,0
2717,102,50,1,0,2,0,0,0,114,50,0,0
2718,102,50,1,0,2,0,0,0,114,50,0,0
2719,102,50,1,0,2,0,0,0,114,50,0,0
2720,102,50,1,0,2,0,0,0,114,50,0,0
2721,102,50,1,0,2,0,0,0,114,50,0,0
2722,102,50,1,0,2,0,0,0,114,50,0,0
2723,102,50,1,0,2,0,0,0,114,50,0,0
2724,102,50,1,0,2,0,0,0,114,50,0,0
2725,102,50,1,0,2,0,0,0,114,50,0,0
2726,102,50,1,0,2,0,0,0,114,50,0,0
2727,102,50,1,0,2,0,0,0,114,50,0,0
2728,102,50,1,0,2,0,0,0,114,50,0,0
2729,102,50,1,0,2,0,0,0,114,50,0,0
2730,102,50,1,0,2,0,0,0,114,50,0,0
2731,102,50,1,0,2,0,0,0,114,50,0,0
2732,102,50,1,0,2,0,0,0,114,50,0,0
2733,102,50,0,0,3,0,0,0,114,50,0,0
2734,102,50,0,0,3,0,0,0,114,50,0,0
2735,102,50,0,0,3,0,0,0,114,50,0,0
2736,102,50,0,0,3,0,0,0,114,50,0,0
2737,102,50,0,0,3,0,0,0,114,50,0,0
2738,102,50,0,0,3,0,0,0,114,50,0,0
2739,102,50,0,0,3,0,0,0,114,50,0,0
2740,102,50,0,0,3,0,0,0,114,50,0,0
2741,102,50,0,0,3,0,0,0,114,50,0,0
2742,102,50,0,0,3,0,0,0,114,50,0,0
2743,102,50,0,0,3,0,0,0,114,50,0,0
2744,102,50,0,0,3,0,0,0,114,50,0,0
2745,102,50,0,0,3,0,0,0,114,50,0,0
2746,102,50,0,0,3,0,0,0,114,50,0,0
2747,102,50,0,0,3,0,0,0,114,50,0,0
2748,102,50,0,0,3,0,0,0,114,50,0,0
2749,102,50,0,0,3,0,0,0,114,50,0,0
2750,102,50,0,0,3,0,0,0,114,50,0,0
2751,102,50,0,0,3,0,0,0,114,50,0,0
2752,102,50,0,0,3,0,0,0,114,50,0,0
2753,102,50,0,0,3,0,0,0,114,50,0,0
2754,102,50,0,0,3,0,0,0,114,50,0,0
2755,102,50,0,0,3,0,0,0,114,50,0,0
2756,102,50,0,0,3,0,0,0,114,50,0,0
2757,102,50,0,0,3,0,0,0,114,50,0,0
2758,102,50,0,0,3,0,0,0,114,50,0,0
2759,102,50,0,0,3,0,0,0,114,50,0,0
2760,102,50,0,0,3,0,0,0,114,50,0,0
2761,102,50,0,0,3,0,0,0,114,50,0,0
2762,102,50,0,0,3,0,0,0,114,50,0,0
2763,102,50,0,0,4,0,0,0,114,50,0,0
2764,102,50,0,0,4,0,0,0,114,50,0,0
2765,102,50,0,0,4,0,0,0,114,50,0,0
2766,102,50,0,0,4,0,0,0,114,50,0,0
2767,102,50,0,0,4,0,0,0,114,50,0,0
2768,102,50,0,0,4,0,0,0,114,50,0,0
2769,102,50,0,0,4,0,0,0,114,50,0,0
2770,102,50,0,0,4,0,0,0,114,50,0,0
2771,102,50,0,0,4,0,0,0,114,50,0,0
2772,102,50,0,0,4,0,0,0,114,50,0,0
2773,102,50,0,0,4,0,0,0,114,50,0,0
2774,102,50,0,0,4,0,0,0,114,50,0,0
2775,102,50,0,0,4,0,0,0,114,50,0,0
2776,102,50,0,0,4,0,0,0,114,50,0,0
2777,102,50,0,0,4,0,0,0,114,50,0,0
2778,102,50,0,0,0,0,3,0,114,50,0,0
2779,102,50,0,0,0,0,3,0,114,50,0,0
2780,102,50,0,0,0,0,3,0,114,50,0,0
2781,102,50,0,0,0,0,3,0,114,50,0,0
2782,102,50,0,0,0,0,3,0,114,50,0,0
2783,102,50,0,0,0,0,3,0,114,50,0,0
2784,102,50,0,0,0,0,3,0,114,50,0,0
2785,102,50,0,0,0,0,3,0,114,50,0,0
2786,102,50,0,0,0,0,3,0,114,50,0,0
2787,102,50,0,0,0,0,3,0,114,50,0,0
2788,102,50,0,0,0,0,3,0,114,50,0,0
2789,102,50,0,0,0,0,3,0,114,50,0,0
2790,102,50,0,0,0,0,3,0,114,50,0,0
2791,102,50,0,0,0,0,3,0,114,50,0,0
2792,102,50,0,0,0,0,3,0,114,50,0,0
2793,102,50,0,0,0,0,3,0,114,50,0,0
2794,102,50,0,0,0,0,3,0,114,50,0,0
2795,102,50,0,0,0,0,3,0,114,50,0,0
2796,102,50,0,0,0,0,3,0,114,50,0,0
2797,102,50,0,0,0,0,3,0,114,50,0,0
2798,102,50,0,0,0,0,3,0,114,50,0,0
2799,102,50,0,0,0,0,3,0,114,50,0,0
2800,102,50,0,0,0,0,3,0,114,50,0,0
2801,102,50,0,0,0,0,3,0,114,50,0,0
2802,102,50,0,0,0,0,3,0,114,50,0,0
2803,102,50,0,0,0,0,3,0,114,50,0,0
2804,102,50,0,0,0,0,3,0,114,50,0,0
2805,102,50,0,0,0,0,3,0,114,50,0,0
2806,102,50,0,0,0,0,3,0,114,50,0,0
2807,102,50,0,0,0,0,3,0,114,50,0,0
2808,102,50,0,0,0,0,3,0,113,50,0,0
2808,102,50,0,0,0,0,2,0,113,50,0,0
2809,102,50,0,0,0,0,2,0,113,50,0,0
2810,102,50,0,0,0,0,2,0,113,50,0,0
2811,102,50,0,0,0,0,2,0,113,50,0,0
2812,102,50,0,0,0,0,2,0,113,50,0,0
2813,102,50,0,0,0,0,2,0,113,50,0,0
2814,102,50,0,0,0,0,2,0,113,50,0,0
2815,102,50,0,0,0,0,2,0,113,50,0,0
2816,102,50,0,0,0,0,2,0,113,50,0,0
2817,102,50,0,0,0,0,2,0,113,50,0,0
2818,102,50,0,0,0,0,2,0,113,50,0,0
2819,102,50,0,0,0,0,2,0,113,50,0,0
2820,102,50,0,0,0,0,2,0,113,50,0,0
2821,102,50,0,0,0,0,2,0,113,50,0,0
2822,102,50,0,0,0,0,2,0,113,50,0,0
2823,102,50,0,0,0,0,2,0,113,50,0,0
2824,102,50,0,0,0,0,2,0,113,50,0,0
2825,102,50,0,0,0,0,2,0,113,50,0,0
2826,102,50,0,0,0,0,2,0,113,50,0,0
2827,102,50,0,0,0,0,2,0,113,50,0,0
2828,102,50,0,0,0,0,2,0,113,50,0,0
2829,102,50,0,0,0,0,2,0,113,50,0,0
2830,102,50,0,0,0,0,2,0,113,50,0,0
2831,102,50,0,0,0,0,2,0,113,50,0,0
2832,102,50,0,0,0,0,2,0,113,50,0,0
2833,102,50,0,0,0,0,2,0,113,50,0,0
2834,102,50,0,0,0,0,2,0,113,50,0,0
2835,102,50,0,0,0,0,2,0,113,50,0,0
2836,102,50,0,0,0,0,2,0,113,50,0,0
2837,102,50,0,0,0,0,2,0,113,50,0,0
2838,102,50,0,0,0,0,2,0,112,50,0,0
2838,102,50,0,0,0,0,1,0,112,50,0,0
2839,102,50,0,0,0,0,1,0,112,50,0,0
2840,102,50,0,0,0,0,1,0,112,50,0,0
2841,102,50,0,0,0,0,1,0,112,50,0,0
2842,102,50,0,0,0,0,1,0,112,50,0,0
2843,102,50,0,0,0,0,1,0,112,50,0,0
2844,102,50,0,0,0,0,1,0,112,50,0,0
2845,102,50,0,0,0,0,1,0,112,50,0,0
2846,102,50,0,0,0,0,1,0,112,50,0,0
2847,102,50,0,0,0,0,1,0,112,50,0,0
2848,102,50,0,0,0,0,1,0,112,50,0,0
2849,102,50,0,0,0,0,1,0,112,50,0,0
2850,102,50,0,0,0,0,1,0,112,50,0,0
2851,102,50,0,0,0,0,1,0,112,50,0,0
2852,102,50,0,0,0,0,1,0,112,50,0,0
2853,102,50,0,0,0,0,1,0,112,50,0,0
2854,102,50,0,0,0,0,1,0,112,50,0,0
2855,102,50,0,0,0,0,1,0,112,50,0,0
2856,102,50,0,0,0,0,1,0,112,50,0,0
2857,102,50,0,0,0,0,1,0,112,50,0,0
2858,102,50,0,0,0,0,1,0,112,50,0,0
2859,102,50,0,0,0,0,1,0,112,50,0,0
2860,102,50,0,0,0,0,1,0,112,50,0,0
2861,102,50,0,0,0,0,1,0,112,50,0,0
2862,102,50,0,0,0,0,1,0,112,50,0,0
2863,102,50,0,0,0,0,1,0,112,50,0,0
2864,102,50,0,0,0,0,1,0,112,50,0,0
2865,102,50,0,0,0,0,1,0,112,50,0,0
2866,102,50,0,0,0,0,1,0,112,50,0,0
2867,102,50,0,0,0,0,1,0,112,50,0,0
2868,102,50,0,0,0,0,1,0,111,50,0,0
2868,102,50,0,0,0,0,0,0,111,50,0,0
2869,102,50,0,0,0,0,0,0,111,50,0,0
2870,102,50,0,0,0,0,0,0,111,50,0,0
2871,102,50,0,0,0,0,0,0,111,50,0,0
2872,102,50,0,0,0,0,0,0,111,50,0,0
2873,102,50,0,0,0,0,0,0,111,50,0,0
2874,102,50,0,0,0,0,0,0,111,50,0,0
2875,102,50,0,0,0,0,0,0,111,50,0,0
2876,102,50,0,0,0,0,0,0,111,50,0,0
2877,102,50,0,0,0,0,0,0,111,50,0,0
2878,102,50,0,0,0,0,0,0,111,50,0,0
2879,102,50,0,0,0,0,0,0,111,50,0,0
2880,102,50,0,0,0,0,0,0,111,50,0,0
2881,102,50,0,0,0,0,0,0,111,50,0,0
2882,102,50,0,0,0,0,0,0,111,50,0,0
2883,98,50,3,0,0,0,0,0,111,50,0,0
2884,98,50,3,0,0,0,0,0,111,50,0,0
2885,98,50,3,0,0,0,0,0,111,50,0,0
2886,98,50,3,0,0,0,0,0,111,50,0,0
2887,98,50,3,0,0,0,0,0,111,50,0,0
2888,98,50,3,0,0,0,0,0,111,50,0,0
2889,98,50,3,0,0,0,0,0,111,50,0,0
2890,98,50,3,0,0,0,0,0,111,50,0,0
2891,98,50,3,0,0,0,0,0,111,50,0,0
2892,98,50,3,0,0,0,0,0,111,50,0,0
2893,98,50,3,0,0,0,0,0,111,50,0,0
2894,98,50,3,0,0,0,0,0,111,50,0,0
2895,98,50,3,0,0,0,0,0,111,50,0,0
2896,98,50,3,0,0,0,0,0,111,50,0,0
2897,98,50,3,0,0,0,0,0,111,50,0,0
2898,98,50,3,0,0,0,0,0,110,50,0,0
2898,98,50,3,0,0,0,0,0,110,50,0,0
2899,98,50,3,0,0,0,0,0,110,50,0,0
2900,98,50,3,0,0,0,0,0,110,50,0,0
2901,98,50,3,0,0,0,0,0,110,50,0,0
2902,98,50,3,0,0,0,0,0,110,50,0,0
2903,98,50,3,0,0,0,0,0,110,50,0,0
2904,98,50,3,0,0,0,0,0,110,50,0,0
2905,98,50,3,0,0,0,0,0,110,50,0,0
2906,98,50,3,0,0,0,0,0,110,50,0,0
2907,98,50,3,0,0,0,0,0,110,50,0,0
2908,98,50,3,0,0,0,0,0,110,50,0,0
2909,98,50,3,0,0,0,0,0,110,50,0,0
2910,98,50,3,0,0,0,0,0,110,50,0,0
2911,98,50,3,0,0,0,0,0,110,50,0,0
2912,98,50,3,0,0,0,0,0,110,50,0,0
2913,98,50,2,0,1,0,0,0,110,50,0,0
2914,98,50,2,0,1,0,0,0,110,50,0,0
2915,98,50,2,0,1,0,0,0,110,50,0,0
2916,98,50,2,0,1,0,0,0,110,50,0,0
2917,98,50,2,0,1,0,0,0,110,50,0,0
2918,98,50,2,0,1,0,0,0,110,50,0,0
2919,98,50,2,0,1,0,0,0,110,50,0,0
2920,98,50,2,0,1,0,0,0,110,50,0,0
2921,98,50,2,0,1,0,0,0,110,50,0,0
2922,98,50,2,0,1,0,0,0,110,50,0,0
2923,98,50,2,0,1,0,0,0,110,50,0,0
2924,98,50,2,0,1,0,0,0,110,50,0,0
2925,98,50,2,0,1,0,0,0,110,50,0,0
2926,98,50,2,0,1,0,0,0,110,50,0,0
2927,98,50,2,0,1,0,0,0,110,50,0,0
2928,98,50,2,0,1,0,0,0,110,50,0,0
2929,98,50,2,0,1,0,0,0,110,50,0,0
2930,98,50,2,0,1,0,0,0,110,50,0,0
2931,98,50,2,0,1,0,0,0,110,50,0,0
2932,98,50,2,0,1,0,0,0,110,50,0,0
2933,98,50,2,0,1,0,0,0,110,50,0,0
2934,98,50,2,0,1,0,0,0,110,50,0,0
2935,98,50,2,0,1,0,0,0,110,50,0,0
2936,98,50,2,0,1,0,0,0,110,50,0,0
2937,98,50,2,0,1,0,0,0,110,50,0,0
2938,98,50,2,0,1,0,0,0,110,50,0,0
2939,98,50,2,0,1,0,0,0,110,50,0,0
2940,98,50,2,0,1,0,0,0,110,50,0,0
2941,98,50,2,0,1,0,0,0,110,50,0,0
2942,98,50,2,0,1,0,0,0,110,50,0,0
2943,98,50,1,0,2,0,0,0,110,50,0,0
2944,98,50,1,0,2,0,0,0,110,50,0,0
2945,98,50,1,0,2,0,0,0,110,50,0,0
2946,98,50,1,0,2,0,0,0,110,50,0,0
2947,98,50,1,0,2,0,0,0,110,50,0,0
2948,98,50,1,0,2,0,0,0,110,50,0,0
2949,98,50,1,0,2,0,0,0,110,50,0,0
2950,98,50,1,0,2,0,0,0,110,50,0,0
2951,98,50,1,0,2,0,0,0,110,50,0,0
2952,98,50,1,0,2,0,0,0,110,50,0,0
2953,98,50,1,0,2,0,0,0,110,50,0,0
2954,98,50,1,0,2,0,0,0,110,50,0,0
2955,98,50,1,0,2,0,0,0,110,50,0,0
2956,98,50,1,0,2,0,0,0,110,50,0,0
2957,98,50,1,0,2,0,0,0,110,50,0,0
2958,98,50,1,0,2,0,0,0,110,50,0,0
2959,98,50,1,0,2,0,0,0,110,50,0,0
2960,98,50,1,0,2,0,0,0,110,50,0,0
2961,98,50,1,0,2,0,0,0,110,50,0,0
2962,98,50,1,0,2,0,0,0,110,50,0,0
2963,98,50,1,0,2,0,0,0,110,50,0,0
2964,98,50,1,0,2,0,0,0,110,50,0,0
2965,98,50,1,0,2,0,0,0,110,50,0,0
2966,98,50,1,0,2,0,0,0,110,50,0,0
2967,98,50,1,0,2,0,0,0,110,50,0,0
2968,98,50,1,0,2,0,0,0,110,50,0,0
2969,98,50,1,0,2,0,0,0,110,50,0,0
2970,98,50,1,0,2,0,0,0,110,50,0,0
2971,98,50,1,0,2,0,0,0,110,50,0,0
2972,98,50,1,0,2,0,0,0,110,50,0,0
2973,98,50,0,0,3,0,0,0,110,50,0,0
2974,98,50,0,0,3,0,0,0,110,50,0,0
2975,98,50,0,0,3,0,0,0,110,50,0,0
2976,98,50,0,0,3,0,0,0,110,50,0,0
2977,98,50,0,0,3,0,0,0,110,50,0,0
2978,98,50,0,0,3,0,0,0,110,50,0,0
2979,98,50,0,0,3,0,0,0,110,50,0,0
2980,98,50,0,0,3,0,0,0,110,50,0,0
2981,98,50,0,0,3,0,0,0,110,50,0,0
2982,98,50,0,0,3,0,0,0,110,50,0,0
2983,98,50,0,0,3,0,0,0,110,50,0,0
2984,98,50,0,0,3,0,0,0,110,50,0,0
2985,98,50,0,0,3,0,0,0,110,50,0,0
2986,98,50,0,0,3,0,0,0,110,50,0,0
2987,98,50,0,0,3,0,0,0,110,50,0,0
2988,98,50,0,0,3,0,0,0,110,50,0,0
2989,98,50,0,0,3,0,0,0,110,50,0,0
2990,98,50,0,0,3,0,0,0,110,50,0,0
2991,98,50,0,0,3,0,0,0,110,50,0,0
2992,98,50,0,0,3,0,0,0,110,50,0,0
2993,98,50,0,0,3,0,0,0,110,50,0,0
2994,98,50,0,0,3,0,0,0,110,50,0,0
2995,98,50,0,0,3,0,0,0,110,50,0,0
2996,98,50,0,0,3,0,0,0,110,50,0,0
2997,98,50,0,0,3,0,0,0,110,50,0,0
2998,98,50,0,0,3,0,0,0,110,50,0,0
2999,98,50,0,0,3,0,0,0,110,50,0,0
3000,98,50,0,0,3,0,0,0,110,50,0,0
3001,98,50,0,0,3,0,0,0,110,50,0,0
3002,98,50,0,0,3,0,0,0,110,50,0,0
3003,98,50,0,0,4,0,0,0,110,50,0,0
3004,98,50,0,0,4,0,0,0,110,50,0,0
3005,98,50,0,0,4,0,0,0,110,50,0,0
3006,98,50,0,0,4,0,0,0,110,50,0,0
3007,98,50,0,0,4,0,0,0,110,50,0,0
3008,98,50,0,0,4,0,0,0,110,50,0,0
3009,98,50,0,0,4,0,0,0,110,50,0,0
3010,98,50,0,0,4,0,0,0,110,50,0,0
3011,98,50,0,0,4,0,0,0,110,50,0,0
3012,98,50,0,0,4,0,0,0,110,50,0,0
3013,98,50,0,0,4,0,0,0,110,50,0,0
3014,98,50,0,0,4,0,0,0,110,50,0,0
3015,98,50,0,0,4,0,0,0,110,50,0,0
3016,98,50,0,0,4,0,0,0,110,50,0,0
3017,98,50,0,0,4,0,0,0,110,50,0,0
3018,98,50,0,0,0,0,3,0,110,50,0,0
3019,98,50,0,0,0,0,3,0,110,50,0,0
3020,98,50,0,0,0,0,3,0,110,50,0,0
3021,98,50,0,0,0,0,3,0,110,50,0,0
3022,98,50,0,0,0,0,3,0,110,50,0,0
3023,98,50,0,0,0,0,3,0,110,50,0,0
3024,98,50,0,0,0,0,3,0,110,50,0,0
3025,98,50,0,0,0,0,3,0,110,50,0,0
3026,98,50,0,0,0,0,3,0,110,50,0,0
3027,98,50,0,0,0,0,3,0,110,50,0,0
3028,98,50,0,0,0,0,3,0,110,50,0,0
3029,98,50,0,0,0,0,3,0,110,50,0,0
3030,98,50,0,0,0,0,3,0,110,50,0,0
3031,98,50,0,0,0,0,3,0,110,50,0,0
3032,98,50,0,0,0,0,3,0,110,50,0,0
3033,98,50,0,0,0,0,3,0,110,50,0,0
3034,98,50,0,0,0,0,3,0,110,50,0,0
3035,98,50,0,0,0,0,3,0,110,50,0,0
3036,98,50,0,0,0,0,3,0,110,50,0,0
3037,98,50,0,0,0,0,3,0,110,50,0,0
3038,98,50,0,0,0,0,3,0,110,50,0,0
3039,98,50,0,0,0,0,3,0,110,50,0,0
3040,98,50,0,0,0,0,3,0,110,50,0,0
3041,98,50,0,0,0,0,3,0,110,50,0,0
3042,98,50,0,0,0,0,3,0,110,50,0,0
3043,98,50,0,0,0,0,3,0,110,50,0,0
3044,98,50,0,0,0,0,3,0,110,50,0,0
3045,98,50,0,0,0,0,3,0,110,50,0,0
3046,98,50,0,0,0,0,3,0,110,50,0,0
3047,98,50,0,0,0,0,3,0,110,50,0,0
3048,98,50,0,0,0,0,3,0,109,50,0,0
3048,98,50,0,0,0,0,2,0,109,50,0,0
3049,98,50,0,0,0,0,2,0,109,50,0,0
3050,98,50,0,0,0,0,2,0,109,50,0,0
3051,98,50,0,0,0,0,2,0,109,50,0,0
3052,98,50,0,0,0,0,2,0,109,50,0,0
3053,98,50,0,0,0,0,2,0,109,50,0,0
3054,98,50,0,0,0,0,2,0,109,50,0,0
3055,98,50,0,0,0,0,2,0,109,50,0,0
3056,98,50,0,0,0,0,2,0,109,50,0,0
3057,98,50,0,0,0,0,2,0,109,50,0,0
3058,98,50,0,0,0,0,2,0,109,50,0,0
3059,98,50,0,0,0,0,2,0,109,50,0,0
3060,98,50,0,0,0,0,2,0,109,50,0,0
3061,98,50,0,0,0,0,2,0,109,50,0,0
3062,98,50,0,0,0,0,2,0,109,50,0,0
3063,98,50,0,0,0,0,2,0,109,50,0,0
3064,98,50,0,0,0,0,2,0,109,50,0,0
3065,98,50,0,0,0,0,2,0,109,50,0,0
3066,98,50,0,0,0,0,2,0,109,50,0,0
3067,98,50,0,0,0,0,2,0,109,50,0,0
3068,98,50,0,0,0,0,2,0,109,50,0,0
3069,98,50,0,0,0,0,2,0,109,50,0,0
3070,98,50,0,0,0,0,2,0,109,50,0,0
3071,98,50,0,0,0,0,2,0,109,50,0,0
3072,98,50,0,0,0,0,2,0,109,50,0,0
3073,98,50,0,0,0,0,2,0,109,50,0,0
3074,98,50,0,0,0,0,2,0,109,50,0,0
3075,98,50,0,0,0,0,2,0,109,50,0,0
3076,98,50,0,0,0,0,2,0,109,50,0,0
3077,98,50,0,0,0,0,2,0,109,50,0,0
3078,98,50,0,0,0,0,2,0,108,50,0,0
3078,98,50,0,0,0,0,1,0,108,50,0,0
3079,98,50,0,0,0,0,1,0,108,50,0,0
3080,98,50,0,0,0,0,1,0,108,50,0,0
3081,98,50,0,0,0,0,1,0,108,50,0,0
3082,98,50,0,0,0,0,1,0,108,50,0,0
3083,98,50,0,0,0,0,1,0,108,50,0,0
3084,98,50,0,0,0,0,1,0,108,50,0,0
3085,98,50,0,0,0,0,1,0,108,50,0,0
3086,98,50,0,0,0,0,1,0,108,50,0,0
3087,98,50,0,0,0,0,1,0,108,50,0,0
3088,98,50,0,0,0,0,1,0,108,50,0,0
3089,98,50,0,0,0,0,1,0,108,50,0,0
3090,98,50,0,0,0,0,1,0,108,50,0,0
3091,98,50,0,0,0,0,1,0,108,50,0,0
3092,98,50,0,0,0,0,1,0,108,50,0,0
3093,98,50,0,0,0,0,1,0,108,50,0,0
3094,98,50,0,0,0,0,1,0,108,50,0,0
3095,98,50,0,0,0,0,1,0,108,50,0,0
3096,98,50,0,0,0,0,1,0,108,50,0,0
3097,98,50,0,0,0,0,1,0,108,50,0,0
3098,98,50,0,0,0,0,1,0,108,50,0,0
3099,98,50,0,0,0,0,1,0,108,50,0,0
3100,98,50,0,0,0,0,1,0,108,50,0,0
3101,98,50,0,0,0,0,1,0,108,50,0,0
3102,98,50,0,0,0,0,1,0,108,50,0,0
3103,98,50,0,0,0,0,1,0,108,50,0,0
3104,98,50,0,0,0,0,1,0,108,50,0,0
3105,98,50,0,0,0,0,1,0,108,50,0,0
3106,98,50,0,0,0,0,1,0,108,50,0,0
3107,98,50,0,0,0,0,1,0,108,50,0,0
3108,98,50,0,0,0,0,1,0,107,50,0,0
3108,98,50,0,0,0,0,0,0,107,50,0,0
3109,98,50,0,0,0,0,0,0,107,50,0,0
3110,98,50,0,0,0,0,0,0,107,50,0,0
3111,98,50,0,0,0,0,0,0,107,50,0,0
3112,98,50,0,0,0,0,0,0,107,50,0,0
3113,98,50,0,0,0,0,0,0,107,50,0,0
3114,98,50,0,0,0,0,0,0,107,50,0,0
3115,98,50,0,0,0,0,0,0,107,50,0,0
3116,98,50,0,0,0,0,0,0,107,50,0,0
3117,98,50,0,0,0,0,0,0,107,50,0,0
3118,98,50,0,0,0,0,0,0,107,50,0,0
3119,98,50,0,0,0,0,0,0,107,50,0,0
3120,98,50,0,0,0,0,0,0,107,50,0,0
3121,98,50,0,0,0,0,0,0,107,50,0,0
3122,98,50,0,0,0,0,0,0,107,50,0,0
3123,94,50,3,0,0,0,0,0,107,50,0,0
3124,94,50,3,0,0,0,0,0,107,50,0,0
3125,94,50,3,0,0,0,0,0,107,50,0,0
3126,94,50,3,0,0,0,0,0,107,50,0,0
3127,94,50,3,0,0,0,0,0,107,50,0,0
3128,94,50,3,0,0,0,0,0,107,50,0,0
3129,94,50,3,0,0,0,0,0,107,50,0,0
3130,94,50,3,0,0,0,0,0,107,50,0,0
3131,94,50,3,0,0,0,0,0,107,50,0,0
3132,94,50,3,0,0,0,0,0,107,50,0,0
3133,94,50,3,0,0,0,0,0,107,50,0,0
3134,94,50,3,0,0,0,0,0,107,50,0,0
3135,94,50,3,0,0,0,0,0,107,50,0,0
3136,94,50,3,0,0,0,0,0,107,50,0,0
3137,94,50,3,0,0,0,0,0,107,50,0,0
3138,94,50,3,0,0,0,0,0,106,50,0,0
3138,94,50,3,0,0,0,0,0,106,50,0,0
3139,94,50,3,0,0,0,0,0,106,50,0,0
3140,94,50,3,0,0,0,0,0,106,50,0,0
3141,94,50,3,0,0,0,0,0,106,50,0,0
3142,94,50,3,0,0,0,0,0,106,50,0,0
3143,94,50,3,0,0,0,0,0,106,50,0,0
3144,94,50,3,0,0,0,0,0,106,50,0,0
3145,94,50,3,0,0,0,0,0,106,50,0,0
3146,94,50,3,0,0,0,0,0,106,50,0,0
3147,94,50,3,0,0,0,0,0,106,50,0,0
3148,94,50,3,0,0,0,0,0,106,50,0,0
3149,94,50,3,0,0,0,0,0,106,50,0,0
3150,94,50,3,0,0,0,0,0,106,50,0,0
3151,94,50,3,0,0,0,0,0,106,50,0,0
3152,94,50,3,0,0,0,0,0,106,50,0,0
3153,94,50,2,0,1,0,0,0,106,50,0,0
3154,94,50,2,0,1,0,0,0,106,50,0,0
3155,94,50,2,0,1,0,0,0,106,50,0,0
3156,94,50,2,0,1,0,0,0,106,50,0,0
3157,94,50,2,0,1,0,0,0,106,50,0,0
3158,94,50,2,0,1,0,0,0,106,50,0,0
3159,94,50,2,0,1,0,0,0,106,50,0,0
3160,94,50,2,0,1,0,0,0,106,50,0,0
3161,94,50,2,0,1,0,0,0,106,50,0,0
3162,94,50,2,0,1,0,0,0,106,50,0,0
3163,94,50,2,0,1,0,0,0,106,50,0,0
3164,94,50,2,0,1,0,0,0,106,50,0,0
3165,94,50,2,0,1,0,0,0,106,50,0,0
3166,94,50,2,0,1,0,0,0,106,50,0,0
3167,94,50,2,0,1,0,0,0,106,50,0,0
3168,94,50,2,0,1,0,0,0,106,50,0,0
3169,94,50,2,0,1,0,0,0,106,50,0,0
3170,94,50,2,0,1,0,0,0,106,50,0,0
3171,94,50,2,0,1,0,0,0,106,50,0,0
3172,94,50,2,0,1,0,0,0,106,50,0,0
3173,94,50,2,0,1,0,0,0,106,50,0,0
3174,94,50,2,0,1,0,0,0,106,50,0,0
3175,94,50,2,0,1,0,0,0,106,50,0,0
3176,94,50,2,0,1,0,0,0,106,50,0,0
3177,94,50,2,0,1,0,0,0,106,50,0,0
3178,94,50,2,0,1,0,0,0,106,50,0,0
3179,94,50,2,0,1,0,0,0,106,50,0,0
3180,94,50,2,0,1,0,0,0,106,50,0,0
3181,94,50,2,0,1,0,0,0,106,50,0,0
3182,94,50,2,0,1,0,0,0,106,50,0,0
3183,94,50,1,0,2,0,0,0,106,50,0,0
3184,94,50,1,0,2,0,0,0,106,50,0,0
3185,94,50,1,0,2,0,0,0,106,50,0,0
3186,94,50,1,0,2,0,0,0,106,50,0,0
3187,94,50,1,0,2,0,0,0,106,50,0,0
3188,94,50,1,0,2,0,0,0,106,50,0,0
3189,94,50,1,0,2,0,0,0,106,50,0,0
3190,94,50,1,0,2,0,0,0,106,50,0,0
3191,94,50,1,0,2,0,0,0,106,50,0,0
3192,94,50,1,0,2,0,0,0,106,50,0,0
3193,94,50,1,0,2,0,0,0,106,50,0,0
3194,94,50,1,0,2,0,0,0,106,50,0,0
3195,94,50,1,0,2,0,0,0,106,50,0,0
3196,94,50,1,0,2,0,0,0,106,50,0,0
3197,94,50,1,0,2,0,0,0,106,50,0,0
3198,94,50,1,0,2,0,0,0,106,50,0,0
3199,94,50,1,0,2,0,0,0,106,50,0,0
3200,94,50,1,0,2,0,0,0,106,50,0,0
3201,94,50,1,0,2,0,0,0,106,50,0,0
3202,94,50,1,0,2,0,0,0,106,50,0,0
3203,94,50,1,0,2,0,0,0,106,50,0,0
3204,94,50,1,0,2,0,0,0,106,50,0,0
3205,94,50,1,0,2,0,0,0,106,50,0,0
3206,94,50,1,0,2,0,0,0,106,50,0,0
3207,94,50,1,0,2,0,0,0,106,50,0,0
3208,94,50,1,0,2,0,0,0,106,50,0,0
3209,94,50,1,0,2,0,0,0,106,50,0,0
3210,94,50,1,0,2,0,0,0,106,50,0,0
3211,94,50,1,0,2,0,0,0,106,50,0,0
3212,94,50,1,0,2,0,0,0,106,50,0,0
3213,94,50,0,0,3,0,0,0,106,50,0,0
3214,94,50,0,0,3,0,0,0,106,50,0,0
3215,94,50,0,0,3,0,0,0,106,50,0,0
3216,94,50,0,0,3,0,0,0,106,50,0,0
3217,94,50,0,0,3,0,0,0,106,50,0,0
3218,94,50,0,0,3,0,0,0,106,50,0,0
3219,94,50,0,0,3,0,0,0,106,50,0,0
3220,94,50,0,0,3,0,0,0,106,50,0,0
3221,94,50,0,0,3,0,0,0,106,50,0,0
3222,94,50,0,0,3,0,0,0,106,50,0,0
3223,94,50,0,0,3,0,0,0,106,50,0,0
3224,94,50,0,0,3,0,0,0,106,50,0,0
3225,94,50,0,0,3,0,0,0,106,50,0,0
3226,94,50,0,0,3,0,0,0,106,50,0,0
3227,94,50,0,0,3,0,0,0,106,50,0,0
3228,94,50,0,0,3,0,0,0,106,50,0,0
3229,94,50,0,0,3,0,0,0,106,50,0,0
3230,94,50,0,0,3,0,0,0,106,50,0,0
3231,94,50,0,0,3,0,0,0,106,50,0,0
3232,94,50,0,0,3,0,0,0,106,50,0,0
3233,94,50,0,0,3,0,0,0,106,50,0,0
3234,94,50,0,0,3,0,0,0,106,50,0,0
3235,94,50,0,0,3,0,0,0,106,50,0,0
3236,94,50,0,0,3,0,0,0,106,50,0,0
3237,94,50,0,0,3,0,0,0,106,50,0,0
3238,94,50,0,0,3,0,0,0,106,50,0,0
3239,94,50,0,0,3,0,0,0,106,50,0,0
3240,94,50,0,0,3,0,0,0,106,50,0,0
3241,94,50,0,0,3,0,0,0,106,50,0,0
3242,94,50,0,0,3,0,0,0,106,50,0,0
3243,94,50,0,0,4,0,0,0,106,50,0,0
3244,94,50,0,0,4,0,0,0,106,50,0,0
3245,94,50,0,0,4,0,0,0,106,50,0,0
3246,94,50,0,0,4,0,0,0,106,50,0,0
3247,94,50,0,0,4,0,0,0,106,50,0,0
3248,94,50,0,0,4,0,0,0,106,50,0,0
3249,94,50,0,0,4,0,0,0,106,50,0,0
3250,94,50,0,0,4,0,0,0,106,50,0,0
3251,94,50,0,0,4,0,0,0,106,50,0,0
3252,94,50,0,0,4,0,0,0,106,50,0,0
3253,94,50,0,0,4,0,0,0,106,50,0,0
3254,94,50,0,0,4,0,0,0,106,50,0,0
3255,94,50,0,0,4,0,0,0,106,50,0,0
3256,94,50,0,0,4,0,0,0,106,50,0,0
3257,94,50,0,0,4,0,0,0,106,50,0,0
3258,94,50,0,0,0,0,3,0,106,50,0,0
3259,94,50,0,0,0,0,3,0,106,50,0,0
3260,94,50,0,0,0,0,3,0,106,50,0,0
3261,94,50,0,0,0,0,3,0,106,50,0,0
3262,94,50,0,0,0,0,3,0,106,50,0,0
3263,94,50,0,0,0,0,3,0,106,50,0,0
3264,94,50,0,0,0,0,3,0,106,50,0,0
3265,94,50,0,0,0,0,3,0,106,50,0,0
3266,94,50,0,0,0,0,3,0,106,50,0,0
3267,94,50,0,0,0,0,3,0,106,50,0,0
3268,94,50,0,0,0,0,3,0,106,50,0,0
3269,94,50,0,0,0,0,3,0,106,50,0,0
3270,94,50,0,0,0,0,3,0,106,50,0,0
3271,94,50,0,0,0,0,3,0,106,50,0,0
3272,94,50,0,0,0,0,3,0,106,50,0,0
3273,94,50,0,0,0,0,3,0,106,50,0,0
3274,94,50,0,0,0,0,3,0,106,50,0,0
3275,94,50,0,0,0,0,3,0,106,50,0,0
3276,94,50,0,0,0,0,3,0,106,50,0,0
3277,94,50,0,0,0,0,3,0,106,50,0,0
3278,94,50,0,0,0,0,3,0,106,50,0,0
3279,94,50,0,0,0,0,3,0,106,50,0,0
3280,94,50,0,0,0,0,3,0,106,50,0,0
3281,94,50,0,0,0,0,3,0,106,50,0,0
3282,94,50,0,0,0,0,3,0,106,50,0,0
3283,94,50,0,0,0,0,3,0,106,50,0,0
3284,94,50,0,0,0,0,3,0,106,50,0,0
3285,94,50,0,0,0,0,3,0,106,50,0,0
3286,94,50,0,0,0,0,3,0,106,50,0,0
3287,94,50,0,0,0,0,3,0,106,50,0,0
3288,94,50,0,0,0,0,3,0,105,50,0,0
3288,94,50,0,0,0,0,2,0,105,50,0,0
3289,94,50,0,0,0,0,2,0,105,50,0,0
3290,94,50,0,0,0,0,2,0,105,50,0,0
3291,94,50,0,0,0,0,2,0,105,50,0,0
3292,94,50,0,0,0,0,2,0,105,50,0,0
3293,94,50,0,0,0,0,2,0,105,50,0,0
3294,94,50,0,0,0,0,2,0,105,50,0,0
3295,94,50,0,0,0,0,2,0,105,50,0,0
3296,94,50,0,0,0,0,2,0,105,50,0,0
3297,94,50,0,0,0,0,2,0,105,50,0,0
3298,94,50,0,0,0,0,2,0,105,50,0,0
3299,94,50,0,0,0,0,2,0,105,50,0,0
3300,94,50,0,0,0,0,2,0,105,50,0,0
3301,94,50,0,0,0,0,2,0,105,50,0,0
3302,94,50,0,0,0,0,2,0,105,50,0,0
3303,94,50,0,0,0,0,2,0,105,50,0,0
3304,94,50,0,0,0,0,2,0,105,50,0,0
3305,94,50,0,0,0,0,2,0,105,50,0,0
3306,94,50,0,0,0,0,2,0,105,50,0,0
3307,94,50,0,0,0,0,2,0,105,50,0,0
3308,94,50,0,0,0,0,2,0,105,50,0,0
3309,94,50,0,0,0,0,2,0,105,50,0,0
3310,94,50,0,0,0,0,2,0,105,50,0,0
3311,94,50,0,0,0,0,2,0,105,50,0,0
3312,94,50,0,0,0,0,2,0,105,50,0,0
3313,94,50,0,0,0,0,2,0,105,50,0,0
3314,94,50,0,0,0,0,2,0,105,50,0,0
3315,94,50,0,0,0,0,2,0,105,50,0,0
3316,94,50,0,0,0,0,2,0,105,50,0,0
3317,94,50,0,0,0,0,2,0,105,50,0,0
3318,94,50,0,0,0,0,2,0,104,50,0,0
3318,94,50,0,0,0,0,1,0,104,50,0,0
3319,94,50,0,0,0,0,1,0,104,50,0,0
3320,94,50,0,0,0,0,1,0,104,50,0,0
3321,94,50,0,0,0,0,1,0,104,50,0,0
3322,94,50,0,0,0,0,1,0,104,50,0,0
3323,94,50,0,0,0,0,1,0,104,50,0,0
3324,94,50,0,0,0,0,1,0,104,50,0,0
3325,94,50,0,0,0,0,1,0,104,50,0,0
3326,94,50,0,0,0,0,1,0,104,50,0,0
3327,94,50,0,0,0,0,1,0,104,50,0,0
3328,94,50,0,0,0,0,1,0,104,50,0,0
3329,94,50,0,0,0,0,1,0,104,50,0,0
3330,94,50,0,0,0,0,1,0,104,50,0,0
3331,94,50,0,0,0,0,1,0,104,50,0,0
3332,94,50,0,0,0,0,1,0,104,50,0,0
3333,94,50,0,0,0,0,1,0,104,50,0,0
3334,94,50,0,0,0,0,1,0,104,50,0,0
3335,94,50,0,0,0,0,1,0,104,50,0,0
3336,94,50,0,0,0,0,1,0,104,50,0,0
3337,94,50,0,0,0,0,1,0,104,50,0,0
3338,94,50,0,0,0,0,1,0,104,50,0,0
3339,94,50,0,0,0,0,1,0,104,50,0,0
3340,94,50,0,0,0,0,1,0,104,50,0,0
3341,94,50,0,0,0,0,1,0,104,50,0,0
3342,94,50,0,0,0,0,1,0,104,50,0,0
3343,94,50,0,0,0,0,1,0,104,50,0,0
3344,94,50,0,0,0,0,1,0,104,50,0,0
3345,94,50,0,0,0,0,1,0,104,50,0,0
3346,94,50,0,0,0,0,1,0,104,50,0,0
3347,94,50,0,0,0,0,1,0,104,50,0,0
3348,94,50,0,0,0,0,1,0,103,50,0,0
3348,94,50,0,0,0,0,0,0,103,50,0,0
3349,94,50,0,0,0,0,0,0,103,50,0,0
3350,94,50,0,0,0,0,0,0,103,50,0,0
3351,94,50,0,0,0,0,0,0,103,50,0,0
3352,94,50,0,0,0,0,0,0,103,50,0,0
3353,94,50,0,0,0,0,0,0,103,50,0,0
3354,94,50,0,0,0,0,0,0,103,50,0,0
3355,94,50,0,0,0,0,0,0,103,50,0,0
3356,94,50,0,0,0,0,0,0,103,50,0,0
3357,94,50,0,0,0,0,0,0,103,50,0,0
3358,94,50,0,0,0,0,0,0,103,50,0,0
3359,94,50,0,0,0,0,0,0,103,50,0,0
3360,94,50,0,0,0,0,0,0,103,50,0,0
3361,94,50,0,0,0,0,0,0,103,50,0,0
3362,94,50,0,0,0,0,0,0,103,50,0,0
3363,90,50,3,0,0,0,0,0,103,50,0,0
3364,90,50,3,0,0,0,0,0,103,50,0,0
3365,90,50,3,0,0,0,0,0,103,50,0,0
3366,90,50,3,0,0,0,0,0,103,50,0,0
3367,90,50,3,0,0,0,0,0,103,50,0,0
3368,90,50,3,0,0,0,0,0,103,50,0,0
3369,90,50,3,0,0,0,0,0,103,50,0,0
3370,90,50,3,0,0,0,0,0,103,50,0,0
3371,90,50,3,0,0,0,0,0,103,50,0,0
3372,90,50,3,0,0,0,0,0,103,50,0,0
3373,90,50,3,0,0,0,0,0,103,50,0,0
3374,90,50,3,0,0,0,0,0,103,50,0,0
3375,90,50,3,0,0,0,0,0,103,50,0,0
3376,90,50,3,0,0,0,0,0,103,50,0,0
3377,90,50,3,0,0,0,0,0,103,50,0,0
3378,90,50,3,0,0,0,0,0,102,50,0,0
3378,90,50,3,0,0,0,0,0,102,50,0,0
3379,90,50,3,0,0,0,0,0,102,50,0,0
3380,90,50,3,0,0,0,0,0,102,50,0,0
3381,90,50,3,0,0,0,0,0,102,50,0,0
3382,90,50,3,0,0,0,0,0,102,50,0,0
3383,90,50,3,0,0,0,0,0,102,50,0,0
3384,90,50,3,0,0,0,0,0,102,50,0,0
3385,90,50,3,0,0,0,0,0,102,50,0,0
3386,90,50,3,0,0,0,0,0,102,50,0,0
3387,90,50,3,0,0,0,0,0,102,50,0,0
3388,90,50,3,0,0,0,0,0,102,50,0,0
3389,90,50,3,0,0,0,0,0,102,50,0,0
3390,90,50,3,0,0,0,0,0,102,50,0,0
3391,90,50,3,0,0,0,0,0,102,50,0,0
3392,90,50,3,0,0,0,0,0,102,50,0,0
3393,90,50,2,0,1,0,0,0,102,50,0,0
3394,90,50,2,0,1,0,0,0,102,50,0,0
3395,90,50,2,0,1,0,0,0,102,50,0,0
3396,90,50,2,0,1,0,0,0,102,50,0,0
3397,90,50,2,0,1,0,0,0,102,50,0,0
3398,90,50,2,0,1,0,0,0,102,50,0,0
3399,90,50,2,0,1,0,0,0,102,50,0,0
3400,90,50,2,0,1,0,0,0,102,50,0,0
3401,90,50,2,0,1,0,0,0,102,50,0,0
3402,90,50,2,0,1,0,0,0,102,50,0,0
3403,90,50,2,0,1,0,0,0,102,50,0,0
3404,90,50,2,0,1,0,0,0,102,50,0,0
3405,90,50,2,0,1,0,0,0,102,50,0,0
3406,90,50,2,0,1,0,0,0,102,50,0,0
3407,90,50,2,0,1,0,0,0,102,50,0,0
3408,90,50,2,0,1,0,0,0,102,50,0,0
3409,90,50,2,0,1,0,0,0,102,50,0,0
3410,90,50,2,0,1,0,0,0,102,50,0,0
3411,90,50,2,0,1,0,0,0,102,50,0,0
3412,90,50,2,0,1,0,0,0,102,50,0,0
3413,90,50,2,0,1,0,0,0,102,50,0,0
3414,90,50,2,0,1,0,0,0,102,50,0,0
3415,90,50,2,0,1,0,0,0,102,50,0,0
3416,90,50,2,0,1,0,0,0,102,50,0,0
3417,90,50,2,0,1,0,0,0,102,50,0,0
3418,90,50,2,0,1,0,0,0,102,50,0,0
3419,90,50,2,0,1,0,0,0,102,50,0,0
3420,90,50,2,0,1,0,0,0,102,50,0,0
3421,90,50,2,0,1,0,0,0,102,50,0,0
3422,90,50,2,0,1,0,0,0,102,50,0,0
3423,90,50,1,0,2,0,0,0,102,50,0,0
3424,90,50,1,0,2,0,0,0,102,50,0,0
3425,90,50,1,0,2,0,0,0,102,50,0,0
3426,90,50,1,0,2,0,0,0,102,50,0,0
3427,90,50,1,0,2,0,0,0,102,50,0,0
3428,90,50,1,0,2,0,0,0,102,50,0,0
3429,90,50,1,0,2,0,0,0,102,50,0,0
3430,90,50,1,0,2,0,0,0,102,50,0,0
3431,90,50,1,0,2,0,0,0,102,50,0,0
3432,90,50,1,0,2,0,0,0,102,50,0,0
3433,90,50,1,0,2,0,0,0,102,50,0,0
3434,90,50,1,0,2,0,0,0,102,50,0,0
3435,90,50,1,0,2,0,0,0,102,50,0,0
3436,90,50,1,0,2,0,0,0,102,50,0,0
3437,90,50,1,0,2,0,0,0,102,50,0,0
3438,90,50,1,0,2,0,0,0,102,50,0,0
3439,90,50,1,0,2,0,0,0,102,50,0,0
3440,90,50,1,0,2,0,0,0,102,50,0,0
3441,90,50,1,0,2,0,0,0,102,50,0,0
3442,90,50,1,0,2,0,0,0,102,50,0,0
3443,90,50,1,0,2,0,0,0,102,50,0,0
3444,90,50,1,0,2,0,0,0,102,50,0,0
3445,90,50,1,0,2,0,0,0,102,50,0,0
3446,90,50,1,0,2,0,0,0,102,50,0,0
3447,90,50,1,0,2,0,0,0,102,50,0,0
3448,90,50,1,0,2,0,0,0,102,50,0,0
3449,90,50,1,0,2,0,0,0,102,50,0,0
3450,90,50,1,0,2,0,0,0,102,50,0,0
3451,90,50,1,0,2,0,0,0,102,50,0,0
3452,90,50,1,0,2,0,0,0,102,50,0,0
3453,90,50,0,0,3,0,0,0,102,50,0,0
3454,90,50,0,0,3,0,0,0,102,50,0,0
3455,90,50,0,0,3,0,0,0,102,50,0,0
3456,90,50,0,0,3,0,0,0,102,50,0,0
3457,90,50,0,0,3,0,0,0,102,50,0,0
3458,90,50,0,0,3,0,0,0,102,50,0,0
3459,90,50,0,0,3,0,0,0,102,50,0,0
3460,90,50,0,0,3,0,0,0,102,50,0,0
3461,90,50,0,0,3,0,0,0,102,50,0,0
3462,90,50,0,0,3,0,0,0,102,50,0,0
3463,90,50,0,0,3,0,0,0,102,50,0,0
3464,90,50,0,0,3,0,0,0,102,50,0,0
3465,90,50,0,0,3,0,0,0,102,50,0,0
3466,90,50,0,0,3,0,0,0,102,50,0,0
3467,90,50,0,0,3,0,0,0,102,50,0,0
3468,90,50,0,0,3,0,0,0,102,50,0,0
3469,90,50,0,0,3,0,0,0,102,50,0,0
3470,90,50,0,0,3,0,0,0,102,50,0,0
3471,90,50,0,0,3,0,0,0,102,50,0,0
3472,90,50,0,0,3,0,0,0,102,50,0,0
3473,90,50,0,0,3,0,0,0,102,50,0,0
3474,90,50,0,0,3,0,0,0,102,50,0,0
3475,90,50,0,0,3,0,0,0,102,50,0,0
3476,90,50,0,0,3,0,0,0,102,50,0,0
3477,90,50,0,0,3,0,0,0,102,50,0,0
3478,90,50,0,0,3,0,0,0,102,50,0,0
3479,90,50,0,0,3,0,0,0,102,50,0,0
3480,90,50,0,0,3,0,0,0,102,50,0,0
3481,90,50,0,0,3,0,0,0,102,50,0,0
3482,90,50,0,0,3,0,0,0,102,50,0,0
3483,90,50,0,0,4,0,0,0,102,50,0,0
3484,90,50,0,0,4,0,0,0,102,50,0,0
3485,90,50,0,0,4,0,0,0,102,50,0,0
3486,90,50,0,0,4,0,0,0,102,50,0,0
3487,90,50,0,0,4,0,0,0,102,50,0,0
3488,90,50,0,0,4,0,0,0,102,50,0,0
3489,90,50,0,0,4,0,0,0,102,50,0,0
3490,90,50,0,0,4,0,0,0,102,50,0,0
3491,90,50,0,0,4,0,0,0,102,50,0,0
3492,90,50,0,0,4,0,0,0,102,50,0,0
3493,90,50,0,0,4,0,0,0,102,50,0,0
3494,90,50,0,0,4,0,0,0,102,50,0,0
3495,90,50,0,0,4,0,0,0,102,50,0,0
3496,90,50,0,0,4,0,0,0,102,50,0,0
3497,90,50,0,0,4,0,0,0,102,50,0,0
3498,90,50,0,0,0,0,3,0,102,50,0,0
3499,90,50,0,0,0,0,3,0,102,50,0,0
3500,90,50,0,0,0,0,3,0,102,50,0,0
3501,90,50,0,0,0,0,3,0,102,50,0,0
3502,90,50,0,0,0,0,3,0,102,50,0,0
3503,90,50,0,0,0,0,3,0,102,50,0,0
3504,90,50,0,0,0,0,3,0,102,50,0,0
3505,90,50,0,0,0,0,3,0,102,50,0,0
3506,90,50,0,0,0,0,3,0,102,50,0,0
3507,90,50,0,0,0,0,3,0,102,50,0,0
3508,90,50,0,0,0,0,3,0,102,50,0,0
3509,90,50,0,0,0,0,3,0,102,50,0,0
3510,90,50,0,0,0,0,3,0,102,50,0,0
3511,90,50,0,0,0,0,3,0,102,50,0,0
3512,90,50,0,0,0,0,3,0,102,50,0,0
3513,90,50,0,0,0,0,3,0,102,50,0,0
3514,90,50,0,0,0,0,3,0,102,50,0,0
3515,90,50,0,0,0,0,3,0,102,50,0,0
3516,90,50,0,0,0,0,3,0,102,50,0,0
3517,90,50,0,0,0,0,3,0,102,50,0,0
3518,90,50,0,0,0,0,3,0,102,50,0,0
3519,90,50,0,0,0,0,3,0,102,50,0,0
3520,90,50,0,0,0,0,3,0,102,50,0,0
3521,90,50,0,0,0,0,3,0,102,50,0,0
3522,90,50,0,0,0,0,3,0,102,50,0,0
3523,90,50,0,0,0,0,3,0,102,50,0,0
3524,90,50,0,0,0,0,3,0,102,50,0,0
3525,90,50,0,0,0,0,3,0,102,50,0,0
3526,90,50,0,0,0,0,3,0,102,50,0,0
3527,90,50,0,0,0,0,3,0,102,50,0,0
3528,90,50,0,0,0,0,3,0,101,50,0,0
3528,90,50,0,0,0,0,2,0,101,50,0,0
3529,90,50,0,0,0,0,2,0,101,50,0,0
3530,90,50,0,0,0,0,2,0,101,50,0,0
3531,90,50,0,0,0,0,2,0,101,50,0,0
3532,90,50,0,0,0,0,2,0,101,50,0,0
3533,90,50,0,0,0,0,2,0,101,50,0,0
3534,90,50,0,0,0,0,2,0,101,50,0,0
3535,90,50,0,0,0,0,2,0,101,50,0,0
3536,90,50,0,0,0,0,2,0,101,50,0,0
3537,90,50,0,0,0,0,2,0,101,50,0,0
3538,90,50,0,0,0,0,2,0,101,50,0,0
3539,90,50,0,0,0,0,2,0,101,50,0,0
3540,90,50,0,0,0,0,2,0,101,50,0,0
3541,90,50,0,0,0,0,2,0,101,50,0,0
3542,90,50,0,0,0,0,2,0,101,50,0,0
3543,90,50,0,0,0,0,2,0,101,50,0,0
3544,90,50,0,0,0,0,2,0,101,50,0,0
3545,90,50,0,0,0,0,2,0,101,50,0,0
3546,90,50,0,0,0,0,2,0,101,50,0,0
3547,90,50,0,0,0,0,2,0,101,50,0,0
3548,90,50,0,0,0,0,2,0,101,50,0,0
3549,90,50,0,0,0,0,2,0,101,50,0,0
3550,90,50,0,0,0,0,2,0,101,50,0,0
3551,90,50,0,0,0,0,2,0,101,50,0,0
3552,90,50,0,0,0,0,2,0,101,50,0,0
3553,90,50,0,0,0,0,2,0,101,50,0,0
3554,90,50,0,0,0,0,2,0,101,50,0,0
3555,90,50,0,0,0,0,2,0,101,50,0,0
3556,90,50,0,0,0,0,2,0,101,50,0,0
3557,90,50,0,0,0,0,2,0,101,50,0,0
3558,90,50,0,0,0,0,2,0,100,50,0,0
3558,90,50,0,0,0,0,1,0,100,50,0,0
3559,90,50,0,0,0,0,1,0,100,50,0,0
3560,90,50,0,0,0,0,1,0,100,50,0,0
3561,90,50,0,0,0,0,1,0,100,50,0,0
3562,90,50,0,0,0,0,1,0,100,50,0,0
3563,90,50,0,0,0,0,1,0,100,50,0,0
3564,90,50,0,0,0,0,1,0,100,50,0,0
3565,90,50,0,0,0,0,1,0,100,50,0,0
3566,90,50,0,0,0,0,1,0,100,50,0,0
3567,90,50,0,0,0,0,1,0,100,50,0,0
3568,90,50,0,0,0,0,1,0,100,50,0,0
3569,90,50,0,0,0,0,1,0,100,50,0,0
3570,90,50,0,0,0,0,1,0,100,50,0,0
3571,90,50,0,0,0,0,1,0,100,50,0,0
3572,90,50,0,0,0,0,1,0,100,50,0,0
3573,90,50,0,0,0,0,1,0,100,50,0,0
3574,90,50,0,0,0,0,1,0,100,50,0,0
3575,90,50,0,0,0,0,1,0,100,50,0,0
3576,90,50,0,0,0,0,1,0,100,50,0,0
3577,90,50,0,0,0,0,1,0,100,50,0,0
3578,90,50,0,0,0,0,1,0,100,50,0,0
3579,90,50,0,0,0,0,1,0,100,50,0,0
3580,90,50,0,0,0,0,1,0,100,50,0,0
3581,90,50,0,0,0,0,1,0,100,50,0,0
3582,90,50,0,0,0,0,1,0,100,50,0,0
3583,90,50,0,0,0,0,1,0,100,50,0,0
3584,90,50,0,0,0,0,1,0,100,50,0,0
3585,90,50,0,0,0,0,1,0,100,50,0,0
3586,90,50,0,0,0,0,1,0,100,50,0,0
3587,90,50,0,0,0,0,1,0,100,50,0,0
3588,90,50,0,0,0,0,1,0,99,50,0,0
3588,90,50,0,0,0,0,0,0,99,50,0,0
3589,90,50,0,0,0,0,0,0,99,50,0,0
3590,90,50,0,0,0,0,0,0,99,50,0,0
3591,90,50,0,0,0,0,0,0,99,50,0,0
3592,90,50,0,0,0,0,0,0,99,50,0,0
3593,90,50,0,0,0,0,0,0,99,50,0,0
3594,90,50,0,0,0,0,0,0,99,50,0,0
3595,90,50,0,0,0,0,0,0,99,50,0,0
3596,90,50,0,0,0,0,0,0,99,50,0,0
3597,90,50,0,0,0,0,0,0,99,50,0,0
3598,90,50,0,0,0,0,0,0,99,50,0,0
3599,90,50,0,0,0,0,0,0,99,50,0,0
3600,90,50,0,0,0,0,0,0,99,50,0,0
3601,90,50,0,0,0,0,0,0,99,50,0,0
3602,90,50,0,0,0,0,0,0,99,50,0,0
3603,86,50,3,0,0,0,0,0,99,50,0,0
3604,86,50,3,0,0,0,0,0,99,50,0,0
3605,86,50,3,0,0,0,0,0,99,50,0,0
3606,86,50,3,0,0,0,0,0,99,50,0,0
3607,86,50,3,0,0,0,0,0,99,50,0,0
3608,86,50,3,0,0,0,0,0,99,50,0,0
3609,86,50,3,0,0,0,0,0,99,50,0,0
3610,86,50,3,0,0,0,0,0,99,50,0,0
3611,86,50,3,0,0,0,0,0,99,50,0,0
3612,86,50,3,0,0,0,0,0,99,50,0,0
3613,86,50,3,0,0,0,0,0,99,50,0,0
3614,86,50,3,0,0,0,0,0,99,50,0,0
3615,86,50,3,0,0,0,0,0,99,50,0,0
3616,86,50,3,0,0,0,0,0,99,50,0,0
3617,86,50,3,0,0,0,0,0,99,50,0,0
3618,86,50,3,0,0,0,0,0,98,50,0,0
3618,86,50,3,0,0,0,0,0,98,50,0,0
3619,86,50,3,0,0,0,0,0,98,50,0,0
3620,86,50,3,0,0,0,0,0,98,50,0,0
3621,86,50,3,0,0,0,0,0,98,50,0,0
3622,86,50,3,0,0,0,0,0,98,50,0,0
3623,86,50,3,0,0,0,0,0,98,50,0,0
3624,86,50,3,0,0,0,0,0,98,50,0,0
3625,86,50,3,0,0,0,0,0,98,50,0,0
3626,86,50,3,0,0,0,0,0,98,50,0,0
3627,86,50,3,0,0,0,0,0,98,50,0,0
3628,86,50,3,0,0,0,0,0,98,50,0,0
3629,86,50,3,0,0,0,0,0,98,50,0,0
3630,86,50,3,0,0,0,0,0,98,50,0,0
3631,86,50,3,0,0,0,0,0,98,50,0,0
3632,86,50,3,0,0,0,0,0,98,50,0,0
3633,86,50,2,0,1,0,0,0,98,50,0,0
3634,86,50,2,0,1,0,0,0,98,50,0,0
3635,86,50,2,0,1,0,0,0,98,50,0,0
3636,86,50,2,0,1,0,0,0,98,50,0,0
3637,86,50,2,0,1,0,0,0,98,50,0,0
3638,86,50,2,0,1,0,0,0,98,50,0,0
3639,86,50,2,0,1,0,0,0,98,50,0,0
3640,86,50,2,0,1,0,0,0,98,50,0,0
3641,86,50,2,0,1,0,0,0,98,50,0,0
3642,86,50,2,0,1,0,0,0,98,50,0,0
3643,86,50,2,0,1,0,0,0,98,50,0,0
3644,86,50,2,0,1,0,0,0,98,50,0,0
3645,86,50,2,0,1,0,0,0,98,50,0,0
3646,86,50,2,0,1,0,0,0,98,50,0,0
3647,86,50,2,0,1,0,0,0,98,50,0,0
3648,86,50,2,0,1,0,0,0,98,50,0,0
3649,86,50,2,0,1,0,0,0,98,50,0,0
3650,86,50,2,0,1,0,0,0,98,50,0,0
3651,86,50,2,0,1,0,0,0,98,50,0,0
3652,86,50,2,0,1,0,0,0,98,50,0,0
3653,86,50,2,0,1,0,0,0,98,50,0,0
3654,86,50,2,0,1,0,0,0,98,50,0,0
3655,86,50,2,0,1,0,0,0,98,50,0,0
3656,86,50,2,0,1,0,0,0,98,50,0,0
3657,86,50,2,0,1,0,0,0,98,50,0,0
3658,86,50,2,0,1,0,0,0,98,50,0,0
3659,86,50,2,0,1,0,0,0,98,50,0,0
3660,86,50,2,0,1,0,0,0,98,50,0,0
3661,86,50,2,0,1,0,0,0,98,50,0,0
3662,86,50,2,0,1,0,0,0,98,50,0,0
3663,86,50,1,0,2,0,0,0,98,50,0,0
3664,86,50,1,0,2,0,0,0,98,50,0,0
3665,86,50,1,0,2,0,0,0,98,50,0,0
3666,86,50,1,0,2,0,0,0,98,50,0,0
3667,86,50,1,0,2,0,0,0,98,50,0,0
3668,86,50,1,0,2,0,0,0,98,50,0,0
3669,86,50,1,0,2,0,0,0,98,50,0,0
3670,86,50,1,0,2,0,0,0,98,50,0,0
3671,86,50,1,0,2,0,0,0,98,50,0,0
3672,86,50,1,0,2,0,0,0,98,50,0,0
3673,86,50,1,0,2,0,0,0,98,50,0,0
3674,86,50,1,0,2,0,0,0,98,50,0,0
3675,86,50,1,0,2,0,0,0,98,50,0,0
3676,86,50,1,0,2,0,0,0,98,50,0,0
3677,86,50,1,0,2,0,0,0,98,50,0,0
3678,86,50,1,0,2,0,0,0,98,50,0,0
3679,86,50,1,0,2,0,0,0,98,50,0,0
3680,86,50,1,0,2,0,0,0,98,50,0,0
3681,86,50,1,0,2,0,0,0,98,50,0,0
3682,86,50,1,0,2,0,0,0,98,50,0,0
3683,86,50,1,0,2,0,0,0,98,50,0,0
3684,86,50,1,0,2,0,0,0,98,50,0,0
3685,86,50,1,0,2,0,0,0,98,50,0,0
3686,86,50,1,0,2,0,0,0,98,50,0,0
3687,86,50,1,0,2,0,0,0,98,50,0,0
3688,86,50,1,0,2,0,0,0,98,50,0,0
3689,86,50,1,0,2,0,0,0,98,50,0,0
3690,86,50,1,0,2,0,0,0,98,50,0,0
3691,86,50,1,0,2,0,0,0,98,50,0,0
3692,86,50,1,0,2,0,0,0,98,50,0,0
3693,86,50,0,0,3,0,0,0,98,50,0,0
3694,86,50,0,0,3,0,0,0,98,50,0,0
3695,86,50,0,0,3,0,0,0,98,50,0,0
3696,86,50,0,0,3,0,0,0,98,50,0,0
3697,86,50,0,0,3,0,0,0,98,50,0,0
3698,86,50,0,0,3,0,0,0,98,50,0,0
3699,86,50,0,0,3,0,0,0,98,50,0,0
3700,86,50,0,0,3,0,0,0,98,50,0,0
3701,86,50,0,0,3,0,0,0,98,50,0,0
3702,86,50,0,0,3,0,0,0,98,50,0,0
3703,86,50,0,0,3,0,0,0,98,50,0,0
3704,86,50,0,0,3,0,0,0,98,50,0,0
3705,86,50,0,0,3,0,0,0,98,50,0,0
3706,86,50,0,0,3,0,0,0,98,50,0,0
3707,86,50,0,0,3,0,0,0,98,50,0,0
3708,86,50,0,0,3,0,0,0,98,50,0,0
3709,86,50,0,0,3,0,0,0,98,50,0,0
3710,86,50,0,0,3,0,0,0,98,50,0,0
3711,86,50,0,0,3,0,0,0,98,50,0,0
3712,86,50,0,0,3,0,0,0,98,50,0,0
3713,86,50,0,0,3,0,0,0,98,50,0,0
3714,86,50,0,0,3,0,0,0,98,50,0,0
3715,86,50,0,0,3,0,0,0,98,50,0,0
3716,86,50,0,0,3,0,0,0,98,50,0,0
3717,86,50,0,0,3,0,0,0,98,50,0,0
3718,86,50,0,0,3,0,0,0,98,50,0,0
3719,86,50,0,0,3,0,0,0,98,50,0,0
3720,86,50,0,0,3,0,0,0,98,50,0,0
3721,86,50,0,0,3,0,0,0,98,50,0,0
3722,86,50,0,0,3,0,0,0,98,50,0,0
3723,86,50,0,0,4,0,0,0,98,50,0,0
3724,86,50,0,0,4,0,0,0,98,50,0,0
3725,86,50,0,0,4,0,0,0,98,50,0,0
3726,86,50,0,0,4,0,0,0,98,50,0,0
3727,86,50,0,0,4,0,0,0,98,50,0,0
3728,86,50,0,0,4,0,0,0,98,50,0,0
3729,86,50,0,0,4,0,0,0,98,50,0,0
3730,86,50,0,0,4,0,0,0,98,50,0,0
3731,86,50,0,0,4,0,0,0,98,50,0,0
3732,86,50,0,0,4,0,0,0,98,50,0,0
3733,86,50,0,0,4,0,0,0,98,50,0,0
3734,86,50,0,0,4,0,0,0,98,50,0,0
3735,86,50,0,0,4,0,0,0,98,50,0,0
3736,86,50,0,0,4,0,0,0,98,50,0,0
3737,86,50,0,0,4,0,0,0,98,50,0,0
3738,86,50,0,0,0,0,3,0,98,50,0,0
3739,86,50,0,0,0,0,3,0,98,50,0,0
3740,86,50,0,0,0,0,3,0,98,50,0,0
3741,86,50,0,0,0,0,3,0,98,50,0,0
3742,86,50,0,0,0,0,3,0,98,50,0,0
3743,86,50,0,0,0,0,3,0,98,50,0,0
3744,86,50,0,0,0,0,3,0,98,50,0,0
3745,86,50,0,0,0,0,3,0,98,50,0,0
3746,86,50,0,0,0,0,3,0,98,50,0,0
3747,86,50,0,0,0,0,3,0,98,50,0,0
3748,86,50,0,0,0,0,3,0,98,50,0,0
3749,86,50,0,0,0,0,3,0,98,50,0,0
3750,86,50,0,0,0,0,3,0,98,50,0,0
3751,86,50,0,0,0,0,3,0,98,50,0,0
3752,86,50,0,0,0,0,3,0,98,50,0,0
3753,86,50,0,0,0,0,3,0,98,50,0,0
3754,86,50,0,0,0,0,3,0,98,50,0,0
3755,86,50,0,0,0,0,3,0,98,50,0,0
3756,86,50,0,0,0,0,3,0,98,50,0,0
3757,86,50,0,0,0,0,3,0,98,50,0,0
3758,86,50,0,0,0,0,3,0,98,50,0,0
3759,86,50,0,0,0,0,3,0,98,50,0,0
3760,86,50,0,0,0,0,3,0,98,50,0,0
3761,86,50,0,0,0,0,3,0,98,50,0,0
3762,86,50,0,0,0,0,3,0,98,50,0,0
3763,86,50,0,0,0,0,3,0,98,50,0,0
3764,86,50,0,0,0,0,3,0,98,50,0,0
3765,86,50,0,0,0,0,3,0,98,50,0,0
3766,86,50,0,0,0,0,3,0,98,50,0,0
3767,86,50,0,0,0,0,3,0,98,50,0,0
3768,86,50,0,0,0,0,3,0,97,50,0,0
3768,86,50,0,0,0,0,2,0,97,50,0,0
3769,86,50,0,0,0,0,2,0,97,50,0,0
3770,86,50,0,0,0,0,2,0,97,50,0,0
3771,86,50,0,0,0,0,2,0,97,50,0,0
3772,86,50,0,0,0,0,2,0,97,50,0,0
3773,86,50,0,0,0,0,2,0,97,50,0,0
3774,86,50,0,0,0,0,2,0,97,50,0,0
3775,86,50,0,0,0,0,2,0,97,50,0,0
3776,86,50,0,0,0,0,2,0,97,50,0,0
3777,86,50,0,0,0,0,2,0,97,50,0,0
3778,86,50,0,0,0,0,2,0,97,50,0,0
3779,86,50,0,0,0,0,2,0,97,50,0,0
3780,86,50,0,0,0,0,2,0,97,50,0,0
3781,86,50,0,0,0,0,2,0,97,50,0,0
3782,86,50,0,0,0,0,2,0,97,50,0,0
3783,86,50,0,0,0,0,2,0,97,50,0,0
3784,86,50,0,0,0,0,2,0,97,50,0,0
3785,86,50,0,0,0,0,2,0,97,50,0,0
3786,86,50,0,0,0,0,2,0,97,50,0,0
3787,86,50,0,0,0,0,2,0,97,50,0,0
3788,86,50,0,0,0,0,2,0,97,50,0,0
3789,86,50,0,0,0,0,2,0,97,50,0,0
3790,86,50,0,0,0,0,2,0,97,50,0,0
3791,86,50,0,0,0,0,2,0,97,50,0,0
3792,86,50,0,0,0,0,2,0,97,50,0,0
3793,86,50,0,0,0,0,2,0,97,50,0,0
3794,86,50,0,0,0,0,2,0,97,50,0,0
3795,86,50,0,0,0,0,2,0,97,50,0,0
3796,86,50,0,0,0,0,2,0,97,50,0,0
3797,86,50,0,0,0,0,2,0,97,50,0,0
3798,86,50,0,0,0,0,2,0,96,50,0,0
3798,86,50,0,0,0,0,1,0,96,50,0,0
3799,86,50,0,0,0,0,1,0,96,50,0,0
3800,86,50,0,0,0,0,1,0,96,50,0,0
3801,86,50,0,0,0,0,1,0,96,50,0,0
3802,86,50,0,0,0,0,1,0,96,50,0,0
3803,86,50,0,0,0,0,1,0,96,50,0,0
3804,86,50,0,0,0,0,1,0,96,50,0,0
3805,86,50,0,0,0,0,1,0,96,50,0,0
3806,86,50,0,0,0,0,1,0,96,50,0,0
3807,86,50,0,0,0,0,1,0,96,50,0,0
3808,86,50,0,0,0,0,1,0,96,50,0,0
3809,86,50,0,0,0,0,1,0,96,50,0,0
3810,86,50,0,0,0,0,1,0,96,50,0,0
3811,86,50,0,0,0,0,1,0,96,50,0,0
3812,86,50,0,0,0,0,1,0,96,50,0,0
3813,86,50,0,0,0,0,1,0,96,50,0,0
3814,86,50,0,0,0,0,1,0,96,50,0,0
3815,86,50,0,0,0,0,1,0,96,50,0,0
3816,86,50,0,0,0,0,1,0,96,50,0,0
3817,86,50,0,0,0,0,1,0,96,50,0,0
3818,86,50,0,0,0,0,1,0,96,50,0,0
3819,86,50,0,0,0,0,1,0,96,50,0,0
3820,86,50,0,0,0,0,1,0,96,50,0,0
3821,86,50,0,0,0,0,1,0,96,50,0,0
3822,86,50,0,0,0,0,1,0,96,50,0,0
3823,86,50,0,0,0,0,1,0,96,50,0,0
3824,86,50,0,0,0,0,1,0,96,50,0,0
3825,86,50,0,0,0,0,1,0,96,50,0,0
3826,86,50,0,0,0,0,1,0,96,50,0,0
3827,86,50,0,0,0,0,1,0,96,50,0,0
3828,86,50,0,0,0,0,1,0,95,50,0,0
3828,86,50,0,0,0,0,0,0,95,50,0,0
3829,86,50,0,0,0,0,0,0,95,50,0,0
3830,86,50,0,0,0,0,0,0,95,50,0,0
3831,86,50,0,0,0,0,0,0,95,50,0,0
3832,86,50,0,0,0,0,0,0,95,50,0,0
3833,86,50,0,0,0,0,0,0,95,50,0,0
3834,86,50,0,0,0,0,0,0,95,50,0,0
3835,86,50,0,0,0,0,0,0,95,50,0,0
3836,86,50,0,0,0,0,0,0,95,50,0,0
3837,86,50,0,0,0,0,0,0,95,50,0,0
3838,86,50,0,0,0,0,0,0,95,50,0,0
3839,86,50,0,0,0,0,0,0,95,50,0,0
3840,86,50,0,0,0,0,0,0,95,50,0,0
3841,86,50,0,0,0,0,0,0,95,50,0,0
3842,86,50,0,0,0,0,0,0,95,50,0,0
3843,82,50,3,0,0,0,0,0,95,50,0,0
3844,82,50,3,0,0,0,0,0,95,50,0,0
3845,82,50,3,0,0,0,0,0,95,50,0,0
3846,82,50,3,0,0,0,0,0,95,50,0,0
3847,82,50,3,0,0,0,0,0,95,50,0,0
3848,82,50,3,0,0,0,0,0,95,50,0,0
3849,82,50,3,0,0,0,0,0,95,50,0,0
3850,82,50,3,0,0,0,0,0,95,50,0,0
3851,82,50,3,0,0,0,0,0,95,50,0,0
3852,82,50,3,0,0,0,0,0,95,50,0,0
3853,82,50,3,0,0,0,0,0,95,50,0,0
3854,82,50,3,0,0,0,0,0,95,50,0,0
3855,82,50,3,0,0,0,0,0,95,50,0,0
3856,82,50,3,0,0,0,0,0,95,50,0,0
3857,82,50,3,0,0,0,0,0,95,50,0,0
3858,82,50,3,0,0,0,0,0,94,50,0,0
3858,82,50,3,0,0,0,0,0,94,50,0,0
3859,82,50,3,0,0,0,0,0,94,50,0,0
3860,82,50,3,0,0,0,0,0,94,50,0,0
3861,82,50,3,0,0,0,0,0,94,50,0,0
3862,82,50,3,0,0,0,0,0,94,50,0,0
3863,82,50,3,0,0,0,0,0,94,50,0,0
3864,82,50,3,0,0,0,0,0,94,50,0,0
3865,82,50,3,0,0,0,0,0,94,50,0,0
3866,82,50,3,0,0,0,0,0,94,50,0,0
3867,82,50,3,0,0,0,0,0,94,50,0,0
3868,82,50,3,0,0,0,0,0,94,50,0,0
3869,82,50,3,0,0,0,0,0,94,50,0,0
3870,82,50,3,0,0,0,0,0,94,50,0,0
3871,82,50,3,0,0,0,0,0,94,50,0,0
3872,82,50,3,0,0,0,0,0,94,50,0,0
3873,82,50,2,0,1,0,0,0,94,50,0,0
3874,82,50,2,0,1,0,0,0,94,50,0,0
3875,82,50,2,0,1,0,0,0,94,50,0,0
3876,82,50,2,0,1,0,0,0,94,50,0,0
3877,82,50,2,0,1,0,0,0,94,50,0,0
3878,82,50,2,0,1,0,0,0,94,50,0,0
3879,82,50,2,0,1,0,0,0,94,50,0,0
3880,82,50,2,0,1,0,0,0,94,50,0,0
3881,82,50,2,0,1,0,0,0,94,50,0,0
3882,82,50,2,0,1,0,0,0,94,50,0,0
3883,82,50,2,0,1,0,0,0,94,50,0,0
3884,82,50,2,0,1,0,0,0,94,50,0,0
3885,82,50,2,0,1,0,0,0,94,50,0,0
3886,82,50,2,0,1,0,0,0,94,50,0,0
3887,82,50,2,0,1,0,0,0,94,50,0,0
3888,82,50,2,0,1,0,0,0,94,50,0,0
3889,82,50,2,0,1,0,0,0,94,50,0,0
3890,82,50,2,0,1,0,0,0,94,50,0,0
3891,82,50,2,0,1,0,0,0,94,50,0,0
3892,82,50,2,0,1,0,0,0,94,50,0,0
3893,82,50,2,0,1,0,0,0,94,50,0,0
3894,82,50,2,0,1,0,0,0,94,50,0,0
3895,82,50,2,0,1,0,0,0,94,50,0,0
3896,82,50,2,0,1,0,0,0,94,50,0,0
3897,82,50,2,0,1,0,0,0,94,50,0,0
3898,82,50,2,0,1,0,0,0,94,50,0,0
3899,82,50,2,0,1,0,0,0,94,50,0,0
3900,82,50,2,0,1,0,0,0,94,50,0,0
3901,82,50,2,0,1,0,0,0,94,50,0,0
3902,82,50,2,0,1,0,0,0,94,50,0,0
3903,82,50,1,0,2,0,0,0,94,50,0,0
3904,82,50,1,0,2,0,0,0,94,50,0,0
3905,82,50,1,0,2,0,0,0,94,50,0,0
3906,82,50,1,0,2,0,0,0,94,50,0,0
3907,82,50,1,0,2,0,0,0,94,50,0,0
3908,82,50,1,0,2,0,0,0,94,50,0,0
3909,82,50,1,0,2,0,0,0,94,50,0,0
3910,82,50,1,0,2,0,0,0,94,50,0,0
3911,82,50,1,0,2,0,0,0,94,50,0,0
3912,82,50,1,0,2,0,0,0,94,50,0,0
3913,82,50,1,0,2,0,0,0,94,50,0,0
3914,82,50,1,0,2,0,0,0,94,50,0,0
3915,82,50,1,0,2,0,0,0,94,50,0,0
3916,82,50,1,0,2,0,0,0,94,50,0,0
3917,82,50,1,0,2,0,0,0,94,50,0,0
3918,82,50,1,0,2,0,0,0,94,50,0,0
3919,82,50,1,0,2,0,0,0,94,50,0,0
3920,82,50,1,0,2,0,0,0,94,50,0,0
3921,82,50,1,0,2,0,0,0,94,50,0,0
3922,82,50,1,0,2,0,0,0,94,50,0,0
3923,82,50,1,0,2,0,0,0,94,50,0,0
3924,82,50,1,0,2,0,0,0,94,50,0,0
3925,82,50,1,0,2,0,0,0,94,50,0,0
3926,82,50,1,0,2,0,0,0,94,50,0,0
3927,82,50,1,0,2,0,0,0,94,50,0,0
3928,82,50,1,0,2,0,0,0,94,50,0,0
3929,82,50,1,0,2,0,0,0,94,50,0,0
3930,82,50,1,0,2,0,0,0,94,50,0,0
3931,82,50,1,0,2,0,0,0,94,50,0,0
3932,82,50,1,0,2,0,0,0,94,50,0,0
3933,82,50,0,0,3,0,0,0,94,50,0,0
3934,82,50,0,0,3,0,0,0,94,50,0,0
3935,82,50,0,0,3,0,0,0,94,50,0,0
3936,82,50,0,0,3,0,0,0,94,50,0,0
3937,82,50,0,0,3,0,0,0,94,50,0,0
3938,82,50,0,0,3,0,0,0,94,50,0,0
3939,82,50,0,0,3,0,0,0,94,50,0,0
3940,82,50,0,0,3,0,0,0,94,50,0,0
3941,82,50,0,0,3,0,0,0,94,50,0,0
3942,82,50,0,0,3,0,0,0,94,50,0,0
3943,82,50,0,0,3,0,0,0,94,50,0,0
3944,82,50,0,0,3,0,0,0,94,50,0,0
3945,82,50,0,0,3,0,0,0,94,50,0,0
3946,82,50,0,0,3,0,0,0,94,50,0,0
3947,82,50,0,0,3,0,0,0,94,50,0,0
3948,82,50,0,0,3,0,0,0,94,50,0,0
3949,82,50,0,0,3,0,0,0,94,50,0,0
3950,82,50,0,0,3,0,0,0,94,50,0,0
3951,82,50,0,0,3,0,0,0,94,50,0,0
3952,82,50,0,0,3,0,0,0,94,50,0,0
3953,82,50,0,0,3,0,0,0,94,50,0,0
3954,82,50,0,0,3,0,0,0,94,50,0,0
3955,82,50,0,0,3,0,0,0,94,50,0,0
3956,82,50,0,0,3,0,0,0,94,50,0,0
3957,82,50,0,0,3,0,0,0,94,50,0,0
3958,82,50,0,0,3,0,0,0,94,50,0,0
3959,82,50,0,0,3,0,0,0,94,50,0,0
3960,82,50,0,0,3,0,0,0,94,50,0,0
3961,82,50,0,0,3,0,0,0,94,50,0,0
3962,82,50,0,0,3,0,0,0,94,50,0,0
3963,82,50,0,0,4,0,0,0,94,50,0,0
3964,82,50,0,0,4,0,0,0,94,50,0,0
3965,82,50,0,0,4,0,0,0,94,50,0,0
3966,82,50,0,0,4,0,0,0,94,50,0,0
3967,82,50,0,0,4,0,0,0,94,50,0,0
3968,82,50,0,0,4,0,0,0,94,50,0,0
3969,82,50,0,0,4,0,0,0,94,50,0,0
3970,82,50,0,0,4,0,0,0,94,50,0,0
3971,82,50,0,0,4,0,0,0,94,50,0,0
3972,82,50,0,0,4,0,0,0,94,50,0,0
3973,82,50,0,0,4,0,0,0,94,50,0,0
3974,82,50,0,0,4,0,0,0,94,50,0,0
3975,82,50,0,0,4,0,0,0,94,50,0,0
3976,82,50,0,0,4,0,0,0,94,50,0,0
3977,82,50,0,0,4,0,0,0,94,50,0,0
3978,82,50,0,0,0,0,3,0,94,50,0,0
3979,82,50,0,0,0,0,3,0,94,50,0,0
3980,82,50,0,0,0,0,3,0,94,50,0,0
3981,82,50,0,0,0,0,3,0,94,50,0,0
3982,82,50,0,0,0,0,3,0,94,50,0,0
3983,82,50,0,0,0,0,3,0,94,50,0,0
3984,82,50,0,0,0,0,3,0,94,50,0,0
3985,82,50,0,0,0,0,3,0,94,50,0,0
3986,82,50,0,0,0,0,3,0,94,50,0,0
3987,82,50,0,0,0,0,3,0,94,50,0,0
3988,82,50,0,0,0,0,3,0,94,50,0,0
3989,82,50,0,0,0,0,3,0,94,50,0,0
3990,82,50,0,0,0,0,3,0,94,50,0,0
3991,82,50,0,0,0,0,3,0,94,50,0,0
3992,82,50,0,0,0,0,3,0,94,50,0,0
3993,82,50,0,0,0,0,3,0,94,50,0,0
3994,82,50,0,0,0,0,3,0,94,50,0,0
3995,82,50,0,0,0,0,3,0,94,50,0,0
3996,82,50,0,0,0,0,3,0,94,50,0,0
3997,82,50,0,0,0,0,3,0,94,50,0,0
3998,82,50,0,0,0,0,3,0,94,50,0,0
3999,82,50,0,0,0,0,3,0,94,50,0,0
4000,82,50,0,0,0,0,3,0,94,50,0,0
4001,82,50,0,0,0,0,3,0,94,50,0,0
4002,82,50,0,0,0,0,3,0,94,50,0,0
4003,82,50,0,0,0,0,3,0,94,50,0,0
4004,82,50,0,0,0,0,3,0,94,50,0,0
4005,82,50,0,0,0,0,3,0,94,50,0,0
4006,82,50,0,0,0,0,3,0,94,50,0,0
4007,82,50,0,0,0,0,3,0,94,50,0,0
4008,82,50,0,0,0,0,3,0,93,50,0,0
4008,82,50,0,0,0,0,2,0,93,50,0,0
4009,82,50,0,0,0,0,2,0,93,50,0,0
4010,82,50,0,0,0,0,2,0,93,50,0,0
4011,82,50,0,0,0,0,2,0,93,50,0,0
4012,82,50,0,0,0,0,2,0,93,50,0,0
4013,82,50,0,0,0,0,2,0,93,50,0,0
4014,82,50,0,0,0,0,2,0,93,50,0,0
4015,82,50,0,0,0,0,2,0,93,50,0,0
4016,82,50,0,0,0,0,2,0,93,50,0,0
4017,82,50,0,0,0,0,2,0,93,50,0,0
4018,82,50,0,0,0,0,2,0,93,50,0,0
4019,82,50,0,0,0,0,2,0,93,50,0,0
4020,82,50,0,0,0,0,2,0,93,50,0,0
4021,82,50,0,0,0,0,2,0,93,50,0,0
4022,82,50,0,0,0,0,2,0,93,50,0,0
4023,82,50,0,0,0,0,2,0,93,50,0,0
4024,82,50,0,0,0,0,2,0,93,50,0,0
4025,82,50,0,0,0,0,2,0,93,50,0,0
4026,82,50,0,0,0,0,2,0,93,50,0,0
4027,82,50,0,0,0,0,2,0,93,50,0,0
4028,82,50,0,0,0,0,2,0,93,50,0,0
4029,82,50,0,0,0,0,2,0,93,50,0,0
4030,82,50,0,0,0,0,2,0,93,50,0,0
4031,82,50,0,0,0,0,2,0,93,50,0,0
4032,82,50,0,0,0,0,2,0,93,50,0,0
4033,82,50,0,0,0,0,2,0,93,50,0,0
4034,82,50,0,0,0,0,2,0,93,50,0,0
4035,82,50,0,0,0,0,2,0,93,50,0,0
4036,82,50,0,0,0,0,2,0,93,50,0,0
4037,82,50,0,0,0,0,2,0,93,50,0,0
4038,82,50,0,0,0,0,2,0,92,50,0,0
4038,82,50,0,0,0,0,1,0,92,50,0,0
4039,82,50,0,0,0,0,1,0,92,50,0,0
4040,82,50,0,0,0,0,1,0,92,50,0,0
4041,82,50,0,0,0,0,1,0,92,50,0,0
4042,82,50,0,0,0,0,1,0,92,50,0,0
4043,82,50,0,0,0,0,1,0,92,50,0,0
4044,82,50,0,0,0,0,1,0,92,50,0,0
4045,82,50,0,0,0,0,1,0,92,50,0,0
4046,82,50,0,0,0,0,1,0,92,50,0,0
4047,82,50,0,0,0,0,1,0,92,50,0,0
4048,82,50,0,0,0,0,1,0,92,50,0,0
4049,82,50,0,0,0,0,1,0,92,50,0,0
4050,82,50,0,0,0,0,1,0,92,50,0,0
4051,82,50,0,0,0,0,1,0,92,50,0,0
4052,82,50,0,0,0,0,1,0,92,50,0,0
4053,82,50,0,0,0,0,1,0,92,50,0,0
4054,82,50,0,0,0,0,1,0,92,50,0,0
4055,82,50,0,0,0,0,1,0,92,50,0,0
4056,82,50,0,0,0,0,1,0,92,50,0,0
4057,82,50,0,0,0,0,1,0,92,50,0,0
4058,82,50,0,0,0,0,1,0,92,50,0,0
4059,82,50,0,0,0,0,1,0,92,50,0,0
4060,82,50,0,0,0,0,1,0,92,50,0,0
4061,82,50,0,0,0,0,1,0,92,50,0,0
4062,82,50,0,0,0,0,1,0,92,50,0,0
4063,82,50,0,0,0,0,1,0,92,50,0,0
4064,82,50,0,0,0,0,1,0,92,50,0,0
4065,82,50,0,0,0,0,1,0,92,50,0,0
4066,82,50,0,0,0,0,1,0,92,50,0,0
4067,82,50,0,0,0,0,1,0,92,50,0,0
4068,82,50,0,0,0,0,1,0,91,50,0,0
4068,82,50,0,0,0,0,0,0,91,50,0,0
4069,82,50,0,0,0,0,0,0,91,50,0,0
4070,82,50,0,0,0,0,0,0,91,50,0,0
4071,82,50,0,0,0,0,0,0,91,50,0,0
4072,82,50,0,0,0,0,0,0,91,50,0,0
4073,82,50,0,0,0,0,0,0,91,50,0,0
4074,82,50,0,0,0,0,0,0,91,50,0,0
4075,82,50,0,0,0,0,0,0,91,50,0,0
4076,82,50,0,0,0,0,0,0,91,50,0,0
4077,82,50,0,0,0,0,0,0,91,50,0,0
4078,82,50,0,0,0,0,0,0,91,50,0,0
4079,82,50,0,0,0,0,0,0,91,50,0,0
4080,82,50,0,0,0,0,0,0,91,50,0,0
4081,82,50,0,0,0,0,0,0,91,50,0,0
4082,82,50,0,0,0,0,0,0,91,50,0,0
4083,78,50,3,0,0,0,0,0,91,50,0,0
4084,78,50,3,0,0,0,0,0,91,50,0,0
4085,78,50,3,0,0,0,0,0,91,50,0,0
4086,78,50,3,0,0,0,0,0,91,50,0,0
4087,78,50,3,0,0,0,0,0,91,50,0,0
4088,78,50,3,0,0,0,0,0,91,50,0,0
4089,78,50,3,0,0,0,0,0,91,50,0,0
4090,78,50,3,0,0,0,0,0,91,50,0,0
4091,78,50,3,0,0,0,0,0,91,50,0,0
4092,78,50,3,0,0,0,0,0,91,50,0,0
4093,78,50,3,0,0,0,0,0,91,50,0,0
4094,78,50,3,0,0,0,0,0,91,50,0,0
4095,78,50,3,0,0,0,0,0,91,50,0,0
4096,78,50,3,0,0,0,0,0,91,50,0,0
4097,78,50,3,0,0,0,0,0,91,50,0,0
4098,78,50,3,0,0,0,0,0,90,50,0,0
4098,78,50,3,0,0,0,0,0,90,50,0,0
4099,78,50,3,0,0,0,0,0,90,50,0,0
4100,78,50,3,0,0,0,0,0,90,50,0,0
4101,78,50,3,0,0,0,0,0,90,50,0,0
4102,78,50,3,0,0,0,0,0,90,50,0,0
4103,78,50,3,0,0,0,0,0,90,50,0,0
4104,78,50,3,0,0,0,0,0,90,50,0,0
4105,78,50,3,0,0,0,0,0,90,50,0,0
4106,78,50,3,0,0,0,0,0,90,50,0,0
4107,78,50,3,0,0,0,0,0,90,50,0,0
4108,78,50,3,0,0,0,0,0,90,50,0,0
4109,78,50,3,0,0,0,0,0,90,50,0,0
4110,78,50,3,0,0,0,0,0,90,50,0,0
4111,78,50,3,0,0,0,0,0,90,50,0,0
4112,78,50,3,0,0,0,0,0,90,50,0,0
4113,78,50,2,0,1,0,0,0,90,50,0,0
4114,78,50,2,0,1,0,0,0,90,50,0,0
4115,78,50,2,0,1,0,0,0,90,50,0,0
4116,78,50,2,0,1,0,0,0,90,50,0,0
4117,78,50,2,0,1,0,0,0,90,50,0,0
4118,78,50,2,0,1,0,0,0,90,50,0,0
4119,78,50,2,0,1,0,0,0,90,50,0,0
4120,78,50,2,0,1,0,0,0,90,50,0,0
4121,78,50,2,0,1,0,0,0,90,50,0,0
4122,78,50,2,0,1,0,0,0,90,50,0,0
4123,78,50,2,0,1,0,0,0,90,50,0,0
4124,78,50,2,0,1,0,0,0,90,50,0,0
4125,78,50,2,0,1,0,0,0,90,50,0,0
4126,78,50,2,0,1,0,0,0,90,50,0,0
4127,78,50,2,0,1,0,0,0,90,50,0,0
4128,78,50,2,0,1,0,0,0,90,50,0,0
4129,78,50,2,0,1,0,0,0,90,50,0,0
4130,78,50,2,0,1,0,0,0,90,50,0,0
4131,78,50,2,0,1,0,0,0,90,50,0,0
4132,78,50,2,0,1,0,0,0,90,50,0,0
4133,78,50,2,0,1,0,0,0,90,50,0,0
4134,78,50,2,0,1,0,0,0,90,50,0,0
4135,78,50,2,0,1,0,0,0,90,50,0,0
4136,78,50,2,0,1,0,0,0,90,50,0,0
4137,78,50,2,0,1,0,0,0,90,50,0,0
4138,78,50,2,0,1,0,0,0,90,50,0,0
4139,78,50,2,0,1,0,0,0,90,50,0,0
4140,78,50,2,0,1,0,0,0,90,50,0,0
4141,78,50,2,0,1,0,0,0,90,50,0,0
4142,78,50,2,0,1,0,0,0,90,50,0,0
4143,78,50,1,0,2,0,0,0,90,50,0,0
4144,78,50,1,0,2,0,0,0,90,50,0,0
4145,78,50,1,0,2,0,0,0,90,50,0,0
4146,78,50,1,0,2,0,0,0,90,50,0,0
4147,78,50,1,0,2,0,0,0,90,50,0,0
4148,78,50,1,0,2,0,0,0,90,50,0,0
4149,78,50,1,0,2,0,0,0,90,50,0,0
4150,78,50,1,0,2,0,0,0,90,50,0,0
4151,78,50,1,0,2,0,0,0,90,50,0,0
4152,78,50,1,0,2,0,0,0,90,50,0,0
4153,78,50,1,0,2,0,0,0,90,50,0,0
4154,78,50,1,0,2,0,0,0,90,50,0,0
4155,78,50,1,0,2,0,0,0,90,50,0,0
4156,78,50,1,0,2,0,0,0,90,50,0,0
4157,78,50,1,0,2,0,0,0,90,50,0,0
4158,78,50,1,0,2,0,0,0,90,50,0,0
4159,78,50,1,0,2,0,0,0,90,50,0,0
4160,78,50,1,0,2,0,0,0,90,50,0,0
4161,78,50,1,0,2,0,0,0,90,50,0,0
4162,78,50,1,0,2,0,0,0,90,50,0,0
4163,78,50,1,0,2,0,0,0,90,50,0,0
4164,78,50,1,0,2,0,0,0,90,50,0,0
4165,78,50,1,0,2,0,0,0,90,50,0,0
4166,78,50,1,0,2,0,0,0,90,50,0,0
4167,78,50,1,0,2,0,0,0,90,50,0,0
4168,78,50,1,0,2,0,0,0,90,50,0,0
4169,78,50,1,0,2,0,0,0,90,50,0,0
4170,78,50,1,0,2,0,0,0,90,50,0,0
4171,78,50,1,0,2,0,0,0,90,50,0,0
4172,78,50,1,0,2,0,0,0,90,50,0,0
4173,78,50,0,0,3,0,0,0,90,50,0,0
4174,78,50,0,0,3,0,0,0,90,50,0,0
4175,78,50,0,0,3,0,0,0,90,50,0,0
4176,78,50,0,0,3,0,0,0,90,50,0,0
4177,78,50,0,0,3,0,0,0,90,50,0,0
4178,78,50,0,0,3,0,0,0,90,50,0,0
4179,78,50,0,0,3,0,0,0,90,50,0,0
4180,78,50,0,0,3,0,0,0,90,50,0,0
4181,78,50,0,0,3,0,0,0,90,50,0,0
4182,78,50,0,0,3,0,0,0,90,50,0,0
4183,78,50,0,0,3,0,0,0,90,50,0,0
4184,78,50,0,0,3,0,0,0,90,50,0,0
4185,78,50,0,0,3,0,0,0,90,50,0,0
4186,78,50,0,0,3,0,0,0,90,50,0,0
4187,78,50,0,0,3,0,0,0,90,50,0,0
4188,78,50,0,0,3,0,0,0,90,50,0,0
4189,78,50,0,0,3,0,0,0,90,50,0,0
4190,78,50,0,0,3,0,0,0,90,50,0,0
4191,78,50,0,0,3,0,0,0,90,50,0,0
4192,78,50,0,0,3,0,0,0,90,50,0,0
4193,78,50,0,0,3,0,0,0,90,50,0,0
4194,78,50,0,0,3,0,0,0,90,50,0,0
4195,78,50,0,0,3,0,0,0,90,50,0,0
4196,78,50,0,0,3,0,0,0,90,50,0,0
4197,78,50,0,0,3,0,0,0,90,50,0,0
4198,78,50,0,0,3,0,0,0,90,50,0,0
4199,78,50,0,0,3,0,0,0,90,50,0,0
4200,78,50,0,0,3,0,0,0,90,50,0,0
4201,78,50,0,0,3,0,0,0,90,50,0,0
4202,78,50,0,0,3,0,0,0,90,50,0,0
4203,78,50,0,0,4,0,0,0,90,50,0,0
4204,78,50,0,0,4,0,0,0,90,50,0,0
4205,78,50,0,0,4,0,0,0,90,50,0,0
4206,78,50,0,0,4,0,0,0,90,50,0,0
4207,78,50,0,0,4,0,0,0,90,50,0,0
4208,78,50,0,0,4,0,0,0,90,50,0,0
4209,78,50,0,0,4,0,0,0,90,50,0,0
4210,78,50,0,0,4,0,0,0,90,50,0,0
4211,78,50,0,0,4,0,0,0,90,50,0,0
4212,78,50,0,0,4,0,0,0,90,50,0,0
4213,78,50,0,0,4,0,0,0,90,50,0,0
4214,78,50,0,0,4,0,0,0,90,50,0,0
4215,78,50,0,0,4,0,0,0,90,50,0,0
4216,78,50,0,0,4,0,0,0,90,50,0,0
4217,78,50,0,0,4,0,0,0,90,50,0,0
4218,78,50,0,0,0,0,3,0,90,50,0,0
4219,78,50,0,0,0,0,3,0,90,50,0,0
4220,78,50,0,0,0,0,3,0,90,50,0,0
4221,78,50,0,0,0,0,3,0,90,50,0,0
4222,78,50,0,0,0,0,3,0,90,50,0,0
4223,78,50,0,0,0,0,3,0,90,50,0,0
4224,78,50,0,0,0,0,3,0,90,50,0,0
4225,78,50,0,0,0,0,3,0,90,50,0,0
4226,78,50,0,0,0,0,3,0,90,50,0,0
4227,78,50,0,0,0,0,3,0,90,50,0,0
4228,78,50,0,0,0,0,3,0,90,50,0,0
4229,78,50,0,0,0,0,3,0,90,50,0,0
4230,78,50,0,0,0,0,3,0,90,50,0,0
4231,78,50,0,0,0,0,3,0,90,50,0,0
4232,78,50,0,0,0,0,3,0,90,50,0,0
4233,78,50,0,0,0,0,3,0,90,50,0,0
4234,78,50,0,0,0,0,3,0,90,50,0,0
4235,78,50,0,0,0,0,3,0,90,50,0,0
4236,78,50,0,0,0,0,3,0,90,50,0,0
4237,78,50,0,0,0,0,3,0,90,50,0,0
4238,78,50,0,0,0,0,3,0,90,50,0,0
4239,78,50,0,0,0,0,3,0,90,50,0,0
4240,78,50,0,0,0,0,3,0,90,50,0,0
4241,78,50,0,0,0,0,3,0,90,50,0,0
4242,78,50,0,0,0,0,3,0,90,50,0,0
4243,78,50,0,0,0,0,3,0,90,50,0,0
4244,78,50,0,0,0,0,3,0,90,50,0,0
4245,78,50,0,0,0,0,3,0,90,50,0,0
4246,78,50,0,0,0,0,3,0,90,50,0,0
4247,78,50,0,0,0,0,3,0,90,50,0,0
4248,78,50,0,0,0,0,3,0,89,50,0,0
4248,78,50,0,0,0,0,2,0,89,50,0,0
4249,78,50,0,0,0,0,2,0,89,50,0,0
4250,78,50,0,0,0,0,2,0,89,50,0,0
4251,78,50,0,0,0,0,2,0,89,50,0,0
4252,78,50,0,0,0,0,2,0,89,50,0,0
4253,78,50,0,0,0,0,2,0,89,50,0,0
4254,78,50,0,0,0,0,2,0,89,50,0,0
4255,78,50,0,0,0,0,2,0,89,50,0,0
4256,78,50,0,0,0,0,2,0,89,50,0,0
4257,78,50,0,0,0,0,2,0,89,50,0,0
4258,78,50,0,0,0,0,2,0,89,50,0,0
4259,78,50,0,0,0,0,2,0,89,50,0,0
4260,78,50,0,0,0,0,2,0,89,50,0,0
4261,78,50,0,0,0,0,2,0,89,50,0,0
4262,78,50,0,0,0,0,2,0,89,50,0,0
4263,78,50,0,0,0,0,2,0,89,50,0,0
4264,78,50,0,0,0,0,2,0,89,50,0,0
4265,78,50,0,0,0,0,2,0,89,50,0,0
4266,78,50,0,0,0,0,2,0,89,50,0,0
4267,78,50,0,0,0,0,2,0,89,50,0,0
4268,78,50,0,0,0,0,2,0,89,50,0,0
4269,78,50,0,0,0,0,2,0,89,50,0,0
4270,78,50,0,0,0,0,2,0,89,50,0,0
4271,78,50,0,0,0,0,2,0,89,50,0,0
4272,78,50,0,0,0,0,2,0,89,50,0,0
4273,78,50,0,0,0,0,2,0,89,50,0,0
4274,78,50,0,0,0,0,2,0,89,50,0,0
4275,78,50,0,0,0,0,2,0,89,50,0,0
4276,78,50,0,0,0,0,2,0,89,50,0,0
4277,78,50,0,0,0,0,2,0,89,50,0,0
4278,78,50,0,0,0,0,2,0,88,50,0,0
4278,78,50,0,0,0,0,1,0,88,50,0,0
4279,78,50,0,0,0,0,1,0,88,50,0,0
4280,78,50,0,0,0,0,1,0,88,50,0,0
4281,78,50,0,0,0,0,1,0,88,50,0,0
4282,78,50,0,0,0,0,1,0,88,50,0,0
4283,78,50,0,0,0,0,1,0,88,50,0,0
4284,78,50,0,0,0,0,1,0,88,50,0,0
4285,78,50,0,0,0,0,1,0,88,50,0,0
4286,78,50,0,0,0,0,1,0,88,50,0,0
4287,78,50,0,0,0,0,1,0,88,50,0,0
4288,78,50,0,0,0,0,1,0,88,50,0,0
4289,78,50,0,0,0,0,1,0,88,50,0,0
4290,78,50,0,0,0,0,1,0,88,50,0,0
4291,78,50,0,0,0,0,1,0,88,50,0,0
4292,78,50,0,0,0,0,1,0,88,50,0,0
4293,78,50,0,0,0,0,1,0,88,50,0,0
4294,78,50,0,0,0,0,1,0,88,50,0,0
4295,78,50,0,0,0,0,1,0,88,50,0,0
4296,78,50,0,0,0,0,1,0,88,50,0,0
4297,78,50,0,0,0,0,1,0,88,50,0,0
4298,78,50,0,0,0,0,1,0,88,50,0,0
4299,78,50,0,0,0,0,1,0,88,50,0,0
4300,78,50,0,0,0,0,1,0,88,50,0,0
4301,78,50,0,0,0,0,1,0,88,50,0,0
4302,78,50,0,0,0,0,1,0,88,50,0,0
4303,78,50,0,0,0,0,1,0,88,50,0,0
4304,78,50,0,0,0,0,1,0,88,50,0,0
4305,78,50,0,0,0,0,1,0,88,50,0,0
4306,78,50,0,0,0,0,1,0,88,50,0,0
4307,78,50,0,0,0,0,1,0,88,50,0,0
4308,78,50,0,0,0,0,1,0,87,50,0,0
4308,78,50,0,0,0,0,0,0,87,50,0,0
4309,78,50,0,0,0,0,0,0,87,50,0,0
4310,78,50,0,0,0,0,0,0,87,50,0,0
4311,78,50,0,0,0,0,0,0,87,50,0,0
4312,78,50,0,0,0,0,0,0,87,50,0,0
4313,78,50,0,0,0,0,0,0,87,50,0,0
4314,78,50,0,0,0,0,0,0,87,50,0,0
4315,78,50,0,0,0,0,0,0,87,50,0,0
4316,78,50,0,0,0,0,0,0,87,50,0,0
4317,78,50,0,0,0,0,0,0,87,50,0,0
4318,78,50,0,0,0,0,0,0,87,50,0,0
4319,78,50,0,0,0,0,0,0,87,50,0,0
4320,78,50,0,0,0,0,0,0,87,50,0,0
4321,78,50,0,0,0,0,0,0,87,50,0,0
4322,78,50,0,0,0,0,0,0,87,50,0,0
4323,74,50,3,0,0,0,0,0,87,50,0,0
4324,74,50,3,0,0,0,0,0,87,50,0,0
4325,74,50,3,0,0,0,0,0,87,50,0,0
4326,74,50,3,0,0,0,0,0,87,50,0,0
4327,74,50,3,0,0,0,0,0,87,50,0,0
4328,74,50,3,0,0,0,0,0,87,50,0,0
4329,74,50,3,0,0,0,0,0,87,50,0,0
4330,74,50,3,0,0,0,0,0,87,50,0,0
4331,74,50,3,0,0,0,0,0,87,50,0,0
4332,74,50,3,0,0,0,0,0,87,50,0,0
4333,74,50,3,0,0,0,0,0,87,50,0,0
4334,74,50,3,0,0,0,0,0,87,50,0,0
4335,74,50,3,0,0,0,0,0,87,50,0,0
4336,74,50,3,0,0,0,0,0,87,50,0,0
4337,74,50,3,0,0,0,0,0,87,50,0,0
4338,74,50,3,0,0,0,0,0,86,50,0,0
4338,74,50,3,0,0,0,0,0,86,50,0,0
4339,74,50,3,0,0,0,0,0,86,50,0,0
4340,74,50,3,0,0,0,0,0,86,50,0,0
4341,74,50,3,0,0,0,0,0,86,50,0,0
4342,74,50,3,0,0,0,0,0,86,50,0,0
4343,74,50,3,0,0,0,0,0,86,50,0,0
4344,74,50,3,0,0,0,0,0,86,50,0,0
4345,74,50,3,0,0,0,0,0,86,50,0,0
4346,74,50,3,0,0,0,0,0,86,50,0,0
4347,74,50,3,0,0,0,0,0,86,50,0,0
4348,74,50,3,0,0,0,0,0,86,50,0,0
4349,74,50,3,0,0,0,0,0,86,50,0,0
4350,74,50,3,0,0,0,0,0,86,50,0,0
4351,74,50,3,0,0,0,0,0,86,50,0,0
4352,74,50,3,0,0,0,0,0,86,50,0,0
4353,74,50,2,0,1,0,0,0,86,50,0,0
4354,74,50,2,0,1,0,0,0,86,50,0,0
4355,74,50,2,0,1,0,0,0,86,50,0,0
4356,74,50,2,0,1,0,0,0,86,50,0,0
4357,74,50,2,0,1,0,0,0,86,50,0,0
4358,74,50,2,0,1,0,0,0,86,50,0,0
4359,74,50,2,0,1,0,0,0,86,50,0,0
4360,74,50,2,0,1,0,0,0,86,50,0,0
4361,74,50,2,0,1,0,0,0,86,50,0,0
4362,74,50,2,0,1,0,0,0,86,50,0,0
4363,74,50,2,0,1,0,0,0,86,50,0,0
4364,74,50,2,0,1,0,0,0,86,50,0,0
4365,74,50,2,0,1,0,0,0,86,50,0,0
4366,74,50,2,0,1,0,0,0,86,50,0,0
4367,74,50,2,0,1,0,0,0,86,50,0,0
4368,74,50,2,0,1,0,0,0,86,50,0,0
4369,74,50,2,0,1,0,0,0,86,50,0,0
4370,74,50,2,0,1,0,0,0,86,50,0,0
4371,74,50,2,0,1,0,0,0,86,50,0,0
4372,74,50,2,0,1,0,0,0,86,50,0,0
4373,74,50,2,0,1,0,0,0,86,50,0,0
4374,74,50,2,0,1,0,0,0,86,50,0,0
4375,74,50,2,0,1,0,0,0,86,50,0,0
4376,74,50,2,0,1,0,0,0,86,50,0,0
4377,74,50,2,0,1,0,0,0,86,50,0,0
4378,74,50,2,0,1,0,0,0,86,50,0,0
4379,74,50,2,0,1,0,0,0,86,50,0,0
4380,74,50,2,0,1,0,0,0,86,50,0,0
4381,74,50,2,0,1,0,0,0,86,50,0,0
4382,74,50,2,0,1,0,0,0,86,50,0,0
4383,74,50,1,0,2,0,0,0,86,50,0,0
4384,74,50,1,0,2,0,0,0,86,50,0,0
4385,74,50,1,0,2,0,0,0,86,50,0,0
4386,74,50,1,0,2,0,0,0,86,50,0,0
4387,74,50,1,0,2,0,0,0,86,50,0,0
4388,74,50,1,0,2,0,0,0,86,50,0,0
4389,74,50,1,0,2,0,0,0,86,50,0,0
4390,74,50,1,0,2,0,0,0,86,50,0,0
4391,74,50,1,0,2,0,0,0,86,50,0,0
4392,74,50,1,0,2,0,0,0,86,50,0,0
4393,74,50,1,0,2,0,0,0,86,50,0,0
4394,74,50,1,0,2,0,0,0,86,50,0,0
4395,74,50,1,0,2,0,0,0,86,50,0,0
4396,74,50,1,0,2,0,0,0,86,50,0,0
4397,74,50,1,0,2,0,0,0,86,50,0,0
4398,74,50,1,0,2,0,0,0,86,50,0,0
4399,74,50,1,0,2,0,0,0,86,50,0,0
4400,74,50,1,0,2,0,0,0,86,50,0,0
4401,74,50,1,0,2,0,0,0,86,50,0,0
4402,74,50,1,0,2,0,0,0,86,50,0,0
4403,74,50,1,0,2,0,0,0,86,50,0,0
4404,74,50,1,0,2,0,0,0,86,50,0,0
4405,74,50,1,0,2,0,0,0,86,50,0,0
4406,74,50,1,0,2,0,0,0,86,50,0,0
4407,74,50,1,0,2,0,0,0,86,50,0,0
4408,74,50,1,0,2,0,0,0,86,50,0,0
4409,74,50,1,0,2,0,0,0,86,50,0,0
4410,74,50,1,0,2,0,0,0,86,50,0,0
4411,74,50,1,0,2,0,0,0,86,50,0,0
4412,74,50,1,0,2,0,0,0,86,50,0,0
4413,74,50,0,0,3,0,0,0,86,50,0,0
4414,74,50,0,0,3,0,0,0,86,50,0,0
4415,74,50,0,0,3,0,0,0,86,50,0,0
4416,74,50,0,0,3,0,0,0,86,50,0,0
4417,74,50,0,0,3,0,0,0,86,50,0,0
4418,74,50,0,0,3,0,0,0,86,50,0,0
4419,74,50,0,0,3,0,0,0,86,50,0,0
4420,74,50,0,0,3,0,0,0,86,50,0,0
4421,74,50,0,0,3,0,0,0,86,50,0,0
4422,74,50,0,0,3,0,0,0,86,50,0,0
4423,74,50,0,0,3,0,0,0,86,50,0,0
4424,74,50,0,0,3,0,0,0,86,50,0,0
4425,74,50,0,0,3,0,0,0,86,50,0,0
4426,74,50,0,0,3,0,0,0,86,50,0,0
4427,74,50,0,0,3,0,0,0,86,50,0,0
4428,74,50,0,0,3,0,0,0,86,50,0,0
4429,74,50,0,0,3,0,0,0,86,50,0,0
4430,74,50,0,0,3,0,0,0,86,50,0,0
4431,74,50,0,0,3,0,0,0,86,50,0,0
4432,74,50,0,0,3,0,0,0,86,50,0,0
4433,74,50,0,0,3,0,0,0,86,50,0,0
4434,74,50,0,0,3,0,0,0,86,50,0,0
4435,74,50,0,0,3,0,0,0,86,50,0,0
4436,74,50,0,0,3,0,0,0,86,50,0,0
4437,74,50,0,0,3,0,0,0,86,50,0,0
4438,74,50,0,0,3,0,0,0,86,50,0,0
4439,74,50,0,0,3,0,0,0,86,50,0,0
4440,74,50,0,0,3,0,0,0,86,50,0,0
4441,74,50,0,0,3,0,0,0,86,50,0,0
4442,74,50,0,0,3,0,0,0,86,50,0,0
4443,74,50,0,0,4,0,0,0,86,50,0,0
4444,74,50,0,0,4,0,0,0,86,50,0,0
4445,74,50,0,0,4,0,0,0,86,50,0,0
4446,74,50,0,0,4,0,0,0,86,50,0,0
4447,74,50,0,0,4,0,0,0,86,50,0,0
4448,74,50,0,0,4,0,0,0,86,50,0,0
4449,74,50,0,0,4,0,0,0,86,50,0,0
4450,74,50,0,0,4,0,0,0,86,50,0,0
4451,74,50,0,0,4,0,0,0,86,50,0,0
4452,74,50,0,0,4,0,0,0,86,50,0,0
4453,74,50,0,0,4,0,0,0,86,50,0,0
4454,74,50,0,0,4,0,0,0,86,50,0,0
4455,74,50,0,0,4,0,0,0,86,50,0,0
4456,74,50,0,0,4,0,0,0,86,50,0,0
4457,74,50,0,0,4,0,0,0,86,50,0,0
4458,74,50,0,0,0,0,3,0,86,50,0,0
4459,74,50,0,0,0,0,3,0,86,50,0,0
4460,74,50,0,0,0,0,3,0,86,50,0,0
4461,74,50,0,0,0,0,3,0,86,50,0,0
4462,74,50,0,0,0,0,3,0,86,50,0,0
4463,74,50,0,0,0,0,3,0,86,50,0,0
4464,74,50,0,0,0,0,3,0,86,50,0,0
4465,74,50,0,0,0,0,3,0,86,50,0,0
4466,74,50,0,0,0,0,3,0,86,50,0,0
4467,74,50,0,0,0,0,3,0,86,50,0,0
4468,74,50,0,0,0,0,3,0,86,50,0,0
4469,74,50,0,0,0,0,3,0,86,50,0,0
4470,74,50,0,0,0,0,3,0,86,50,0,0
4471,74,50,0,0,0,0,3,0,86,50,0,0
4472,74,50,0,0,0,0,3,0,86,50,0,0
4473,74,50,0,0,0,0,3,0,86,50,0,0
4474,74,50,0,0,0,0,3,0,86,50,0,0
4475,74,50,0,0,0,0,3,0,86,50,0,0
4476,74,50,0,0,0,0,3,0,86,50,0,0
4477,74,50,0,0,0,0,3,0,86,50,0,0
4478,74,50,0,0,0,0,3,0,86,50,0,0
4479,74,50,0,0,0,0,3,0,86,50,0,0
4480,74,50,0,0,0,0,3,0,86,50,0,0
4481,74,50,0,0,0,0,3,0,86,50,0,0
4482,74,50,0,0,0,0,3,0,86,50,0,0
4483,74,50,0,0,0,0,3,0,86,50,0,0
4484,74,50,0,0,0,0,3,0,86,50,0,0
4485,74,50,0,0,0,0,3,0,86,50,0,0
4486,74,50,0,0,0,0,3,0,86,50,0,0
4487,74,50,0,0,0,0,3,0,86,50,0,0
4488,74,50,0,0,0,0,3,0,85,50,0,0
4488,74,50,0,0,0,0,2,0,85,50,0,0
4489,74,50,0,0,0,0,2,0,85,50,0,0
4490,74,50,0,0,0,0,2,0,85,50,0,0
4491,74,50,0,0,0,0,2,0,85,50,0,0
4492,74,50,0,0,0,0,2,0,85,50,0,0
4493,74,50,0,0,0,0,2,0,85,50,0,0
4494,74,50,0,0,0,0,2,0,85,50,0,0
4495,74,50,0,0,0,0,2,0,85,50,0,0
4496,74,50,0,0,0,0,2,0,85,50,0,0
4497,74,50,0,0,0,0,2,0,85,50,0,0
4498,74,50,0,0,0,0,2,0,85,50,0,0
4499,74,50,0,0,0,0,2,0,85,50,0,0
4500,74,50,0,0,0,0,2,0,85,50,0,0
4501,74,50,0,0,0,0,2,0,85,50,0,0
4502,74,50,0,0,0,0,2,0,85,50,0,0
4503,74,50,0,0,0,0,2,0,85,50,0,0
4504,74,50,0,0,0,0,2,0,85,50,0,0
4505,74,50,0,0,0,0,2,0,85,50,0,0
4506,74,50,0,0,0,0,2,0,85,50,0,0
4507,74,50,0,0,0,0,2,0,85,50,0,0
4508,74,50,0,0,0,0,2,0,85,50,0,0
4509,74,50,0,0,0,0,2,0,85,50,0,0
4510,74,50,0,0,0,0,2,0,85,50,0,0
4511,74,50,0,0,0,0,2,0,85,50,0,0
4512,74,50,0,0,0,0,2,0,85,50,0,0
4513,74,50,0,0,0,0,2,0,85,50,0,0
4514,74,50,0,0,0,0,2,0,85,50,0,0
4515,74,50,0,0,0,0,2,0,85,50,0,0
4516,74,50,0,0,0,0,2,0,85,50,0,0
4517,74,50,0,0,0,0,2,0,85,50,0,0
4518,74,50,0,0,0,0,2,0,84,50,0,0
4518,74,50,0,0,0,0,1,0,84,50,0,0
4519,74,50,0,0,0,0,1,0,84,50,0,0
4520,74,50,0,0,0,0,1,0,84,50,0,0
4521,74,50,0,0,0,0,1,0,84,50,0,0
4522,74,50,0,0,0,0,1,0,84,50,0,0
4523,74,50,0,0,0,0,1,0,84,50,0,0
4524,74,50,0,0,0,0,1,0,84,50,0,0
4525,74,50,0,0,0,0,1,0,84,50,0,0
4526,74,50,0,0,0,0,1,0,84,50,0,0
4527,74,50,0,0,0,0,1,0,84,50,0,0
4528,74,50,0,0,0,0,1,0,84,50,0,0
4529,74,50,0,0,0,0,1,0,84,50,0,0
4530,74,50,0,0,0,0,1,0,84,50,0,0
4531,74,50,0,0,0,0,1,0,84,50,0,0
4532,74,50,0,0,0,0,1,0,84,50,0,0
4533,74,50,0,0,0,0,1,0,84,50,0,0
4534,74,50,0,0,0,0,1,0,84,50,0,0
4535,74,50,0,0,0,0,1,0,84,50,0,0
4536,74,50,0,0,0,0,1,0,84,50,0,0
4537,74,50,0,0,0,0,1,0,84,50,0,0
4538,74,50,0,0,0,0,1,0,84,50,0,0
4539,74,50,0,0,0,0,1,0,84,50,0,0
4540,74,50,0,0,0,0,1,0,84,50,0,0
4541,74,50,0,0,0,0,1,0,84,50,0,0
4542,74,50,0,0,0,0,1,0,84,50,0,0
4543,74,50,0,0,0,0,1,0,84,50,0,0
4544,74,50,0,0,0,0,1,0,84,50,0,0
4545,74,50,0,0,0,0,1,0,84,50,0,0
4546,74,50,0,0,0,0,1,0,84,50,0,0
4547,74,50,0,0,0,0,1,0,84,50,0,0
4548,74,50,0,0,0,0,1,0,83,50,0,0
4548,74,50,0,0,0,0,0,0,83,50,0,0
4549,74,50,0,0,0,0,0,0,83,50,0,0
4550,74,50,0,0,0,0,0,0,83,50,0,0
4551,74,50,0,0,0,0,0,0,83,50,0,0
4552,74,50,0,0,0,0,0,0,83,50,0,0
4553,74,50,0,0,0,0,0,0,83,50,0,0
4554,74,50,0,0,0,0,0,0,83,50,0,0
4555,74,50,0,0,0,0,0,0,83,50,0,0
4556,74,50,0,0,0,0,0,0,83,50,0,0
4557,74,50,0,0,0,0,0,0,83,50,0,0
4558,74,50,0,0,0,0,0,0,83,50,0,0
4559,74,50,0,0,0,0,0,0,83,50,0,0
4560,74,50,0,0,0,0,0,0,83,50,0,0
4561,74,50,0,0,0,0,0,0,83,50,0,0
4562,74,50,0,0,0,0,0,0,83,50,0,0
4563,70,50,3,0,0,0,0,0,83,50,0,0
4564,70,50,3,0,0,0,0,0,83,50,0,0
4565,70,50,3,0,0,0,0,0,83,50,0,0
4566,70,50,3,0,0,0,0,0,83,50,0,0
4567,70,50,3,0,0,0,0,0,83,50,0,0
4568,70,50,3,0,0,0,0,0,83,50,0,0
4569,70,50,3,0,0,0,0,0,83,50,0,0
4570,70,50,3,0,0,0,0,0,83,50,0,0
4571,70,50,3,0,0,0,0,0,83,50,0,0
4572,70,50,3,0,0,0,0,0,83,50,0,0
4573,70,50,3,0,0,0,0,0,83,50,0,0
4574,70,50,3,0,0,0,0,0,83,50,0,0
4575,70,50,3,0,0,0,0,0,83,50,0,0
4576,70,50,3,0,0,0,0,0,83,50,0,0
4577,70,50,3,0,0,0,0,0,83,50,0,0
4578,70,50,3,0,0,0,0,0,82,50,0,0
4578,70,50,3,0,0,0,0,0,82,50,0,0
4579,70,50,3,0,0,0,0,0,82,50,0,0
4580,70,50,3,0,0,0,0,0,82,50,0,0
4581,70,50,3,0,0,0,0,0,82,50,0,0
4582,70,50,3,0,0,0,0,0,82,50,0,0
4583,70,50,3,0,0,0,0,0,82,50,0,0
4584,70,50,3,0,0,0,0,0,82,50,0,0
4585,70,50,3,0,0,0,0,0,82,50,0,0
4586,70,50,3,0,0,0,0,0,82,50,0,0
4587,70,50,3,0,0,0,0,0,82,50,0,0
4588,70,50,3,0,0,0,0,0,82,50,0,0
4589,70,50,3,0,0,0,0,0,82,50,0,0
4590,70,50,3,0,0,0,0,0,82,50,0,0
4591,70,50,3,0,0,0,0,0,82,50,0,0
4592,70,50,3,0,0,0,0,0,82,50,0,0
4593,70,50,2,0,1,0,0,0,82,50,0,0
4594,70,50,2,0,1,0,0,0,82,50,0,0
4595,70,50,2,0,1,0,0,0,82,50,0,0
4596,70,50,2,0,1,0,0,0,82,50,0,0
4597,70,50,2,0,1,0,0,0,82,50,0,0
4598,70,50,2,0,1,0,0,0,82,50,0,0
4599,70,50,2,0,1,0,0,0,82,50,0,0
4600,70,50,2,0,1,0,0,0,82,50,0,0
4601,70,50,2,0,1,0,0,0,82,50,0,0
4602,70,50,2,0,1,0,0,0,82,50,0,0
4603,70,50,2,0,1,0,0,0,82,50,0,0
4604,70,50,2,0,1,0,0,0,82,50,0,0
4605,70,50,2,0,1,0,0,0,82,50,0,0
4606,70,50,2,0,1,0,0,0,82,50,0,0
4607,70,50,2,0,1,0,0,0,82,50,0,0
4608,70,50,2,0,1,0,0,0,82,50,0,0
4609,70,50,2,0,1,0,0,0,82,50,0,0
4610,70,50,2,0,1,0,0,0,82,50,0,0
4611,70,50,2,0,1,0,0,0,82,50,0,0
4612,70,50,2,0,1,0,0,0,82,50,0,0
4613,70,50,2,0,1,0,0,0,82,50,0,0
4614,70,50,2,0,1,0,0,0,82,50,0,0
4615,70,50,2,0,1,0,0,0,82,50,0,0
4616,70,50,2,0,1,0,0,0,82,50,0,0
4617,70,50,2,0,1,0,0,0,82,50,0,0
4618,70,50,2,0,1,0,0,0,82,50,0,0
4619,70,50,2,0,1,0,0,0,82,50,0,0
4620,70,50,2,0,1,0,0,0,82,50,0,0
4621,70,50,2,0,1,0,0,0,82,50,0,0
4622,70,50,2,0,1,0,0,0,82,50,0,0
4623,70,50,1,0,2,0,0,0,82,50,0,0
4624,70,50,1,0,2,0,0,0,82,50,0,0
4625,70,50,1,0,2,0,0,0,82,50,0,0
4626,70,50,1,0,2,0,0,0,82,50,0,0
4627,70,50,1,0,2,0,0,0,82,50,0,0
4628,70,50,1,0,2,0,0,0,82,50,0,0
4629,70,50,1,0,2,0,0,0,82,50,0,0
4630,70,50,1,0,2,0,0,0,82,50,0,0
4631,70,50,1,0,2,0,0,0,82,50,0,0
4632,70,50,1,0,2,0,0,0,82,50,0,0
4633,70,50,1,0,2,0,0,0,82,50,0,0
4634,70,50,1,0,2,0,0,0,82,50,0,0
4635,70,50,1,0,2,0,0,0,82,50,0,0
4636,70,50,1,0,2,0,0,0,82,50,0,0
4637,70,50,1,0,2,0,0,0,82,50,0,0
4638,70,50,1,0,2,0,0,0,82,50,0,0
4639,70,50,1,0,2,0,0,0,82,50,0,0
4640,70,50,1,0,2,0,0,0,82,50,0,0
4641,70,50,1,0,2,0,0,0,82,50,0,0
4642,70,50,1,0,2,0,0,0,82,50,0,0
4643,70,50,1,0,2,0,0,0,82,50,0,0
4644,70,50,1,0,2,0,0,0,82,50,0,0
4645,70,50,1,0,2,0,0,0,82,50,0,0
4646,70,50,1,0,2,0,0,0,82,50,0,0
4647,70,50,1,0,2,0,0,0,82,50,0,0
4648,70,50,1,0,2,0,0,0,82,50,0,0
4649,70,50,1,0,2,0,0,0,82,50,0,0
4650,70,50,1,0,2,0,0,0,82,50,0,0
4651,70,50,1,0,2,0,0,0,82,50,0,0
4652,70,50,1,0,2,0,0,0,82,50,0,0
4653,70,50,0,0,3,0,0,0,82,50,0,0
4654,70,50,0,0,3,0,0,0,82,50,0,0
4655,70,50,0,0,3,0,0,0,82,50,0,0
4656,70,50,0,0,3,0,0,0,82,50,0,0
4657,70,50,0,0,3,0,0,0,82,50,0,0
4658,70,50,0,0,3,0,0,0,82,50,0,0
4659,70,50,0,0,3,0,0,0,82,50,0,0
4660,70,50,0,0,3,0,0,0,82,50,0,0
4661,70,50,0,0,3,0,0,0,82,50,0,0
4662,70,50,0,0,3,0,0,0,82,50,0,0
4663,70,50,0,0,3,0,0,0,82,50,0,0
4664,70,50,0,0,3,0,0,0,82,50,0,0
4665,70,50,0,0,3,0,0,0,82,50,0,0
4666,70,50,0,0,3,0,0,0,82,50,0,0
4667,70,50,0,0,3,0,0,0,82,50,0,0
4668,70,50,0,0,3,0,0,0,82,50,0,0
4669,70,50,0,0,3,0,0,0,82,50,0,0
4670,70,50,0,0,3,0,0,0,82,50,0,0
4671,70,50,0,0,3,0,0,0,82,50,0,0
4672,70,50,0,0,3,0,0,0,82,50,0,0
4673,70,50,0,0,3,0,0,0,82,50,0,0
4674,70,50,0,0,3,0,0,0,82,50,0,0
4675,70,50,0,0,3,0,0,0,82,50,0,0
4676,70,50,0,0,3,0,0,0,82,50,0,0
4677,70,50,0,0,3,0,0,0,82,50,0,0
4678,70,50,0,0,3,0,0,0,82,50,0,0
4679,70,50,0,0,3,0,0,0,82,50,0,0
4680,70,50,0,0,3,0,0,0,82,50,0,0
4681,70,50,0,0,3,0,0,0,82,50,0,0
4682,70,50,0,0,3,0,0,0,82,50,0,0
4683,70,50,0,0,4,0,0,0,82,50,0,0
4684,70,50,0,0,4,0,0,0,82,50,0,0
4685,70,50,0,0,4,0,0,0,82,50,0,0
4686,70,50,0,0,4,0,0,0,82,50,0,0
4687,70,50,0,0,4,0,0,0,82,50,0,0
4688,70,50,0,0,4,0,0,0,82,50,0,0
4689,70,50,0,0,4,0,0,0,82,50,0,0
4690,70,50,0,0,4,0,0,0,82,50,0,0
4691,70,50,0,0,4,0,0,0,82,50,0,0
4692,70,50,0,0,4,0,0,0,82,50,0,0
4693,70,50,0,0,4,0,0,0,82,50,0,0
4694,70,50,0,0,4,0,0,0,82,50,0,0
4695,70,50,0,0,4,0,0,0,82,50,0,0
4696,70,50,0,0,4,0,0,0,82,50,0,0
4697,70,50,0,0,4,0,0,0,82,50,0,0
4698,70,50,0,0,0,0,3,0,82,50,0,0
4699,70,50,0,0,0,0,3,0,82,50,0,0
4700,70,50,0,0,0,0,3,0,82,50,0,0
4701,70,50,0,0,0,0,3,0,82,50,0,0
4702,70,50,0,0,0,0,3,0,82,50,0,0
4703,70,50,0,0,0,0,3,0,82,50,0,0
4704,70,50,0,0,0,0,3,0,82,50,0,0
4705,70,50,0,0,0,0,3,0,82,50,0,0
4706,70,50,0,0,0,0,3,0,82,50,0,0
4707,70,50,0,0,0,0,3,0,82,50,0,0
4708,70,50,0,0,0,0,3,0,82,50,0,0
4709,70,50,0,0,0,0,3,0,82,50,0,0
4710,70,50,0,0,0,0,3,0,82,50,0,0
4711,70,50,0,0,0,0,3,0,82,50,0,0
4712,70,50,0,0,0,0,3,0,82,50,0,0
4713,70,50,0,0,0,0,3,0,82,50,0,0
4714,70,50,0,0,0,0,3,0,82,50,0,0
4715,70,50,0,0,0,0,3,0,82,50,0,0
4716,70,50,0,0,0,0,3,0,82,50,0,0
4717,70,50,0,0,0,0,3,0,82,50,0,0
4718,70,50,0,0,0,0,3,0,82,50,0,0
4719,70,50,0,0,0,0,3,0,82,50,0,0
4720,70,50,0,0,0,0,3,0,82,50,0,0
4721,70,50,0,0,0,0,3,0,82,50,0,0
4722,70,50,0,0,0,0,3,0,82,50,0,0
4723,70,50,0,0,0,0,3,0,82,50,0,0
4724,70,50,0,0,0,0,3,0,82,50,0,0
4725,70,50,0,0,0,0,3,0,82,50,0,0
4726,70,50,0,0,0,0,3,0,82,50,0,0
4727,70,50,0,0,0,0,3,0,82,50,0,0
4728,70,50,0,0,0,0,3,0,81,50,0,0
4728,70,50,0,0,0,0,2,0,81,50,0,0
4729,70,50,0,0,0,0,2,0,81,50,0,0
4730,70,50,0,0,0,0,2,0,81,50,0,0
4731,70,50,0,0,0,0,2,0,81,50,0,0
4732,70,50,0,0,0,0,2,0,81,50,0,0
4733,70,50,0,0,0,0,2,0,81,50,0,0
4734,70,50,0,0,0,0,2,0,81,50,0,0
4735,70,50,0,0,0,0,2,0,81,50,0,0
4736,70,50,0,0,0,0,2,0,81,50,0,0
4737,70,50,0,0,0,0,2,0,81,50,0,0
4738,70,50,0,0,0,0,2,0,81,50,0,0
4739,70,50,0,0,0,0,2,0,81,50,0,0
4740,70,50,0,0,0,0,2,0,81,50,0,0
4741,70,50,0,0,0,0,2,0,81,50,0,0
4742,70,50,0,0,0,0,2,0,81,50,0,0
4743,70,50,0,0,0,0,2,0,81,50,0,0
4744,70,50,0,0,0,0,2,0,81,50,0,0
4745,70,50,0,0,0,0,2,0,81,50,0,0
4746,70,50,0,0,0,0,2,0,81,50,0,0
4747,70,50,0,0,0,0,2,0,81,50,0,0
4748,70,50,0,0,0,0,2,0,81,50,0,0
4749,70,50,0,0,0,0,2,0,81,50,0,0
4750,70,50,0,0,0,0,2,0,81,50,0,0
4751,70,50,0,0,0,0,2,0,81,50,0,0
4752,70,50,0,0,0,0,2,0,81,50,0,0
4753,70,50,0,0,0,0,2,0,81,50,0,0
4754,70,50,0,0,0,0,2,0,81,50,0,0
4755,70,50,0,0,0,0,2,0,81,50,0,0
4756,70,50,0,0,0,0,2,0,81,50,0,0
4757,70,50,0,0,0,0,2,0,81,50,0,0
4758,70,50,0,0,0,0,2,0,80,50,0,0
4758,70,50,0,0,0,0,1,0,80,50,0,0
4759,70,50,0,0,0,0,1,0,80,50,0,0
4760,70,50,0,0,0,0,1,0,80,50,0,0
4761,70,50,0,0,0,0,1,0,80,50,0,0
4762,70,50,0,0,0,0,1,0,80,50,0,0
4763,70,50,0,0,0,0,1,0,80,50,0,0
4764,70,50,0,0,0,0,1,0,80,50,0,0
4765,70,50,0,0,0,0,1,0,80,50,0,0
4766,70,50,0,0,0,0,1,0,80,50,0,0
4767,70,50,0,0,0,0,1,0,80,50,0,0
4768,70,50,0,0,0,0,1,0,80,50,0,0
4769,70,50,0,0,0,0,1,0,80,50,0,0
4770,70,50,0,0,0,0,1,0,80,50,0,0
4771,70,50,0,0,0,0,1,0,80,50,0,0
4772,70,50,0,0,0,0,1,0,80,50,0,0
4773,70,50,0,0,0,0,1,0,80,50,0,0
4774,70,50,0,0,0,0,1,0,80,50,0,0
4775,70,50,0,0,0,0,1,0,80,50,0,0
4776,70,50,0,0,0,0,1,0,80,50,0,0
4777,70,50,0,0,0,0,1,0,80,50,0,0
4778,70,50,0,0,0,0,1,0,80,50,0,0
4779,70,50,0,0,0,0,1,0,80,50,0,0
4780,70,50,0,0,0,0,1,0,80,50,0,0
4781,70,50,0,0,0,0,1,0,80,50,0,0
4782,70,50,0,0,0,0,1,0,80,50,0,0
4783,70,50,0,0,0,0,1,0,80,50,0,0
4784,70,50,0,0,0,0,1,0,80,50,0,0
4785,70,50,0,0,0,0,1,0,80,50,0,0
4786,70,50,0,0,0,0,1,0,80,50,0,0
4787,70,50,0,0,0,0,1,0,80,50,0,0
4788,70,50,0,0,0,0,1,0,79,50,0,0
4788,70,50,0,0,0,0,0,0,79,50,0,0
4789,70,50,0,0,0,0,0,0,79,50,0,0
4790,70,50,0,0,0,0,0,0,79,50,0,0
4791,70,50,0,0,0,0,0,0,79,50,0,0
4792,70,50,0,0,0,0,0,0,79,50,0,0
4793,70,50,0,0,0,0,0,0,79,50,0,0
4794,70,50,0,0,0,0,0,0,79,50,0,0
4795,70,50,0,0,0,0,0,0,79,50,0,0
4796,70,50,0,0,0,0,0,0,79,50,0,0
4797,70,50,0,0,0,0,0,0,79,50,0,0
4798,70,50,0,0,0,0,0,0,79,50,0,0
4799,70,50,0,0,0,0,0,0,79,50,0,0
4800,70,50,0,0,0,0,0,0,79,50,0,0
4801,70,50,0,0,0,0,0,0,79,50,0,0
4802,70,50,0,0,0,0,0,0,79,50,0,0
4803,66,50,3,0,0,0,0,0,79,50,0,0
4804,66,50,3,0,0,0,0,0,79,50,0,0
4805,66,50,3,0,0,0,0,0,79,50,0,0
4806,66,50,3,0,0,0,0,0,79,50,0,0
4807,66,50,3,0,0,0,0,0,79,50,0,0
4808,66,50,3,0,0,0,0,0,79,50,0,0
4809,66,50,3,0,0,0,0,0,79,50,0,0
4810,66,50,3,0,0,0,0,0,79,50,0,0
4811,66,50,3,0,0,0,0,0,79,50,0,0
4812,66,50,3,0,0,0,0,0,79,50,0,0
4813,66,50,3,0,0,0,0,0,79,50,0,0
4814,66,50,3,0,0,0,0,0,79,50,0,0
4815,66,50,3,0,0,0,0,0,79,50,0,0
4816,66,50,3,0,0,0,0,0,79,50,0,0
4817,66,50,3,0,0,0,0,0,79,50,0,0
4818,66,50,3,0,0,0,0,0,78,50,0,0
4818,66,50,3,0,0,0,0,0,78,50,0,0
4819,66,50,3,0,0,0,0,0,78,50,0,0
4820,66,50,3,0,0,0,0,0,78,50,0,0
4821,66,50,3,0,0,0,0,0,78,50,0,0
4822,66,50,3,0,0,0,0,0,78,50,0,0
4823,66,50,3,0,0,0,0,0,78,50,0,0
4824,66,50,3,0,0,0,0,0,78,50,0,0
4825,66,50,3,0,0,0,0,0,78,50,0,0
4826,66,50,3,0,0,0,0,0,78,50,0,0
4827,66,50,3,0,0,0,0,0,78,50,0,0
4828,66,50,3,0,0,0,0,0,78,50,0,0
4829,66,50,3,0,0,0,0,0,78,50,0,0
4830,66,50,3,0,0,0,0,0,78,50,0,0
4831,66,50,3,0,0,0,0,0,78,50,0,0
4832,66,50,3,0,0,0,0,0,78,50,0,0
4833,66,50,2,0,1,0,0,0,78,50,0,0
4834,66,50,2,0,1,0,0,0,78,50,0,0
4835,66,50,2,0,1,0,0,0,78,50,0,0
4836,66,50,2,0,1,0,0,0,78,50,0,0
4837,66,50,2,0,1,0,0,0,78,50,0,0
4838,66,50,2,0,1,0,0,0,78,50,0,0
4839,66,50,2,0,1,0,0,0,78,50,0,0
4840,66,50,2,0,1,0,0,0,78,50,0,0
4841,66,50,2,0,1,0,0,0,78,50,0,0
4842,66,50,2,0,1,0,0,0,78,50,0,0
4843,66,50,2,0,1,0,0,0,78,50,0,0
4844,66,50,2,0,1,0,0,0,78,50,0,0
4845,66,50,2,0,1,0,0,0,78,50,0,0
4846,66,50,2,0,1,0,0,0,78,50,0,0
4847,66,50,2,0,1,0,0,0,78,50,0,0
4848,66,50,2,0,1,0,0,0,78,50,0,0
4849,66,50,2,0,1,0,0,0,78,50,0,0
4850,66,50,2,0,1,0,0,0,78,50,0,0
4851,66,50,2,0,1,0,0,0,78,50,0,0
4852,66,50,2,0,1,0,0,0,78,50,0,0
4853,66,50,2,0,1,0,0,0,78,50,0,0
4854,66,50,2,0,1,0,0,0,78,50,0,0
4855,66,50,2,0,1,0,0,0,78,50,0,0
4856,66,50,2,0,1,0,0,0,78,50,0,0
4857,66,50,2,0,1,0,0,0,78,50,0,0
4858,66,50,2,0,1,0,0,0,78,50,0,0
4859,66,50,2,0,1,0,0,0,78,50,0,0
4860,66,50,2,0,1,0,0,0,78,50,0,0
4861,66,50,2,0,1,0,0,0,78,50,0,0
4862,66,50,2,0,1,0,0,0,78,50,0,0
4863,66,50,1,0,2,0,0,0,78,50,0,0
4864,66,50,1,0,2,0,0,0,78,50,0,0
4865,66,50,1,0,2,0,0,0,78,50,0,0
4866,66,50,1,0,2,0,0,0,78,50,0,0
4867,66,50,1,0,2,0,0,0,78,50,0,0
4868,66,50,1,0,2,0,0,0,78,50,0,0
4869,66,50,1,0,2,0,0,0,78,50,0,0
4870,66,50,1,0,2,0,0,0,78,50,0,0
4871,66,50,1,0,2,0,0,0,78,50,0,0
4872,66,50,1,0,2,0,0,0,78,50,0,0
4873,66,50,1,0,2,0,0,0,78,50,0,0
4874,66,50,1,0,2,0,0,0,78,50,0,0
4875,66,50,1,0,2,0,0,0,78,50,0,0
4876,66,50,1,0,2,0,0,0,78,50,0,0
4877,66,50,1,0,2,0,0,0,78,50,0,0
4878,66,50,1,0,2,0,0,0,78,50,0,0
4879,66,50,1,0,2,0,0,0,78,50,0,0
4880,66,50,1,0,2,0,0,0,78,50,0,0
4881,66,50,1,0,2,0,0,0,78,50,0,0
4882,66,50,1,0,2,0,0,0,78,50,0,0
4883,66,50,1,0,2,0,0,0,78,50,0,0
4884,66,50,1,0,2,0,0,0,78,50,0,0
4885,66,50,1,0,2,0,0,0,78,50,0,0
4886,66,50,1,0,2,0,0,0,78,50,0,0
4887,66,50,1,0,2,0,0,0,78,50,0,0
4888,66,50,1,0,2,0,0,0,78,50,0,0
4889,66,50,1,0,2,0,0,0,78,50,0,0
4890,66,50,1,0,2,0,0,0,78,50,0,0
4891,66,50,1,0,2,0,0,0,78,50,0,0
4892,66,50,1,0,2,0,0,0,78,50,0,0
4893,66,50,0,0,3,0,0,0,78,50,0,0
4894,66,50,0,0,3,0,0,0,78,50,0,0
4895,66,50,0,0,3,0,0,0,78,50,0,0
4896,66,50,0,0,3,0,0,0,78,50,0,0
4897,66,50,0,0,3,0,0,0,78,50,0,0
4898,66,50,0,0,3,0,0,0,78,50,0,0
4899,66,50,0,0,3,0,0,0,78,50,0,0
4900,66,50,0,0,3,0,0,0,78,50,0,0
4901,66,50,0,0,3,0,0,0,78,50,0,0
4902,66,50,0,0,3,0,0,0,78,50,0,0
4903,66,50,0,0,3,0,0,0,78,50,0,0
4904,66,50,0,0,3,0,0,0,78,50,0,0
4905,66,50,0,0,3,0,0,0,78,50,0,0
4906,66,50,0,0,3,0,0,0,78,50,0,0
4907,66,50,0,0,3,0,0,0,78,50,0,0
4908,66,50,0,0,3,0,0,0,78,50,0,0
4909,66,50,0,0,3,0,0,0,78,50,0,0
4910,66,50,0,0,3,0,0,0,78,50,0,0
4911,66,50,0,0,3,0,0,0,78,50,0,0
4912,66,50,0,0,3,0,0,0,78,50,0,0
4913,66,50,0,0,3,0,0,0,78,50,0,0
4914,66,50,0,0,3,0,0,0,78,50,0,0
4915,66,50,0,0,3,0,0,0,78,50,0,0
4916,66,50,0,0,3,0,0,0,78,50,0,0
4917,66,50,0,0,3,0,0,0,78,50,0,0
4918,66,50,0,0,3,0,0,0,78,50,0,0
4919,66,50,0,0,3,0,0,0,78,50,0,0
4920,66,50,0,0,3,0,0,0,78,50,0,0
4921,66,50,0,0,3,0,0,0,78,50,0,0
4922,66,50,0,0,3,0,0,0,78,50,0,0
4923,66,50,0,0,4,0,0,0,78,50,0,0
4924,66,50,0,0,4,0,0,0,78,50,0,0
4925,66,50,0,0,4,0,0,0,78,50,0,0
4926,66,50,0,0,4,0,0,0,78,50,0,0
4927,66,50,0,0,4,0,0,0,78,50,0,0
4928,66,50,0,0,4,0,0,0,78,50,0,0
4929,66,50,0,0,4,0,0,0,78,50,0,0
4930,66,50,0,0,4,0,0,0,78,50,0,0
4931,66,50,0,0,4,0,0,0,78,50,0,0
4932,66,50,0,0,4,0,0,0,78,50,0,0
4933,66,50,0,0,4,0,0,0,78,50,0,0
4934,66,50,0,0,4,0,0,0,78,50,0,0
4935,66,50,0,0,4,0,0,0,78,50,0,0
4936,66,50,0,0,4,0,0,0,78,50,0,0
4937,66,50,0,0,4,0,0,0,78,50,0,0
4938,66,50,0,0,0,0,3,0,78,50,0,0
4939,66,50,0,0,0,0,3,0,78,50,0,0
4940,66,50,0,0,0,0,3,0,78,50,0,0
4941,66,50,0,0,0,0,3,0,78,50,0,0
4942,66,50,0,0,0,0,3,0,78,50,0,0
4943,66,50,0,0,0,0,3,0,78,50,0,0
4944,66,50,0,0,0,0,3,0,78,50,0,0
4945,66,50,0,0,0,0,3,0,78,50,0,0
4946,66,50,0,0,0,0,3,0,78,50,0,0
4947,66,50,0,0,0,0,3,0,78,50,0,0
4948,66,50,0,0,0,0,3,0,78,50,0,0
4949,66,50,0,0,0,0,3,0,78,50,0,0
4950,66,50,0,0,0,0,3,0,78,50,0,0
4951,66,50,0,0,0,0,3,0,78,50,0,0
4952,66,50,0,0,0,0,3,0,78,50,0,0
4953,66,50,0,0,0,0,3,0,78,50,0,0
4954,66,50,0,0,0,0,3,0,78,50,0,0
4955,66,50,0,0,0,0,3,0,78,50,0,0
4956,66,50,0,0,0,0,3,0,78,50,0,0
4957,66,50,0,0,0,0,3,0,78,50,0,0
4958,66,50,0,0,0,0,3,0,78,50,0,0
4959,66,50,0,0,0,0,3,0,78,50,0,0
4960,66,50,0,0,0,0,3,0,78,50,0,0
4961,66,50,0,0,0,0,3,0,78,50,0,0
4962,66,50,0,0,0,0,3,0,78,50,0,0
4963,66,50,0,0,0,0,3,0,78,50,0,0
4964,66,50,0,0,0,0,3,0,78,50,0,0
4965,66,50,0,0,0,0,3,0,78,50,0,0
4966,66,50,0,0,0,0,3,0,78,50,0,0
4967,66,50,0,0,0,0,3,0,78,50,0,0
4968,66,50,0,0,0,0,3,0,77,50,0,0
4968,66,50,0,0,0,0,2,0,77,50,0,0
4969,66,50,0,0,0,0,2,0,77,50,0,0
4970,66,50,0,0,0,0,2,0,77,50,0,0
4971,66,50,0,0,0,0,2,0,77,50,0,0
4972,66,50,0,0,0,0,2,0,77,50,0,0
4973,66,50,0,0,0,0,2,0,77,50,0,0
4974,66,50,0,0,0,0,2,0,77,50,0,0
4975,66,50,0,0,0,0,2,0,77,50,0,0
4976,66,50,0,0,0,0,2,0,77,50,0,0
4977,66,50,0,0,0,0,2,0,77,50,0,0
4978,66,50,0,0,0,0,2,0,77,50,0,0
4979,66,50,0,0,0,0,2,0,77,50,0,0
4980,66,50,0,0,0,0,2,0,77,50,0,0
4981,66,50,0,0,0,0,2,0,77,50,0,0
4982,66,50,0,0,0,0,2,0,77,50,0,0
4983,66,50,0,0,0,0,2,0,77,50,0,0
4984,66,50,0,0,0,0,2,0,77,50,0,0
4985,66,50,0,0,0,0,2,0,77,50,0,0
4986,66,50,0,0,0,0,2,0,77,50,0,0
4987,66,50,0,0,0,0,2,0,77,50,0,0
4988,66,50,0,0,0,0,2,0,77,50,0,0
4989,66,50,0,0,0,0,2,0,77,50,0,0
4990,66,50,0,0,0,0,2,0,77,50,0,0
4991,66,50,0,0,0,0,2,0,77,50,0,0
4992,66,50,0,0,0,0,2,0,77,50,0,0
4993,66,50,0,0,0,0,2,0,77,50,0,0
4994,66,50,0,0,0,0,2,0,77,50,0,0
4995,66,50,0,0,0,0,2,0,77,50,0,0
4996,66,50,0,0,0,0,2,0,77,50,0,0
4997,66,50,0,0,0,0,2,0,77,50,0,0
4998,66,50,0,0,0,0,2,0,76,50,0,0
4998,66,50,0,0,0,0,1,0,76,50,0,0
4999,66,50,0,0,0,0,1,0,76,50,0,0
5000,66,50,0,0,0,0,1,0,76,50,0,0
5001,66,50,0,0,0,0,1,0,76,50,0,0
5002,66,50,0,0,0,0,1,0,76,50,0,0
5003,66,50,0,0,0,0,1,0,76,50,0,0
5004,66,50,0,0,0,0,1,0,76,50,0,0
5005,66,50,0,0,0,0,1,0,76,50,0,0
5006,66,50,0,0,0,0,1,0,76,50,0,0
5007,66,50,0,0,0,0,1,0,76,50,0,0
5008,66,50,0,0,0,0,1,0,76,50,0,0
5009,66,50,0,0,0,0,1,0,76,50,0,0
5010,66,50,0,0,0,0,1,0,76,50,0,0
5011,66,50,0,0,0,0,1,0,76,50,0,0
5012,66,50,0,0,0,0,1,0,76,50,0,0
5013,66,50,0,0,0,0,1,0,76,50,0,0
5014,66,50,0,0,0,0,1,0,76,50,0,0
5015,66,50,0,0,0,0,1,0,76,50,0,0
5016,66,50,0,0,0,0,1,0,76,50,0,0
5017,66,50,0,0,0,0,1,0,76,50,0,0
5018,66,50,0,0,0,0,1,0,76,50,0,0
5019,66,50,0,0,0,0,1,0,76,50,0,0
5020,66,50,0,0,0,0,1,0,76,50,0,0
5021,66,50,0,0,0,0,1,0,76,50,0,0
5022,66,50,0,0,0,0,1,0,76,50,0,0
5023,66,50,0,0,0,0,1,0,76,50,0,0
5024,66,50,0,0,0,0,1,0,76,50,0,0
5025,66,50,0,0,0,0,1,0,76,50,0,0
5026,66,50,0,0,0,0,1,0,76,50,0,0
5027,66,50,0,0,0,0,1,0,76,50,0,0
5028,66,50,0,0,0,0,1,0,75,50,0,0
5028,66,50,0,0,0,0,0,0,75,50,0,0
5029,66,50,0,0,0,0,0,0,75,50,0,0
5030,66,50,0,0,0,0,0,0,75,50,0,0
5031,66,50,0,0,0,0,0,0,75,50,0,0
5032,66,50,0,0,0,0,0,0,75,50,0,0
5033,66,50,0,0,0,0,0,0,75,50,0,0
5034,66,50,0,0,0,0,0,0,75,50,0,0
5035,66,50,0,0,0,0,0,0,75,50,0,0
5036,66,50,0,0,0,0,0,0,75,50,0,0
5037,66,50,0,0,0,0,0,0,75,50,0,0
5038,66,50,0,0,0,0,0,0,75,50,0,0
5039,66,50,0,0,0,0,0,0,75,50,0,0
5040,66,50,0,0,0,0,0,0,75,50,0,0
5041,66,50,0,0,0,0,0,0,75,50,0,0
5042,66,50,0,0,0,0,0,0,75,50,0,0
5043,62,50,3,0,0,0,0,0,75,50,0,0
5044,62,50,3,0,0,0,0,0,75,50,0,0
5045,62,50,3,0,0,0,0,0,75,50,0,0
5046,62,50,3,0,0,0,0,0,75,50,0,0
5047,62,50,3,0,0,0,0,0,75,50,0,0
5048,62,50,3,0,0,0,0,0,75,50,0,0
5049,62,50,3,0,0,0,0,0,75,50,0,0
5050,62,50,3,0,0,0,0,0,75,50,0,0
5051,62,50,3,0,0,0,0,0,75,50,0,0
5052,62,50,3,0,0,0,0,0,75,50,0,0
5053,62,50,3,0,0,0,0,0,75,50,0,0
5054,62,50,3,0,0,0,0,0,75,50,0,0
5055,62,50,3,0,0,0,0,0,75,50,0,0
5056,62,50,3,0,0,0,0,0,75,50,0,0
5057,62,50,3,0,0,0,0,0,75,50,0,0
5058,62,50,3,0,0,0,0,0,74,50,0,0
5058,62,50,3,0,0,0,0,0,74,50,0,0
5059,62,50,3,0,0,0,0,0,74,50,0,0
5060,62,50,3,0,0,0,0,0,74,50,0,0
5061,62,50,3,0,0,0,0,0,74,50,0,0
5062,62,50,3,0,0,0,0,0,74,50,0,0
5063,62,50,3,0,0,0,0,0,74,50,0,0
5064,62,50,3,0,0,0,0,0,74,50,0,0
5065,62,50,3,0,0,0,0,0,74,50,0,0
5066,62,50,3,0,0,0,0,0,74,50,0,0
5067,62,50,3,0,0,0,0,0,74,50,0,0
5068,62,50,3,0,0,0,0,0,74,50,0,0
5069,62,50,3,0,0,0,0,0,74,50,0,0
5070,62,50,3,0,0,0,0,0,74,50,0,0
5071,62,50,3,0,0,0,0,0,74,50,0,0
5072,62,50,3,0,0,0,0,0,74,50,0,0
5073,62,50,2,0,1,0,0,0,74,50,0,0
5074,62,50,2,0,1,0,0,0,74,50,0,0
5075,62,50,2,0,1,0,0,0,74,50,0,0
5076,62,50,2,0,1,0,0,0,74,50,0,0
5077,62,50,2,0,1,0,0,0,74,50,0,0
5078,62,50,2,0,1,0,0,0,74,50,0,0
5079,62,50,2,0,1,0,0,0,74,50,0,0
5080,62,50,2,0,1,0,0,0,74,50,0,0
5081,62,50,2,0,1,0,0,0,74,50,0,0
5082,62,50,2,0,1,0,0,0,74,50,0,0
5083,62,50,2,0,1,0,0,0,74,50,0,0
5084,62,50,2,0,1,0,0,0,74,50,0,0
5085,62,50,2,0,1,0,0,0,74,50,0,0
5086,62,50,2,0,1,0,0,0,74,50,0,0
5087,62,50,2,0,1,0,0,0,74,50,0,0
5088,62,50,2,0,1,0,0,0,74,50,0,0
5089,62,50,2,0,1,0,0,0,74,50,0,0
5090,62,50,2,0,1,0,0,0,74,50,0,0
5091,62,50,2,0,1,0,0,0,74,50,0,0
5092,62,50,2,0,1,0,0,0,74,50,0,0
5093,62,50,2,0,1,0,0,0,74,50,0,0
5094,62,50,2,0,1,0,0,0,74,50,0,0
5095,62,50,2,0,1,0,0,0,74,50,0,0
5096,62,50,2,0,1,0,0,0,74,50,0,0
5097,62,50,2,0,1,0,0,0,74,50,0,0
5098,62,50,2,0,1,0,0,0,74,50,0,0
5099,62,50,2,0,1,0,0,0,74,50,0,0
5100,62,50,2,0,1,0,0,0,74,50,0,0
5101,62,50,2,0,1,0,0,0,74,50,0,0
5102,62,50,2,0,1,0,0,0,74,50,0,0
5103,62,50,1,0,2,0,0,0,74,50,0,0
5104,62,50,1,0,2,0,0,0,74,50,0,0
5105,62,50,1,0,2,0,0,0,74,50,0,0
5106,62,50,1,0,2,0,0,0,74,50,0,0
5107,62,50,1,0,2,0,0,0,74,50,0,0
5108,62,50,1,0,2,0,0,0,74,50,0,0
5109,62,50,1,0,2,0,0,0,74,50,0,0
5110,62,50,1,0,2,0,0,0,74,50,0,0
5111,62,50,1,0,2,0,0,0,74,50,0,0
5112,62,50,1,0,2,0,0,0,74,50,0,0
5113,62,50,1,0,2,0,0,0,74,50,0,0
5114,62,50,1,0,2,0,0,0,74,50,0,0
5115,62,50,1,0,2,0,0,0,74,50,0,0
5116,62,50,1,0,2,0,0,0,74,50,0,0
5117,62,50,1,0,2,0,0,0,74,50,0,0
5118,62,50,1,0,2,0,0,0,74,50,0,0
5119,62,50,1,0,2,0,0,0,74,50,0,0
5120,62,50,1,0,2,0,0,0,74,50,0,0
5121,62,50,1,0,2,0,0,0,74,50,0,0
5122,62,50,1,0,2,0,0,0,74,50,0,0
5123,62,50,1,0,2,0,0,0,74,50,0,0
5124,62,50,1,0,2,0,0,0,74,50,0,0
5125,62,50,1,0,2,0,0,0,74,50,0,0
5126,62,50,1,0,2,0,0,0,74,50,0,0
5127,62,50,1,0,2,0,0,0,74,50,0,0
5128,62,50,1,0,2,0,0,0,74,50,0,0
5129,62,50,1,0,2,0,0,0,74,50,0,0
5130,62,50,1,0,2,0,0,0,74,50,0,0
5131,62,50,1,0,2,0,0,0,74,50,0,0
5132,62,50,1,0,2,0,0,0,74,50,0,0
5133,62,50,0,0,3,0,0,0,74,50,0,0
5134,62,50,0,0,3,0,0,0,74,50,0,0
5135,62,50,0,0,3,0,0,0,74,50,0,0
5136,62,50,0,0,3,0,0,0,74,50,0,0
5137,62,50,0,0,3,0,0,0,74,50,0,0
5138,62,50,0,0,3,0,0,0,74,50,0,0
5139,62,50,0,0,3,0,0,0,74,50,0,0
5140,62,50,0,0,3,0,0,0,74,50,0,0
5141,62,50,0,0,3,0,0,0,74,50,0,0
5142,62,50,0,0,3,0,0,0,74,50,0,0
5143,62,50,0,0,3,0,0,0,74,50,0,0
5144,62,50,0,0,3,0,0,0,74,50,0,0
5145,62,50,0,0,3,0,0,0,74,50,0,0
5146,62,50,0,0,3,0,0,0,74,50,0,0
5147,62,50,0,0,3,0,0,0,74,50,0,0
5148,62,50,0,0,3,0,0,0,74,50,0,0
5149,62,50,0,0,3,0,0,0,74,50,0,0
5150,62,50,0,0,3,0,0,0,74,50,0,0
5151,62,50,0,0,3,0,0,0,74,50,0,0
5152,62,50,0,0,3,0,0,0,74,50,0,0
5153,62,50,0,0,3,0,0,0,74,50,0,0
5154,62,50,0,0,3,0,0,0,74,50,0,0
5155,62,50,0,0,3,0,0,0,74,50,0,0
5156,62,50,0,0,3,0,0,0,74,50,0,0
5157,62,50,0,0,3,0,0,0,74,50,0,0
5158,62,50,0,0,3,0,0,0,74,50,0,0
5159,62,50,0,0,3,0,0,0,74,50,0,0
5160,62,50,0,0,3,0,0,0,74,50,0,0
5161,62,50,0,0,3,0,0,0,74,50,0,0
5162,62,50,0,0,3,0,0,0,74,50,0,0
5163,62,50,0,0,4,0,0,0,74,50,0,0
5164,62,50,0,0,4,0,0,0,74,50,0,0
5165,62,50,0,0,4,0,0,0,74,50,0,0
5166,62,50,0,0,4,0,0,0,74,50,0,0
5167,62,50,0,0,4,0,0,0,74,50,0,0
5168,62,50,0,0,4,0,0,0,74,50,0,0
5169,62,50,0,0,4,0,0,0,74,50,0,0
5170,62,50,0,0,4,0,0,0,74,50,0,0
5171,62,50,0,0,4,0,0,0,74,50,0,0
5172,62,50,0,0,4,0,0,0,74,50,0,0
5173,62,50,0,0,4,0,0,0,74,50,0,0
5174,62,50,0,0,4,0,0,0,74,50,0,0
5175,62,50,0,0,4,0,0,0,74,50,0,0
5176,62,50,0,0,4,0,0,0,74,50,0,0
5177,62,50,0,0,4,0,0,0,74,50,0,0
5178,62,50,0,0,0,0,3,0,74,50,0,0
5179,62,50,0,0,0,0,3,0,74,50,0,0
5180,62,50,0,0,0,0,3,0,74,50,0,0
5181,62,50,0,0,0,0,3,0,74,50,0,0
5182,62,50,0,0,0,0,3,0,74,50,0,0
5183,62,50,0,0,0,0,3,0,74,50,0,0
5184,62,50,0,0,0,0,3,0,74,50,0,0
5185,62,50,0,0,0,0,3,0,74,50,0,0
5186,62,50,0,0,0,0,3,0,74,50,0,0
5187,62,50,0,0,0,0,3,0,74,50,0,0
5188,62,50,0,0,0,0,3,0,74,50,0,0
5189,62,50,0,0,0,0,3,0,74,50,0,0
5190,62,50,0,0,0,0,3,0,74,50,0,0
5191,62,50,0,0,0,0,3,0,74,50,0,0
5192,62,50,0,0,0,0,3,0,74,50,0,0
5193,62,50,0,0,0,0,3,0,74,50,0,0
5194,62,50,0,0,0,0,3,0,74,50,0,0
5195,62,50,0,0,0,0,3,0,74,50,0,0
5196,62,50,0,0,0,0,3,0,74,50,0,0
5197,62,50,0,0,0,0,3,0,74,50,0,0
5198,62,50,0,0,0,0,3,0,74,50,0,0
5199,62,50,0,0,0,0,3,0,74,50,0,0
5200,62,50,0,0,0,0,3,0,74,50,0,0
5201,62,50,0,0,0,0,3,0,74,50,0,0
5202,62,50,0,0,0,0,3,0,74,50,0,0
5203,62,50,0,0,0,0,3,0,74,50,0,0
5204,62,50,0,0,0,0,3,0,74,50,0,0
5205,62,50,0,0,0,0,3,0,74,50,0,0
5206,62,50,0,0,0,0,3,0,74,50,0,0
5207,62,50,0,0,0,0,3,0,74,50,0,0
5208,62,50,0,0,0,0,3,0,73,50,0,0
5208,62,50,0,0,0,0,2,0,73,50,0,0
5209,62,50,0,0,0,0,2,0,73,50,0,0
5210,62,50,0,0,0,0,2,0,73,50,0,0
5211,62,50,0,0,0,0,2,0,73,50,0,0
5212,62,50,0,0,0,0,2,0,73,50,0,0
5213,62,50,0,0,0,0,2,0,73,50,0,0
5214,62,50,0,0,0,0,2,0,73,50,0,0
5215,62,50,0,0,0,0,2,0,73,50,0,0
5216,62,50,0,0,0,0,2,0,73,50,0,0
5217,62,50,0,0,0,0,2,0,73,50,0,0
5218,62,50,0,0,0,0,2,0,73,50,0,0
5219,62,50,0,0,0,0,2,0,73,50,0,0
5220,62,50,0,0,0,0,2,0,73,50,0,0
5221,62,50,0,0,0,0,2,0,73,50,0,0
5222,62,50,0,0,0,0,2,0,73,50,0,0
5223,62,50,0,0,0,0,2,0,73,50,0,0
5224,62,50,0,0,0,0,2,0,73,50,0,0
5225,62,50,0,0,0,0,2,0,73,50,0,0
5226,62,50,0,0,0,0,2,0,73,50,0,0
5227,62,50,0,0,0,0,2,0,73,50,0,0
5228,62,50,0,0,0,0,2,0,73,50,0,0
5229,62,50,0,0,0,0,2,0,73,50,0,0
5230,62,50,0,0,0,0,2,0,73,50,0,0
5231,62,50,0,0,0,0,2,0,73,50,0,0
5232,62,50,0,0,0,0,2,0,73,50,0,0
5233,62,50,0,0,0,0,2,0,73,50,0,0
5234,62,50,0,0,0,0,2,0,73,50,0,0
5235,62,50,0,0,0,0,2,0,73,50,0,0
5236,62,50,0,0,0,0,2,0,73,50,0,0
5237,62,50,0,0,0,0,2,0,73,50,0,0
5238,62,50,0,0,0,0,2,0,72,50,0,0
5238,62,50,0,0,0,0,1,0,72,50,0,0
5239,62,50,0,0,0,0,1,0,72,50,0,0
5240,62,50,0,0,0,0,1,0,72,50,0,0
5241,62,50,0,0,0,0,1,0,72,50,0,0
5242,62,50,0,0,0,0,1,0,72,50,0,0
5243,62,50,0,0,0,0,1,0,72,50,0,0
5244,62,50,0,0,0,0,1,0,72,50,0,0
5245,62,50,0,0,0,0,1,0,72,50,0,0
5246,62,50,0,0,0,0,1,0,72,50,0,0
5247,62,50,0,0,0,0,1,0,72,50,0,0
5248,62,50,0,0,0,0,1,0,72,50,0,0
5249,62,50,0,0,0,0,1,0,72,50,0,0
5250,62,50,0,0,0,0,1,0,72,50,0,0
5251,62,50,0,0,0,0,1,0,72,50,0,0
5252,62,50,0,0,0,0,1,0,72,50,0,0
5253,62,50,0,0,0,0,1,0,72,50,0,0
5254,62,50,0,0,0,0,1,0,72,50,0,0
5255,62,50,0,0,0,0,1,0,72,50,0,0
5256,62,50,0,0,0,0,1,0,72,50,0,0
5257,62,50,0,0,0,0,1,0,72,50,0,0
5258,62,50,0,0,0,0,1,0,72,50,0,0
5259,62,50,0,0,0,0,1,0,72,50,0,0
5260,62,50,0,0,0,0,1,0,72,50,0,0
5261,62,50,0,0,0,0,1,0,72,50,0,0
5262,62,50,0,0,0,0,1,0,72,50,0,0
5263,62,50,0,0,0,0,1,0,72,50,0,0
5264,62,50,0,0,0,0,1,0,72,50,0,0
5265,62,50,0,0,0,0,1,0,72,50,0,0
5266,62,50,0,0,0,0,1,0,72,50,0,0
5267,62,50,0,0,0,0,1,0,72,50,0,0
5268,62,50,0,0,0,0,1,0,71,50,0,0
5268,62,50,0,0,0,0,0,0,71,50,0,0
5269,62,50,0,0,0,0,0,0,71,50,0,0
5270,62,50,0,0,0,0,0,0,71,50,0,0
5271,62,50,0,0,0,0,0,0,71,50,0,0
5272,62,50,0,0,0,0,0,0,71,50,0,0
5273,62,50,0,0,0,0,0,0,71,50,0,0
5274,62,50,0,0,0,0,0,0,71,50,0,0
5275,62,50,0,0,0,0,0,0,71,50,0,0
5276,62,50,0,0,0,0,0,0,71,50,0,0
5277,62,50,0,0,0,0,0,0,71,50,0,0
5278,62,50,0,0,0,0,0,0,71,50,0,0
5279,62,50,0,0,0,0,0,0,71,50,0,0
5280,62,50,0,0,0,0,0,0,71,50,0,0
5281,62,50,0,0,0,0,0,0,71,50,0,0
5282,62,50,0,0,0,0,0,0,71,50,0,0
5283,58,50,3,0,0,0,0,0,71,50,0,0
5284,58,50,3,0,0,0,0,0,71,50,0,0
5285,58,50,3,0,0,0,0,0,71,50,0,0
5286,58,50,3,0,0,0,0,0,71,50,0,0
5287,58,50,3,0,0,0,0,0,71,50,0,0
5288,58,50,3,0,0,0,0,0,71,50,0,0
5289,58,50,3,0,0,0,0,0,71,50,0,0
5290,58,50,3,0,0,0,0,0,71,50,0,0
5291,58,50,3,0,0,0,0,0,71,50,0,0
5292,58,50,3,0,0,0,0,0,71,50,0,0
5293,58,50,3,0,0,0,0,0,71,50,0,0
5294,58,50,3,0,0,0,0,0,71,50,0,0
5295,58,50,3,0,0,0,0,0,71,50,0,0
5296,58,50,3,0,0,0,0,0,71,50,0,0
5297,58,50,3,0,0,0,0,0,71,50,0,0
5298,58,50,3,0,0,0,0,0,70,50,0,0
5298,58,50,3,0,0,0,0,0,70,50,0,0
5299,58,50,3,0,0,0,0,0,70,50,0,0
5300,58,50,3,0,0,0,0,0,70,50,0,0
5301,58,50,3,0,0,0,0,0,70,50,0,0
5302,58,50,3,0,0,0,0,0,70,50,0,0
5303,58,50,3,0,0,0,0,0,70,50,0,0
5304,58,50,3,0,0,0,0,0,70,50,0,0
5305,58,50,3,0,0,0,0,0,70,50,0,0
5306,58,50,3,0,0,0,0,0,70,50,0,0
5307,58,50,3,0,0,0,0,0,70,50,0,0
5308,58,50,3,0,0,0,0,0,70,50,0,0
5309,58,50,3,0,0,0,0,0,70,50,0,0
5310,58,50,3,0,0,0,0,0,70,50,0,0
5311,58,50,3,0,0,0,0,0,70,50,0,0
5312,58,50,3,0,0,0,0,0,70,50,0,0
5313,58,50,2,0,1,0,0,0,70,50,0,0
5314,58,50,2,0,1,0,0,0,70,50,0,0
5315,58,50,2,0,1,0,0,0,70,50,0,0
5316,58,50,2,0,1,0,0,0,70,50,0,0
5317,58,50,2,0,1,0,0,0,70,50,0,0
5318,58,50,2,0,1,0,0,0,70,50,0,0
5319,58,50,2,0,1,0,0,0,70,50,0,0
5320,58,50,2,0,1,0,0,0,70,50,0,0
5321,58,50,2,0,1,0,0,0,70,50,0,0
5322,58,50,2,0,1,0,0,0,70,50,0,0
5323,58,50,2,0,1,0,0,0,70,50,0,0
5324,58,50,2,0,1,0,0,0,70,50,0,0
5325,58,50,2,0,1,0,0,0,70,50,0,0
5326,58,50,2,0,1,0,0,0,70,50,0,0
5327,58,50,2,0,1,0,0,0,70,50,0,0
5328,58,50,2,0,1,0,0,0,70,50,0,0
5329,58,50,2,0,1,0,0,0,70,50,0,0
5330,58,50,2,0,1,0,0,0,70,50,0,0
5331,58,50,2,0,1,0,0,0,70,50,0,0
5332,58,50,2,0,1,0,0,0,70,50,0,0
5333,58,50,2,0,1,0,0,0,70,50,0,0
5334,58,50,2,0,1,0,0,0,70,50,0,0
5335,58,50,2,0,1,0,0,0,70,50,0,0
5336,58,50,2,0,1,0,0,0,70,50,0,0
5337,58,50,2,0,1,0,0,0,70,50,0,0
5338,58,50,2,0,1,0,0,0,70,50,0,0
5339,58,50,2,0,1,0,0,0,70,50,0,0
5340,58,50,2,0,1,0,0,0,70,50,0,0
5341,58,50,2,0,1,0,0,0,70,50,0,0
5342,58,50,2,0,1,0,0,0,70,50,0,0
5343,58,50,1,0,2,0,0,0,70,50,0,0
5344,58,50,1,0,2,0,0,0,70,50,0,0
5345,58,50,1,0,2,0,0,0,70,50,0,0
5346,58,50,1,0,2,0,0,0,70,50,0,0
5347,58,50,1,0,2,0,0,0,70,50,0,0
5348,58,50,1,0,2,0,0,0,70,50,0,0
5349,58,50,1,0,2,0,0,0,70,50,0,0
5350,58,50,1,0,2,0,0,0,70,50,0,0
5351,58,50,1,0,2,0,0,0,70,50,0,0
5352,58,50,1,0,2,0,0,0,70,50,0,0
5353,58,50,1,0,2,0,0,0,70,50,0,0
5354,58,50,1,0,2,0,0,0,70,50,0,0
5355,58,50,1,0,2,0,0,0,70,50,0,0
5356,58,50,1,0,2,0,0,0,70,50,0,0
5357,58,50,1,0,2,0,0,0,70,50,0,0
5358,58,50,1,0,2,0,0,0,70,50,0,0
5359,58,50,1,0,2,0,0,0,70,50,0,0
5360,58,50,1,0,2,0,0,0,70,50,0,0
5361,58,50,1,0,2,0,0,0,70,50,0,0
5362,58,50,1,0,2,0,0,0,70,50,0,0
5363,58,50,1,0,2,0,0,0,70,50,0,0
5364,58,50,1,0,2,0,0,0,70,50,0,0
5365,58,50,1,0,2,0,0,0,70,50,0,0
5366,58,50,1,0,2,0,0,0,70,50,0,0
5367,58,50,1,0,2,0,0,0,70,50,0,0
5368,58,50,1,0,2,0,0,0,70,50,0,0
5369,58,50,1,0,2,0,0,0,70,50,0,0
5370,58,50,1,0,2,0,0,0,70,50,0,0
5371,58,50,1,0,2,0,0,0,70,50,0,0
5372,58,50,1,0,2,0,0,0,70,50,0,0
5373,58,50,0,0,3,0,0,0,70,50,0,0
5374,58,50,0,0,3,0,0,0,70,50,0,0
5375,58,50,0,0,3,0,0,0,70,50,0,0
5376,58,50,0,0,3,0,0,0,70,50,0,0
5377,58,50,0,0,3,0,0,0,70,50,0,0
5378,58,50,0,0,3,0,0,0,70,50,0,0
5379,58,50,0,0,3,0,0,0,70,50,0,0
5380,58,50,0,0,3,0,0,0,70,50,0,0
5381,58,50,0,0,3,0,0,0,70,50,0,0
5382,58,50,0,0,3,0,0,0,70,50,0,0
5383,58,50,0,0,3,0,0,0,70,50,0,0
5384,58,50,0,0,3,0,0,0,70,50,0,0
5385,58,50,0,0,3,0,0,0,70,50,0,0
5386,58,50,0,0,3,0,0,0,70,50,0,0
5387,58,50,0,0,3,0,0,0,70,50,0,0
5388,58,50,0,0,3,0,0,0,70,50,0,0
5389,58,50,0,0,3,0,0,0,70,50,0,0
5390,58,50,0,0,3,0,0,0,70,50,0,0
5391,58,50,0,0,3,0,0,0,70,50,0,0
5392,58,50,0,0,3,0,0,0,70,50,0,0
5393,58,50,0,0,3,0,0,0,70,50,0,0
5394,58,50,0,0,3,0,0,0,70,50,0,0
5395,58,50,0,0,3,0,0,0,70,50,0,0
5396,58,50,0,0,3,0,0,0,70,50,0,0
5397,58,50,0,0,3,0,0,0,70,50,0,0
5398,58,50,0,0,3,0,0,0,70,50,0,0
5399,58,50,0,0,3,0,0,0,70,50,0,0
5400,58,50,0,0,3,0,0,0,70,50,0,0
5401,58,50,0,0,3,0,0,0,70,50,0,0
5402,58,50,0,0,3,0,0,0,70,50,0,0
5403,58,50,0,0,4,0,0,0,70,50,0,0
5404,58,50,0,0,4,0,0,0,70,50,0,0
5405,58,50,0,0,4,0,0,0,70,50,0,0
5406,58,50,0,0,4,0,0,0,70,50,0,0
5407,58,50,0,0,4,0,0,0,70,50,0,0
5408,58,50,0,0,4,0,0,0,70,50,0,0
5409,58,50,0,0,4,0,0,0,70,50,0,0
5410,58,50,0,0,4,0,0,0,70,50,0,0
5411,58,50,0,0,4,0,0,0,70,50,0,0
5412,58,50,0,0,4,0,0,0,70,50,0,0
5413,58,50,0,0,4,0,0,0,70,50,0,0
5414,58,50,0,0,4,0,0,0,70,50,0,0
5415,58,50,0,0,4,0,0,0,70,50,0,0
5416,58,50,0,0,4,0,0,0,70,50,0,0
5417,58,50,0,0,4,0,0,0,70,50,0,0
5418,58,50,0,0,0,0,3,0,70,50,0,0
5419,58,50,0,0,0,0,3,0,70,50,0,0
5420,58,50,0,0,0,0,3,0,70,50,0,0
5421,58,50,0,0,0,0,3,0,70,50,0,0
5422,58,50,0,0,0,0,3,0,70,50,0,0
5423,58,50,0,0,0,0,3,0,70,50,0,0
5424,58,50,0,0,0,0,3,0,70,50,0,0
5425,58,50,0,0,0,0,3,0,70,50,0,0
5426,58,50,0,0,0,0,3,0,70,50,0,0
5427,58,50,0,0,0,0,3,0,70,50,0,0
5428,58,50,0,0,0,0,3,0,70,50,0,0
5429,58,50,0,0,0,0,3,0,70,50,0,0
5430,58,50,0,0,0,0,3,0,70,50,0,0
5431,58,50,0,0,0,0,3,0,70,50,0,0
5432,58,50,0,0,0,0,3,0,70,50,0,0
5433,58,50,0,0,0,0,3,0,70,50,0,0
5434,58,50,0,0,0,0,3,0,70,50,0,0
5435,58,50,0,0,0,0,3,0,70,50,0,0
5436,58,50,0,0,0,0,3,0,70,50,0,0
5437,58,50,0,0,0,0,3,0,70,50,0,0
5438,58,50,0,0,0,0,3,0,70,50,0,0
5439,58,50,0,0,0,0,3,0,70,50,0,0
5440,58,50,0,0,0,0,3,0,70,50,0,0
5441,58,50,0,0,0,0,3,0,70,50,0,0
5442,58,50,0,0,0,0,3,0,70,50,0,0
5443,58,50,0,0,0,0,3,0,70,50,0,0
5444,58,50,0,0,0,0,3,0,70,50,0,0
5445,58,50,0,0,0,0,3,0,70,50,0,0
5446,58,50,0,0,0,0,3,0,70,50,0,0
5447,58,50,0,0,0,0,3,0,70,50,0,0
5448,58,50,0,0,0,0,3,0,69,50,0,0
5448,58,50,0,0,0,0,2,0,69,50,0,0
5449,58,50,0,0,0,0,2,0,69,50,0,0
5450,58,50,0,0,0,0,2,0,69,50,0,0
5451,58,50,0,0,0,0,2,0,69,50,0,0
5452,58,50,0,0,0,0,2,0,69,50,0,0
5453,58,50,0,0,0,0,2,0,69,50,0,0
5454,58,50,0,0,0,0,2,0,69,50,0,0
5455,58,50,0,0,0,0,2,0,69,50,0,0
5456,58,50,0,0,0,0,2,0,69,50,0,0
5457,58,50,0,0,0,0,2,0,69,50,0,0
5458,58,50,0,0,0,0,2,0,69,50,0,0
5459,58,50,0,0,0,0,2,0,69,50,0,0
5460,58,50,0,0,0,0,2,0,69,50,0,0
5461,58,50,0,0,0,0,2,0,69,50,0,0
5462,58,50,0,0,0,0,2,0,69,50,0,0
5463,58,50,0,0,0,0,2,0,69,50,0,0
5464,58,50,0,0,0,0,2,0,69,50,0,0
5465,58,50,0,0,0,0,2,0,69,50,0,0
5466,58,50,0,0,0,0,2,0,69,50,0,0
5467,58,50,0,0,0,0,2,0,69,50,0,0
5468,58,50,0,0,0,0,2,0,69,50,0,0
5469,58,50,0,0,0,0,2,0,69,50,0,0
5470,58,50,0,0,0,0,2,0,69,50,0,0
5471,58,50,0,0,0,0,2,0,69,50,0,0
5472,58,50,0,0,0,0,2,0,69,50,0,0
5473,58,50,0,0,0,0,2,0,69,50,0,0
5474,58,50,0,0,0,0,2,0,69,50,0,0
5475,58,50,0,0,0,0,2,0,69,50,0,0
5476,58,50,0,0,0,0,2,0,69,50,0,0
5477,58,50,0,0,0,0,2,0,69,50,0,0
5478,58,50,0,0,0,0,2,0,68,50,0,0
5478,58,50,0,0,0,0,1,0,68,50,0,0
5479,58,50,0,0,0,0,1,0,68,50,0,0
5480,58,50,0,0,0,0,1,0,68,50,0,0
5481,58,50,0,0,0,0,1,0,68,50,0,0
5482,58,50,0,0,0,0,1,0,68,50,0,0
5483,58,50,0,0,0,0,1,0,68,50,0,0
5484,58,50,0,0,0,0,1,0,68,50,0,0
5485,58,50,0,0,0,0,1,0,68,50,0,0
5486,58,50,0,0,0,0,1,0,68,50,0,0
5487,58,50,0,0,0,0,1,0,68,50,0,0
5488,58,50,0,0,0,0,1,0,68,50,0,0
5489,58,50,0,0,0,0,1,0,68,50,0,0
5490,58,50,0,0,0,0,1,0,68,50,0,0
5491,58,50,0,0,0,0,1,0,68,50,0,0
5492,58,50,0,0,0,0,1,0,68,50,0,0
5493,58,50,0,0,0,0,1,0,68,50,0,0
5494,58,50,0,0,0,0,1,0,68,50,0,0
5495,58,50,0,0,0,0,1,0,68,50,0,0
5496,58,50,0,0,0,0,1,0,68,50,0,0
5497,58,50,0,0,0,0,1,0,68,50,0,0
5498,58,50,0,0,0,0,1,0,68,50,0,0
5499,58,50,0,0,0,0,1,0,68,50,0,0
5500,58,50,0,0,0,0,1,0,68,50,0,0
5501,58,50,0,0,0,0,1,0,68,50,0,0
5502,58,50,0,0,0,0,1,0,68,50,0,0
5503,58,50,0,0,0,0,1,0,68,50,0,0
5504,58,50,0,0,0,0,1,0,68,50,0,0
5505,58,50,0,0,0,0,1,0,68,50,0,0
5506,58,50,0,0,0,0,1,0,68,50,0,0
5507,58,50,0,0,0,0,1,0,68,50,0,0
5508,58,50,0,0,0,0,1,0,67,50,0,0
5508,58,50,0,0,0,0,0,0,67,50,0,0
5509,58,50,0,0,0,0,0,0,67,50,0,0
5510,58,50,0,0,0,0,0,0,67,50,0,0
5511,58,50,0,0,0,0,0,0,67,50,0,0
5512,58,50,0,0,0,0,0,0,67,50,0,0
5513,58,50,0,0,0,0,0,0,67,50,0,0
5514,58,50,0,0,0,0,0,0,67,50,0,0
5515,58,50,0,0,0,0,0,0,67,50,0,0
5516,58,50,0,0,0,0,0,0,67,50,0,0
5517,58,50,0,0,0,0,0,0,67,50,0,0
5518,58,50,0,0,0,0,0,0,67,50,0,0
5519,58,50,0,0,0,0,0,0,67,50,0,0
5520,58,50,0,0,0,0,0,0,67,50,0,0
5521,58,50,0,0,0,0,0,0,67,50,0,0
5522,58,50,0,0,0,0,0,0,67,50,0,0
5523,54,50,3,0,0,0,0,0,67,50,0,0
5524,54,50,3,0,0,0,0,0,67,50,0,0
5525,54,50,3,0,0,0,0,0,67,50,0,0
5526,54,50,3,0,0,0,0,0,67,50,0,0
5527,54,50,3,0,0,0,0,0,67,50,0,0
5528,54,50,3,0,0,0,0,0,67,50,0,0
5529,54,50,3,0,0,0,0,0,67,50,0,0
5530,54,50,3,0,0,0,0,0,67,50,0,0
5531,54,50,3,0,0,0,0,0,67,50,0,0
5532,54,50,3,0,0,0,0,0,67,50,0,0
5533,54,50,3,0,0,0,0,0,67,50,0,0
5534,54,50,3,0,0,0,0,0,67,50,0,0
5535,54,50,3,0,0,0,0,0,67,50,0,0
5536,54,50,3,0,0,0,0,0,67,50,0,0
5537,54,50,3,0,0,0,0,0,67,50,0,0
5538,54,50,3,0,0,0,0,0,66,50,0,0
5538,54,50,3,0,0,0,0,0,66,50,0,0
5539,54,50,3,0,0,0,0,0,66,50,0,0
5540,54,50,3,0,0,0,0,0,66,50,0,0
5541,54,50,3,0,0,0,0,0,66,50,0,0
5542,54,50,3,0,0,0,0,0,66,50,0,0
5543,54,50,3,0,0,0,0,0,66,50,0,0
5544,54,50,3,0,0,0,0,0,66,50,0,0
5545,54,50,3,0,0,0,0,0,66,50,0,0
5546,54,50,3,0,0,0,0,0,66,50,0,0
5547,54,50,3,0,0,0,0,0,66,50,0,0
5548,54,50,3,0,0,0,0,0,66,50,0,0
5549,54,50,3,0,0,0,0,0,66,50,0,0
5550,54,50,3,0,0,0,0,0,66,50,0,0
5551,54,50,3,0,0,0,0,0,66,50,0,0
5552,54,50,3,0,0,0,0,0,66,50,0,0
5553,54,50,2,0,1,0,0,0,66,50,0,0
5554,54,50,2,0,1,0,0,0,66,50,0,0
5555,54,50,2,0,1,0,0,0,66,50,0,0
5556,54,50,2,0,1,0,0,0,66,50,0,0
5557,54,50,2,0,1,0,0,0,66,50,0,0
5558,54,50,2,0,1,0,0,0,66,50,0,0
5559,54,50,2,0,1,0,0,0,66,50,0,0
5560,54,50,2,0,1,0,0,0,66,50,0,0
5561,54,50,2,0,1,0,0,0,66,50,0,0
5562,54,50,2,0,1,0,0,0,66,50,0,0
5563,54,50,2,0,1,0,0,0,66,50,0,0
5564,54,50,2,0,1,0,0,0,66,50,0,0
5565,54,50,2,0,1,0,0,0,66,50,0,0
5566,54,50,2,0,1,0,0,0,66,50,0,0
5567,54,50,2,0,1,0,0,0,66,50,0,0
5568,54,50,2,0,1,0,0,0,66,50,0,0
5569,54,50,2,0,1,0,0,0,66,50,0,0
5570,54,50,2,0,1,0,0,0,66,50,0,0
5571,54,50,2,0,1,0,0,0,66,50,0,0
5572,54,50,2,0,1,0,0,0,66,50,0,0
5573,54,50,2,0,1,0,0,0,66,50,0,0
5574,54,50,2,0,1,0,0,0,66,50,0,0
5575,54,50,2,0,1,0,0,0,66,50,0,0
5576,54,50,2,0,1,0,0,0,66,50,0,0
5577,54,50,2,0,1,0,0,0,66,50,0,0
5578,54,50,2,0,1,0,0,0,66,50,0,0
5579,54,50,2,0,1,0,0,0,66,50,0,0
5580,54,50,2,0,1,0,0,0,66,50,0,0
5581,54,50,2,0,1,0,0,0,66,50,0,0
5582,54,50,2,0,1,0,0,0,66,50,0,0
5583,54,50,1,0,2,0,0,0,66,50,0,0
5584,54,50,1,0,2,0,0,0,66,50,0,0
5585,54,50,1,0,2,0,0,0,66,50,0,0
5586,54,50,1,0,2,0,0,0,66,50,0,0
5587,54,50,1,0,2,0,0,0,66,50,0,0
5588,54,50,1,0,2,0,0,0,66,50,0,0
5589,54,50,1,0,2,0,0,0,66,50,0,0
5590,54,50,1,0,2,0,0,0,66,50,0,0
5591,54,50,1,0,2,0,0,0,66,50,0,0
5592,54,50,1,0,2,0,0,0,66,50,0,0
5593,54,50,1,0,2,0,0,0,66,50,0,0
5594,54,50,1,0,2,0,0,0,66,50,0,0
5595,54,50,1,0,2,0,0,0,66,50,0,0
5596,54,50,1,0,2,0,0,0,66,50,0,0
5597,54,50,1,0,2,0,0,0,66,50,0,0
5598,54,50,1,0,2,0,0,0,66,50,0,0
5599,54,50,1,0,2,0,0,0,66,50,0,0
5600,54,50,1,0,2,0,0,0,66,50,0,0
5601,54,50,1,0,2,0,0,0,66,50,0,0
5602,54,50,1,0,2,0,0,0,66,50,0,0
5603,54,50,1,0,2,0,0,0,66,50,0,0
5604,54,50,1,0,2,0,0,0,66,50,0,0
5605,54,50,1,0,2,0,0,0,66,50,0,0
5606,54,50,1,0,2,0,0,0,66,50,0,0
5607,54,50,1,0,2,0,0,0,66,50,0,0
5608,54,50,1,0,2,0,0,0,66,50,0,0
5609,54,50,1,0,2,0,0,0,66,50,0,0
5610,54,50,1,0,2,0,0,0,66,50,0,0
5611,54,50,1,0,2,0,0,0,66,50,0,0
5612,54,50,1,0,2,0,0,0,66,50,0,0
5613,54,50,0,0,3,0,0,0,66,50,0,0
5614,54,50,0,0,3,0,0,0,66,50,0,0
5615,54,50,0,0,3,0,0,0,66,50,0,0
5616,54,50,0,0,3,0,0,0,66,50,0,0
5617,54,50,0,0,3,0,0,0,66,50,0,0
5618,54,50,0,0,3,0,0,0,66,50,0,0
5619,54,50,0,0,3,0,0,0,66,50,0,0
5620,54,50,0,0,3,0,0,0,66,50,0,0
5621,54,50,0,0,3,0,0,0,66,50,0,0
5622,54,50,0,0,3,0,0,0,66,50,0,0
5623,54,50,0,0,3,0,0,0,66,50,0,0
5624,54,50,0,0,3,0,0,0,66,50,0,0
5625,54,50,0,0,3,0,0,0,66,50,0,0
5626,54,50,0,0,3,0,0,0,66,50,0,0
5627,54,50,0,0,3,0,0,0,66,50,0,0
5628,54,50,0,0,3,0,0,0,66,50,0,0
5629,54,50,0,0,3,0,0,0,66,50,0,0
5630,54,50,0,0,3,0,0,0,66,50,0,0
5631,54,50,0,0,3,0,0,0,66,50,0,0
5632,54,50,0,0,3,0,0,0,66,50,0,0
5633,54,50,0,0,3,0,0,0,66,50,0,0
5634,54,50,0,0,3,0,0,0,66,50,0,0
5635,54,50,0,0,3,0,0,0,66,50,0,0
5636,54,50,0,0,3,0,0,0,66,50,0,0
5637,54,50,0,0,3,0,0,0,66,50,0,0
5638,54,50,0,0,3,0,0,0,66,50,0,0
5639,54,50,0,0,3,0,0,0,66,50,0,0
5640,54,50,0,0,3,0,0,0,66,50,0,0
5641,54,50,0,0,3,0,0,0,66,50,0,0
5642,54,50,0,0,3,0,0,0,66,50,0,0
5643,54,50,0,0,4,0,0,0,66,50,0,0
5644,54,50,0,0,4,0,0,0,66,50,0,0
5645,54,50,0,0,4,0,0,0,66,50,0,0
5646,54,50,0,0,4,0,0,0,66,50,0,0
5647,54,50,0,0,4,0,0,0,66,50,0,0
5648,54,50,0,0,4,0,0,0,66,50,0,0
5649,54,50,0,0,4,0,0,0,66,50,0,0
5650,54,50,0,0,4,0,0,0,66,50,0,0
5651,54,50,0,0,4,0,0,0,66,50,0,0
5652,54,50,0,0,4,0,0,0,66,50,0,0
5653,54,50,0,0,4,0,0,0,66,50,0,0
5654,54,50,0,0,4,0,0,0,66,50,0,0
5655,54,50,0,0,4,0,0,0,66,50,0,0
5656,54,50,0,0,4,0,0,0,66,50,0,0
5657,54,50,0,0,4,0,0,0,66,50,0,0
5658,54,50,0,0,0,0,3,0,66,50,0,0
5659,54,50,0,0,0,0,3,0,66,50,0,0
5660,54,50,0,0,0,0,3,0,66,50,0,0
5661,54,50,0,0,0,0,3,0,66,50,0,0
5662,54,50,0,0,0,0,3,0,66,50,0,0
5663,54,50,0,0,0,0,3,0,66,50,0,0
5664,54,50,0,0,0,0,3,0,66,50,0,0
5665,54,50,0,0,0,0,3,0,66,50,0,0
5666,54,50,0,0,0,0,3,0,66,50,0,0
5667,54,50,0,0,0,0,3,0,66,50,0,0
5668,54,50,0,0,0,0,3,0,66,50,0,0
5669,54,50,0,0,0,0,3,0,66,50,0,0
5670,54,50,0,0,0,0,3,0,66,50,0,0
5671,54,50,0,0,0,0,3,0,66,50,0,0
5672,54,50,0,0,0,0,3,0,66,50,0,0
5673,54,50,0,0,0,0,3,0,66,50,0,0
5674,54,50,0,0,0,0,3,0,66,50,0,0
5675,54,50,0,0,0,0,3,0,66,50,0,0
5676,54,50,0,0,0,0,3,0,66,50,0,0
5677,54,50,0,0,0,0,3,0,66,50,0,0
5678,54,50,0,0,0,0,3,0,66,50,0,0
5679,54,50,0,0,0,0,3,0,66,50,0,0
5680,54,50,0,0,0,0,3,0,66,50,0,0
5681,54,50,0,0,0,0,3,0,66,50,0,0
5682,54,50,0,0,0,0,3,0,66,50,0,0
5683,54,50,0,0,0,0,3,0,66,50,0,0
5684,54,50,0,0,0,0,3,0,66,50,0,0
5685,54,50,0,0,0,0,3,0,66,50,0,0
5686,54,50,0,0,0,0,3,0,66,50,0,0
5687,54,50,0,0,0,0,3,0,66,50,0,0
5688,54,50,0,0,0,0,3,0,65,50,0,0
5688,54,50,0,0,0,0,2,0,65,50,0,0
5689,54,50,0,0,0,0,2,0,65,50,0,0
5690,54,50,0,0,0,0,2,0,65,50,0,0
5691,54,50,0,0,0,0,2,0,65,50,0,0
5692,54,50,0,0,0,0,2,0,65,50,0,0
5693,54,50,0,0,0,0,2,0,65,50,0,0
5694,54,50,0,0,0,0,2,0,65,50,0,0
5695,54,50,0,0,0,0,2,0,65,50,0,0
5696,54,50,0,0,0,0,2,0,65,50,0,0
5697,54,50,0,0,0,0,2,0,65,50,0,0
5698,54,50,0,0,0,0,2,0,65,50,0,0
5699,54,50,0,0,0,0,2,0,65,50,0,0
5700,54,50,0,0,0,0,2,0,65,50,0,0
5701,54,50,0,0,0,0,2,0,65,50,0,0
5702,54,50,0,0,0,0,2,0,65,50,0,0
5703,54,50,0,0,0,0,2,0,65,50,0,0
5704,54,50,0,0,0,0,2,0,65,50,0,0
5705,54,50,0,0,0,0,2,0,65,50,0,0
5706,54,50,0,0,0,0,2,0,65,50,0,0
5707,54,50,0,0,0,0,2,0,65,50,0,0
5708,54,50,0,0,0,0,2,0,65,50,0,0
5709,54,50,0,0,0,0,2,0,65,50,0,0
5710,54,50,0,0,0,0,2,0,65,50,0,0
5711,54,50,0,0,0,0,2,0,65,50,0,0
5712,54,50,0,0,0,0,2,0,65,50,0,0
5713,54,50,0,0,0,0,2,0,65,50,0,0
5714,54,50,0,0,0,0,2,0,65,50,0,0
5715,54,50,0,0,0,0,2,0,65,50,0,0
5716,54,50,0,0,0,0,2,0,65,50,0,0
5717,54,50,0,0,0,0,2,0,65,50,0,0
5718,54,50,0,0,0,0,2,0,64,50,0,0
5718,54,50,0,0,0,0,1,0,64,50,0,0
5719,54,50,0,0,0,0,1,0,64,50,0,0
5720,54,50,0,0,0,0,1,0,64,50,0,0
5721,54,50,0,0,0,0,1,0,64,50,0,0
5722,54,50,0,0,0,0,1,0,64,50,0,0
5723,54,50,0,0,0,0,1,0,64,50,0,0
5724,54,50,0,0,0,0,1,0,64,50,0,0
5725,54,50,0,0,0,0,1,0,64,50,0,0
5726,54,50,0,0,0,0,1,0,64,50,0,0
5727,54,50,0,0,0,0,1,0,64,50,0,0
5728,54,50,0,0,0,0,1,0,64,50,0,0
5729,54,50,0,0,0,0,1,0,64,50,0,0
5730,54,50,0,0,0,0,1,0,64,50,0,0
5731,54,50,0,0,0,0,1,0,64,50,0,0
5732,54,50,0,0,0,0,1,0,64,50,0,0
5733,54,50,0,0,0,0,1,0,64,50,0,0
5734,54,50,0,0,0,0,1,0,64,50,0,0
5735,54,50,0,0,0,0,1,0,64,50,0,0
5736,54,50,0,0,0,0,1,0,64,50,0,0
5737,54,50,0,0,0,0,1,0,64,50,0,0
5738,54,50,0,0,0,0,1,0,64,50,0,0
5739,54,50,0,0,0,0,1,0,64,50,0,0
5740,54,50,0,0,0,0,1,0,64,50,0,0
5741,54,50,0,0,0,0,1,0,64,50,0,0
5742,54,50,0,0,0,0,1,0,64,50,0,0
5743,54,50,0,0,0,0,1,0,64,50,0,0
5744,54,50,0,0,0,0,1,0,64,50,0,0
5745,54,50,0,0,0,0,1,0,64,50,0,0
5746,54,50,0,0,0,0,1,0,64,50,0,0
5747,54,50,0,0,0,0,1,0,64,50,0,0
5748,54,50,0,0,0,0,1,0,63,50,0,0
5748,54,50,0,0,0,0,0,0,63,50,0,0
5749,54,50,0,0,0,0,0,0,63,50,0,0
5750,54,50,0,0,0,0,0,0,63,50,0,0
5751,54,50,0,0,0,0,0,0,63,50,0,0
5752,54,50,0,0,0,0,0,0,63,50,0,0
5753,54,50,0,0,0,0,0,0,63,50,0,0
5754,54,50,0,0,0,0,0,0,63,50,0,0
5755,54,50,0,0,0,0,0,0,63,50,0,0
5756,54,50,0,0,0,0,0,0,63,50,0,0
5757,54,50,0,0,0,0,0,0,63,50,0,0
5758,54,50,0,0,0,0,0,0,63,50,0,0
5759,54,50,0,0,0,0,0,0,63,50,0,0
5760,54,50,0,0,0,0,0,0,63,50,0,0
5761,54,50,0,0,0,0,0,0,63,50,0,0
5762,54,50,0,0,0,0,0,0,63,50,0,0
5763,50,50,3,0,0,0,0,0,63,50,0,0
5764,50,50,3,0,0,0,0,0,63,50,0,0
5765,50,50,3,0,0,0,0,0,63,50,0,0
5766,50,50,3,0,0,0,0,0,63,50,0,0
5767,50,50,3,0,0,0,0,0,63,50,0,0
5768,50,50,3,0,0,0,0,0,63,50,0,0
5769,50,50,3,0,0,0,0,0,63,50,0,0
5770,50,50,3,0,0,0,0,0,63,50,0,0
5771,50,50,3,0,0,0,0,0,63,50,0,0
5772,50,50,3,0,0,0,0,0,63,50,0,0
5773,50,50,3,0,0,0,0,0,63,50,0,0
5774,50,50,3,0,0,0,0,0,63,50,0,0
5775,50,50,3,0,0,0,0,0,63,50,0,0
5776,50,50,3,0,0,0,0,0,63,50,0,0
5777,50,50,3,0,0,0,0,0,63,50,0,0
5778,50,50,3,0,0,0,0,0,62,50,0,0
5778,50,50,3,0,0,0,0,0,62,50,0,0
5779,50,50,3,0,0,0,0,0,62,50,0,0
5780,50,50,3,0,0,0,0,0,62,50,0,0
5781,50,50,3,0,0,0,0,0,62,50,0,0
5782,50,50,3,0,0,0,0,0,62,50,0,0
5783,50,50,3,0,0,0,0,0,62,50,0,0
5784,50,50,3,0,0,0,0,0,62,50,0,0
5785,50,50,3,0,0,0,0,0,62,50,0,0
5786,50,50,3,0,0,0,0,0,62,50,0,0
5787,50,50,3,0,0,0,0,0,62,50,0,0
5788,50,50,3,0,0,0,0,0,62,50,0,0
5789,50,50,3,0,0,0,0,0,62,50,0,0
5790,50,50,3,0,0,0,0,0,62,50,0,0
5791,50,50,3,0,0,0,0,0,62,50,0,0
5792,50,50,3,0,0,0,0,0,62,50,0,0
5793,50,50,2,0,1,0,0,0,62,50,0,0
5794,50,50,2,0,1,0,0,0,62,50,0,0
5795,50,50,2,0,1,0,0,0,62,50,0,0
5796,50,50,2,0,1,0,0,0,62,50,0,0
5797,50,50,2,0,1,0,0,0,62,50,0,0
5798,50,50,2,0,1,0,0,0,62,50,0,0
5799,50,50,2,0,1,0,0,0,62,50,0,0
5800,50,50,2,0,1,0,0,0,62,50,0,0
5801,50,50,2,0,1,0,0,0,62,50,0,0
5802,50,50,2,0,1,0,0,0,62,50,0,0
5803,50,50,2,0,1,0,0,0,62,50,0,0
5804,50,50,2,0,1,0,0,0,62,50,0,0
5805,50,50,2,0,1,0,0,0,62,50,0,0
5806,50,50,2,0,1,0,0,0,62,50,0,0
5807,50,50,2,0,1,0,0,0,62,50,0,0
5808,50,50,2,0,1,0,0,0,62,50,0,0
5809,50,50,2,0,1,0,0,0,62,50,0,0
5810,50,50,2,0,1,0,0,0,62,50,0,0
5811,50,50,2,0,1,0,0,0,62,50,0,0
5812,50,50,2,0,1,0,0,0,62,50,0,0
5813,50,50,2,0,1,0,0,0,62,50,0,0
5814,50,50,2,0,1,0,0,0,62,50,0,0
5815,50,50,2,0,1,0,0,0,62,50,0,0
5816,50,50,2,0,1,0,0,0,62,50,0,0
5817,50,50,2,0,1,0,0,0,62,50,0,0
5818,50,50,2,0,1,0,0,0,62,50,0,0
5819,50,50,2,0,1,0,0,0,62,50,0,0
5820,50,50,2,0,1,0,0,0,62,50,0,0
5821,50,50,2,0,1,0,0,0,62,50,0,0
5822,50,50,2,0,1,0,0,0,62,50,0,0
5823,50,50,1,0,2,0,0,0,62,50,0,0
5824,50,50,1,0,2,0,0,0,62,50,0,0
5825,50,50,1,0,2,0,0,0,62,50,0,0
5826,50,50,1,0,2,0,0,0,62,50,0,0
5827,50,50,1,0,2,0,0,0,62,50,0,0
5828,50,50,1,0,2,0,0,0,62,50,0,0
5829,50,50,1,0,2,0,0,0,62,50,0,0
5830,50,50,1,0,2,0,0,0,62,50,0,0
5831,50,50,1,0,2,0,0,0,62,50,0,0
5832,50,50,1,0,2,0,0,0,62,50,0,0
5833,50,50,1,0,2,0,0,0,62,50,0,0
5834,50,50,1,0,2,0,0,0,62,50,0,0
5835,50,50,1,0,2,0,0,0,62,50,0,0
5836,50,50,1,0,2,0,0,0,62,50,0,0
5837,50,50,1,0,2,0,0,0,62,50,0,0
5838,50,50,1,0,2,0,0,0,62,50,0,0
5839,50,50,1,0,2,0,0,0,62,50,0,0
5840,50,50,1,0,2,0,0,0,62,50,0,0
5841,50,50,1,0,2,0,0,0,62,50,0,0
5842,50,50,1,0,2,0,0,0,62,50,0,0
5843,50,50,1,0,2,0,0,0,62,50,0,0
5844,50,50,1,0,2,0,0,0,62,50,0,0
5845,50,50,1,0,2,0,0,0,62,50,0,0
5846,50,50,1,0,2,0,0,0,62,50,0,0
5847,50,50,1,0,2,0,0,0,62,50,0,0
5848,50,50,1,0,2,0,0,0,62,50,0,0
5849,50,50,1,0,2,0,0,0,62,50,0,0
5850,50,50,1,0,2,0,0,0,62,50,0,0
5851,50,50,1,0,2,0,0,0,62,50,0,0
5852,50,50,1,0,2,0,0,0,62,50,0,0
5853,50,50,0,0,3,0,0,0,62,50,0,0
5854,50,50,0,0,3,0,0,0,62,50,0,0
5855,50,50,0,0,3,0,0,0,62,50,0,0
5856,50,50,0,0,3,0,0,0,62,50,0,0
5857,50,50,0,0,3,0,0,0,62,50,0,0
5858,50,50,0,0,3,0,0,0,62,50,0,0
5859,50,50,0,0,3,0,0,0,62,50,0,0
5860,50,50,0,0,3,0,0,0,62,50,0,0
5861,50,50,0,0,3,0,0,0,62,50,0,0
5862,50,50,0,0,3,0,0,0,62,50,0,0
5863,50,50,0,0,3,0,0,0,62,50,0,0
5864,50,50,0,0,3,0,0,0,62,50,0,0
5865,50,50,0,0,3,0,0,0,62,50,0,0
5866,50,50,0,0,3,0,0,0,62,50,0,0
5867,50,50,0,0,3,0,0,0,62,50,0,0
5868,50,50,0,0,3,0,0,0,62,50,0,0
5869,50,50,0,0,3,0,0,0,62,50,0,0
5870,50,50,0,0,3,0,0,0,62,50,0,0
5871,50,50,0,0,3,0,0,0,62,50,0,0
5872,50,50,0,0,3,0,0,0,62,50,0,0
5873,50,50,0,0,3,0,0,0,62,50,0,0
5874,50,50,0,0,3,0,0,0,62,50,0,0
5875,50,50,0,0,3,0,0,0,62,50,0,0
5876,50,50,0,0,3,0,0,0,62,50,0,0
5877,50,50,0,0,3,0,0,0,62,50,0,0
5878,50,50,0,0,3,0,0,0,62,50,0,0
5879,50,50,0,0,3,0,0,0,62,50,0,0
5880,50,50,0,0,3,0,0,0,62,50,0,0
5881,50,50,0,0,3,0,0,0,62,50,0,0
5882,50,50,0,0,3,0,0,0,62,50,0,0
5883,50,50,0,0,4,0,0,0,62,50,0,0
5884,50,50,0,0,4,0,0,0,62,50,0,0
5885,50,50,0,0,4,0,0,0,62,50,0,0
5886,50,50,0,0,4,0,0,0,62,50,0,0
5887,50,50,0,0,4,0,0,0,62,50,0,0
5888,50,50,0,0,4,0,0,0,62,50,0,0
5889,50,50,0,0,4,0,0,0,62,50,0,0
5890,50,50,0,0,4,0,0,0,62,50,0,0
5891,50,50,0,0,4,0,0,0,62,50,0,0
5892,50,50,0,0,4,0,0,0,62,50,0,0
5893,50,50,0,0,4,0,0,0,62,50,0,0
5894,50,50,0,0,4,0,0,0,62,50,0,0
5895,50,50,0,0,4,0,0,0,62,50,0,0
5896,50,50,0,0,4,0,0,0,62,50,0,0
5897,50,50,0,0,4,0,0,0,62,50,0,0
5898,50,50,0,0,0,0,3,0,62,50,0,0
5899,50,50,0,0,0,0,3,0,62,50,0,0
5900,50,50,0,0,0,0,3,0,62,50,0,0
5901,50,50,0,0,0,0,3,0,62,50,0,0
5902,50,50,0,0,0,0,3,0,62,50,0,0
5903,50,50,0,0,0,0,3,0,62,50,0,0
5904,50,50,0,0,0,0,3,0,62,50,0,0
5905,50,50,0,0,0,0,3,0,62,50,0,0
5906,50,50,0,0,0,0,3,0,62,50,0,0
5907,50,50,0,0,0,0,3,0,62,50,0,0
5908,50,50,0,0,0,0,3,0,62,50,0,0
5909,50,50,0,0,0,0,3,0,62,50,0,0
5910,50,50,0,0,0,0,3,0,62,50,0,0
5911,50,50,0,0,0,0,3,0,62,50,0,0
5912,50,50,0,0,0,0,3,0,62,50,0,0
5913,50,50,0,0,0,0,3,0,62,50,0,0
5914,50,50,0,0,0,0,3,0,62,50,0,0
5915,50,50,0,0,0,0,3,0,62,50,0,0
5916,50,50,0,0,0,0,3,0,62,50,0,0
5917,50,50,0,0,0,0,3,0,62,50,0,0
5918,50,50,0,0,0,0,3,0,62,50,0,0
5919,50,50,0,0,0,0,3,0,62,50,0,0
5920,50,50,0,0,0,0,3,0,62,50,0,0
5921,50,50,0,0,0,0,3,0,62,50,0,0
5922,50,50,0,0,0,0,3,0,62,50,0,0
5923,50,50,0,0,0,0,3,0,62,50,0,0
5924,50,50,0,0,0,0,3,0,62,50,0,0
5925,50,50,0,0,0,0,3,0,62,50,0,0
5926,50,50,0,0,0,0,3,0,62,50,0,0
5927,50,50,0,0,0,0,3,0,62,50,0,0
5928,50,50,0,0,0,0,3,0,61,50,0,0
5928,50,50,0,0,0,0,2,0,61,50,0,0
5929,50,50,0,0,0,0,2,0,61,50,0,0
5930,50,50,0,0,0,0,2,0,61,50,0,0
5931,50,50,0,0,0,0,2,0,61,50,0,0
5932,50,50,0,0,0,0,2,0,61,50,0,0
5933,50,50,0,0,0,0,2,0,61,50,0,0
5934,50,50,0,0,0,0,2,0,61,50,0,0
5935,50,50,0,0,0,0,2,0,61,50,0,0
5936,50,50,0,0,0,0,2,0,61,50,0,0
5937,50,50,0,0,0,0,2,0,61,50,0,0
5938,50,50,0,0,0,0,2,0,61,50,0,0
5939,50,50,0,0,0,0,2,0,61,50,0,0
5940,50,50,0,0,0,0,2,0,61,50,0,0
5941,50,50,0,0,0,0,2,0,61,50,0,0
5942,50,50,0,0,0,0,2,0,61,50,0,0
5943,50,50,0,0,0,0,2,0,61,50,0,0
5944,50,50,0,0,0,0,2,0,61,50,0,0
5945,50,50,0,0,0,0,2,0,61,50,0,0
5946,50,50,0,0,0,0,2,0,61,50,0,0
5947,50,50,0,0,0,0,2,0,61,50,0,0
5948,50,50,0,0,0,0,2,0,61,50,0,0
5949,50,50,0,0,0,0,2,0,61,50,0,0
5950,50,50,0,0,0,0,2,0,61,50,0,0
5951,50,50,0,0,0,0,2,0,61,50,0,0
5952,50,50,0,0,0,0,2,0,61,50,0,0
5953,50,50,0,0,0,0,2,0,61,50,0,0
5954,50,50,0,0,0,0,2,0,61,50,0,0
5955,50,50,0,0,0,0,2,0,61,50,0,0
5956,50,50,0,0,0,0,2,0,61,50,0,0
5957,50,50,0,0,0,0,2,0,61,50,0,0
5958,50,50,0,0,0,0,2,0,60,50,0,0
5958,50,50,0,0,0,0,1,0,60,50,0,0
5959,50,50,0,0,0,0,1,0,60,50,0,0
5960,50,50,0,0,0,0,1,0,60,50,0,0
5961,50,50,0,0,0,0,1,0,60,50,0,0
5962,50,50,0,0,0,0,1,0,60,50,0,0
5963,50,50,0,0,0,0,1,0,60,50,0,0
5964,50,50,0,0,0,0,1,0,60,50,0,0
5965,50,50,0,0,0,0,1,0,60,50,0,0
5966,50,50,0,0,0,0,1,0,60,50,0,0
5967,50,50,0,0,0,0,1,0,60,50,0,0
5968,50,50,0,0,0,0,1,0,60,50,0,0
5969,50,50,0,0,0,0,1,0,60,50,0,0
5970,50,50,0,0,0,0,1,0,60,50,0,0
5971,50,50,0,0,0,0,1,0,60,50,0,0
5972,50,50,0,0,0,0,1,0,60,50,0,0
5973,50,50,0,0,0,0,1,0,60,50,0,0
5974,50,50,0,0,0,0,1,0,60,50,0,0
5975,50,50,0,0,0,0,1,0,60,50,0,0
5976,50,50,0,0,0,0,1,0,60,50,0,0
5977,50,50,0,0,0,0,1,0,60,50,0,0
5978,50,50,0,0,0,0,1,0,60,50,0,0
5979,50,50,0,0,0,0,1,0,60,50,0,0
5980,50,50,0,0,0,0,1,0,60,50,0,0
5981,50,50,0,0,0,0,1,0,60,50,0,0
5982,50,50,0,0,0,0,1,0,60,50,0,0
5983,50,50,0,0,0,0,1,0,60,50,0,0
5984,50,50,0,0,0,0,1,0,60,50,0,0
5985,50,50,0,0,0,0,1,0,60,50,0,0
5986,50,50,0,0,0,0,1,0,60,50,0,0
5987,50,50,0,0,0,0,1,0,60,50,0,0
5988,50,50,0,0,0,0,1,0,59,50,0,0
5988,50,50,0,0,0,0,0,0,59,50,0,0
5989,50,50,0,0,0,0,0,0,59,50,0,0
5990,50,50,0,0,0,0,0,0,59,50,0,0
5991,50,50,0,0,0,0,0,0,59,50,0,0
5992,50,50,0,0,0,0,0,0,59,50,0,0
5993,50,50,0,0,0,0,0,0,59,50,0,0
5994,50,50,0,0,0,0,0,0,59,50,0,0
5995,50,50,0,0,0,0,0,0,59,50,0,0
5996,50,50,0,0,0,0,0,0,59,50,0,0
5997,50,50,0,0,0,0,0,0,59,50,0,0
5998,50,50,0,0,0,0,0,0,59,50,0,0
5999,50,50,0,0,0,0,0,0,59,50,0,0
6000,50,50,0,0,0,0,0,0,59,50,0,0
6001,50,50,0,0,0,0,0,0,59,50,0,0
6002,50,50,0,0,0,0,0,0,59,50,0,0
6003,46,50,3,0,0,0,0,0,59,50,0,0
6004,46,50,3,0,0,0,0,0,59,50,0,0
6005,46,50,3,0,0,0,0,0,59,50,0,0
6006,46,50,3,0,0,0,0,0,59,50,0,0
6007,46,50,3,0,0,0,0,0,59,50,0,0
6008,46,50,3,0,0,0,0,0,59,50,0,0
6009,46,50,3,0,0,0,0,0,59,50,0,0
6010,46,50,3,0,0,0,0,0,59,50,0,0
6011,46,50,3,0,0,0,0,0,59,50,0,0
6012,46,50,3,0,0,0,0,0,59,50,0,0
6013,46,50,3,0,0,0,0,0,59,50,0,0
6014,46,50,3,0,0,0,0,0,59,50,0,0
6015,46,50,3,0,0,0,0,0,59,50,0,0
6016,46,50,3,0,0,0,0,0,59,50,0,0
6017,46,50,3,0,0,0,0,0,59,50,0,0
6018,46,50,3,0,0,0,0,0,58,50,0,0
6018,46,50,3,0,0,0,0,0,58,50,0,0
6019,46,50,3,0,0,0,0,0,58,50,0,0
6020,46,50,3,0,0,0,0,0,58,50,0,0
6021,46,50,3,0,0,0,0,0,58,50,0,0
6022,46,50,3,0,0,0,0,0,58,50,0,0
6023,46,50,3,0,0,0,0,0,58,50,0,0
6024,46,50,3,0,0,0,0,0,58,50,0,0
6025,46,50,3,0,0,0,0,0,58,50,0,0
6026,46,50,3,0,0,0,0,0,58,50,0,0
6027,46,50,3,0,0,0,0,0,58,50,0,0
6028,46,50,3,0,0,0,0,0,58,50,0,0
6029,46,50,3,0,0,0,0,0,58,50,0,0
6030,46,50,3,0,0,0,0,0,58,50,0,0
6031,46,50,3,0,0,0,0,0,58,50,0,0
6032,46,50,3,0,0,0,0,0,58,50,0,0
6033,46,50,2,0,1,0,0,0,58,50,0,0
6034,46,50,2,0,1,0,0,0,58,50,0,0
6035,46,50,2,0,1,0,0,0,58,50,0,0
6036,46,50,2,0,1,0,0,0,58,50,0,0
6037,46,50,2,0,1,0,0,0,58,50,0,0
6038,46,50,2,0,1,0,0,0,58,50,0,0
6039,46,50,2,0,1,0,0,0,58,50,0,0
6040,46,50,2,0,1,0,0,0,58,50,0,0
6041,46,50,2,0,1,0,0,0,58,50,0,0
6042,46,50,2,0,1,0,0,0,58,50,0,0
6043,46,50,2,0,1,0,0,0,58,50,0,0
6044,46,50,2,0,1,0,0,0,58,50,0,0
6045,46,50,2,0,1,0,0,0,58,50,0,0
6046,46,50,2,0,1,0,0,0,58,50,0,0
6047,46,50,2,0,1,0,0,0,58,50,0,0
6048,46,50,2,0,1,0,0,0,58,50,0,0
6049,46,50,2,0,1,0,0,0,58,50,0,0
6050,46,50,2,0,1,0,0,0,58,50,0,0
6051,46,50,2,0,1,0,0,0,58,50,0,0
6052,46,50,2,0,1,0,0,0,58,50,0,0
6053,46,50,2,0,1,0,0,0,58,50,0,0
6054,46,50,2,0,1,0,0,0,58,50,0,0
6055,46,50,2,0,1,0,0,0,58,50,0,0
6056,46,50,2,0,1,0,0,0,58,50,0,0
6057,46,50,2,0,1,0,0,0,58,50,0,0
6058,46,50,2,0,1,0,0,0,58,50,0,0
6059,46,50,2,0,1,0,0,0,58,50,0,0
6060,46,50,2,0,1,0,0,0,58,50,0,0
6061,46,50,2,0,1,0,0,0,58,50,0,0
6062,46,50,2,0,1,0,0,0,58,50,0,0
6063,46,50,1,0,2,0,0,0,58,50,0,0
6064,46,50,1,0,2,0,0,0,58,50,0,0
6065,46,50,1,0,2,0,0,0,58,50,0,0
6066,46,50,1,0,2,0,0,0,58,50,0,0
6067,46,50,1,0,2,0,0,0,58,50,0,0
6068,46,50,1,0,2,0,0,0,58,50,0,0
6069,46,50,1,0,2,0,0,0,58,50,0,0
6070,46,50,1,0,2,0,0,0,58,50,0,0
6071,46,50,1,0,2,0,0,0,58,50,0,0
6072,46,50,1,0,2,0,0,0,58,50,0,0
6073,46,50,1,0,2,0,0,0,58,50,0,0
6074,46,50,1,0,2,0,0,0,58,50,0,0
6075,46,50,1,0,2,0,0,0,58,50,0,0
6076,46,50,1,0,2,0,0,0,58,50,0,0
6077,46,50,1,0,2,0,0,0,58,50,0,0
6078,46,50,1,0,2,0,0,0,58,50,0,0
6079,46,50,1,0,2,0,0,0,58,50,0,0
6080,46,50,1,0,2,0,0,0,58,50,0,0
6081,46,50,1,0,2,0,0,0,58,50,0,0
6082,46,50,1,0,2,0,0,0,58,50,0,0
6083,46,50,1,0,2,0,0,0,58,50,0,0
6084,46,50,1,0,2,0,0,0,58,50,0,0
6085,46,50,1,0,2,0,0,0,58,50,0,0
6086,46,50,1,0,2,0,0,0,58,50,0,0
6087,46,50,1,0,2,0,0,0,58,50,0,0
6088,46,50,1,0,2,0,0,0,58,50,0,0
6089,46,50,1,0,2,0,0,0,58,50,0,0
6090,46,50,1,0,2,0,0,0,58,50,0,0
6091,46,50,1,0,2,0,0,0,58,50,0,0
6092,46,50,1,0,2,0,0,0,58,50,0,0
6093,46,50,0,0,3,0,0,0,58,50,0,0
6094,46,50,0,0,3,0,0,0,58,50,0,0
6095,46,50,0,0,3,0,0,0,58,50,0,0
6096,46,50,0,0,3,0,0,0,58,50,0,0
6097,46,50,0,0,3,0,0,0,58,50,0,0
6098,46,50,0,0,3,0,0,0,58,50,0,0
6099,46,50,0,0,3,0,0,0,58,50,0,0
6100,46,50,0,0,3,0,0,0,58,50,0,0
6101,46,50,0,0,3,0,0,0,58,50,0,0
6102,46,50,0,0,3,0,0,0,58,50,0,0
6103,46,50,0,0,3,0,0,0,58,50,0,0
6104,46,50,0,0,3,0,0,0,58,50,0,0
6105,46,50,0,0,3,0,0,0,58,50,0,0
6106,46,50,0,0,3,0,0,0,58,50,0,0
6107,46,50,0,0,3,0,0,0,58,50,0,0
6108,46,50,0,0,3,0,0,0,58,50,0,0
6109,46,50,0,0,3,0,0,0,58,50,0,0
6110,46,50,0,0,3,0,0,0,58,50,0,0
6111,46,50,0,0,3,0,0,0,58,50,0,0
6112,46,50,0,0,3,0,0,0,58,50,0,0
6113,46,50,0,0,3,0,0,0,58,50,0,0
6114,46,50,0,0,3,0,0,0,58,50,0,0
6115,46,50,0,0,3,0,0,0,58,50,0,0
6116,46,50,0,0,3,0,0,0,58,50,0,0
6117,46,50,0,0,3,0,0,0,58,50,0,0
6118,46,50,0,0,3,0,0,0,58,50,0,0
6119,46,50,0,0,3,0,0,0,58,50,0,0
6120,46,50,0,0,3,0,0,0,58,50,0,0
6121,46,50,0,0,3,0,0,0,58,50,0,0
6122,46,50,0,0,3,0,0,0,58,50,0,0
6123,46,50,0,0,4,0,0,0,58,50,0,0
6124,46,50,0,0,4,0,0,0,58,50,0,0
6125,46,50,0,0,4,0,0,0,58,50,0,0
6126,46,50,0,0,4,0,0,0,58,50,0,0
6127,46,50,0,0,4,0,0,0,58,50,0,0
6128,46,50,0,0,4,0,0,0,58,50,0,0
6129,46,50,0,0,4,0,0,0,58,50,0,0
6130,46,50,0,0,4,0,0,0,58,50,0,0
6131,46,50,0,0,4,0,0,0,58,50,0,0
6132,46,50,0,0,4,0,0,0,58,50,0,0
6133,46,50,0,0,4,0,0,0,58,50,0,0
6134,46,50,0,0,4,0,0,0,58,50,0,0
6135,46,50,0,0,4,0,0,0,58,50,0,0
6136,46,50,0,0,4,0,0,0,58,50,0,0
6137,46,50,0,0,4,0,0,0,58,50,0,0
6138,46,50,0,0,0,0,3,0,58,50,0,0
6139,46,50,0,0,0,0,3,0,58,50,0,0
6140,46,50,0,0,0,0,3,0,58,50,0,0
6141,46,50,0,0,0,0,3,0,58,50,0,0
6142,46,50,0,0,0,0,3,0,58,50,0,0
6143,46,50,0,0,0,0,3,0,58,50,0,0
6144,46,50,0,0,0,0,3,0,58,50,0,0
6145,46,50,0,0,0,0,3,0,58,50,0,0
6146,46,50,0,0,0,0,3,0,58,50,0,0
6147,46,50,0,0,0,0,3,0,58,50,0,0
6148,46,50,0,0,0,0,3,0,58,50,0,0
6149,46,50,0,0,0,0,3,0,58,50,0,0
6150,46,50,0,0,0,0,3,0,58,50,0,0
6151,46,50,0,0,0,0,3,0,58,50,0,0
6152,46,50,0,0,0,0,3,0,58,50,0,0
6153,46,50,0,0,0,0,3,0,58,50,0,0
6154,46,50,0,0,0,0,3,0,58,50,0,0
6155,46,50,0,0,0,0,3,0,58,50,0,0
6156,46,50,0,0,0,0,3,0,58,50,0,0
6157,46,50,0,0,0,0,3,0,58,50,0,0
6158,46,50,0,0,0,0,3,0,58,50,0,0
6159,46,50,0,0,0,0,3,0,58,50,0,0
6160,46,50,0,0,0,0,3,0,58,50,0,0
6161,46,50,0,0,0,0,3,0,58,50,0,0
6162,46,50,0,0,0,0,3,0,58,50,0,0
6163,46,50,0,0,0,0,3,0,58,50,0,0
6164,46,50,0,0,0,0,3,0,58,50,0,0
6165,46,50,0,0,0,0,3,0,58,50,0,0
6166,46,50,0,0,0,0,3,0,58,50,0,0
6167,46,50,0,0,0,0,3,0,58,50,0,0
6168,46,50,0,0,0,0,3,0,57,50,0,0
6168,46,50,0,0,0,0,2,0,57,50,0,0
6169,46,50,0,0,0,0,2,0,57,50,0,0
6170,46,50,0,0,0,0,2,0,57,50,0,0
6171,46,50,0,0,0,0,2,0,57,50,0,0
6172,46,50,0,0,0,0,2,0,57,50,0,0
6173,46,50,0,0,0,0,2,0,57,50,0,0
6174,46,50,0,0,0,0,2,0,57,50,0,0
6175,46,50,0,0,0,0,2,0,57,50,0,0
6176,46,50,0,0,0,0,2,0,57,50,0,0
6177,46,50,0,0,0,0,2,0,57,50,0,0
6178,46,50,0,0,0,0,2,0,57,50,0,0
6179,46,50,0,0,0,0,2,0,57,50,0,0
6180,46,50,0,0,0,0,2,0,57,50,0,0
6181,46,50,0,0,0,0,2,0,57,50,0,0
6182,46,50,0,0,0,0,2,0,57,50,0,0
6183,46,50,0,0,0,0,2,0,57,50,0,0
6184,46,50,0,0,0,0,2,0,57,50,0,0
6185,46,50,0,0,0,0,2,0,57,50,0,0
6186,46,50,0,0,0,0,2,0,57,50,0,0
6187,46,50,0,0,0,0,2,0,57,50,0,0
6188,46,50,0,0,0,0,2,0,57,50,0,0
6189,46,50,0,0,0,0,2,0,57,50,0,0
6190,46,50,0,0,0,0,2,0,57,50,0,0
6191,46,50,0,0,0,0,2,0,57,50,0,0
6192,46,50,0,0,0,0,2,0,57,50,0,0
6193,46,50,0,0,0,0,2,0,57,50,0,0
6194,46,50,0,0,0,0,2,0,57,50,0,0
6195,46,50,0,0,0,0,2,0,57,50,0,0
6196,46,50,0,0,0,0,2,0,57,50,0,0
6197,46,50,0,0,0,0,2,0,57,50,0,0
6198,46,50,0,0,0,0,2,0,56,50,0,0
6198,46,50,0,0,0,0,1,0,56,50,0,0
6199,46,50,0,0,0,0,1,0,56,50,0,0
6200,46,50,0,0,0,0,1,0,56,50,0,0
6201,46,50,0,0,0,0,1,0,56,50,0,0
6202,46,50,0,0,0,0,1,0,56,50,0,0
6203,46,50,0,0,0,0,1,0,56,50,0,0
6204,46,50,0,0,0,0,1,0,56,50,0,0
6205,46,50,0,0,0,0,1,0,56,50,0,0
6206,46,50,0,0,0,0,1,0,56,50,0,0
6207,46,50,0,0,0,0,1,0,56,50,0,0
6208,46,50,0,0,0,0,1,0,56,50,0,0
6209,46,50,0,0,0,0,1,0,56,50,0,0
6210,46,50,0,0,0,0,1,0,56,50,0,0
6211,46,50,0,0,0,0,1,0,56,50,0,0
6212,46,50,0,0,0,0,1,0,56,50,0,0
6213,46,50,0,0,0,0,1,0,56,50,0,0
6214,46,50,0,0,0,0,1,0,56,50,0,0
6215,46,50,0,0,0,0,1,0,56,50,0,0
6216,46,50,0,0,0,0,1,0,56,50,0,0
6217,46,50,0,0,0,0,1,0,56,50,0,0
6218,46,50,0,0,0,0,1,0,56,50,0,0
6219,46,50,0,0,0,0,1,0,56,50,0,0
6220,46,50,0,0,0,0,1,0,56,50,0,0
6221,46,50,0,0,0,0,1,0,56,50,0,0
6222,46,50,0,0,0,0,1,0,56,50,0,0
6223,46,50,0,0,0,0,1,0,56,50,0,0
6224,46,50,0,0,0,0,1,0,56,50,0,0
6225,46,50,0,0,0,0,1,0,56,50,0,0
6226,46,50,0,0,0,0,1,0,56,50,0,0
6227,46,50,0,0,0,0,1,0,56,50,0,0
6228,46,50,0,0,0,0,1,0,55,50,0,0
6228,46,50,0,0,0,0,0,0,55,50,0,0
6229,46,50,0,0,0,0,0,0,55,50,0,0
6230,46,50,0,0,0,0,0,0,55,50,0,0
6231,46,50,0,0,0,0,0,0,55,50,0,0
6232,46,50,0,0,0,0,0,0,55,50,0,0
6233,46,50,0,0,0,0,0,0,55,50,0,0
6234,46,50,0,0,0,0,0,0,55,50,0,0
6235,46,50,0,0,0,0,0,0,55,50,0,0
6236,46,50,0,0,0,0,0,0,55,50,0,0
6237,46,50,0,0,0,0,0,0,55,50,0,0
6238,46,50,0,0,0,0,0,0,55,50,0,0
6239,46,50,0,0,0,0,0,0,55,50,0,0
6240,46,50,0,0,0,0,0,0,55,50,0,0
6241,46,50,0,0,0,0,0,0,55,50,0,0
6242,46,50,0,0,0,0,0,0,55,50,0,0
6243,42,50,3,0,0,0,0,0,55,50,0,0
6244,42,50,3,0,0,0,0,0,55,50,0,0
6245,42,50,3,0,0,0,0,0,55,50,0,0
6246,42,50,3,0,0,0,0,0,55,50,0,0
6247,42,50,3,0,0,0,0,0,55,50,0,0
6248,42,50,3,0,0,0,0,0,55,50,0,0
6249,42,50,3,0,0,0,0,0,55,50,0,0
6250,42,50,3,0,0,0,0,0,55,50,0,0
6251,42,50,3,0,0,0,0,0,55,50,0,0
6252,42,50,3,0,0,0,0,0,55,50,0,0
6253,42,50,3,0,0,0,0,0,55,50,0,0
6254,42,50,3,0,0,0,0,0,55,50,0,0
6255,42,50,3,0,0,0,0,0,55,50,0,0
6256,42,50,3,0,0,0,0,0,55,50,0,0
6257,42,50,3,0,0,0,0,0,55,50,0,0
6258,42,50,3,0,0,0,0,0,54,50,0,0
6258,42,50,3,0,0,0,0,0,54,50,0,0
6259,42,50,3,0,0,0,0,0,54,50,0,0
6260,42,50,3,0,0,0,0,0,54,50,0,0
6261,42,50,3,0,0,0,0,0,54,50,0,0
6262,42,50,3,0,0,0,0,0,54,50,0,0
6263,42,50,3,0,0,0,0,0,54,50,0,0
6264,42,50,3,0,0,0,0,0,54,50,0,0
6265,42,50,3,0,0,0,0,0,54,50,0,0
6266,42,50,3,0,0,0,0,0,54,50,0,0
6267,42,50,3,0,0,0,0,0,54,50,0,0
6268,42,50,3,0,0,0,0,0,54,50,0,0
6269,42,50,3,0,0,0,0,0,54,50,0,0
6270,42,50,3,0,0,0,0,0,54,50,0,0
6271,42,50,3,0,0,0,0,0,54,50,0,0
6272,42,50,3,0,0,0,0,0,54,50,0,0
6273,42,50,2,0,1,0,0,0,54,50,0,0
6274,42,50,2,0,1,0,0,0,54,50,0,0
6275,42,50,2,0,1,0,0,0,54,50,0,0
6276,42,50,2,0,1,0,0,0,54,50,0,0
6277,42,50,2,0,1,0,0,0,54,50,0,0
6278,42,50,2,0,1,0,0,0,54,50,0,0
6279,42,50,2,0,1,0,0,0,54,50,0,0
6280,42,50,2,0,1,0,0,0,54,50,0,0
6281,42,50,2,0,1,0,0,0,54,50,0,0
6282,42,50,2,0,1,0,0,0,54,50,0,0
6283,42,50,2,0,1,0,0,0,54,50,0,0
6284,42,50,2,0,1,0,0,0,54,50,0,0
6285,42,50,2,0,1,0,0,0,54,50,0,0
6286,42,50,2,0,1,0,0,0,54,50,0,0
6287,42,50,2,0,1,0,0,0,54,50,0,0
6288,42,50,2,0,1,0,0,0,54,50,0,0
6289,42,50,2,0,1,0,0,0,54,50,0,0
6290,42,50,2,0,1,0,0,0,54,50,0,0
6291,42,50,2,0,1,0,0,0,54,50,0,0
6292,42,50,2,0,1,0,0,0,54,50,0,0
6293,42,50,2,0,1,0,0,0,54,50,0,0
6294,42,50,2,0,1,0,0,0,54,50,0,0
6295,42,50,2,0,1,0,0,0,54,50,0,0
6296,42,50,2,0,1,0,0,0,54,50,0,0
6297,42,50,2,0,1,0,0,0,54,50,0,0
6298,42,50,2,0,1,0,0,0,54,50,0,0
6299,42,50,2,0,1,0,0,0,54,50,0,0
6300,42,50,2,0,1,0,0,0,54,50,0,0
6301,42,50,2,0,1,0,0,0,54,50,0,0
6302,42,50,2,0,1,0,0,0,54,50,0,0
6303,42,50,1,0,2,0,0,0,54,50,0,0
6304,42,50,1,0,2,0,0,0,54,50,0,0
6305,42,50,1,0,2,0,0,0,54,50,0,0
6306,42,50,1,0,2,0,0,0,54,50,0,0
6307,42,50,1,0,2,0,0,0,54,50,0,0
6308,42,50,1,0,2,0,0,0,54,50,0,0
6309,42,50,1,0,2,0,0,0,54,50,0,0
6310,42,50,1,0,2,0,0,0,54,50,0,0
6311,42,50,1,0,2,0,0,0,54,50,0,0
6312,42,50,1,0,2,0,0,0,54,50,0,0
6313,42,50,1,0,2,0,0,0,54,50,0,0
6314,42,50,1,0,2,0,0,0,54,50,0,0
6315,42,50,1,0,2,0,0,0,54,50,0,0
6316,42,50,1,0,2,0,0,0,54,50,0,0
6317,42,50,1,0,2,0,0,0,54,50,0,0
6318,42,50,1,0,2,0,0,0,54,50,0,0
6319,42,50,1,0,2,0,0,0,54,50,0,0
6320,42,50,1,0,2,0,0,0,54,50,0,0
6321,42,50,1,0,2,0,0,0,54,50,0,0
6322,42,50,1,0,2,0,0,0,54,50,0,0
6323,42,50,1,0,2,0,0,0,54,50,0,0
6324,42,50,1,0,2,0,0,0,54,50,0,0
6325,42,50,1,0,2,0,0,0,54,50,0,0
6326,42,50,1,0,2,0,0,0,54,50,0,0
6327,42,50,1,0,2,0,0,0,54,50,0,0
6328,42,50,1,0,2,0,0,0,54,50,0,0
6329,42,50,1,0,2,0,0,0,54,50,0,0
6330,42,50,1,0,2,0,0,0,54,50,0,0
6331,42,50,1,0,2,0,0,0,54,50,0,0
6332,42,50,1,0,2,0,0,0,54,50,0,0
6333,42,50,0,0,3,0,0,0,54,50,0,0
6334,42,50,0,0,3,0,0,0,54,50,0,0
6335,42,50,0,0,3,0,0,0,54,50,0,0
6336,42,50,0,0,3,0,0,0,54,50,0,0
6337,42,50,0,0,3,0,0,0,54,50,0,0
6338,42,50,0,0,3,0,0,0,54,50,0,0
6339,42,50,0,0,3,0,0,0,54,50,0,0
6340,42,50,0,0,3,0,0,0,54,50,0,0
6341,42,50,0,0,3,0,0,0,54,50,0,0
6342,42,50,0,0,3,0,0,0,54,50,0,0
6343,42,50,0,0,3,0,0,0,54,50,0,0
6344,42,50,0,0,3,0,0,0,54,50,0,0
6345,42,50,0,0,3,0,0,0,54,50,0,0
6346,42,50,0,0,3,0,0,0,54,50,0,0
6347,42,50,0,0,3,0,0,0,54,50,0,0
6348,42,50,0,0,3,0,0,0,54,50,0,0
6349,42,50,0,0,3,0,0,0,54,50,0,0
6350,42,50,0,0,3,0,0,0,54,50,0,0
6351,42,50,0,0,3,0,0,0,54,50,0,0
6352,42,50,0,0,3,0,0,0,54,50,0,0
6353,42,50,0,0,3,0,0,0,54,50,0,0
6354,42,50,0,0,3,0,0,0,54,50,0,0
6355,42,50,0,0,3,0,0,0,54,50,0,0
6356,42,50,0,0,3,0,0,0,54,50,0,0
6357,42,50,0,0,3,0,0,0,54,50,0,0
6358,42,50,0,0,3,0,0,0,54,50,0,0
6359,42,50,0,0,3,0,0,0,54,50,0,0
6360,42,50,0,0,3,0,0,0,54,50,0,0
6361,42,50,0,0,3,0,0,0,54,50,0,0
6362,42,50,0,0,3,0,0,0,54,50,0,0
6363,42,50,0,0,4,0,0,0,54,50,0,0
6364,42,50,0,0,4,0,0,0,54,50,0,0
6365,42,50,0,0,4,0,0,0,54,50,0,0
6366,42,50,0,0,4,0,0,0,54,50,0,0
6367,42,50,0,0,4,0,0,0,54,50,0,0
6368,42,50,0,0,4,0,0,0,54,50,0,0
6369,42,50,0,0,4,0,0,0,54,50,0,0
6370,42,50,0,0,4,0,0,0,54,50,0,0
6371,42,50,0,0,4,0,0,0,54,50,0,0
6372,42,50,0,0,4,0,0,0,54,50,0,0
6373,42,50,0,0,4,0,0,0,54,50,0,0
6374,42,50,0,0,4,0,0,0,54,50,0,0
6375,42,50,0,0,4,0,0,0,54,50,0,0
6376,42,50,0,0,4,0,0,0,54,50,0,0
6377,42,50,0,0,4,0,0,0,54,50,0,0
6378,42,50,0,0,0,0,3,0,54,50,0,0
6379,42,50,0,0,0,0,3,0,54,50,0,0
6380,42,50,0,0,0,0,3,0,54,50,0,0
6381,42,50,0,0,0,0,3,0,54,50,0,0
6382,42,50,0,0,0,0,3,0,54,50,0,0
6383,42,50,0,0,0,0,3,0,54,50,0,0
6384,42,50,0,0,0,0,3,0,54,50,0,0
6385,42,50,0,0,0,0,3,0,54,50,0,0
6386,42,50,0,0,0,0,3,0,54,50,0,0
6387,42,50,0,0,0,0,3,0,54,50,0,0
6388,42,50,0,0,0,0,3,0,54,50,0,0
6389,42,50,0,0,0,0,3,0,54,50,0,0
6390,42,50,0,0,0,0,3,0,54,50,0,0
6391,42,50,0,0,0,0,3,0,54,50,0,0
6392,42,50,0,0,0,0,3,0,54,50,0,0
6393,42,50,0,0,0,0,3,0,54,50,0,0
6394,42,50,0,0,0,0,3,0,54,50,0,0
6395,42,50,0,0,0,0,3,0,54,50,0,0
6396,42,50,0,0,0,0,3,0,54,50,0,0
6397,42,50,0,0,0,0,3,0,54,50,0,0
6398,42,50,0,0,0,0,3,0,54,50,0,0
6399,42,50,0,0,0,0,3,0,54,50,0,0
6400,42,50,0,0,0,0,3,0,54,50,0,0
6401,42,50,0,0,0,0,3,0,54,50,0,0
6402,42,50,0,0,0,0,3,0,54,50,0,0
6403,42,50,0,0,0,0,3,0,54,50,0,0
6404,42,50,0,0,0,0,3,0,54,50,0,0
6405,42,50,0,0,0,0,3,0,54,50,0,0
6406,42,50,0,0,0,0,3,0,54,50,0,0
6407,42,50,0,0,0,0,3,0,54,50,0,0
6408,42,50,0,0,0,0,3,0,53,50,0,0
6408,42,50,0,0,0,0,2,0,53,50,0,0
6409,42,50,0,0,0,0,2,0,53,50,0,0
6410,42,50,0,0,0,0,2,0,53,50,0,0
6411,42,50,0,0,0,0,2,0,53,50,0,0
6412,42,50,0,0,0,0,2,0,53,50,0,0
6413,42,50,0,0,0,0,2,0,53,50,0,0
6414,42,50,0,0,0,0,2,0,53,50,0,0
6415,42,50,0,0,0,0,2,0,53,50,0,0
6416,42,50,0,0,0,0,2,0,53,50,0,0
6417,42,50,0,0,0,0,2,0,53,50,0,0
6418,42,50,0,0,0,0,2,0,53,50,0,0
6419,42,50,0,0,0,0,2,0,53,50,0,0
6420,42,50,0,0,0,0,2,0,53,50,0,0
6421,42,50,0,0,0,0,2,0,53,50,0,0
6422,42,50,0,0,0,0,2,0,53,50,0,0
6423,42,50,0,0,0,0,2,0,53,50,0,0
6424,42,50,0,0,0,0,2,0,53,50,0,0
6425,42,50,0,0,0,0,2,0,53,50,0,0
6426,42,50,0,0,0,0,2,0,53,50,0,0
6427,42,50,0,0,0,0,2,0,53,50,0,0
6428,42,50,0,0,0,0,2,0,53,50,0,0
6429,42,50,0,0,0,0,2,0,53,50,0,0
6430,42,50,0,0,0,0,2,0,53,50,0,0
6431,42,50,0,0,0,0,2,0,53,50,0,0
6432,42,50,0,0,0,0,2,0,53,50,0,0
6433,42,50,0,0,0,0,2,0,53,50,0,0
6434,42,50,0,0,0,0,2,0,53,50,0,0
6435,42,50,0,0,0,0,2,0,53,50,0,0
6436,42,50,0,0,0,0,2,0,53,50,0,0
6437,42,50,0,0,0,0,2,0,53,50,0,0
6438,42,50,0,0,0,0,2,0,52,50,0,0
6438,42,50,0,0,0,0,1,0,52,50,0,0
6439,42,50,0,0,0,0,1,0,52,50,0,0
6440,42,50,0,0,0,0,1,0,52,50,0,0
6441,42,50,0,0,0,0,1,0,52,50,0,0
6442,42,50,0,0,0,0,1,0,52,50,0,0
6443,42,50,0,0,0,0,1,0,52,50,0,0
6444,42,50,0,0,0,0,1,0,52,50,0,0
6445,42,50,0,0,0,0,1,0,52,50,0,0
6446,42,50,0,0,0,0,1,0,52,50,0,0
6447,42,50,0,0,0,0,1,0,52,50,0,0
6448,42,50,0,0,0,0,1,0,52,50,0,0
6449,42,50,0,0,0,0,1,0,52,50,0,0
6450,42,50,0,0,0,0,1,0,52,50,0,0
6451,42,50,0,0,0,0,1,0,52,50,0,0
6452,42,50,0,0,0,0,1,0,52,50,0,0
6453,42,50,0,0,0,0,1,0,52,50,0,0
6454,42,50,0,0,0,0,1,0,52,50,0,0
6455,42,50,0,0,0,0,1,0,52,50,0,0
6456,42,50,0,0,0,0,1,0,52,50,0,0
6457,42,50,0,0,0,0,1,0,52,50,0,0
6458,42,50,0,0,0,0,1,0,52,50,0,0
6459,42,50,0,0,0,0,1,0,52,50,0,0
6460,42,50,0,0,0,0,1,0,52,50,0,0
6461,42,50,0,0,0,0,1,0,52,50,0,0
6462,42,50,0,0,0,0,1,0,52,50,0,0
6463,42,50,0,0,0,0,1,0,52,50,0,0
6464,42,50,0,0,0,0,1,0,52,50,0,0
6465,42,50,0,0,0,0,1,0,52,50,0,0
6466,42,50,0,0,0,0,1,0,52,50,0,0
6467,42,50,0,0,0,0,1,0,52,50,0,0
6468,42,50,0,0,0,0,1,0,51,50,0,0
6468,42,50,0,0,0,0,0,0,51,50,0,0
6469,42,50,0,0,0,0,0,0,51,50,0,0
6470,42,50,0,0,0,0,0,0,51,50,0,0
6471,42,50,0,0,0,0,0,0,51,50,0,0
6472,42,50,0,0,0,0,0,0,51,50,0,0
6473,42,50,0,0,0,0,0,0,51,50,0,0
6474,42,50,0,0,0,0,0,0,51,50,0,0
6475,42,50,0,0,0,0,0,0,51,50,0,0
6476,42,50,0,0,0,0,0,0,51,50,0,0
6477,42,50,0,0,0,0,0,0,51,50,0,0
6478,42,50,0,0,0,0,0,0,51,50,0,0
6479,42,50,0,0,0,0,0,0,51,50,0,0
6480,42,50,0,0,0,0,0,0,51,50,0,0
6481,42,50,0,0,0,0,0,0,51,50,0,0
6482,42,50,0,0,0,0,0,0,51,50,0,0
6483,38,50,3,0,0,0,0,0,51,50,0,0
6484,38,50,3,0,0,0,0,0,51,50,0,0
6485,38,50,3,0,0,0,0,0,51,50,0,0
6486,38,50,3,0,0,0,0,0,51,50,0,0
6487,38,50,3,0,0,0,0,0,51,50,0,0
6488,38,50,3,0,0,0,0,0,51,50,0,0
6489,38,50,3,0,0,0,0,0,51,50,0,0
6490,38,50,3,0,0,0,0,0,51,50,0,0
6491,38,50,3,0,0,0,0,0,51,50,0,0
6492,38,50,3,0,0,0,0,0,51,50,0,0
6493,38,50,3,0,0,0,0,0,51,50,0,0
6494,38,50,3,0,0,0,0,0,51,50,0,0
6495,38,50,3,0,0,0,0,0,51,50,0,0
6496,38,50,3,0,0,0,0,0,51,50,0,0
6497,38,50,3,0,0,0,0,0,51,50,0,0
6498,38,50,3,0,0,0,0,0,50,50,0,0
6498,38,50,3,0,0,0,0,0,50,50,0,0
6499,38,50,3,0,0,0,0,0,50,50,0,0
6500,38,50,3,0,0,0,0,0,50,50,0,0
6501,38,50,3,0,0,0,0,0,50,50,0,0
6502,38,50,3,0,0,0,0,0,50,50,0,0
6503,38,50,3,0,0,0,0,0,50,50,0,0
6504,38,50,3,0,0,0,0,0,50,50,0,0
6505,38,50,3,0,0,0,0,0,50,50,0,0
6506,38,50,3,0,0,0,0,0,50,50,0,0
6507,38,50,3,0,0,0,0,0,50,50,0,0
6508,38,50,3,0,0,0,0,0,50,50,0,0
6509,38,50,3,0,0,0,0,0,50,50,0,0
6510,38,50,3,0,0,0,0,0,50,50,0,0
6511,38,50,3,0,0,0,0,0,50,50,0,0
6512,38,50,3,0,0,0,0,0,50,50,0,0
6513,38,50,2,0,1,0,0,0,50,50,0,0
6514,38,50,2,0,1,0,0,0,50,50,0,0
6515,38,50,2,0,1,0,0,0,50,50,0,0
6516,38,50,2,0,1,0,0,0,50,50,0,0
6517,38,50,2,0,1,0,0,0,50,50,0,0
6518,38,50,2,0,1,0,0,0,50,50,0,0
6519,38,50,2,0,1,0,0,0,50,50,0,0
6520,38,50,2,0,1,0,0,0,50,50,0,0
6521,38,50,2,0,1,0,0,0,50,50,0,0
6522,38,50,2,0,1,0,0,0,50,50,0,0
6523,38,50,2,0,1,0,0,0,50,50,0,0
6524,38,50,2,0,1,0,0,0,50,50,0,0
6525,38,50,2,0,1,0,0,0,50,50,0,0
6526,38,50,2,0,1,0,0,0,50,50,0,0
6527,38,50,2,0,1,0,0,0,50,50,0,0
6528,38,50,2,0,1,0,0,0,50,50,0,0
6529,38,50,2,0,1,0,0,0,50,50,0,0
6530,38,50,2,0,1,0,0,0,50,50,0,0
6531,38,50,2,0,1,0,0,0,50,50,0,0
6532,38,50,2,0,1,0,0,0,50,50,0,0
6533,38,50,2,0,1,0,0,0,50,50,0,0
6534,38,50,2,0,1,0,0,0,50,50,0,0
6535,38,50,2,0,1,0,0,0,50,50,0,0
6536,38,50,2,0,1,0,0,0,50,50,0,0
6537,38,50,2,0,1,0,0,0,50,50,0,0
6538,38,50,2,0,1,0,0,0,50,50,0,0
6539,38,50,2,0,1,0,0,0,50,50,0,0
6540,38,50,2,0,1,0,0,0,50,50,0,0
6541,38,50,2,0,1,0,0,0,50,50,0,0
6542,38,50,2,0,1,0,0,0,50,50,0,0
6543,38,50,1,0,2,0,0,0,50,50,0,0
6544,38,50,1,0,2,0,0,0,50,50,0,0
6545,38,50,1,0,2,0,0,0,50,50,0,0
6546,38,50,1,0,2,0,0,0,50,50,0,0
6547,38,50,1,0,2,0,0,0,50,50,0,0
6548,38,50,1,0,2,0,0,0,50,50,0,0
6549,38,50,1,0,2,0,0,0,50,50,0,0
6550,38,50,1,0,2,0,0,0,50,50,0,0
6551,38,50,1,0,2,0,0,0,50,50,0,0
6552,38,50,1,0,2,0,0,0,50,50,0,0
6553,38,50,1,0,2,0,0,0,50,50,0,0
6554,38,50,1,0,2,0,0,0,50,50,0,0
6555,38,50,1,0,2,0,0,0,50,50,0,0
6556,38,50,1,0,2,0,0,0,50,50,0,0
6557,38,50,1,0,2,0,0,0,50,50,0,0
6558,38,50,1,0,2,0,0,0,50,50,0,0
6559,38,50,1,0,2,0,0,0,50,50,0,0
6560,38,50,1,0,2,0,0,0,50,50,0,0
6561,38,50,1,0,2,0,0,0,50,50,0,0
6562,38,50,1,0,2,0,0,0,50,50,0,0
6563,38,50,1,0,2,0,0,0,50,50,0,0
6564,38,50,1,0,2,0,0,0,50,50,0,0
6565,38,50,1,0,2,0,0,0,50,50,0,0
6566,38,50,1,0,2,0,0,0,50,50,0,0
6567,38,50,1,0,2,0,0,0,50,50,0,0
6568,38,50,1,0,2,0,0,0,50,50,0,0
6569,38,50,1,0,2,0,0,0,50,50,0,0
6570,38,50,1,0,2,0,0,0,50,50,0,0
6571,38,50,1,0,2,0,0,0,50,50,0,0
6572,38,50,1,0,2,0,0,0,50,50,0,0
6573,38,50,0,0,3,0,0,0,50,50,0,0
6574,38,50,0,0,3,0,0,0,50,50,0,0
6575,38,50,0,0,3,0,0,0,50,50,0,0
6576,38,50,0,0,3,0,0,0,50,50,0,0
6577,38,50,0,0,3,0,0,0,50,50,0,0
6578,38,50,0,0,3,0,0,0,50,50,0,0
6579,38,50,0,0,3,0,0,0,50,50,0,0
6580,38,50,0,0,3,0,0,0,50,50,0,0
6581,38,50,0,0,3,0,0,0,50,50,0,0
6582,38,50,0,0,3,0,0,0,50,50,0,0
6583,38,50,0,0,3,0,0,0,50,50,0,0
6584,38,50,0,0,3,0,0,0,50,50,0,0
6585,38,50,0,0,3,0,0,0,50,50,0,0
6586,38,50,0,0,3,0,0,0,50,50,0,0
6587,38,50,0,0,3,0,0,0,50,50,0,0
6588,38,50,0,0,3,0,0,0,50,50,0,0
6589,38,50,0,0,3,0,0,0,50,50,0,0
6590,38,50,0,0,3,0,0,0,50,50,0,0
6591,38,50,0,0,3,0,0,0,50,50,0,0
6592,38,50,0,0,3,0,0,0,50,50,0,0
6593,38,50,0,0,3,0,0,0,50,50,0,0
6594,38,50,0,0,3,0,0,0,50,50,0,0
6595,38,50,0,0,3,0,0,0,50,50,0,0
6596,38,50,0,0,3,0,0,0,50,50,0,0
6597,38,50,0,0,3,0,0,0,50,50,0,0
6598,38,50,0,0,3,0,0,0,50,50,0,0
6599,38,50,0,0,3,0,0,0,50,50,0,0
6600,38,50,0,0,3,0,0,0,50,50,0,0
6601,38,50,0,0,3,0,0,0,50,50,0,0
6602,38,50,0,0,3,0,0,0,50,50,0,0
6603,38,50,0,0,4,0,0,0,50,50,0,0
6604,38,50,0,0,4,0,0,0,50,50,0,0
6605,38,50,0,0,4,0,0,0,50,50,0,0
6606,38,50,0,0,4,0,0,0,50,50,0,0
6607,38,50,0,0,4,0,0,0,50,50,0,0
6608,38,50,0,0,4,0,0,0,50,50,0,0
6609,38,50,0,0,4,0,0,0,50,50,0,0
6610,38,50,0,0,4,0,0,0,50,50,0,0
6611,38,50,0,0,4,0,0,0,50,50,0,0
6612,38,50,0,0,4,0,0,0,50,50,0,0
6613,38,50,0,0,4,0,0,0,50,50,0,0
6614,38,50,0,0,4,0,0,0,50,50,0,0
6615,38,50,0,0,4,0,0,0,50,50,0,0
6616,38,50,0,0,4,0,0,0,50,50,0,0
6617,38,50,0,0,4,0,0,0,50,50,0,0
6618,38,50,0,0,0,0,3,0,50,50,0,0
6619,38,50,0,0,0,0,3,0,50,50,0,0
6620,38,50,0,0,0,0,3,0,50,50,0,0
6621,38,50,0,0,0,0,3,0,50,50,0,0
6622,38,50,0,0,0,0,3,0,50,50,0,0
6623,38,50,0,0,0,0,3,0,50,50,0,0
6624,38,50,0,0,0,0,3,0,50,50,0,0
6625,38,50,0,0,0,0,3,0,50,50,0,0
6626,38,50,0,0,0,0,3,0,50,50,0,0
6627,38,50,0,0,0,0,3,0,50,50,0,0
6628,38,50,0,0,0,0,3,0,50,50,0,0
6629,38,50,0,0,0,0,3,0,50,50,0,0
6630,38,50,0,0,0,0,3,0,50,50,0,0
6631,38,50,0,0,0,0,3,0,50,50,0,0
6632,38,50,0,0,0,0,3,0,50,50,0,0
6633,38,50,0,0,0,0,3,0,50,50,0,0
6634,38,50,0,0,0,0,3,0,50,50,0,0
6635,38,50,0,0,0,0,3,0,50,50,0,0
6636,38,50,0,0,0,0,3,0,50,50,0,0
6637,38,50,0,0,0,0,3,0,50,50,0,0
6638,38,50,0,0,0,0,3,0,50,50,0,0
6639,38,50,0,0,0,0,3,0,50,50,0,0
6640,38,50,0,0,0,0,3,0,50,50,0,0
6641,38,50,0,0,0,0,3,0,50,50,0,0
6642,38,50,0,0,0,0,3,0,50,50,0,0
6643,38,50,0,0,0,0,3,0,50,50,0,0
6644,38,50,0,0,0,0,3,0,50,50,0,0
6645,38,50,0,0,0,0,3,0,50,50,0,0
6646,38,50,0,0,0,0,3,0,50,50,0,0
6647,38,50,0,0,0,0,3,0,50,50,0,0
6648,38,50,0,0,0,0,3,0,49,50,0,0
6648,38,50,0,0,0,0,3,0,49,50,0,0
6649,38,50,0,0,0,0,3,0,49,50,0,0
6650,38,50,0,0,0,0,3,0,49,50,0,0
6651,38,50,0,0,0,0,3,0,49,50,0,0
6652,38,50,0,0,0,0,3,0,49,50,0,0
6653,38,50,0,0,0,0,3,0,49,50,0,0
6654,38,50,0,0,0,0,3,0,49,50,0,0
6655,38,50,0,0,0,0,3,0,49,50,0,0
6656,38,50,0,0,0,0,3,0,49,50,0,0
6657,38,50,0,0,0,0,3,0,49,50,0,0
6658,38,50,0,0,0,0,3,0,49,50,0,0
6659,38,50,0,0,0,0,3,0,49,50,0,0
6660,38,50,0,0,0,0,3,0,49,50,0,0
6661,38,50,0,0,0,0,3,0,49,50,0,0
6662,38,50,0,0,0,0,3,0,49,50,0,0
6663,38,50,0,0,0,0,3,0,49,50,0,0
6664,38,50,0,0,0,0,3,0,49,50,0,0
6665,38,50,0,0,0,0,3,0,49,50,0,0
6666,38,50,0,0,0,0,3,0,49,50,0,0
6667,38,50,0,0,0,0,3,0,49,50,0,0
6668,38,50,0,0,0,0,3,0,49,50,0,0
6669,38,50,0,0,0,0,3,0,49,50,0,0
6670,38,50,0,0,0,0,3,0,49,50,0,0
6671,38,50,0,0,0,0,3,0,49,50,0,0
6672,38,50,0,0,0,0,3,0,49,50,0,0
6673,38,50,0,0,0,0,3,0,49,50,0,0
6674,38,50,0,0,0,0,3,0,49,50,0,0
6675,38,50,0,0,0,0,3,0,49,50,0,0
6676,38,50,0,0,0,0,3,0,49,50,0,0
6677,38,50,0,0,0,0,3,0,49,50,0,0
6678,38,50,0,0,0,0,3,0,49,50,0,0
6679,38,50,0,0,0,0,3,0,49,50,0,0
6680,38,50,0,0,0,0,3,0,49,50,0,0
6681,38,50,0,0,0,0,3,0,49,50,0,0
6682,38,50,0,0,0,0,3,0,49,50,0,0
6683,38,50,0,0,0,0,3,0,49,50,0,0
6684,38,50,0,0,0,0,3,0,49,50,0,0
6685,38,50,0,0,0,0,3,0,49,50,0,0
6686,38,50,0,0,0,0,3,0,49,50,0,0
6687,38,50,0,0,0,0,3,0,49,50,0,0
6688,38,50,0,0,0,0,3,0,49,50,0,0
6689,38,50,0,0,0,0,3,0,49,50,0,0
6690,38,50,0,0,0,0,3,0,49,50,0,0
6691,38,50,0,0,0,0,3,0,49,50,0,0
6692,38,50,0,0,0,0,3,0,49,50,0,0
6693,38,50,0,0,0,0,3,0,49,50,0,0
6694,38,50,0,0,0,0,3,0,49,50,0,0
6695,38,50,0,0,0,0,3,0,49,50,0,0
6696,38,50,0,0,0,0,3,0,49,50,0,0
6697,38,50,0,0,0,0,3,0,49,50,0,0
6698,38,50,0,0,0,0,3,0,49,50,0,0
6699,38,50,0,0,0,0,3,0,49,50,0,0
6700,38,50,0,0,0,0,3,0,49,50,0,0
6701,38,50,0,0,0,0,3,0,49,50,0,0
6702,38,50,0,0,0,0,3,0,49,50,0,0
6703,38,50,0,0,0,0,3,0,49,50,0,0
6704,38,50,0,0,0,0,3,0,49,50,0,0
6705,38,50,0,0,0,0,3,0,49,50,0,0
6706,38,50,0,0,0,0,3,0,49,50,0,0
6707,38,50,0,0,0,0,3,0,49,50,0,0
6708,38,50,0,0,0,0,3,0,49,50,0,0
6709,38,50,0,0,0,0,3,0,49,50,0,0
6710,38,50,0,0,0,0,3,0,49,50,0,0
6711,38,50,0,0,0,0,3,0,49,50,0,0
6712,38,50,0,0,0,0,3,0,49,50,0,0
6713,38,50,0,0,0,0,3,0,49,50,0,0
6714,38,50,0,0,0,0,3,0,49,50,0,0
6715,38,50,0,0,0,0,3,0,49,50,0,0
6716,38,50,0,0,0,0,3,0,49,50,0,0
6717,38,50,0,0,0,0,3,0,49,50,0,0
6718,38,50,0,0,0,0,3,0,49,50,0,0
6719,38,50,0,0,0,0,3,0,49,50,0,0
6720,38,50,0,0,0,0,3,0,49,50,0,0
6721,38,50,0,0,0,0,3,0,49,50,0,0
6722,38,50,0,0,0,0,3,0,49,50,0,0
6723,38,46,4,0,0,0,3,0,49,50,0,0
6724,38,46,4,0,0,0,3,0,49,50,0,0
6725,38,46,4,0,0,0,3,0,49,50,0,0
6726,38,46,4,0,0,0,3,0,49,50,0,0
6727,38,46,4,0,0,0,3,0,49,50,0,0
6728,38,46,4,0,0,0,3,0,49,50,0,0
6729,38,46,4,0,0,0,3,0,49,50,0,0
6730,38,46,4,0,0,0,3,0,49,50,0,0
6731,38,46,4,0,0,0,3,0,49,50,0,0
6732,38,46,4,0,0,0,3,0,49,50,0,0
6733,38,46,4,0,0,0,3,0,49,50,0,0
6734,38,46,4,0,0,0,3,0,49,50,0,0
6735,38,46,4,0,0,0,3,0,49,50,0,0
6736,38,46,4,0,0,0,3,0,49,50,0,0
6737,38,46,4,0,0,0,3,0,49,50,0,0
6738,38,46,4,0,0,0,3,0,49,50,0,0
6739,38,46,4,0,0,0,3,0,49,50,0,0
6740,38,46,4,0,0,0,3,0,49,50,0,0
6741,38,46,4,0,0,0,3,0,49,50,0,0
6742,38,46,4,0,0,0,3,0,49,50,0,0
6743,38,46,4,0,0,0,3,0,49,50,0,0
6744,38,46,4,0,0,0,3,0,49,50,0,0
6745,38,46,4,0,0,0,3,0,49,50,0,0
6746,38,46,4,0,0,0,3,0,49,50,0,0
6747,38,46,4,0,0,0,3,0,49,50,0,0
6748,38,46,4,0,0,0,3,0,49,50,0,0
6749,38,46,4,0,0,0,3,0,49,50,0,0
6750,38,46,4,0,0,0,3,0,49,50,0,0
6751,38,46,4,0,0,0,3,0,49,50,0,0
6752,38,46,4,0,0,0,3,0,49,50,0,0
6753,38,46,4,0,0,0,3,0,49,50,0,0
6754,38,46,4,0,0,0,3,0,49,50,0,0
6755,38,46,4,0,0,0,3,0,49,50,0,0
6756,38,46,4,0,0,0,3,0,49,50,0,0
6757,38,46,4,0,0,0,3,0,49,50,0,0
6758,38,46,4,0,0,0,3,0,49,50,0,0
6759,38,46,4,0,0,0,3,0,49,50,0,0
6760,38,46,4,0,0,0,3,0,49,50,0,0
6761,38,46,4,0,0,0,3,0,49,50,0,0
6762,38,46,4,0,0,0,3,0,49,50,0,0
6763,38,46,4,0,0,0,3,0,49,50,0,0
6764,38,46,4,0,0,0,3,0,49,50,0,0
6765,38,46,4,0,0,0,3,0,49,50,0,0
6766,38,46,4,0,0,0,3,0,49,50,0,0
6767,38,46,4,0,0,0,3,0,49,50,0,0
6768,38,46,4,0,0,0,3,0,49,50,0,0
6769,38,46,4,0,0,0,3,0,49,50,0,0
6770,38,46,4,0,0,0,3,0,49,50,0,0
6771,38,46,4,0,0,0,3,0,49,50,0,0
6772,38,46,4,0,0,0,3,0,49,50,0,0
6773,38,46,4,0,0,0,3,0,49,50,0,0
6774,38,46,4,0,0,0,3,0,49,50,0,0
6775,38,46,4,0,0,0,3,0,49,50,0,0
6776,38,46,4,0,0,0,3,0,49,50,0,0
6777,38,46,4,0,0,0,3,0,49,50,0,0
6778,38,46,4,0,0,0,3,0,49,50,0,0
6779,38,46,4,0,0,0,3,0,49,50,0,0
6780,38,46,4,0,0,0,3,0,49,50,0,0
6781,38,46,4,0,0,0,3,0,49,50,0,0
6782,38,46,4,0,0,0,3,0,49,50,0,0
6783,38,46,4,0,0,0,3,0,49,50,0,0
6784,38,46,4,0,0,0,3,0,49,50,0,0
6785,38,46,4,0,0,0,3,0,49,50,0,0
6786,38,46,4,0,0,0,3,0,49,50,0,0
6787,38,46,4,0,0,0,3,0,49,50,0,0
6788,38,46,4,0,0,0,3,0,49,50,0,0
6789,38,46,4,0,0,0,3,0,49,50,0,0
6790,38,46,4,0,0,0,3,0,49,50,0,0
6791,38,46,4,0,0,0,3,0,49,50,0,0
6792,38,46,4,0,0,0,3,0,49,50,0,0
6793,38,46,4,0,0,0,3,0,49,50,0,0
6794,38,46,4,0,0,0,3,0,49,50,0,0
6795,38,46,4,0,0,0,3,0,49,50,0,0
6796,38,46,4,0,0,0,3,0,49,50,0,0
6797,38,46,4,0,0,0,3,0,49,50,0,0
6798,38,46,4,0,0,0,3,0,49,50,0,0
6799,38,46,4,0,0,0,3,0,49,50,0,0
6800,38,46,4,0,0,0,3,0,49,50,0,0
6801,38,46,4,0,0,0,3,0,49,50,0,0
6802,38,46,4,0,0,0,3,0,49,50,0,0
6803,38,46,4,0,0,0,3,0,49,50,0,0
6804,38,46,4,0,0,0,3,0,49,50,0,0
6805,38,46,4,0,0,0,3,0,49,50,0,0
6806,38,46,4,0,0,0,3,0,49,50,0,0
6807,38,46,4,0,0,0,3,0,49,50,0,0
6808,38,46,4,0,0,0,3,0,49,50,0,0
6809,38,46,4,0,0,0,3,0,49,50,0,0
6810,38,46,4,0,0,0,3,0,49,50,0,0
6811,38,46,4,0,0,0,3,0,49,50,0,0
6812,38,46,4,0,0,0,3,0,49,50,0,0
6813,38,46,4,0,0,0,3,0,49,50,0,0
6814,38,46,4,0,0,0,3,0,49,50,0,0
6815,38,46,4,0,0,0,3,0,49,50,0,0
6816,38,46,4,0,0,0,3,0,49,50,0,0
6817,38,46,4,0,0,0,3,0,49,50,0,0
6818,38,46,4,0,0,0,3,0,49,50,0,0
6819,38,46,4,0,0,0,3,0,49,50,0,0
6820,38,46,4,0,0,0,3,0,49,50,0,0
6821,38,46,4,0,0,0,3,0,49,50,0,0
6822,38,46,4,0,0,0,3,0,49,50,0,0
6823,38,46,4,0,0,0,3,0,49,50,0,0
6824,38,46,4,0,0,0,3,0,49,50,0,0
6825,38,46,4,0,0,0,3,0,49,50,0,0
6826,38,46,4,0,0,0,3,0,49,50,0,0
6827,38,46,4,0,0,0,3,0,49,50,0,0
6828,38,46,4,0,0,0,3,0,49,50,0,0
6829,38,46,4,0,0,0,3,0,49,50,0,0
6830,38,46,4,0,0,0,3,0,49,50,0,0
6831,38,46,4,0,0,0,3,0,49,50,0,0
6832,38,46,4,0,0,0,3,0,49,50,0,0
6833,38,46,4,0,0,0,3,0,49,50,0,0
6834,38,46,4,0,0,0,3,0,49,50,0,0
6835,38,46,4,0,0,0,3,0,49,50,0,0
6836,38,46,4,0,0,0,3,0,49,50,0,0
6837,38,46,4,0,0,0,3,0,49,50,0,0
6838,38,46,4,0,0,0,3,0,49,50,0,0
6839,38,46,4,0,0,0,3,0,49,50,0,0
6840,38,46,4,0,0,0,3,0,49,50,0,0
6841,38,46,4,0,0,0,3,0,49,50,0,0
6842,38,46,4,0,0,0,3,0,49,50,0,0
6843,38,46,4,0,0,0,3,0,49,50,0,0
6844,38,46,4,0,0,0,3,0,49,50,0,0
6845,38,46,4,0,0,0,3,0,49,50,0,0
6846,38,46,4,0,0,0,3,0,49,50,0,0
6847,38,46,4,0,0,0,3,0,49,50,0,0
6848,38,46,4,0,0,0,3,0,49,50,0,0
6849,38,46,4,0,0,0,3,0,49,50,0,0
6850,38,46,4,0,0,0,3,0,49,50,0,0
6851,38,46,4,0,0,0,3,0,49,50,0,0
6852,38,46,4,0,0,0,3,0,49,50,0,0
6853,38,46,4,0,0,0,3,0,49,50,0,0
6854,38,46,4,0,0,0,3,0,49,50,0,0
6855,38,46,4,0,0,0,3,0,49,50,0,0
6856,38,46,4,0,0,0,3,0,49,50,0,0
6857,38,46,4,0,0,0,3,0,49,50,0,0
6858,38,46,4,0,0,0,7,0,49,50,0,0
6859,38,46,4,0,0,0,7,0,49,50,0,0
6860,38,46,4,0,0,0,7,0,49,50,0,0
6861,38,46,4,0,0,0,7,0,49,50,0,0
6862,38,46,4,0,0,0,7,0,49,50,0,0
6863,38,46,4,0,0,0,7,0,49,50,0,0
6864,38,46,4,0,0,0,7,0,49,50,0,0
6865,38,46,4,0,0,0,7,0,49,50,0,0
6866,38,46,4,0,0,0,7,0,49,50,0,0
6867,38,46,4,0,0,0,7,0,49,50,0,0
6868,38,46,4,0,0,0,7,0,49,50,0,0
6869,38,46,4,0,0,0,7,0,49,50,0,0
6870,38,46,4,0,0,0,7,0,49,50,0,0
6871,38,46,4,0,0,0,7,0,49,50,0,0
6872,38,46,4,0,0,0,7,0,49,50,0,0
6873,38,46,4,0,0,0,7,0,49,50,0,0
6874,38,46,4,0,0,0,7,0,49,50,0,0
6875,38,46,4,0,0,0,7,0,49,50,0,0
6876,38,46,4,0,0,0,7,0,49,50,0,0
6877,38,46,4,0,0,0,7,0,49,50,0,0
6878,38,46,4,0,0,0,7,0,49,50,0,0
6879,38,46,4,0,0,0,7,0,49,50,0,0
6880,38,46,4,0,0,0,7,0,49,50,0,0
6881,38,46,4,0,0,0,7,0,49,50,0,0
6882,38,46,4,0,0,0,7,0,49,50,0,0
6883,38,46,4,0,0,0,7,0,49,50,0,0
6884,38,46,4,0,0,0,7,0,49,50,0,0
6885,38,46,4,0,0,0,7,0,49,50,0,0
6886,38,46,4,0,0,0,7,0,49,50,0,0
6887,38,46,4,0,0,0,7,0,49,50,0,0
6888,38,46,4,0,0,0,7,0,49,50,0,0
6889,38,46,4,0,0,0,7,0,49,50,0,0
6890,38,46,4,0,0,0,7,0,49,50,0,0
6891,38,46,4,0,0,0,7,0,49,50,0,0
6892,38,46,4,0,0,0,7,0,49,50,0,0
6893,38,46,4,0,0,0,7,0,49,50,0,0
6894,38,46,4,0,0,0,7,0,49,50,0,0
6895,38,46,4,0,0,0,7,0,49,50,0,0
6896,38,46,4,0,0,0,7,0,49,50,0,0
6897,38,46,4,0,0,0,7,0,49,50,0,0
6898,38,46,4,0,0,0,7,0,49,50,0,0
6899,38,46,4,0,0,0,7,0,49,50,0,0
6900,38,46,4,0,0,0,7,0,49,50,0,0
6901,38,46,4,0,0,0,7,0,49,50,0,0
6902,38,46,4,0,0,0,7,0,49,50,0,0
6903,38,46,4,0,0,0,7,0,49,50,0,0
6904,38,46,4,0,0,0,7,0,49,50,0,0
6905,38,46,4,0,0,0,7,0,49,50,0,0
6906,38,46,4,0,0,0,7,0,49,50,0,0
6907,38,46,4,0,0,0,7,0,49,50,0,0
6908,38,46,4,0,0,0,7,0,49,50,0,0
6909,38,46,4,0,0,0,7,0,49,50,0,0
6910,38,46,4,0,0,0,7,0,49,50,0,0
6911,38,46,4,0,0,0,7,0,49,50,0,0
6912,38,46,4,0,0,0,7,0,49,50,0,0
6913,38,46,4,0,0,0,7,0,49,50,0,0
6914,38,46,4,0,0,0,7,0,49,50,0,0
6915,38,46,4,0,0,0,7,0,49,50,0,0
6916,38,46,4,0,0,0,7,0,49,50,0,0
6917,38,46,4,0,0,0,7,0,49,50,0,0
6918,38,46,4,0,0,0,7,0,49,50,0,0
6919,38,46,4,0,0,0,7,0,49,50,0,0
6920,38,46,4,0,0,0,7,0,49,50,0,0
6921,38,46,4,0,0,0,7,0,49,50,0,0
6922,38,46,4,0,0,0,7,0,49,50,0,0
6923,38,46,4,0,0,0,7,0,49,50,0,0
6924,38,46,4,0,0,0,7,0,49,50,0,0
6925,38,46,4,0,0,0,7,0,49,50,0,0
6926,38,46,4,0,0,0,7,0,49,50,0,0
6927,38,46,4,0,0,0,7,0,49,50,0,0
6928,38,46,4,0,0,0,7,0,49,50,0,0
6929,38,46,4,0,0,0,7,0,49,50,0,0
6930,38,46,4,0,0,0,7,0,49,50,0,0
6931,38,46,4,0,0,0,7,0,49,50,0,0
6932,38,46,4,0,0,0,7,0,49,50,0,0
6933,38,46,4,0,0,0,7,0,49,50,0,0
6934,38,46,4,0,0,0,7,0,49,50,0,0
6935,38,46,4,0,0,0,7,0,49,50,0,0
6936,38,46,4,0,0,0,7,0,49,50,0,0
6937,38,46,4,0,0,0,7,0,49,50,0,0
6938,38,46,4,0,0,0,7,0,49,50,0,0
6939,38,46,4,0,0,0,7,0,49,50,0,0
6940,38,46,4,0,0,0,7,0,49,50,0,0
6941,38,46,4,0,0,0,7,0,49,50,0,0
6942,38,46,4,0,0,0,7,0,49,50,0,0
6943,38,46,4,0,0,0,7,0,49,50,0,0
6944,38,46,4,0,0,0,7,0,49,50,0,0
6945,38,46,4,0,0,0,7,0,49,50,0,0
6946,38,46,4,0,0,0,7,0,49,50,0,0
6947,38,46,4,0,0,0,7,0,49,50,0,0
6948,38,46,4,0,0,0,7,0,49,50,0,0
6949,38,46,4,0,0,0,7,0,49,50,0,0
6950,38,46,4,0,0,0,7,0,49,50,0,0
6951,38,46,4,0,0,0,7,0,49,50,0,0
6952,38,46,4,0,0,0,7,0,49,50,0,0
6953,38,46,4,0,0,0,7,0,49,50,0,0
6954,38,46,4,0,0,0,7,0,49,50,0,0
6955,38,46,4,0,0,0,7,0,49,50,0,0
6956,38,46,4,0,0,0,7,0,49,50,0,0
6957,38,46,4,0,0,0,7,0,49,50,0,0
6958,38,46,4,0,0,0,7,0,49,50,0,0
6959,38,46,4,0,0,0,7,0,49,50,0,0
6960,38,46,4,0,0,0,7,0,49,50,0,0
6961,38,46,4,0,0,0,7,0,49,50,0,0
6962,38,46,4,0,0,0,7,0,49,50,0,0
6963,38,46,4,0,0,0,7,0,49,50,0,0
6964,38,46,4,0,0,0,7,0,49,50,0,0
6965,38,46,4,0,0,0,7,0,49,50,0,0
6966,38,46,4,0,0,0,7,0,49,50,0,0
6967,38,46,4,0,0,0,7,0,49,50,0,0
6968,38,46,4,0,0,0,7,0,49,50,0,0
6969,38,46,4,0,0,0,7,0,49,50,0,0
6970,38,46,4,0,0,0,7,0,49,50,0,0
6971,38,46,4,0,0,0,7,0,49,50,0,0
6972,38,46,4,0,0,0,7,0,49,50,0,0
6973,38,46,4,0,0,0,7,0,49,50,0,0
6974,38,46,4,0,0,0,7,0,49,50,0,0
6975,38,46,4,0,0,0,7,0,49,50,0,0
6976,38,46,4,0,0,0,7,0,49,50,0,0
6977,38,46,4,0,0,0,7,0,49,50,0,0
6978,38,46,4,0,0,0,7,0,49,50,0,0
6979,38,46,4,0,0,0,7,0,49,50,0,0
6980,38,46,4,0,0,0,7,0,49,50,0,0
6981,38,46,4,0,0,0,7,0,49,50,0,0
6982,38,46,4,0,0,0,7,0,49,50,0,0
6983,38,46,4,0,0,0,7,0,49,50,0,0
6984,38,46,4,0,0,0,7,0,49,50,0,0
6985,38,46,4,0,0,0,7,0,49,50,0,0
6986,38,46,4,0,0,0,7,0,49,50,0,0
6987,38,46,4,0,0,0,7,0,49,50,0,0
6988,38,46,4,0,0,0,7,0,49,50,0,0
6989,38,46,4,0,0,0,7,0,49,50,0,0
6990,38,46,4,0,0,0,7,0,49,50,0,0
6991,38,46,4,0,0,0,7,0,49,50,0,0
6992,38,46,4,0,0,0,7,0,49,50,0,0
6993,38,46,4,0,0,0,7,0,49,50,0,0
6994,38,46,4,0,0,0,7,0,49,50,0,0
6995,38,46,4,0,0,0,7,0,49,50,0,0
6996,38,46,4,0,0,0,7,0,49,50,0,0
6997,38,46,4,0,0,0,7,0,49,50,0,0
6998,38,46,4,0,0,0,7,0,49,50,0,0
6999,38,46,4,0,0,0,7,0,49,50,0,0
7000,38,46,4,0,0,0,7,0,49,50,0,0
7001,38,46,4,0,0,0,7,0,49,50,0,0
7002,38,46,4,0,0,0,7,0,49,50,0,0
7003,38,46,4,0,0,0,7,0,49,50,0,0
7004,38,46,4,0,0,0,7,0,49,50,0,0
7005,38,46,4,0,0,0,7,0,49,50,0,0
7006,38,46,4,0,0,0,7,0,49,50,0,0
7007,38,46,4,0,0,0,7,0,49,50,0,0
7008,38,46,4,0,0,0,7,0,49,50,0,0
7009,38,46,4,0,0,0,7,0,49,50,0,0
7010,38,46,4,0,0,0,7,0,49,50,0,0
7011,38,46,4,0,0,0,7,0,49,50,0,0
7012,38,46,4,0,0,0,7,0,49,50,0,0
7013,38,46,4,0,0,0,7,0,49,50,0,0
7014,38,46,4,0,0,0,7,0,49,50,0,0
7015,38,46,4,0,0,0,7,0,49,50,0,0
7016,38,46,4,0,0,0,7,0,49,50,0,0
7017,38,46,4,0,0,0,7,0,49,50,0,0
7018,38,46,4,0,0,0,7,0,49,50,0,0
7019,38,46,4,0,0,0,7,0,49,50,0,0
7020,38,46,4,0,0,0,7,0,49,50,0,0
7021,38,46,4,0,0,0,7,0,49,50,0,0
7022,38,46,4,0,0,0,7,0,49,50,0,0
7023,38,42,4,3,0,0,7,0,49,50,1,0
7024,38,42,4,3,0,0,7,0,49,50,1,0
7025,38,42,4,3,0,0,7,0,49,50,1,0
7026,38,42,4,3,0,0,7,0,49,50,1,0
7027,38,42,4,3,0,0,7,0,49,50,1,0
7028,38,42,4,3,0,0,7,0,49,50,1,0
7029,38,42,4,3,0,0,7,0,49,50,1,0
7030,38,42,4,3,0,0,7,0,49,50,1,0
7031,38,42,4,3,0,0,7,0,49,50,1,0
7032,38,42,4,3,0,0,7,0,49,50,1,0
7033,38,42,4,3,0,0,7,0,49,50,1,0
7034,38,42,4,3,0,0,7,0,49,50,1,0
7035,38,42,4,3,0,0,7,0,49,50,1,0
7036,38,42,4,3,0,0,7,0,49,50,1,0
7037,38,42,4,3,0,0,7,0,49,50,1,0
7038,38,42,4,3,0,0,7,0,49,50,1,0
7039,38,42,4,3,0,0,7,0,49,50,1,0
7040,38,42,4,3,0,0,7,0,49,50,1,0
7041,38,42,4,3,0,0,7,0,49,50,1,0
7042,38,42,4,3,0,0,7,0,49,50,1,0
7043,38,42,4,3,0,0,7,0,49,50,1,0
7044,38,42,4,3,0,0,7,0,49,50,1,0
7045,38,42,4,3,0,0,7,0,49,50,1,0
7046,38,42,4,3,0,0,7,0,49,50,1,0
7047,38,42,4,3,0,0,7,0,49,50,1,0
7048,38,42,4,3,0,0,7,0,49,50,1,0
7049,38,42,4,3,0,0,7,0,49,50,1,0
7050,38,42,4,3,0,0,7,0,49,50,1,0
7051,38,42,4,3,0,0,7,0,49,50,1,0
7052,38,42,4,3,0,0,7,0,49,50,1,0
7053,38,42,4,3,0,0,7,0,49,50,1,0
7054,38,42,4,3,0,0,7,0,49,50,1,0
7055,38,42,4,3,0,0,7,0,49,50,1,0
7056,38,42,4,3,0,0,7,0,49,50,1,0
7057,38,42,4,3,0,0,7,0,49,50,1,0
7058,38,42,4,3,0,0,7,0,49,50,1,0
7059,38,42,4,3,0,0,7,0,49,50,1,0
7060,38,42,4,3,0,0,7,0,49,50,1,0
7061,38,42,4,3,0,0,7,0,49,50,1,0
7062,38,42,4,3,0,0,7,0,49,50,1,0
7063,38,42,4,3,0,0,7,0,49,50,1,0
7064,38,42,4,3,0,0,7,0,49,50,1,0
7065,38,42,4,3,0,0,7,0,49,50,1,0
7066,38,42,4,3,0,0,7,0,49,50,1,0
7067,38,42,4,3,0,0,7,0,49,50,1,0
7068,38,42,4,2,0,1,7,0,49,50,1,0
7069,38,42,4,2,0,1,7,0,49,50,1,0
7070,38,42,4,2,0,1,7,0,49,50,1,0
7071,38,42,4,2,0,1,7,0,49,50,1,0
7072,38,42,4,2,0,1,7,0,49,50,1,0
7073,38,42,4,2,0,1,7,0,49,50,1,0
7074,38,42,4,2,0,1,7,0,49,50,1,0
7075,38,42,4,2,0,1,7,0,49,50,1,0
7076,38,42,4,2,0,1,7,0,49,50,1,0
7077,38,42,4,2,0,1,7,0,49,50,1,0
7078,38,42,4,2,0,1,7,0,49,50,1,0
7079,38,42,4,2,0,1,7,0,49,50,1,0
7080,38,42,4,2,0,1,7,0,49,50,1,0
7081,38,42,4,2,0,1,7,0,49,50,1,0
7082,38,42,4,2,0,1,7,0,49,50,1,0
7083,38,42,4,2,0,1,7,0,49,50,1,0
7084,38,42,4,2,0,1,7,0,49,50,1,0
7085,38,42,4,2,0,1,7,0,49,50,1,0
7086,38,42,4,2,0,1,7,0,49,50,1,0
7087,38,42,4,2,0,1,7,0,49,50,1,0
7088,38,42,4,2,0,1,7,0,49,50,1,0
7089,38,42,4,2,0,1,7,0,49,50,1,0
7090,38,42,4,2,0,1,7,0,49,50,1,0
7091,38,42,4,2,0,1,7,0,49,50,1,0
7092,38,42,4,2,0,1,7,0,49,50,1,0
7093,38,42,4,2,0,1,7,0,49,50,1,0
7094,38,42,4,2,0,1,7,0,49,50,1,0
7095,38,42,4,2,0,1,7,0,49,50,1,0
7096,38,42,4,2,0,1,7,0,49,50,1,0
7097,38,42,4,2,0,1,7,0,49,50,1,0
7098,38,42,4,1,0,2,7,0,49,50,1,0
7099,38,42,4,1,0,2,7,0,49,50,1,0
7100,38,42,4,1,0,2,7,0,49,50,1,0
7101,38,42,4,1,0,2,7,0,49,50,1,0
7102,38,42,4,1,0,2,7,0,49,50,1,0
7103,38,42,4,1,0,2,7,0,49,50,1,0
7104,38,42,4,1,0,2,7,0,49,50,1,0
7105,38,42,4,1,0,2,7,0,49,50,1,0
7106,38,42,4,1,0,2,7,0,49,50,1,0
7107,38,42,4,1,0,2,7,0,49,50,1,0
7108,38,42,4,1,0,2,7,0,49,50,1,0
7109,38,42,4,1,0,2,7,0,49,50,1,0
7110,38,42,4,1,0,2,7,0,49,50,1,0
7111,38,42,4,1,0,2,7,0,49,50,1,0
7112,38,42,4,1,0,2,7,0,49,50,1,0
7113,38,42,4,1,0,2,7,0,49,50,1,0
7114,38,42,4,1,0,2,7,0,49,50,1,0
7115,38,42,4,1,0,2,7,0,49,50,1,0
7116,38,42,4,1,0,2,7,0,49,50,1,0
7117,38,42,4,1,0,2,7,0,49,50,1,0
7118,38,42,4,1,0,2,7,0,49,50,1,0
7119,38,42,4,1,0,2,7,0,49,50,1,0
7120,38,42,4,1,0,2,7,0,49,50,1,0
7121,38,42,4,1,0,2,7,0,49,50,1,0
7122,38,42,4,1,0,2,7,0,49,50,1,0
7123,38,42,4,1,0,2,7,0,49,50,1,0
7124,38,42,4,1,0,2,7,0,49,50,1,0
7125,38,42,4,1,0,2,7,0,49,50,1,0
7126,38,42,4,1,0,2,7,0,49,50,1,0
7127,38,42,4,1,0,2,7,0,49,50,1,0
7128,38,42,4,0,0,3,7,0,49,50,1,0
7129,38,42,4,0,0,3,7,0,49,50,1,0
7130,38,42,4,0,0,3,7,0,49,50,1,0
7131,38,42,4,0,0,3,7,0,49,50,1,0
7132,38,42,4,0,0,3,7,0,49,50,1,0
7133,38,42,4,0,0,3,7,0,49,50,1,0
7134,38,42,4,0,0,3,7,0,49,50,1,0
7135,38,42,4,0,0,3,7,0,49,50,1,0
7136,38,42,4,0,0,3,7,0,49,50,1,0
7137,38,42,4,0,0,3,7,0,49,50,1,0
7138,38,42,4,0,0,3,7,0,49,50,1,0
7139,38,42,4,0,0,3,7,0,49,50,1,0
7140,38,42,4,0,0,3,7,0,49,50,1,0
7141,38,42,4,0,0,3,7,0,49,50,1,0
7142,38,42,4,0,0,3,7,0,49,50,1,0
7143,38,42,4,0,0,3,7,0,49,50,1,0
7144,38,42,4,0,0,3,7,0,49,50,1,0
7145,38,42,4,0,0,3,7,0,49,50,1,0
7146,38,42,4,0,0,3,7,0,49,50,1,0
7147,38,42,4,0,0,3,7,0,49,50,1,0
7148,38,42,4,0,0,3,7,0,49,50,1,0
7149,38,42,4,0,0,3,7,0,49,50,1,0
7150,38,42,4,0,0,3,7,0,49,50,1,0
7151,38,42,4,0,0,3,7,0,49,50,1,0
7152,38,42,4,0,0,3,7,0,49,50,1,0
7153,38,42,4,0,0,3,7,0,49,50,1,0
7154,38,42,4,0,0,3,7,0,49,50,1,0
7155,38,42,4,0,0,3,7,0,49,50,1,0
7156,38,42,4,0,0,3,7,0,49,50,1,0
7157,38,42,4,0,0,3,7,0,49,50,1,0
7158,38,42,4,0,0,0,7,0,49,50,1,0
7159,38,42,4,0,0,0,7,0,49,50,1,0
7160,38,42,4,0,0,0,7,0,49,50,1,0
7161,38,42,4,0,0,0,7,0,49,50,1,0
7162,38,42,4,0,0,0,7,0,49,50,1,0
7163,38,42,4,0,0,0,7,0,49,50,1,0
7164,38,42,4,0,0,0,7,0,49,50,1,0
7165,38,42,4,0,0,0,7,0,49,50,1,0
7166,38,42,4,0,0,0,7,0,49,50,1,0
7167,38,42,4,0,0,0,7,0,49,50,1,0
7168,38,42,4,0,0,0,7,0,49,50,1,0
7169,38,42,4,0,0,0,7,0,49,50,1,0
7170,38,42,4,0,0,0,7,0,49,50,1,0
7171,38,42,4,0,0,0,7,0,49,50,1,0
7172,38,42,4,0,0,0,7,0,49,50,1,0
7173,38,42,4,0,0,0,7,0,49,50,1,0
7174,38,42,4,0,0,0,7,0,49,50,1,0
7175,38,42,4,0,0,0,7,0,49,50,1,0
7176,38,42,4,0,0,0,7,0,49,50,1,0
7177,38,42,4,0,0,0,7,0,49,50,1,0
7178,38,42,4,0,0,0,7,0,49,50,1,0
7179,38,42,4,0,0,0,7,0,49,50,1,0
7180,38,42,4,0,0,0,7,0,49,50,1,0
7181,38,42,4,0,0,0,7,0,49,50,1,0
7182,38,42,4,0,0,0,7,0,49,50,1,0
7183,38,42,4,0,0,0,7,0,49,50,1,0
7184,38,42,4,0,0,0,7,0,49,50,1,0
7185,38,42,4,0,0,0,7,0,49,50,1,0
7186,38,42,4,0,0,0,7,0,49,50,1,0
7187,38,42,4,0,0,0,7,0,49,50,1,0
7188,38,42,4,0,0,0,7,0,49,50,1,0
7189,38,42,4,0,0,0,7,0,49,50,1,0
7190,38,42,4,0,0,0,7,0,49,50,1,0
7191,38,42,4,0,0,0,7,0,49,50,1,0
7192,38,42,4,0,0,0,7,0,49,50,1,0
7193,38,42,4,0,0,0,7,0,49,50,1,0
7194,38,42,4,0,0,0,7,0,49,50,1,0
7195,38,42,4,0,0,0,7,0,49,50,1,0
7196,38,42,4,0,0,0,7,0,49,50,1,0
7197,38,42,4,0,0,0,7,0,49,50,1,0
7198,38,42,4,0,0,0,7,0,49,50,1,0
7199,38,42,4,0,0,0,7,0,49,50,1,0
7200,38,42,4,0,0,0,7,0,49,50,1,0
7201,38,42,4,0,0,0,7,0,49,50,1,0
7202,38,42,4,0,0,0,7,0,49,50,1,0
7203,38,42,4,0,0,0,7,0,49,50,1,0
7204,38,42,4,0,0,0,7,0,49,50,1,0
7205,38,42,4,0,0,0,7,0,49,50,1,0
7206,38,42,4,0,0,0,7,0,49,50,1,0
7207,38,42,4,0,0,0,7,0,49,50,1,0
7208,38,42,4,0,0,0,7,0,49,50,1,0
7209,38,42,4,0,0,0,7,0,49,50,1,0
7210,38,42,4,0,0,0,7,0,49,50,1,0
7211,38,42,4,0,0,0,7,0,49,50,1,0
7212,38,42,4,0,0,0,7,0,49,50,1,0
7213,38,42,4,0,0,0,7,0,49,50,1,0
7214,38,42,4,0,0,0,7,0,49,50,1,0
7215,38,42,4,0,0,0,7,0,49,50,1,0
7216,38,42,4,0,0,0,7,0,49,50,1,0
7217,38,42,4,0,0,0,7,0,49,50,1,0
7218,38,42,4,0,0,0,7,0,49,50,1,0
7219,38,42,4,0,0,0,7,0,49,50,1,0
7220,38,42,4,0,0,0,7,0,49,50,1,0
7221,38,42,4,0,0,0,7,0,49,50,1,0
7222,38,42,4,0,0,0,7,0,49,50,1,0
7223,38,42,4,0,0,0,7,0,49,50,1,0
7224,38,42,4,0,0,0,7,0,49,50,1,0
7225,38,42,4,0,0,0,7,0,49,50,1,0
7226,38,42,4,0,0,0,7,0,49,50,1,0
7227,38,42,4,0,0,0,7,0,49,50,1,0
7228,38,42,4,0,0,0,7,0,49,50,1,0
7229,38,42,4,0,0,0,7,0,49,50,1,0
7230,38,42,4,0,0,0,7,0,49,50,1,0
7231,38,42,4,0,0,0,7,0,49,50,1,0
7232,38,42,4,0,0,0,7,0,49,50,1,0
7233,38,42,4,0,0,0,7,0,49,50,1,0
7234,38,42,4,0,0,0,7,0,49,50,1,0
7235,38,42,4,0,0,0,7,0,49,50,1,0
7236,38,42,4,0,0,0,7,0,49,50,1,0
7237,38,42,4,0,0,0,7,0,49,50,1,0
7238,38,42,4,0,0,0,7,0,49,50,1,0
7239,38,42,4,0,0,0,7,0,49,50,1,0
7240,38,42,4,0,0,0,7,0,49,50,1,0
7241,38,42,4,0,0,0,7,0,49,50,1,0
7242,38,42,4,0,0,0,7,0,49,50,1,0
7243,38,42,4,0,0,0,7,0,49,50,1,0
7244,38,42,4,0,0,0,7,0,49,50,1,0
7245,38,42,4,0,0,0,7,0,49,50,1,0
7246,38,42,4,0,0,0,7,0,49,50,1,0
7247,38,42,4,0,0,0,7,0,49,50,1,0
7248,38,42,4,0,0,0,7,0,49,50,1,0
7249,38,42,4,0,0,0,7,0,49,50,1,0
7250,38,42,4,0,0,0,7,0,49,50,1,0
7251,38,42,4,0,0,0,7,0,49,50,1,0
7252,38,42,4,0,0,0,7,0,49,50,1,0
7253,38,42,4,0,0,0,7,0,49,50,1,0
7254,38,42,4,0,0,0,7,0,49,50,1,0
7255,38,42,4,0,0,0,7,0,49,50,1,0
7256,38,42,4,0,0,0,7,0,49,50,1,0
7257,38,42,4,0,0,0,7,0,49,50,1,0
7258,38,42,4,0,0,0,7,0,49,50,1,0
7259,38,42,4,0,0,0,7,0,49,50,1,0
7260,38,42,4,0,0,0,7,0,49,50,1,0
7261,38,42,4,0,0,0,7,0,49,50,1,0
7262,38,42,4,0,0,0,7,0,49,50,1,0
7263,38,42,4,0,0,0,7,0,49,50,1,0
7264,38,42,4,0,0,0,7,0,49,50,1,0
7265,38,42,4,0,0,0,7,0,49,50,1,0
7266,38,42,4,0,0,0,7,0,49,50,1,0
7267,38,42,4,0,0,0,7,0,49,50,1,0
7268,38,42,4,0,0,0,7,0,49,50,1,0
7269,38,42,4,0,0,0,7,0,49,50,1,0
7270,38,42,4,0,0,0,7,0,49,50,1,0
7271,38,42,4,0,0,0,7,0,49,50,1,0
7272,38,42,4,0,0,0,7,0,49,50,1,0
7273,38,42,4,0,0,0,7,0,49,50,1,0
7274,38,42,4,0,0,0,7,0,49,50,1,0
7275,38,42,4,0,0,0,7,0,49,50,1,0
7276,38,42,4,0,0,0,7,0,49,50,1,0
7277,38,42,4,0,0,0,7,0,49,50,1,0
7278,38,42,4,0,0,0,7,0,49,50,1,0
7279,38,42,4,0,0,0,7,0,49,50,1,0
7280,38,42,4,0,0,0,7,0,49,50,1,0
7281,38,42,4,0,0,0,7,0,49,50,1,0
7282,38,42,4,0,0,0,7,0,49,50,1,0
7283,38,42,4,0,0,0,7,0,49,50,1,0
7284,38,42,4,0,0,0,7,0,49,50,1,0
7285,38,42,4,0,0,0,7,0,49,50,1,0
7286,38,42,4,0,0,0,7,0,49,50,1,0
7287,38,42,4,0,0,0,7,0,49,50,1,0
7288,38,42,4,0,0,0,7,0,49,50,1,0
7289,38,42,4,0,0,0,7,0,49,50,1,0
7290,38,42,4,0,0,0,7,0,49,50,1,0
7291,38,42,4,0,0,0,7,0,49,50,1,0
7292,38,42,4,0,0,0,7,0,49,50,1,0
7293,38,42,4,0,0,0,7,0,49,50,1,0
7294,38,42,4,0,0,0,7,0,49,50,1,0
7295,38,42,4,0,0,0,7,0,49,50,1,0
7296,38,42,4,0,0,0,7,0,49,50,1,0
7297,38,42,4,0,0,0,7,0,49,50,1,0
7298,38,42,4,0,0,0,7,0,49,50,1,0
7299,38,42,4,0,0,0,7,0,49,50,1,0
7300,38,42,4,0,0,0,7,0,49,50,1,0
7301,38,42,4,0,0,0,7,0,49,50,1,0
7302,38,42,4,0,0,0,7,0,49,50,1,0
7303,38,42,4,0,0,0,7,0,49,50,1,0
7304,38,42,4,0,0,0,7,0,49,50,1,0
7305,38,42,4,0,0,0,7,0,49,50,1,0
7306,38,42,4,0,0,0,7,0,49,50,1,0
7307,38,42,4,0,0,0,7,0,49,50,1,0
7308,38,42,4,0,0,0,7,0,49,50,1,0
7309,38,42,4,0,0,0,7,0,49,50,1,0
7310,38,42,4,0,0,0,7,0,49,50,1,0
7311,38,42,4,0,0,0,7,0,49,50,1,0
7312,38,42,4,0,0,0,7,0,49,50,1,0
7313,38,42,4,0,0,0,7,0,49,50,1,0
7314,38,42,4,0,0,0,7,0,49,50,1,0
7315,38,42,4,0,0,0,7,0,49,50,1,0
7316,38,42,4,0,0,0,7,0,49,50,1,0
7317,38,42,4,0,0,0,7,0,49,50,1,0
7318,38,42,4,0,0,0,7,0,49,50,1,0
7319,38,42,4,0,0,0,7,0,49,50,1,0
7320,38,42,4,0,0,0,7,0,49,50,1,0
7321,38,42,4,0,0,0,7,0,49,50,1,0
7322,38,42,4,0,0,0,7,0,49,50,1,0
7323,38,38,4,3,0,0,7,0,49,50,1,0
7324,38,38,4,3,0,0,7,0,49,50,1,0
7325,38,38,4,3,0,0,7,0,49,50,1,0
7326,38,38,4,3,0,0,7,0,49,50,1,0
7327,38,38,4,3,0,0,7,0,49,50,1,0
7328,38,38,4,3,0,0,7,0,49,50,1,0
7329,38,38,4,3,0,0,7,0,49,50,1,0
7330,38,38,4,3,0,0,7,0,49,50,1,0
7331,38,38,4,3,0,0,7,0,49,50,1,0
7332,38,38,4,3,0,0,7,0,49,50,1,0
7333,38,38,4,3,0,0,7,0,49,50,1,0
7334,38,38,4,3,0,0,7,0,49,50,1,0
7335,38,38,4,3,0,0,7,0,49,50,1,0
7336,38,38,4,3,0,0,7,0,49,50,1,0
7337,38,38,4,3,0,0,7,0,49,50,1,0
7338,38,38,4,3,0,0,7,0,49,50,1,0
7339,38,38,4,3,0,0,7,0,49,50,1,0
7340,38,38,4,3,0,0,7,0,49,50,1,0
7341,38,38,4,3,0,0,7,0,49,50,1,0
7342,38,38,4,3,0,0,7,0,49,50,1,0
7343,38,38,4,3,0,0,7,0,49,50,1,0
7344,38,38,4,3,0,0,7,0,49,50,1,0
7345,38,38,4,3,0,0,7,0,49,50,1,0
7346,38,38,4,3,0,0,7,0,49,50,1,0
7347,38,38,4,3,0,0,7,0,49,50,1,0
7348,38,38,4,3,0,0,7,0,49,50,1,0
7349,38,38,4,3,0,0,7,0,49,50,1,0
7350,38,38,4,3,0,0,7,0,49,50,1,0
7351,38,38,4,3,0,0,7,0,49,50,1,0
7352,38,38,4,3,0,0,7,0,49,50,1,0
7353,38,38,4,2,0,1,7,0,49,50,1,0
7354,38,38,4,2,0,1,7,0,49,50,1,0
7355,38,38,4,2,0,1,7,0,49,50,1,0
7356,38,38,4,2,0,1,7,0,49,50,1,0
7357,38,38,4,2,0,1,7,0,49,50,1,0
7358,38,38,4,2,0,1,7,0,49,50,1,0
7359,38,38,4,2,0,1,7,0,49,50,1,0
7360,38,38,4,2,0,1,7,0,49,50,1,0
7361,38,38,4,2,0,1,7,0,49,50,1,0
7362,38,38,4,2,0,1,7,0,49,50,1,0
7363,38,38,4,2,0,1,7,0,49,50,1,0
7364,38,38,4,2,0,1,7,0,49,50,1,0
7365,38,38,4,2,0,1,7,0,49,50,1,0
7366,38,38,4,2,0,1,7,0,49,50,1,0
7367,38,38,4,2,0,1,7,0,49,50,1,0
7368,38,38,4,2,0,1,7,0,49,50,1,0
7369,38,38,4,2,0,1,7,0,49,50,1,0
7370,38,38,4,2,0,1,7,0,49,50,1,0
7371,38,38,4,2,0,1,7,0,49,50,1,0
7372,38,38,4,2,0,1,7,0,49,50,1,0
7373,38,38,4,2,0,1,7,0,49,50,1,0
7374,38,38,4,2,0,1,7,0,49,50,1,0
7375,38,38,4,2,0,1,7,0,49,50,1,0
7376,38,38,4,2,0,1,7,0,49,50,1,0
7377,38,38,4,2,0,1,7,0,49,50,1,0
7378,38,38,4,2,0,1,7,0,49,50,1,0
7379,38,38,4,2,0,1,7,0,49,50,1,0
7380,38,38,4,2,0,1,7,0,49,50,1,0
7381,38,38,4,2,0,1,7,0,49,50,1,0
7382,38,38,4,2,0,1,7,0,49,50,1,0
7383,38,38,4,1,0,2,7,0,49,50,1,0
7384,38,38,4,1,0,2,7,0,49,50,1,0
7385,38,38,4,1,0,2,7,0,49,50,1,0
7386,38,38,4,1,0,2,7,0,49,50,1,0
7387,38,38,4,1,0,2,7,0,49,50,1,0
7388,38,38,4,1,0,2,7,0,49,50,1,0
7389,38,38,4,1,0,2,7,0,49,50,1,0
7390,38,38,4,1,0,2,7,0,49,50,1,0
7391,38,38,4,1,0,2,7,0,49,50,1,0
7392,38,38,4,1,0,2,7,0,49,50,1,0
7393,38,38,4,1,0,2,7,0,49,50,1,0
7394,38,38,4,1,0,2,7,0,49,50,1,0
7395,38,38,4,1,0,2,7,0,49,50,1,0
7396,38,38,4,1,0,2,7,0,49,50,1,0
7397,38,38,4,1,0,2,7,0,49,50,1,0
7398,38,38,4,1,0,2,7,0,49,50,1,0
7399,38,38,4,1,0,2,7,0,49,50,1,0
7400,38,38,4,1,0,2,7,0,49,50,1,0
7401,38,38,4,1,0,2,7,0,49,50,1,0
7402,38,38,4,1,0,2,7,0,49,50,1,0
7403,38,38,4,1,0,2,7,0,49,50,1,0
7404,38,38,4,1,0,2,7,0,49,50,1,0
7405,38,38,4,1,0,2,7,0,49,50,1,0
7406,38,38,4,1,0,2,7,0,49,50,1,0
7407,38,38,4,1,0,2,7,0,49,50,1,0
7408,38,38,4,1,0,2,7,0,49,50,1,0
7409,38,38,4,1,0,2,7,0,49,50,1,0
7410,38,38,4,1,0,2,7,0,49,50,1,0
7411,38,38,4,1,0,2,7,0,49,50,1,0
7412,38,38,4,1,0,2,7,0,49,50,1,0
7413,38,38,4,0,0,3,7,0,49,50,1,0
7414,38,38,4,0,0,3,7,0,49,50,1,0
7415,38,38,4,0,0,3,7,0,49,50,1,0
7416,38,38,4,0,0,3,7,0,49,50,1,0
7417,38,38,4,0,0,3,7,0,49,50,1,0
7418,38,38,4,0,0,3,7,0,49,50,1,0
7419,38,38,4,0,0,3,7,0,49,50,1,0
7420,38,38,4,0,0,3,7,0,49,50,1,0
7421,38,38,4,0,0,3,7,0,49,50,1,0
7422,38,38,4,0,0,3,7,0,49,50,1,0
7423,38,38,4,0,0,3,7,0,49,50,1,0
7424,38,38,4,0,0,3,7,0,49,50,1,0
7425,38,38,4,0,0,3,7,0,49,50,1,0
7426,38,38,4,0,0,3,7,0,49,50,1,0
7427,38,38,4,0,0,3,7,0,49,50,1,0
7428,38,38,4,0,0,3,7,0,49,50,1,0
7429,38,38,4,0,0,3,7,0,49,50,1,0
7430,38,38,4,0,0,3,7,0,49,50,1,0
7431,38,38,4,0,0,3,7,0,49,50,1,0
7432,38,38,4,0,0,3,7,0,49,50,1,0
7433,38,38,4,0,0,3,7,0,49,50,1,0
7434,38,38,4,0,0,3,7,0,49,50,1,0
7435,38,38,4,0,0,3,7,0,49,50,1,0
7436,38,38,4,0,0,3,7,0,49,50,1,0
7437,38,38,4,0,0,3,7,0,49,50,1,0
7438,38,38,4,0,0,3,7,0,49,50,1,0
7439,38,38,4,0,0,3,7,0,49,50,1,0
7440,38,38,4,0,0,3,7,0,49,50,1,0
7441,38,38,4,0,0,3,7,0,49,50,1,0
7442,38,38,4,0,0,3,7,0,49,50,1,0
7443,38,38,4,0,0,4,7,0,49,50,1,0
7444,38,38,4,0,0,4,7,0,49,50,1,0
7445,38,38,4,0,0,4,7,0,49,50,1,0
7446,38,38,4,0,0,4,7,0,49,50,1,0
7447,38,38,4,0,0,4,7,0,49,50,1,0
7448,38,38,4,0,0,4,7,0,49,50,1,0
7449,38,38,4,0,0,4,7,0,49,50,1,0
7450,38,38,4,0,0,4,7,0,49,50,1,0
7451,38,38,4,0,0,4,7,0,49,50,1,0
7452,38,38,4,0,0,4,7,0,49,50,1,0
7453,38,38,4,0,0,4,7,0,49,50,1,0
7454,38,38,4,0,0,4,7,0,49,50,1,0
7455,38,38,4,0,0,4,7,0,49,50,1,0
7456,38,38,4,0,0,4,7,0,49,50,1,0
7457,38,38,4,0,0,4,7,0,49,50,1,0
7458,38,38,4,0,0,0,7,3,49,50,1,1
7459,38,38,4,0,0,0,7,3,49,50,1,1
7460,38,38,4,0,0,0,7,3,49,50,1,1
7461,38,38,4,0,0,0,7,3,49,50,1,1
7462,38,38,4,0,0,0,7,3,49,50,1,1
7463,38,38,4,0,0,0,7,3,49,50,1,1
7464,38,38,4,0,0,0,7,3,49,50,1,1
7465,38,38,4,0,0,0,7,3,49,50,1,1
7466,38,38,4,0,0,0,7,3,49,50,1,1
7467,38,38,4,0,0,0,7,3,49,50,1,1
7468,38,38,4,0,0,0,7,3,49,50,1,1
7469,38,38,4,0,0,0,7,3,49,50,1,1
7470,38,38,4,0,0,0,7,3,49,50,1,1
7471,38,38,4,0,0,0,7,3,49,50,1,1
7472,38,38,4,0,0,0,7,3,49,50,1,1
7473,38,38,4,0,0,0,7,3,49,50,1,1
7474,38,38,4,0,0,0,7,3,49,50,1,1
7475,38,38,4,0,0,0,7,3,49,50,1,1
7476,38,38,4,0,0,0,7,3,49,50,1,1
7477,38,38,4,0,0,0,7,3,49,50,1,1
7478,38,38,4,0,0,0,7,3,49,50,1,1
7479,38,38,4,0,0,0,7,3,49,50,1,1
7480,38,38,4,0,0,0,7,3,49,50,1,1
7481,38,38,4,0,0,0,7,3,49,50,1,1
7482,38,38,4,0,0,0,7,3,49,50,1,1
7483,38,38,4,0,0,0,7,3,49,50,1,1
7484,38,38,4,0,0,0,7,3,49,50,1,1
7485,38,38,4,0,0,0,7,3,49,50,1,1
7486,38,38,4,0,0,0,7,3,49,50,1,1
7487,38,38,4,0,0,0,7,3,49,50,1,1
7488,38,38,4,0,0,0,7,3,49,50,1,1
7489,38,38,4,0,0,0,7,3,49,50,1,1
7490,38,38,4,0,0,0,7,3,49,50,1,1
7491,38,38,4,0,0,0,7,3,49,50,1,1
7492,38,38,4,0,0,0,7,3,49,50,1,1
7493,38,38,4,0,0,0,7,3,49,50,1,1
7494,38,38,4,0,0,0,7,3,49,50,1,1
7495,38,38,4,0,0,0,7,3,49,50,1,1
7496,38,38,4,0,0,0,7,3,49,50,1,1
7497,38,38,4,0,0,0,7,3,49,50,1,1
7498,38,38,4,0,0,0,7,3,49,50,1,1
7499,38,38,4,0,0,0,7,3,49,50,1,1
7500,38,38,4,0,0,0,7,3,49,50,1,1
7501,38,38,4,0,0,0,7,3,49,50,1,1
7502,38,38,4,0,0,0,7,3,49,50,1,1
7503,38,38,4,0,0,0,7,3,49,49,1,1
7503,38,38,4,0,0,0,6,3,49,49,1,0
7504,38,38,3,0,0,0,6,3,49,49,0,0
7505,38,38,3,0,0,0,6,3,49,49,0,0
7506,38,38,3,0,0,0,6,3,49,49,0,0
7507,38,38,3,0,0,0,6,3,49,49,0,0
7508,38,38,3,0,0,0,6,3,49,49,0,0
7509,38,38,3,0,0,0,6,3,49,49,0,0
7510,38,38,3,0,0,0,6,3,49,49,0,0
7511,38,38,3,0,0,0,6,3,49,49,0,0
7512,38,38,3,0,0,0,6,3,49,49,0,0
7513,38,38,3,0,0,0,6,3,49,49,0,0
7514,38,38,3,0,0,0,6,3,49,49,0,0
7515,38,38,3,0,0,0,6,3,49,49,0,0
7516,38,38,3,0,0,0,6,3,49,49,0,0
7517,38,38,3,0,0,0,6,3,49,49,0,0
7518,38,38,3,0,0,0,6,3,49,49,0,0
7519,38,38,3,0,0,0,6,3,49,49,0,0
7520,38,38,3,0,0,0,6,3,49,49,0,0
7521,38,38,3,0,0,0,6,3,49,49,0,0
7522,38,38,3,0,0,0,6,3,49,49,0,0
7523,38,38,3,0,0,0,6,3,49,49,0,0
7524,38,38,3,0,0,0,6,3,49,49,0,0
7525,38,38,3,0,0,0,6,3,49,49,0,0
7526,38,38,3,0,0,0,6,3,49,49,0,0
7527,38,38,3,0,0,0,6,3,49,49,0,0
7528,38,38,3,0,0,0,6,3,49,49,0,0
7529,38,38,3,0,0,0,6,3,49,49,0,0
7530,38,38,3,0,0,0,6,3,49,49,0,0
7531,38,38,3,0,0,0,6,3,49,49,0,0
7532,38,38,3,0,0,0,6,3,49,49,0,0
7533,38,38,3,0,0,0,6,3,49,49,0,0
7534,38,38,3,0,0,0,6,3,49,49,0,0
7535,38,38,3,0,0,0,6,3,49,49,0,0
7536,38,38,3,0,0,0,6,3,49,49,0,0
7537,38,38,3,0,0,0,6,3,49,49,0,0
7538,38,38,3,0,0,0,6,3,49,49,0,0
7539,38,38,3,0,0,0,6,3,49,49,0,0
7540,38,38,3,0,0,0,6,3,49,49,0,0
7541,38,38,3,0,0,0,6,3,49,49,0,0
7542,38,38,3,0,0,0,6,3,49,49,0,0
7543,38,38,3,0,0,0,6,3,49,49,0,0
7544,38,38,3,0,0,0,6,3,49,49,0,0
7545,38,38,3,0,0,0,6,3,49,49,0,0
7546,38,38,3,0,0,0,6,3,49,49,0,0
7547,38,38,3,0,0,0,6,3,49,49,0,0
7548,38,38,3,0,0,0,6,3,48,49,0,0
7548,38,38,3,0,0,0,6,2,48,49,0,1
7549,38,38,3,0,1,0,6,2,48,49,0,1
7550,38,38,3,0,1,0,6,2,48,49,0,1
7551,38,38,3,0,1,0,6,2,48,49,0,1
7552,38,38,3,0,1,0,6,2,48,49,0,1
7553,38,38,3,0,1,0,6,2,48,49,0,1
7554,38,38,3,0,1,0,6,2,48,49,0,1
7555,38,38,3,0,1,0,6,2,48,49,0,1
7556,38,38,3,0,1,0,6,2,48,49,0,1
7557,38,38,3,0,1,0,6,2,48,49,0,1
7558,38,38,3,0,1,0,6,2,48,49,0,1
7559,38,38,3,0,1,0,6,2,48,49,0,1
7560,38,38,3,0,1,0,6,2,48,49,0,1
7561,38,38,3,0,1,0,6,2,48,49,0,1
7562,38,38,3,0,1,0,6,2,48,49,0,1
7563,38,38,3,0,1,0,6,2,48,49,0,1
7564,38,38,3,0,1,0,6,2,48,49,0,1
7565,38,38,3,0,1,0,6,2,48,49,0,1
7566,38,38,3,0,1,0,6,2,48,49,0,1
7567,38,38,3,0,1,0,6,2,48,49,0,1
7568,38,38,3,0,1,0,6,2,48,49,0,1
7569,38,38,3,0,1,0,6,2,48,49,0,1
7570,38,38,3,0,1,0,6,2,48,49,0,1
7571,38,38,3,0,1,0,6,2,48,49,0,1
7572,38,38,3,0,1,0,6,2,48,49,0,1
7573,38,38,3,0,1,0,6,2,48,49,0,1
7574,38,38,3,0,1,0,6,2,48,49,0,1
7575,38,38,3,0,1,0,6,2,48,49,0,1
7576,38,38,3,0,1,0,6,2,48,49,0,1
7577,38,38,3,0,1,0,6,2,48,49,0,1
7578,38,38,3,0,1,0,6,2,48,49,0,1
7579,38,38,3,0,1,0,6,2,48,49,0,1
7580,38,38,3,0,1,0,6,2,48,49,0,1
7581,38,38,3,0,1,0,6,2,48,49,0,1
7582,38,38,3,0,1,0,6,2,48,49,0,1
7583,38,38,3,0,1,0,6,2,48,49,0,1
7584,38,38,3,0,1,0,6,2,48,49,0,1
7585,38,38,3,0,1,0,6,2,48,49,0,1
7586,38,38,3,0,1,0,6,2,48,49,0,1
7587,38,38,3,0,1,0,6,2,48,49,0,1
7588,38,38,3,0,1,0,6,2,48,49,0,1
7589,38,38,3,0,1,0,6,2,48,49,0,1
7590,38,38,3,0,1,0,6,2,48,49,0,1
7591,38,38,3,0,1,0,6,2,48,49,0,1
7592,38,38,3,0,1,0,6,2,48,49,0,1
7593,38,38,3,0,1,0,6,2,48,48,0,1
7593,38,38,3,0,1,0,5,2,48,48,0,0
7594,38,38,2,0,1,0,5,2,48,48,0,0
7595,38,38,2,0,1,0,5,2,48,48,0,0
7596,38,38,2,0,1,0,5,2,48,48,0,0
7597,38,38,2,0,1,0,5,2,48,48,0,0
7598,38,38,2,0,1,0,5,2,48,48,0,0
7599,38,38,2,0,1,0,5,2,48,48,0,0
7600,38,38,2,0,1,0,5,2,48,48,0,0
7601,38,38,2,0,1,0,5,2,48,48,0,0
7602,38,38,2,0,1,0,5,2,48,48,0,0
7603,38,38,2,0,1,0,5,2,48,48,0,0
7604,38,38,2,0,1,0,5,2,48,48,0,0
7605,38,38,2,0,1,0,5,2,48,48,0,0
7606,38,38,2,0,1,0,5,2,48,48,0,0
7607,38,38,2,0,1,0,5,2,48,48,0,0
7608,38,38,2,0,1,0,5,2,48,48,0,0
7609,38,38,2,0,1,0,5,2,48,48,0,0
7610,38,38,2,0,1,0,5,2,48,48,0,0
7611,38,38,2,0,1,0,5,2,48,48,0,0
7612,38,38,2,0,1,0,5,2,48,48,0,0
7613,38,38,2,0,1,0,5,2,48,48,0,0
7614,38,38,2,0,1,0,5,2,48,48,0,0
7615,38,38,2,0,1,0,5,2,48,48,0,0
7616,38,38,2,0,1,0,5,2,48,48,0,0
7617,38,38,2,0,1,0,5,2,48,48,0,0
7618,38,38,2,0,1,0,5,2,48,48,0,0
7619,38,38,2,0,1,0,5,2,48,48,0,0
7620,38,38,2,0,1,0,5,2,48,48,0,0
7621,38,38,2,0,1,0,5,2,48,48,0,0
7622,38,38,2,0,1,0,5,2,48,48,0,0
7623,34,38,2,4,1,0,5,2,48,48,0,0
7624,34,38,1,4,2,0,5,2,48,48,0,0
7625,34,38,1,4,2,0,5,2,48,48,0,0
7626,34,38,1,4,2,0,5,2,48,48,0,0
7627,34,38,1,4,2,0,5,2,48,48,0,0
7628,34,38,1,4,2,0,5,2,48,48,0,0
7629,34,38,1,4,2,0,5,2,48,48,0,0
7630,34,38,1,4,2,0,5,2,48,48,0,0
7631,34,38,1,4,2,0,5,2,48,48,0,0
7632,34,38,1,4,2,0,5,2,48,48,0,0
7633,34,38,1,4,2,0,5,2,48,48,0,0
7634,34,38,1,4,2,0,5,2,48,48,0,0
7635,34,38,1,4,2,0,5,2,48,48,0,0
7636,34,38,1,4,2,0,5,2,48,48,0,0
7637,34,38,1,4,2,0,5,2,48,48,0,0
7638,34,38,1,4,2,0,5,2,47,48,0,0
7638,34,38,1,4,2,0,5,1,47,48,0,1
7639,34,38,1,4,2,0,5,1,47,48,0,1
7640,34,38,1,4,2,0,5,1,47,48,0,1
7641,34,38,1,4,2,0,5,1,47,48,0,1
7642,34,38,1,4,2,0,5,1,47,48,0,1
7643,34,38,1,4,2,0,5,1,47,48,0,1
7644,34,38,1,4,2,0,5,1,47,48,0,1
7645,34,38,1,4,2,0,5,1,47,48,0,1
7646,34,38,1,4,2,0,5,1,47,48,0,1
7647,34,38,1,4,2,0,5,1,47,48,0,1
7648,34,38,1,4,2,0,5,1,47,48,0,1
7649,34,38,1,4,2,0,5,1,47,48,0,1
7650,34,38,1,4,2,0,5,1,47,48,0,1
7651,34,38,1,4,2,0,5,1,47,48,0,1
7652,34,38,1,4,2,0,5,1,47,48,0,1
7653,34,38,1,4,2,0,5,1,47,48,0,1
7654,34,38,1,3,3,0,5,1,47,48,1,1
7655,34,38,1,3,3,0,5,1,47,48,1,1
7656,34,38,1,3,3,0,5,1,47,48,1,1
7657,34,38,1,3,3,0,5,1,47,48,1,1
7658,34,38,1,3,3,0,5,1,47,48,1,1
7659,34,38,1,3,3,0,5,1,47,48,1,1
7660,34,38,1,3,3,0,5,1,47,48,1,1
7661,34,38,1,3,3,0,5,1,47,48,1,1
7662,34,38,1,3,3,0,5,1,47,48,1,1
7663,34,38,1,3,3,0,5,1,47,48,1,1
7664,34,38,1,3,3,0,5,1,47,48,1,1
7665,34,38,1,3,3,0,5,1,47,48,1,1
7666,34,38,1,3,3,0,5,1,47,48,1,1
7667,34,38,1,3,3,0,5,1,47,48,1,1
7668,34,38,1,3,3,0,5,1,47,48,1,1
7669,34,38,1,3,3,0,5,1,47,48,1,1
7670,34,38,1,3,3,0,5,1,47,48,1,1
7671,34,38,1,3,3,0,5,1,47,48,1,1
7672,34,38,1,3,3,0,5,1,47,48,1,1
7673,34,38,1,3,3,0,5,1,47,48,1,1
7674,34,38,1,3,3,0,5,1,47,48,1,1
7675,34,38,1,3,3,0,5,1,47,48,1,1
7676,34,38,1,3,3,0,5,1,47,48,1,1
7677,34,38,1,3,3,0,5,1,47,48,1,1
7678,34,38,1,3,3,0,5,1,47,48,1,1
7679,34,38,1,3,3,0,5,1,47,48,1,1
7680,34,38,1,3,3,0,5,1,47,48,1,1
7681,34,38,1,3,3,0,5,1,47,48,1,1
7682,34,38,1,3,3,0,5,1,47,48,1,1
7683,34,38,1,3,3,0,5,1,47,47,1,1
7683,34,38,1,3,3,0,4,1,47,47,1,0
7684,34,38,1,3,3,0,4,1,47,47,1,0
7685,34,38,1,3,3,0,4,1,47,47,1,0
7686,34,38,1,3,3,0,4,1,47,47,1,0
7687,34,38,1,3,3,0,4,1,47,47,1,0
7688,34,38,1,3,3,0,4,1,47,47,1,0
7689,34,38,1,3,3,0,4,1,47,47,1,0
7690,34,38,1,3,3,0,4,1,47,47,1,0
7691,34,38,1,3,3,0,4,1,47,47,1,0
7692,34,38,1,3,3,0,4,1,47,47,1,0
7693,34,38,1,3,3,0,4,1,47,47,1,0
7694,34,38,1,3,3,0,4,1,47,47,1,0
7695,34,38,1,3,3,0,4,1,47,47,1,0
7696,34,38,1,3,3,0,4,1,47,47,1,0
7697,34,38,1,3,3,0,4,1,47,47,1,0
7698,34,38,1,3,3,0,4,1,47,47,1,0
7699,34,38,0,3,3,1,4,1,47,47,0,0
7700,34,38,0,3,3,1,4,1,47,47,0,0
7701,34,38,0,3,3,1,4,1,47,47,0,0
7702,34,38,0,3,3,1,4,1,47,47,0,0
7703,34,38,0,3,3,1,4,1,47,47,0,0
7704,34,38,0,3,3,1,4,1,47,47,0,0
7705,34,38,0,3,3,1,4,1,47,47,0,0
7706,34,38,0,3,3,1,4,1,47,47,0,0
7707,34,38,0,3,3,1,4,1,47,47,0,0
7708,34,38,0,3,3,1,4,1,47,47,0,0
7709,34,38,0,3,3,1,4,1,47,47,0,0
7710,34,38,0,3,3,1,4,1,47,47,0,0
7711,34,38,0,3,3,1,4,1,47,47,0,0
7712,34,38,0,3,3,1,4,1,47,47,0,0
7713,34,38,0,3,3,1,4,1,47,47,0,0
7714,34,38,0,3,3,1,4,1,47,47,0,0
7715,34,38,0,3,3,1,4,1,47,47,0,0
7716,34,38,0,3,3,1,4,1,47,47,0,0
7717,34,38,0,3,3,1,4,1,47,47,0,0
7718,34,38,0,3,3,1,4,1,47,47,0,0
7719,34,38,0,3,3,1,4,1,47,47,0,0
7720,34,38,0,3,3,1,4,1,47,47,0,0
7721,34,38,0,3,3,1,4,1,47,47,0,0
7722,34,38,0,3,3,1,4,1,47,47,0,0
7723,34,38,0,3,3,1,4,1,47,47,0,0
7724,34,38,0,3,3,1,4,1,47,47,0,0
7725,34,38,0,3,3,1,4,1,47,47,0,0
7726,34,38,0,3,3,1,4,1,47,47,0,0
7727,34,38,0,3,3,1,4,1,47,47,0,0
7728,34,38,0,3,3,1,4,1,46,47,0,0
7728,34,38,0,3,3,1,4,0,46,47,0,1
7729,34,38,0,3,3,1,4,0,46,47,0,1
7730,34,38,0,3,3,1,4,0,46,47,0,1
7731,34,38,0,3,3,1,4,0,46,47,0,1
7732,34,38,0,3,3,1,4,0,46,47,0,1
7733,34,38,0,3,3,1,4,0,46,47,0,1
7734,34,38,0,3,3,1,4,0,46,47,0,1
7735,34,38,0,3,3,1,4,0,46,47,0,1
7736,34,38,0,3,3,1,4,0,46,47,0,1
7737,34,38,0,3,3,1,4,0,46,47,0,1
7738,34,38,0,3,3,1,4,0,46,47,0,1
7739,34,38,0,3,3,1,4,0,46,47,0,1
7740,34,38,0,3,3,1,4,0,46,47,0,1
7741,34,38,0,3,3,1,4,0,46,47,0,1
7742,34,38,0,3,3,1,4,0,46,47,0,1
7743,34,38,0,3,3,1,4,0,46,47,0,1
7744,34,38,0,2,4,1,4,0,46,47,1,1
7745,34,38,0,2,4,1,4,0,46,47,1,1
7746,34,38,0,2,4,1,4,0,46,47,1,1
7747,34,38,0,2,4,1,4,0,46,47,1,1
7748,34,38,0,2,4,1,4,0,46,47,1,1
7749,34,38,0,2,4,1,4,0,46,47,1,1
7750,34,38,0,2,4,1,4,0,46,47,1,1
7751,34,38,0,2,4,1,4,0,46,47,1,1
7752,34,38,0,2,4,1,4,0,46,47,1,1
7753,34,38,0,2,4,1,4,0,46,47,1,1
7754,34,38,0,2,4,1,4,0,46,47,1,1
7755,34,38,0,2,4,1,4,0,46,47,1,1
7756,34,38,0,2,4,1,4,0,46,47,1,1
7757,34,38,0,2,4,1,4,0,46,47,1,1
7758,34,38,0,2,4,1,4,4,46,47,1,1
7759,34,38,0,2,4,1,4,4,46,47,1,1
7760,34,38,0,2,4,1,4,4,46,47,1,1
7761,34,38,0,2,4,1,4,4,46,47,1,1
7762,34,38,0,2,4,1,4,4,46,47,1,1
7763,34,38,0,2,4,1,4,4,46,47,1,1
7764,34,38,0,2,4,1,4,4,46,47,1,1
7765,34,38,0,2,4,1,4,4,46,47,1,1
7766,34,38,0,2,4,1,4,4,46,47,1,1
7767,34,38,0,2,4,1,4,4,46,47,1,1
7768,34,38,0,2,4,1,4,4,46,47,1,1
7769,34,38,0,2,4,1,4,4,46,47,1,1
7770,34,38,0,2,4,1,4,4,46,47,1,1
7771,34,38,0,2,4,1,4,4,46,47,1,1
7772,34,38,0,2,4,1,4,4,46,47,1,1
7773,34,38,0,2,4,1,4,4,46,46,1,1
7773,34,38,0,2,4,1,3,4,46,46,1,0
7774,34,38,0,2,0,1,3,4,46,46,1,0
7775,34,38,0,2,0,1,3,4,46,46,1,0
7776,34,38,0,2,0,1,3,4,46,46,1,0
7777,34,38,0,2,0,1,3,4,46,46,1,0
7778,34,38,0,2,0,1,3,4,46,46,1,0
7779,34,38,0,2,0,1,3,4,46,46,1,0
7780,34,38,0,2,0,1,3,4,46,46,1,0
7781,34,38,0,2,0,1,3,4,46,46,1,0
7782,34,38,0,2,0,1,3,4,46,46,1,0
7783,34,38,0,2,0,1,3,4,46,46,1,0
7784,34,38,0,2,0,1,3,4,46,46,1,0
7785,34,38,0,2,0,1,3,4,46,46,1,0
7786,34,38,0,2,0,1,3,4,46,46,1,0
7787,34,38,0,2,0,1,3,4,46,46,1,0
7788,34,38,0,2,0,1,3,4,46,46,1,0
7789,34,38,0,1,0,2,3,4,46,46,1,0
7790,34,38,0,1,0,2,3,4,46,46,1,0
7791,34,38,0,1,0,2,3,4,46,46,1,0
7792,34,38,0,1,0,2,3,4,46,46,1,0
7793,34,38,0,1,0,2,3,4,46,46,1,0
7794,34,38,0,1,0,2,3,4,46,46,1,0
7795,34,38,0,1,0,2,3,4,46,46,1,0
7796,34,38,0,1,0,2,3,4,46,46,1,0
7797,34,38,0,1,0,2,3,4,46,46,1,0
7798,34,38,0,1,0,2,3,4,46,46,1,0
7799,34,38,0,1,0,2,3,4,46,46,1,0
7800,34,38,0,1,0,2,3,4,46,46,1,0
7801,34,38,0,1,0,2,3,4,46,46,1,0
7802,34,38,0,1,0,2,3,4,46,46,1,0
7803,34,38,0,1,0,2,3,4,46,46,1,0
7804,34,38,0,1,0,2,3,4,46,46,1,0
7805,34,38,0,1,0,2,3,4,46,46,1,0
7806,34,38,0,1,0,2,3,4,46,46,1,0
7807,34,38,0,1,0,2,3,4,46,46,1,0
7808,34,38,0,1,0,2,3,4,46,46,1,0
7809,34,38,0,1,0,2,3,4,46,46,1,0
7810,34,38,0,1,0,2,3,4,46,46,1,0
7811,34,38,0,1,0,2,3,4,46,46,1,0
7812,34,38,0,1,0,2,3,4,46,46,1,0
7813,34,38,0,1,0,2,3,4,46,46,1,0
7814,34,38,0,1,0,2,3,4,46,46,1,0
7815,34,38,0,1,0,2,3,4,46,46,1,0
7816,34,38,0,1,0,2,3,4,46,46,1,0
7817,34,38,0,1,0,2,3,4,46,46,1,0
7818,34,38,0,1,0,2,3,4,45,46,1,0
7818,34,38,0,1,0,2,3,3,45,46,1,1
7819,34,38,0,0,0,3,3,3,45,46,1,1
7820,34,38,0,0,0,3,3,3,45,46,1,1
7821,34,38,0,0,0,3,3,3,45,46,1,1
7822,34,38,0,0,0,3,3,3,45,46,1,1
7823,34,38,0,0,0,3,3,3,45,46,1,1
7824,34,38,0,0,0,3,3,3,45,46,1,1
7825,34,38,0,0,0,3,3,3,45,46,1,1
7826,34,38,0,0,0,3,3,3,45,46,1,1
7827,34,38,0,0,0,3,3,3,45,46,1,1
7828,34,38,0,0,0,3,3,3,45,46,1,1
7829,34,38,0,0,0,3,3,3,45,46,1,1
7830,34,38,0,0,0,3,3,3,45,46,1,1
7831,34,38,0,0,0,3,3,3,45,46,1,1
7832,34,38,0,0,0,3,3,3,45,46,1,1
7833,34,38,0,0,0,3,3,3,45,46,1,1
7834,34,38,0,0,0,3,3,3,45,46,1,1
7835,34,38,0,0,0,3,3,3,45,46,1,1
7836,34,38,0,0,0,3,3,3,45,46,1,1
7837,34,38,0,0,0,3,3,3,45,46,1,1
7838,34,38,0,0,0,3,3,3,45,46,1,1
7839,34,38,0,0,0,3,3,3,45,46,1,1
7840,34,38,0,0,0,3,3,3,45,46,1,1
7841,34,38,0,0,0,3,3,3,45,46,1,1
7842,34,38,0,0,0,3,3,3,45,46,1,1
7843,34,38,0,0,0,3,3,3,45,46,1,1
7844,34,38,0,0,0,3,3,3,45,46,1,1
7845,34,38,0,0,0,3,3,3,45,46,1,1
7846,34,38,0,0,0,3,3,3,45,46,1,1
7847,34,38,0,0,0,3,3,3,45,46,1,1
7848,34,38,0,0,0,3,3,3,45,46,1,1
7849,34,38,0,0,0,4,3,3,45,46,1,1
7850,34,38,0,0,0,4,3,3,45,46,1,1
7851,34,38,0,0,0,4,3,3,45,46,1,1
7852,34,38,0,0,0,4,3,3,45,46,1,1
7853,34,38,0,0,0,4,3,3,45,46,1,1
7854,34,38,0,0,0,4,3,3,45,46,1,1
7855,34,38,0,0,0,4,3,3,45,46,1,1
7856,34,38,0,0,0,4,3,3,45,46,1,1
7857,34,38,0,0,0,4,3,3,45,46,1,1
7858,34,38,0,0,0,4,3,3,45,46,1,1
7859,34,38,0,0,0,4,3,3,45,46,1,1
7860,34,38,0,0,0,4,3,3,45,46,1,1
7861,34,38,0,0,0,4,3,3,45,46,1,1
7862,34,38,0,0,0,4,3,3,45,46,1,1
7863,34,34,4,0,0,4,3,3,45,45,1,1
7863,34,34,4,0,0,4,2,3,45,45,1,0
7864,34,34,3,0,0,4,2,3,45,45,0,0
7865,34,34,3,0,0,4,2,3,45,45,0,0
7866,34,34,3,0,0,4,2,3,45,45,0,0
7867,34,34,3,0,0,4,2,3,45,45,0,0
7868,34,34,3,0,0,4,2,3,45,45,0,0
7869,34,34,3,0,0,4,2,3,45,45,0,0
7870,34,34,3,0,0,4,2,3,45,45,0,0
7871,34,34,3,0,0,4,2,3,45,45,0,0
7872,34,34,3,0,0,4,2,3,45,45,0,0
7873,34,34,3,0,0,4,2,3,45,45,0,0
7874,34,34,3,0,0,4,2,3,45,45,0,0
7875,34,34,3,0,0,4,2,3,45,45,0,0
7876,34,34,3,0,0,4,2,3,45,45,0,0
7877,34,34,3,0,0,4,2,3,45,45,0,0
7878,34,34,3,0,0,4,2,3,45,45,0,0
7879,34,34,3,0,0,4,2,3,45,45,0,0
7880,34,34,3,0,0,4,2,3,45,45,0,0
7881,34,34,3,0,0,4,2,3,45,45,0,0
7882,34,34,3,0,0,4,2,3,45,45,0,0
7883,34,34,3,0,0,4,2,3,45,45,0,0
7884,34,34,3,0,0,4,2,3,45,45,0,0
7885,34,34,3,0,0,4,2,3,45,45,0,0
7886,34,34,3,0,0,4,2,3,45,45,0,0
7887,34,34,3,0,0,4,2,3,45,45,0,0
7888,34,34,3,0,0,4,2,3,45,45,0,0
7889,34,34,3,0,0,4,2,3,45,45,0,0
7890,34,34,3,0,0,4,2,3,45,45,0,0
7891,34,34,3,0,0,4,2,3,45,45,0,0
7892,34,34,3,0,0,4,2,3,45,45,0,0
7893,34,34,3,0,0,4,2,3,45,45,0,0
7894,34,34,3,0,0,4,2,3,45,45,0,0
7895,34,34,3,0,0,4,2,3,45,45,0,0
7896,34,34,3,0,0,4,2,3,45,45,0,0
7897,34,34,3,0,0,4,2,3,45,45,0,0
7898,34,34,3,0,0,4,2,3,45,45,0,0
7899,34,34,3,0,0,4,2,3,45,45,0,0
7900,34,34,3,0,0,4,2,3,45,45,0,0
7901,34,34,3,0,0,4,2,3,45,45,0,0
7902,34,34,3,0,0,4,2,3,45,45,0,0
7903,34,34,3,0,0,4,2,3,45,45,0,0
7904,34,34,3,0,0,4,2,3,45,45,0,0
7905,34,34,3,0,0,4,2,3,45,45,0,0
7906,34,34,3,0,0,4,2,3,45,45,0,0
7907,34,34,3,0,0,4,2,3,45,45,0,0
7908,34,34,3,0,0,4,2,3,44,45,0,0
7908,34,34,3,0,0,4,2,2,44,45,0,1
7909,34,34,3,0,1,4,2,2,44,45,0,1
7910,34,34,3,0,1,4,2,2,44,45,0,1
7911,34,34,3,0,1,4,2,2,44,45,0,1
7912,34,34,3,0,1,4,2,2,44,45,0,1
7913,34,34,3,0,1,4,2,2,44,45,0,1
7914,34,34,3,0,1,4,2,2,44,45,0,1
7915,34,34,3,0,1,4,2,2,44,45,0,1
7916,34,34,3,0,1,4,2,2,44,45,0,1
7917,34,34,3,0,1,4,2,2,44,45,0,1
7918,34,34,3,0,1,4,2,2,44,45,0,1
7919,34,34,3,0,1,4,2,2,44,45,0,1
7920,34,34,3,0,1,4,2,2,44,45,0,1
7921,34,34,3,0,1,4,2,2,44,45,0,1
7922,34,34,3,0,1,4,2,2,44,45,0,1
7923,34,34,3,0,1,4,2,2,44,45,0,1
7924,34,34,3,0,1,4,2,2,44,45,0,1
7925,34,34,3,0,1,4,2,2,44,45,0,1
7926,34,34,3,0,1,4,2,2,44,45,0,1
7927,34,34,3,0,1,4,2,2,44,45,0,1
7928,34,34,3,0,1,4,2,2,44,45,0,1
7929,34,34,3,0,1,4,2,2,44,45,0,1
7930,34,34,3,0,1,4,2,2,44,45,0,1
7931,34,34,3,0,1,4,2,2,44,45,0,1
7932,34,34,3,0,1,4,2,2,44,45,0,1
7933,34,34,3,0,1,4,2,2,44,45,0,1
7934,34,34,3,0,1,4,2,2,44,45,0,1
7935,34,34,3,0,1,4,2,2,44,45,0,1
7936,34,34,3,0,1,4,2,2,44,45,0,1
7937,34,34,3,0,1,4,2,2,44,45,0,1
7938,34,34,3,0,1,4,2,2,44,45,0,1
7939,34,34,3,0,1,4,2,2,44,45,0,1
7940,34,34,3,0,1,4,2,2,44,45,0,1
7941,34,34,3,0,1,4,2,2,44,45,0,1
7942,34,34,3,0,1,4,2,2,44,45,0,1
7943,34,34,3,0,1,4,2,2,44,45,0,1
7944,34,34,3,0,1,4,2,2,44,45,0,1
7945,34,34,3,0,1,4,2,2,44,45,0,1
7946,34,34,3,0,1,4,2,2,44,45,0,1
7947,34,34,3,0,1,4,2,2,44,45,0,1
7948,34,34,3,0,1,4,2,2,44,45,0,1
7949,34,34,3,0,1,4,2,2,44,45,0,1
7950,34,34,3,0,1,4,2,2,44,45,0,1
7951,34,34,3,0,1,4,2,2,44,45,0,1
7952,34,34,3,0,1,4,2,2,44,45,0,1
7953,34,34,3,0,1,4,2,2,44,44,0,1
7953,34,34,3,0,1,4,1,2,44,44,0,0
7954,34,34,2,0,1,4,1,2,44,44,0,0
7955,34,34,2,0,1,4,1,2,44,44,0,0
7956,34,34,2,0,1,4,1,2,44,44,0,0
7957,34,34,2,0,1,4,1,2,44,44,0,0
7958,34,34,2,0,1,4,1,2,44,44,0,0
7959,34,34,2,0,1,4,1,2,44,44,0,0
7960,34,34,2,0,1,4,1,2,44,44,0,0
7961,34,34,2,0,1,4,1,2,44,44,0,0
7962,34,34,2,0,1,4,1,2,44,44,0,0
7963,34,34,2,0,1,4,1,2,44,44,0,0
7964,34,34,2,0,1,4,1,2,44,44,0,0
7965,34,34,2,0,1,4,1,2,44,44,0,0
7966,34,34,2,0,1,4,1,2,44,44,0,0
7967,34,34,2,0,1,4,1,2,44,44,0,0
7968,34,34,2,0,1,4,1,2,44,44,0,0
7969,34,34,2,0,1,4,1,2,44,44,0,0
7970,34,34,2,0,1,4,1,2,44,44,0,0
7971,34,34,2,0,1,4,1,2,44,44,0,0
7972,34,34,2,0,1,4,1,2,44,44,0,0
7973,34,34,2,0,1,4,1,2,44,44,0,0
7974,34,34,2,0,1,4,1,2,44,44,0,0
7975,34,34,2,0,1,4,1,2,44,44,0,0
7976,34,34,2,0,1,4,1,2,44,44,0,0
7977,34,34,2,0,1,4,1,2,44,44,0,0
7978,34,34,2,0,1,4,1,2,44,44,0,0
7979,34,34,2,0,1,4,1,2,44,44,0,0
7980,34,34,2,0,1,4,1,2,44,44,0,0
7981,34,34,2,0,1,4,1,2,44,44,0,0
7982,34,34,2,0,1,4,1,2,44,44,0,0
7983,34,34,2,0,1,4,1,2,44,44,0,0
7984,34,34,1,0,2,4,1,2,44,44,0,0
7985,34,34,1,0,2,4,1,2,44,44,0,0
7986,34,34,1,0,2,4,1,2,44,44,0,0
7987,34,34,1,0,2,4,1,2,44,44,0,0
7988,34,34,1,0,2,4,1,2,44,44,0,0
7989,34,34,1,0,2,4,1,2,44,44,0,0
7990,34,34,1,0,2,4,1,2,44,44,0,0
7991,34,34,1,0,2,4,1,2,44,44,0,0
7992,34,34,1,0,2,4,1,2,44,44,0,0
7993,34,34,1,0,2,4,1,2,44,44,0,0
7994,34,34,1,0,2,4,1,2,44,44,0,0
7995,34,34,1,0,2,4,1,2,44,44,0,0
7996,34,34,1,0,2,4,1,2,44,44,0,0
7997,34,34,1,0,2,4,1,2,44,44,0,0
7998,34,34,1,0,2,4,1,2,43,44,0,0
7998,34,34,1,0,2,4,1,1,43,44,0,1
7999,34,34,1,0,2,4,1,1,43,44,0,1
8000,34,34,1,0,2,4,1,1,43,44,0,1
8001,34,34,1,0,2,4,1,1,43,44,0,1
8002,34,34,1,0,2,4,1,1,43,44,0,1
8003,34,34,1,0,2,4,1,1,43,44,0,1
8004,34,34,1,0,2,4,1,1,43,44,0,1
8005,34,34,1,0,2,4,1,1,43,44,0,1
8006,34,34,1,0,2,4,1,1,43,44,0,1
8007,34,34,1,0,2,4,1,1,43,44,0,1
8008,34,34,1,0,2,4,1,1,43,44,0,1
8009,34,34,1,0,2,4,1,1,43,44,0,1
8010,34,34,1,0,2,4,1,1,43,44,0,1
8011,34,34,1,0,2,4,1,1,43,44,0,1
8012,34,34,1,0,2,4,1,1,43,44,0,1
8013,34,34,1,0,2,4,1,1,43,44,0,1
8014,34,34,1,0,3,0,5,1,43,44,0,1
8015,34,34,1,0,3,0,5,1,43,44,0,1
8016,34,34,1,0,3,0,5,1,43,44,0,1
8017,34,34,1,0,3,0,5,1,43,44,0,1
8018,34,34,1,0,3,0,5,1,43,44,0,1
8019,34,34,1,0,3,0,5,1,43,44,0,1
8020,34,34,1,0,3,0,5,1,43,44,0,1
8021,34,34,1,0,3,0,5,1,43,44,0,1
8022,34,34,1,0,3,0,5,1,43,44,0,1
8023,34,34,1,0,3,0,5,1,43,44,0,1
8024,34,34,1,0,3,0,5,1,43,44,0,1
8025,34,34,1,0,3,0,5,1,43,44,0,1
8026,34,34,1,0,3,0,5,1,43,44,0,1
8027,34,34,1,0,3,0,5,1,43,44,0,1
8028,34,34,1,0,3,0,5,1,43,44,0,1
8029,34,34,1,0,3,0,5,1,43,44,0,1
8030,34,34,1,0,3,0,5,1,43,44,0,1
8031,34,34,1,0,3,0,5,1,43,44,0,1
8032,34,34,1,0,3,0,5,1,43,44,0,1
8033,34,34,1,0,3,0,5,1,43,44,0,1
8034,34,34,1,0,3,0,5,1,43,44,0,1
8035,34,34,1,0,3,0,5,1,43,44,0,1
8036,34,34,1,0,3,0,5,1,43,44,0,1
8037,34,34,1,0,3,0,5,1,43,44,0,1
8038,34,34,1,0,3,0,5,1,43,44,0,1
8039,34,34,1,0,3,0,5,1,43,44,0,1
8040,34,34,1,0,3,0,5,1,43,44,0,1
8041,34,34,1,0,3,0,5,1,43,44,0,1
8042,34,34,1,0,3,0,5,1,43,44,0,1
8043,34,34,1,0,3,0,5,1,43,43,0,1
8043,34,34,1,0,3,0,4,1,43,43,0,0
8044,34,34,0,0,3,0,4,1,43,43,0,0
8045,34,34,0,0,3,0,4,1,43,43,0,0
8046,34,34,0,0,3,0,4,1,43,43,0,0
8047,34,34,0,0,3,0,4,1,43,43,0,0
8048,34,34,0,0,3,0,4,1,43,43,0,0
8049,34,34,0,0,3,0,4,1,43,43,0,0
8050,34,34,0,0,3,0,4,1,43,43,0,0
8051,34,34,0,0,3,0,4,1,43,43,0,0
8052,34,34,0,0,3,0,4,1,43,43,0,0
8053,34,34,0,0,3,0,4,1,43,43,0,0
8054,34,34,0,0,3,0,4,1,43,43,0,0
8055,34,34,0,0,3,0,4,1,43,43,0,0
8056,34,34,0,0,3,0,4,1,43,43,0,0
8057,34,34,0,0,3,0,4,1,43,43,0,0
8058,34,34,0,0,3,0,4,1,43,43,0,0
8059,34,34,0,0,3,0,4,1,43,43,0,0
8060,34,34,0,0,3,0,4,1,43,43,0,0
8061,34,34,0,0,3,0,4,1,43,43,0,0
8062,34,34,0,0,3,0,4,1,43,43,0,0
8063,34,34,0,0,3,0,4,1,43,43,0,0
8064,34,34,0,0,3,0,4,1,43,43,0,0
8065,34,34,0,0,3,0,4,1,43,43,0,0
8066,34,34,0,0,3,0,4,1,43,43,0,0
8067,34,34,0,0,3,0,4,1,43,43,0,0
8068,34,34,0,0,3,0,4,1,43,43,0,0
8069,34,34,0,0,3,0,4,1,43,43,0,0
8070,34,34,0,0,3,0,4,1,43,43,0,0
8071,34,34,0,0,3,0,4,1,43,43,0,0
8072,34,34,0,0,3,0,4,1,43,43,0,0
8073,34,34,0,0,3,0,4,1,43,43,0,0
8074,34,34,0,0,4,0,4,1,43,43,0,0
8075,34,34,0,0,4,0,4,1,43,43,0,0
8076,34,34,0,0,4,0,4,1,43,43,0,0
8077,34,34,0,0,4,0,4,1,43,43,0,0
8078,34,34,0,0,4,0,4,1,43,43,0,0
8079,34,34,0,0,4,0,4,1,43,43,0,0
8080,34,34,0,0,4,0,4,1,43,43,0,0
8081,34,34,0,0,4,0,4,1,43,43,0,0
8082,34,34,0,0,4,0,4,1,43,43,0,0
8083,34,34,0,0,4,0,4,1,43,43,0,0
8084,34,34,0,0,4,0,4,1,43,43,0,0
8085,34,34,0,0,4,0,4,1,43,43,0,0
8086,34,34,0,0,4,0,4,1,43,43,0,0
8087,34,34,0,0,4,0,4,1,43,43,0,0
8088,34,34,0,0,4,0,4,1,42,43,0,0
8088,34,34,0,0,4,0,4,0,42,43,0,1
8089,34,34,0,0,4,0,4,0,42,43,0,1
8090,34,34,0,0,4,0,4,0,42,43,0,1
8091,34,34,0,0,4,0,4,0,42,43,0,1
8092,34,34,0,0,4,0,4,0,42,43,0,1
8093,34,34,0,0,4,0,4,0,42,43,0,1
8094,34,34,0,0,4,0,4,0,42,43,0,1
8095,34,34,0,0,4,0,4,0,42,43,0,1
8096,34,34,0,0,4,0,4,0,42,43,0,1
8097,34,34,0,0,4,0,4,0,42,43,0,1
8098,34,34,0,0,4,0,4,0,42,43,0,1
8099,34,34,0,0,4,0,4,0,42,43,0,1
8100,34,34,0,0,4,0,4,0,42,43,0,1
8101,34,34,0,0,4,0,4,0,42,43,0,1
8102,34,34,0,0,4,0,4,0,42,43,0,1
8103,34,34,0,0,4,0,4,0,42,43,0,1
8104,34,34,0,0,4,0,4,0,42,43,0,1
8105,34,34,0,0,4,0,4,0,42,43,0,1
8106,34,34,0,0,4,0,4,0,42,43,0,1
8107,34,34,0,0,4,0,4,0,42,43,0,1
8108,34,34,0,0,4,0,4,0,42,43,0,1
8109,34,34,0,0,4,0,4,0,42,43,0,1
8110,34,34,0,0,4,0,4,0,42,43,0,1
8111,34,34,0,0,4,0,4,0,42,43,0,1
8112,34,34,0,0,4,0,4,0,42,43,0,1
8113,34,34,0,0,4,0,4,0,42,43,0,1
8114,34,34,0,0,4,0,4,0,42,43,0,1
8115,34,34,0,0,4,0,4,0,42,43,0,1
8116,34,34,0,0,4,0,4,0,42,43,0,1
8117,34,34,0,0,4,0,4,0,42,43,0,1
8118,34,34,0,0,4,0,4,0,42,43,0,1
8119,34,34,0,0,4,0,4,0,42,43,0,1
8120,34,34,0,0,4,0,4,0,42,43,0,1
8121,34,34,0,0,4,0,4,0,42,43,0,1
8122,34,34,0,0,4,0,4,0,42,43,0,1
8123,34,34,0,0,4,0,4,0,42,43,0,1
8124,34,34,0,0,4,0,4,0,42,43,0,1
8125,34,34,0,0,4,0,4,0,42,43,0,1
8126,34,34,0,0,4,0,4,0,42,43,0,1
8127,34,34,0,0,4,0,4,0,42,43,0,1
8128,34,34,0,0,4,0,4,0,42,43,0,1
8129,34,34,0,0,4,0,4,0,42,43,0,1
8130,34,34,0,0,4,0,4,0,42,43,0,1
8131,34,34,0,0,4,0,4,0,42,43,0,1
8132,34,34,0,0,4,0,4,0,42,43,0,1
8133,34,34,0,0,4,0,4,0,42,42,0,1
8133,34,34,0,0,4,0,3,0,42,42,0,0
8134,34,34,0,0,4,0,3,0,42,42,0,0
8135,34,34,0,0,4,0,3,0,42,42,0,0
8136,34,34,0,0,4,0,3,0,42,42,0,0
8137,34,34,0,0,4,0,3,0,42,42,0,0
8138,34,34,0,0,4,0,3,0,42,42,0,0
8139,34,34,0,0,4,0,3,0,42,42,0,0
8140,34,34,0,0,4,0,3,0,42,42,0,0
8141,34,34,0,0,4,0,3,0,42,42,0,0
8142,34,34,0,0,4,0,3,0,42,42,0,0
8143,34,34,0,0,4,0,3,0,42,42,0,0
8144,34,34,0,0,4,0,3,0,42,42,0,0
8145,34,34,0,0,4,0,3,0,42,42,0,0
8146,34,34,0,0,4,0,3,0,42,42,0,0
8147,34,34,0,0,4,0,3,0,42,42,0,0
8148,34,34,0,0,4,0,3,0,42,42,0,0
8149,34,34,0,0,4,0,3,0,42,42,0,0
8150,34,34,0,0,4,0,3,0,42,42,0,0
8151,34,34,0,0,4,0,3,0,42,42,0,0
8152,34,34,0,0,4,0,3,0,42,42,0,0
8153,34,34,0,0,4,0,3,0,42,42,0,0
8154,34,34,0,0,4,0,3,0,42,42,0,0
8155,34,34,0,0,4,0,3,0,42,42,0,0
8156,34,34,0,0,4,0,3,0,42,42,0,0
8157,34,34,0,0,4,0,3,0,42,42,0,0
8158,34,34,0,0,4,0,3,0,42,42,0,0
8159,34,34,0,0,4,0,3,0,42,42,0,0
8160,34,34,0,0,4,0,3,0,42,42,0,0
8161,34,34,0,0,4,0,3,0,42,42,0,0
8162,34,34,0,0,4,0,3,0,42,42,0,0
8163,30,34,0,3,4,0,3,0,42,42,1,0
8164,30,34,0,3,4,0,3,0,42,42,1,0
8165,30,34,0,3,4,0,3,0,42,42,1,0
8166,30,34,0,3,4,0,3,0,42,42,1,0
8167,30,34,0,3,4,0,3,0,42,42,1,0
8168,30,34,0,3,4,0,3,0,42,42,1,0
8169,30,34,0,3,4,0,3,0,42,42,1,0
8170,30,34,0,3,4,0,3,0,42,42,1,0
8171,30,34,0,3,4,0,3,0,42,42,1,0
8172,30,34,0,3,4,0,3,0,42,42,1,0
8173,30,34,0,3,4,0,3,0,42,42,1,0
8174,30,34,0,3,4,0,3,0,42,42,1,0
8175,30,34,0,3,4,0,3,0,42,42,1,0
8176,30,34,0,3,4,0,3,0,42,42,1,0
8177,30,34,0,3,4,0,3,0,42,42,1,0
8178,30,34,0,3,4,0,3,0,41,42,1,0
8178,30,34,0,3,4,0,3,0,41,42,1,0
8179,30,34,0,3,4,0,3,0,41,42,1,0
8180,30,34,0,3,4,0,3,0,41,42,1,0
8181,30,34,0,3,4,0,3,0,41,42,1,0
8182,30,34,0,3,4,0,3,0,41,42,1,0
8183,30,34,0,3,4,0,3,0,41,42,1,0
8184,30,34,0,3,4,0,3,0,41,42,1,0
8185,30,34,0,3,4,0,3,0,41,42,1,0
8186,30,34,0,3,4,0,3,0,41,42,1,0
8187,30,34,0,3,4,0,3,0,41,42,1,0
8188,30,34,0,3,4,0,3,0,41,42,1,0
8189,30,34,0,3,4,0,3,0,41,42,1,0
8190,30,34,0,3,4,0,3,0,41,42,1,0
8191,30,34,0,3,4,0,3,0,41,42,1,0
8192,30,34,0,3,4,0,3,0,41,42,1,0
8193,30,34,0,3,4,0,3,0,41,42,1,0
8194,30,34,0,3,4,0,3,0,41,42,1,0
8195,30,34,0,3,4,0,3,0,41,42,1,0
8196,30,34,0,3,4,0,3,0,41,42,1,0
8197,30,34,0,3,4,0,3,0,41,42,1,0
8198,30,34,0,3,4,0,3,0,41,42,1,0
8199,30,34,0,3,4,0,3,0,41,42,1,0
8200,30,34,0,3,4,0,3,0,41,42,1,0
8201,30,34,0,3,4,0,3,0,41,42,1,0
8202,30,34,0,3,4,0,3,0,41,42,1,0
8203,30,34,0,3,4,0,3,0,41,42,1,0
8204,30,34,0,3,4,0,3,0,41,42,1,0
8205,30,34,0,3,4,0,3,0,41,42,1,0
8206,30,34,0,3,4,0,3,0,41,42,1,0
8207,30,34,0,3,4,0,3,0,41,42,1,0
8208,30,34,0,2,4,1,3,0,41,42,1,0
8209,30,34,0,2,4,1,3,0,41,42,1,0
8210,30,34,0,2,4,1,3,0,41,42,1,0
8211,30,34,0,2,4,1,3,0,41,42,1,0
8212,30,34,0,2,4,1,3,0,41,42,1,0
8213,30,34,0,2,4,1,3,0,41,42,1,0
8214,30,34,0,2,4,1,3,0,41,42,1,0
8215,30,34,0,2,4,1,3,0,41,42,1,0
8216,30,34,0,2,4,1,3,0,41,42,1,0
8217,30,34,0,2,4,1,3,0,41,42,1,0
8218,30,34,0,2,4,1,3,0,41,42,1,0
8219,30,34,0,2,4,1,3,0,41,42,1,0
8220,30,34,0,2,4,1,3,0,41,42,1,0
8221,30,34,0,2,4,1,3,0,41,42,1,0
8222,30,34,0,2,4,1,3,0,41,42,1,0
8223,30,34,0,2,4,1,3,0,41,42,1,0
8224,30,34,0,2,4,1,3,0,41,42,1,0
8225,30,34,0,2,4,1,3,0,41,42,1,0
8226,30,34,0,2,4,1,3,0,41,42,1,0
8227,30,34,0,2,4,1,3,0,41,42,1,0
8228,30,34,0,2,4,1,3,0,41,42,1,0
8229,30,34,0,2,4,1,3,0,41,42,1,0
8230,30,34,0,2,4,1,3,0,41,42,1,0
8231,30,34,0,2,4,1,3,0,41,42,1,0
8232,30,34,0,2,4,1,3,0,41,42,1,0
8233,30,34,0,2,4,1,3,0,41,42,1,0
8234,30,34,0,2,4,1,3,0,41,42,1,0
8235,30,34,0,2,4,1,3,0,41,42,1,0
8236,30,34,0,2,4,1,3,0,41,42,1,0
8237,30,34,0,2,4,1,3,0,41,42,1,0
8238,30,34,0,1,4,2,3,0,41,42,1,0
8239,30,34,0,1,4,2,3,0,41,42,1,0
8240,30,34,0,1,4,2,3,0,41,42,1,0
8241,30,34,0,1,4,2,3,0,41,42,1,0
8242,30,34,0,1,4,2,3,0,41,42,1,0
8243,30,34,0,1,4,2,3,0,41,42,1,0
8244,30,34,0,1,4,2,3,0,41,42,1,0
8245,30,34,0,1,4,2,3,0,41,42,1,0
8246,30,34,0,1,4,2,3,0,41,42,1,0
8247,30,34,0,1,4,2,3,0,41,42,1,0
8248,30,34,0,1,4,2,3,0,41,42,1,0
8249,30,34,0,1,4,2,3,0,41,42,1,0
8250,30,34,0,1,4,2,3,0,41,42,1,0
8251,30,34,0,1,4,2,3,0,41,42,1,0
8252,30,34,0,1,4,2,3,0,41,42,1,0
8253,30,34,0,1,4,2,3,0,41,42,1,0
8254,30,34,0,1,4,2,3,0,41,42,1,0
8255,30,34,0,1,4,2,3,0,41,42,1,0
8256,30,34,0,1,4,2,3,0,41,42,1,0
8257,30,34,0,1,4,2,3,0,41,42,1,0
8258,30,34,0,1,4,2,3,0,41,42,1,0
8259,30,34,0,1,4,2,3,0,41,42,1,0
8260,30,34,0,1,4,2,3,0,41,42,1,0
8261,30,34,0,1,4,2,3,0,41,42,1,0
8262,30,34,0,1,4,2,3,0,41,42,1,0
8263,30,34,0,1,4,2,3,0,41,42,1,0
8264,30,34,0,1,4,2,3,0,41,42,1,0
8265,30,34,0,1,4,2,3,0,41,42,1,0
8266,30,34,0,1,4,2,3,0,41,42,1,0
8267,30,34,0,1,4,2,3,0,41,42,1,0
8268,30,34,0,0,4,3,3,0,41,42,1,0
8269,30,34,0,0,4,3,3,0,41,42,1,0
8270,30,34,0,0,4,3,3,0,41,42,1,0
8271,30,34,0,0,4,3,3,0,41,42,1,0
8272,30,34,0,0,4,3,3,0,41,42,1,0
8273,30,34,0,0,4,3,3,0,41,42,1,0
8274,30,34,0,0,4,3,3,0,41,42,1,0
8275,30,34,0,0,4,3,3,0,41,42,1,0
8276,30,34,0,0,4,3,3,0,41,42,1,0
8277,30,34,0,0,4,3,3,0,41,42,1,0
8278,30,34,0,0,4,3,3,0,41,42,1,0
8279,30,34,0,0,4,3,3,0,41,42,1,0
8280,30,34,0,0,4,3,3,0,41,42,1,0
8281,30,34,0,0,4,3,3,0,41,42,1,0
8282,30,34,0,0,4,3,3,0,41,42,1,0
8283,30,34,0,0,4,3,3,0,41,42,1,0
8284,30,34,0,0,4,3,3,0,41,42,1,0
8285,30,34,0,0,4,3,3,0,41,42,1,0
8286,30,34,0,0,4,3,3,0,41,42,1,0
8287,30,34,0,0,4,3,3,0,41,42,1,0
8288,30,34,0,0,4,3,3,0,41,42,1,0
8289,30,34,0,0,4,3,3,0,41,42,1,0
8290,30,34,0,0,4,3,3,0,41,42,1,0
8291,30,34,0,0,4,3,3,0,41,42,1,0
8292,30,34,0,0,4,3,3,0,41,42,1,0
8293,30,34,0,0,4,3,3,0,41,42,1,0
8294,30,34,0,0,4,3,3,0,41,42,1,0
8295,30,34,0,0,4,3,3,0,41,42,1,0
8296,30,34,0,0,4,3,3,0,41,42,1,0
8297,30,34,0,0,4,3,3,0,41,42,1,0
8298,30,34,0,0,4,4,3,0,41,42,1,0
8299,30,34,0,0,4,4,3,0,41,42,1,0
8300,30,34,0,0,4,4,3,0,41,42,1,0
8301,30,34,0,0,4,4,3,0,41,42,1,0
8302,30,34,0,0,4,4,3,0,41,42,1,0
8303,30,34,0,0,4,4,3,0,41,42,1,0
8304,30,34,0,0,4,4,3,0,41,42,1,0
8305,30,34,0,0,4,4,3,0,41,42,1,0
8306,30,34,0,0,4,4,3,0,41,42,1,0
8307,30,34,0,0,4,4,3,0,41,42,1,0
8308,30,34,0,0,4,4,3,0,41,42,1,0
8309,30,34,0,0,4,4,3,0,41,42,1,0
8310,30,34,0,0,4,4,3,0,41,42,1,0
8311,30,34,0,0,4,4,3,0,41,42,1,0
8312,30,34,0,0,4,4,3,0,41,42,1,0
8313,30,34,0,0,4,4,3,0,41,42,1,0
8314,30,34,0,0,4,0,3,3,41,42,1,1
8315,30,34,0,0,4,0,3,3,41,42,1,1
8316,30,34,0,0,4,0,3,3,41,42,1,1
8317,30,34,0,0,4,0,3,3,41,42,1,1
8318,30,34,0,0,4,0,3,3,41,42,1,1
8319,30,34,0,0,4,0,3,3,41,42,1,1
8320,30,34,0,0,4,0,3,3,41,42,1,1
8321,30,34,0,0,4,0,3,3,41,42,1,1
8322,30,34,0,0,4,0,3,3,41,42,1,1
8323,30,34,0,0,4,0,3,3,41,42,1,1
8324,30,34,0,0,4,0,3,3,41,42,1,1
8325,30,34,0,0,4,0,3,3,41,42,1,1
8326,30,34,0,0,4,0,3,3,41,42,1,1
8327,30,34,0,0,4,0,3,3,41,42,1,1
8328,30,34,0,0,4,0,3,3,41,42,1,1
8329,30,34,0,0,4,0,3,3,41,42,1,1
8330,30,34,0,0,4,0,3,3,41,42,1,1
8331,30,34,0,0,4,0,3,3,41,42,1,1
8332,30,34,0,0,4,0,3,3,41,42,1,1
8333,30,34,0,0,4,0,3,3,41,42,1,1
8334,30,34,0,0,4,0,3,3,41,42,1,1
8335,30,34,0,0,4,0,3,3,41,42,1,1
8336,30,34,0,0,4,0,3,3,41,42,1,1
8337,30,34,0,0,4,0,3,3,41,42,1,1
8338,30,34,0,0,4,0,3,3,41,42,1,1
8339,30,34,0,0,4,0,3,3,41,42,1,1
8340,30,34,0,0,4,0,3,3,41,42,1,1
8341,30,34,0,0,4,0,3,3,41,42,1,1
8342,30,34,0,0,4,0,3,3,41,42,1,1
8343,30,34,0,0,4,0,3,3,41,42,1,1
8344,30,34,0,0,4,0,3,3,41,42,1,1
8345,30,34,0,0,4,0,3,3,41,42,1,1
8346,30,34,0,0,4,0,3,3,41,42,1,1
8347,30,34,0,0,4,0,3,3,41,42,1,1
8348,30,34,0,0,4,0,3,3,41,42,1,1
8349,30,34,0,0,4,0,3,3,41,42,1,1
8350,30,34,0,0,4,0,3,3,41,42,1,1
8351,30,34,0,0,4,0,3,3,41,42,1,1
8352,30,34,0,0,4,0,3,3,41,42,1,1
8353,30,34,0,0,4,0,3,3,41,42,1,1
8354,30,34,0,0,4,0,3,3,41,42,1,1
8355,30,34,0,0,4,0,3,3,41,42,1,1
8356,30,34,0,0,4,0,3,3,41,42,1,1
8357,30,34,0,0,4,0,3,3,41,42,1,1
8358,30,34,0,0,4,0,3,3,41,42,1,1
8359,30,34,0,0,4,0,3,3,41,41,1,1
8359,30,34,0,0,4,0,2,3,41,41,1,0
8360,30,34,0,0,4,0,2,3,41,41,1,0
8361,30,34,0,0,4,0,2,3,41,41,1,0
8362,30,34,0,0,4,0,2,3,41,41,1,0
8363,30,34,0,0,4,0,2,3,41,41,1,0
8364,30,34,0,0,4,0,2,3,41,41,1,0
8365,30,34,0,0,4,0,2,3,41,41,1,0
8366,30,34,0,0,4,0,2,3,41,41,1,0
8367,30,34,0,0,4,0,2,3,41,41,1,0
8368,30,34,0,0,4,0,2,3,41,41,1,0
8369,30,34,0,0,4,0,2,3,41,41,1,0
8370,30,34,0,0,4,0,2,3,41,41,1,0
8371,30,34,0,0,4,0,2,3,41,41,1,0
8372,30,34,0,0,4,0,2,3,41,41,1,0
8373,30,34,0,0,4,0,2,3,41,41,1,0
8374,30,34,0,0,4,0,2,3,41,41,1,0
8375,30,34,0,0,4,0,2,3,41,41,1,0
8376,30,34,0,0,4,0,2,3,41,41,1,0
8377,30,34,0,0,4,0,2,3,41,41,1,0
8378,30,34,0,0,4,0,2,3,41,41,1,0
8379,30,34,0,0,4,0,2,3,41,41,1,0
8380,30,34,0,0,4,0,2,3,41,41,1,0
8381,30,34,0,0,4,0,2,3,41,41,1,0
8382,30,34,0,0,4,0,2,3,41,41,1,0
8383,30,34,0,0,4,0,2,3,41,41,1,0
8384,30,34,0,0,4,0,2,3,41,41,1,0
8385,30,34,0,0,4,0,2,3,41,41,1,0
8386,30,34,0,0,4,0,2,3,41,41,1,0
8387,30,34,0,0,4,0,2,3,41,41,1,0
8388,30,34,0,0,4,0,2,3,41,41,1,0
8389,30,34,0,0,4,0,2,3,41,41,1,0
8390,30,34,0,0,4,0,2,3,41,41,1,0
8391,30,34,0,0,4,0,2,3,41,41,1,0
8392,30,34,0,0,4,0,2,3,41,41,1,0
8393,30,34,0,0,4,0,2,3,41,41,1,0
8394,30,34,0,0,4,0,2,3,41,41,1,0
8395,30,34,0,0,4,0,2,3,41,41,1,0
8396,30,34,0,0,4,0,2,3,41,41,1,0
8397,30,34,0,0,4,0,2,3,41,41,1,0
8398,30,34,0,0,4,0,2,3,41,41,1,0
8399,30,34,0,0,4,0,2,3,41,41,1,0
8400,30,34,0,0,4,0,2,3,41,41,1,0
8401,30,34,0,0,4,0,2,3,41,41,1,0
8402,30,34,0,0,4,0,2,3,41,41,1,0
8403,26,34,3,0,4,0,2,3,41,41,0,0
8404,26,34,3,0,4,0,2,3,40,41,0,0
8404,26,34,3,0,4,0,2,2,40,41,0,1
8405,26,34,3,0,4,0,2,2,40,41,0,1
8406,26,34,3,0,4,0,2,2,40,41,0,1
8407,26,34,3,0,4,0,2,2,40,41,0,1
8408,26,34,3,0,4,0,2,2,40,41,0,1
8409,26,34,3,0,4,0,2,2,40,41,0,1
8410,26,34,3,0,4,0,2,2,40,41,0,1
8411,26,34,3,0,4,0,2,2,40,41,0,1
8412,26,34,3,0,4,0,2,2,40,41,0,1
8413,26,34,3,0,4,0,2,2,40,41,0,1
8414,26,34,3,0,4,0,2,2,40,41,0,1
8415,26,34,3,0,4,0,2,2,40,41,0,1
8416,26,34,3,0,4,0,2,2,40,41,0,1
8417,26,34,3,0,4,0,2,2,40,41,0,1
8418,26,34,3,0,4,0,2,2,40,41,0,1
8419,26,34,3,0,4,0,2,2,40,41,0,1
8420,26,34,3,0,4,0,2,2,40,41,0,1
8421,26,34,3,0,4,0,2,2,40,41,0,1
8422,26,34,3,0,4,0,2,2,40,41,0,1
8423,26,34,3,0,4,0,2,2,40,41,0,1
8424,26,34,3,0,4,0,2,2,40,41,0,1
8425,26,34,3,0,4,0,2,2,40,41,0,1
8426,26,34,3,0,4,0,2,2,40,41,0,1
8427,26,34,3,0,4,0,2,2,40,41,0,1
8428,26,34,3,0,4,0,2,2,40,41,0,1
8429,26,34,3,0,4,0,2,2,40,41,0,1
8430,26,34,3,0,4,0,2,2,40,41,0,1
8431,26,34,3,0,4,0,2,2,40,41,0,1
8432,26,34,3,0,4,0,2,2,40,41,0,1
8433,26,34,3,0,4,0,2,2,40,41,0,1
8434,26,34,3,0,4,0,2,2,40,41,0,1
8435,26,34,3,0,4,0,2,2,40,41,0,1
8436,26,34,3,0,4,0,2,2,40,41,0,1
8437,26,34,3,0,4,0,2,2,40,41,0,1
8438,26,34,3,0,4,0,2,2,40,41,0,1
8439,26,34,3,0,4,0,2,2,40,41,0,1
8440,26,34,3,0,4,0,2,2,40,41,0,1
8441,26,34,3,0,4,0,2,2,40,41,0,1
8442,26,34,3,0,4,0,2,2,40,41,0,1
8443,26,34,3,0,4,0,2,2,40,41,0,1
8444,26,34,3,0,4,0,2,2,40,41,0,1
8445,26,34,3,0,4,0,2,2,40,41,0,1
8446,26,34,3,0,4,0,2,2,40,41,0,1
8447,26,34,3,0,4,0,2,2,40,41,0,1
8448,26,34,3,0,5,0,2,2,40,41,0,1
8449,26,34,3,0,5,0,2,2,40,40,0,1
8449,26,34,3,0,5,0,1,2,40,40,0,0
8450,26,34,2,0,5,0,1,2,40,40,0,0
8451,26,34,2,0,5,0,1,2,40,40,0,0
8452,26,34,2,0,5,0,1,2,40,40,0,0
8453,26,34,2,0,5,0,1,2,40,40,0,0
8454,26,34,2,0,5,0,1,2,40,40,0,0
8455,26,34,2,0,5,0,1,2,40,40,0,0
8456,26,34,2,0,5,0,1,2,40,40,0,0
8457,26,34,2,0,5,0,1,2,40,40,0,0
8458,26,34,2,0,5,0,1,2,40,40,0,0
8459,26,34,2,0,5,0,1,2,40,40,0,0
8460,26,34,2,0,5,0,1,2,40,40,0,0
8461,26,34,2,0,5,0,1,2,40,40,0,0
8462,26,34,2,0,5,0,1,2,40,40,0,0
8463,26,34,2,0,5,0,1,2,40,40,0,0
8464,26,34,2,0,5,0,1,2,40,40,0,0
8465,26,34,2,0,5,0,1,2,40,40,0,0
8466,26,34,2,0,5,0,1,2,40,40,0,0
8467,26,34,2,0,5,0,1,2,40,40,0,0
8468,26,34,2,0,5,0,1,2,40,40,0,0
8469,26,34,2,0,5,0,1,2,40,40,0,0
8470,26,34,2,0,5,0,1,2,40,40,0,0
8471,26,34,2,0,5,0,1,2,40,40,0,0
8472,26,34,2,0,5,0,1,2,40,40,0,0
8473,26,34,2,0,5,0,1,2,40,40,0,0
8474,26,34,2,0,5,0,1,2,40,40,0,0
8475,26,34,2,0,5,0,1,2,40,40,0,0
8476,26,34,2,0,5,0,1,2,40,40,0,0
8477,26,34,2,0,5,0,1,2,40,40,0,0
8478,26,34,2,0,5,0,1,2,40,40,0,0
8479,26,34,2,0,5,0,1,2,40,40,0,0
8480,26,34,1,0,6,0,1,2,40,40,0,0
8481,26,34,1,0,6,0,1,2,40,40,0,0
8482,26,34,1,0,6,0,1,2,40,40,0,0
8483,26,34,1,0,6,0,1,2,40,40,0,0
8484,26,34,1,0,6,0,1,2,40,40,0,0
8485,26,34,1,0,6,0,1,2,40,40,0,0
8486,26,34,1,0,6,0,1,2,40,40,0,0
8487,26,34,1,0,6,0,1,2,40,40,0,0
8488,26,34,1,0,6,0,1,2,40,40,0,0
8489,26,34,1,0,6,0,1,2,40,40,0,0
8490,26,34,1,0,6,0,1,2,40,40,0,0
8491,26,34,1,0,6,0,1,2,40,40,0,0
8492,26,34,1,0,6,0,1,2,40,40,0,0
8493,26,34,1,0,6,0,1,2,40,40,0,0
8494,26,34,1,0,6,0,1,2,39,40,0,0
8494,26,34,1,0,6,0,1,1,39,40,0,1
8495,26,34,1,0,6,0,1,1,39,40,0,1
8496,26,34,1,0,6,0,1,1,39,40,0,1
8497,26,34,1,0,6,0,1,1,39,40,0,1
8498,26,34,1,0,6,0,1,1,39,40,0,1
8499,26,34,1,0,6,0,1,1,39,40,0,1
8500,26,34,1,0,6,0,1,1,39,40,0,1
8501,26,34,1,0,6,0,1,1,39,40,0,1
8502,26,34,1,0,6,0,1,1,39,40,0,1
8503,26,34,1,0,6,0,1,1,39,40,0,1
8504,26,34,1,0,6,0,1,1,39,40,0,1
8505,26,34,1,0,6,0,1,1,39,40,0,1
8506,26,34,1,0,6,0,1,1,39,40,0,1
8507,26,34,1,0,6,0,1,1,39,40,0,1
8508,26,34,1,0,6,0,1,1,39,40,0,1
8509,26,34,1,0,6,0,1,1,39,40,0,1
8510,26,34,1,0,7,0,1,1,39,40,0,1
8511,26,34,1,0,7,0,1,1,39,40,0,1
8512,26,34,1,0,7,0,1,1,39,40,0,1
8513,26,34,1,0,7,0,1,1,39,40,0,1
8514,26,34,1,0,7,0,1,1,39,40,0,1
8515,26,34,1,0,7,0,1,1,39,40,0,1
8516,26,34,1,0,7,0,1,1,39,40,0,1
8517,26,34,1,0,7,0,1,1,39,40,0,1
8518,26,34,1,0,7,0,1,1,39,40,0,1
8519,26,34,1,0,7,0,1,1,39,40,0,1
8520,26,34,1,0,7,0,1,1,39,40,0,1
8521,26,34,1,0,7,0,1,1,39,40,0,1
8522,26,34,1,0,7,0,1,1,39,40,0,1
8523,26,34,1,0,7,0,1,1,39,40,0,1
8524,26,34,1,0,7,0,1,1,39,40,0,1
8525,26,34,1,0,7,0,1,1,39,40,0,1
8526,26,34,1,0,7,0,1,1,39,40,0,1
8527,26,34,1,0,7,0,1,1,39,40,0,1
8528,26,34,1,0,7,0,1,1,39,40,0,1
8529,26,34,1,0,7,0,1,1,39,40,0,1
8530,26,34,1,0,7,0,1,1,39,40,0,1
8531,26,34,1,0,7,0,1,1,39,40,0,1
8532,26,34,1,0,7,0,1,1,39,40,0,1
8533,26,34,1,0,7,0,1,1,39,40,0,1
8534,26,34,1,0,7,0,1,1,39,40,0,1
8535,26,34,1,0,7,0,1,1,39,40,0,1
8536,26,34,1,0,7,0,1,1,39,40,0,1
8537,26,34,1,0,7,0,1,1,39,40,0,1
8538,26,34,1,0,7,0,1,1,39,40,0,1
8539,26,34,1,0,7,0,1,1,39,39,0,1
8539,26,34,1,0,7,0,0,1,39,39,0,0
8540,26,34,0,0,7,0,0,1,39,39,0,0
8541,26,34,0,0,7,0,0,1,39,39,0,0
8542,26,34,0,0,7,0,0,1,39,39,0,0
8543,26,34,0,0,7,0,0,1,39,39,0,0
8544,26,34,0,0,7,0,0,1,39,39,0,0
8545,26,34,0,0,7,0,0,1,39,39,0,0
8546,26,34,0,0,7,0,0,1,39,39,0,0
8547,26,34,0,0,7,0,0,1,39,39,0,0
8548,26,34,0,0,7,0,0,1,39,39,0,0
8549,26,34,0,0,7,0,0,1,39,39,0,0
8550,26,34,0,0,7,0,0,1,39,39,0,0
8551,26,34,0,0,7,0,0,1,39,39,0,0
8552,26,34,0,0,7,0,0,1,39,39,0,0
8553,26,34,0,0,7,0,0,1,39,39,0,0
8554,26,34,0,0,7,0,0,1,39,39,0,0
8555,26,34,0,0,7,0,0,1,39,39,0,0
8556,26,34,0,0,7,0,0,1,39,39,0,0
8557,26,34,0,0,7,0,0,1,39,39,0,0
8558,26,34,0,0,7,0,0,1,39,39,0,0
8559,26,34,0,0,7,0,0,1,39,39,0,0
8560,26,34,0,0,7,0,0,1,39,39,0,0
8561,26,34,0,0,7,0,0,1,39,39,0,0
8562,26,34,0,0,7,0,0,1,39,39,0,0
8563,26,34,0,0,7,0,0,1,39,39,0,0
8564,26,34,0,0,7,0,0,1,39,39,0,0
8565,26,34,0,0,7,0,0,1,39,39,0,0
8566,26,34,0,0,7,0,0,1,39,39,0,0
8567,26,34,0,0,7,0,0,1,39,39,0,0
8568,26,34,0,0,7,0,0,1,39,39,0,0
8569,26,34,0,0,7,0,0,1,39,39,0,0
8570,26,34,0,0,8,0,0,1,39,39,0,0
8571,26,34,0,0,8,0,0,1,39,39,0,0
8572,26,34,0,0,8,0,0,1,39,39,0,0
8573,26,34,0,0,8,0,0,1,39,39,0,0
8574,26,34,0,0,8,0,0,1,39,39,0,0
8575,26,34,0,0,8,0,0,1,39,39,0,0
8576,26,34,0,0,8,0,0,1,39,39,0,0
8577,26,34,0,0,8,0,0,1,39,39,0,0
8578,26,34,0,0,8,0,0,1,39,39,0,0
8579,26,34,0,0,8,0,0,1,39,39,0,0
8580,26,34,0,0,8,0,0,1,39,39,0,0
8581,26,34,0,0,8,0,0,1,39,39,0,0
8582,26,34,0,0,8,0,0,1,39,39,0,0
8583,26,34,0,0,8,0,0,1,39,39,0,0
8584,26,34,0,0,8,0,0,1,38,39,0,0
8584,26,34,0,0,8,0,0,0,38,39,0,1
8585,26,34,0,0,8,0,0,0,38,39,0,1
8586,26,34,0,0,8,0,0,0,38,39,0,1
8587,26,34,0,0,8,0,0,0,38,39,0,1
8588,26,34,0,0,8,0,0,0,38,39,0,1
8589,26,34,0,0,8,0,0,0,38,39,0,1
8590,26,34,0,0,8,0,0,0,38,39,0,1
8591,26,34,0,0,8,0,0,0,38,39,0,1
8592,26,34,0,0,8,0,0,0,38,39,0,1
8593,26,34,0,0,8,0,0,0,38,39,0,1
8594,26,34,0,0,8,0,0,0,38,39,0,1
8595,26,34,0,0,8,0,0,0,38,39,0,1
8596,26,34,0,0,8,0,0,0,38,39,0,1
8597,26,34,0,0,8,0,0,0,38,39,0,1
8598,26,34,0,0,8,0,0,0,38,39,0,1
8599,26,34,0,0,8,0,0,0,38,39,0,1
8600,26,34,0,0,8,0,0,0,38,39,0,1
8601,26,34,0,0,8,0,0,0,38,39,0,1
8602,26,34,0,0,8,0,0,0,38,39,0,1
8603,26,34,0,0,8,0,0,0,38,39,0,1
8604,26,34,0,0,8,0,0,0,38,39,0,1
8605,26,34,0,0,8,0,0,0,38,39,0,1
8606,26,34,0,0,8,0,0,0,38,39,0,1
8607,26,34,0,0,8,0,0,0,38,39,0,1
8608,26,34,0,0,8,0,0,0,38,39,0,1
8609,26,34,0,0,8,0,0,0,38,39,0,1
8610,26,34,0,0,8,0,0,0,38,39,0,1
8611,26,34,0,0,8,0,0,0,38,39,0,1
8612,26,34,0,0,8,0,0,0,38,39,0,1
8613,26,34,0,0,8,0,0,0,38,39,0,1
8614,26,34,0,0,8,0,0,4,38,39,0,1
8615,26,34,0,0,8,0,0,4,38,39,0,1
8616,26,34,0,0,8,0,0,4,38,39,0,1
8617,26,34,0,0,8,0,0,4,38,39,0,1
8618,26,34,0,0,8,0,0,4,38,39,0,1
8619,26,34,0,0,8,0,0,4,38,39,0,1
8620,26,34,0,0,8,0,0,4,38,39,0,1
8621,26,34,0,0,8,0,0,4,38,39,0,1
8622,26,34,0,0,8,0,0,4,38,39,0,1
8623,26,34,0,0,8,0,0,4,38,39,0,1
8624,26,34,0,0,8,0,0,4,38,39,0,1
8625,26,34,0,0,8,0,0,4,38,39,0,1
8626,26,34,0,0,8,0,0,4,38,39,0,1
8627,26,34,0,0,8,0,0,4,38,39,0,1
8628,26,34,0,0,8,0,0,4,38,39,0,1
8629,26,34,0,0,8,0,0,4,38,38,0,1
8629,26,34,0,0,8,0,0,3,38,38,0,1
8630,26,34,0,0,4,0,0,3,38,38,0,1
8631,26,34,0,0,4,0,0,3,38,38,0,1
8632,26,34,0,0,4,0,0,3,38,38,0,1
8633,26,34,0,0,4,0,0,3,38,38,0,1
8634,26,34,0,0,4,0,0,3,38,38,0,1
8635,26,34,0,0,4,0,0,3,38,38,0,1
8636,26,34,0,0,4,0,0,3,38,38,0,1
8637,26,34,0,0,4,0,0,3,38,38,0,1
8638,26,34,0,0,4,0,0,3,38,38,0,1
8639,26,34,0,0,4,0,0,3,38,38,0,1
8640,26,34,0,0,4,0,0,3,38,38,0,1
8641,26,34,0,0,4,0,0,3,38,38,0,1
8642,26,34,0,0,4,0,0,3,38,38,0,1
8643,22,34,3,0,4,0,0,3,38,38,0,1
8644,22,34,3,0,4,0,0,3,38,38,0,1
8645,22,34,3,0,4,0,0,3,38,38,0,1
8646,22,34,3,0,4,0,0,3,38,38,0,1
8647,22,34,3,0,4,0,0,3,38,38,0,1
8648,22,34,3,0,4,0,0,3,38,38,0,1
8649,22,34,3,0,4,0,0,3,38,38,0,1
8650,22,34,3,0,4,0,0,3,38,38,0,1
8651,22,34,3,0,4,0,0,3,38,38,0,1
8652,22,34,3,0,4,0,0,3,38,38,0,1
8653,22,34,3,0,4,0,0,3,38,38,0,1
8654,22,34,3,0,4,0,0,3,38,38,0,1
8655,22,34,3,0,4,0,0,3,38,38,0,1
8656,22,34,3,0,4,0,0,3,38,38,0,1
8657,22,34,3,0,4,0,0,3,38,38,0,1
8658,22,34,3,0,4,0,0,3,38,38,0,1
8659,22,34,3,0,4,0,0,3,38,37,0,1
8659,22,34,3,0,4,0,0,3,38,37,0,1
8660,22,34,3,0,4,0,0,3,38,37,0,1
8661,22,34,3,0,4,0,0,3,38,37,0,1
8662,22,34,3,0,4,0,0,3,38,37,0,1
8663,22,34,3,0,4,0,0,3,38,37,0,1
8664,22,34,3,0,4,0,0,3,38,37,0,1
8665,22,34,3,0,4,0,0,3,38,37,0,1
8666,22,34,3,0,4,0,0,3,38,37,0,1
8667,22,34,3,0,4,0,0,3,38,37,0,1
8668,22,34,3,0,4,0,0,3,38,37,0,1
8669,22,34,3,0,4,0,0,3,38,37,0,1
8670,22,34,3,0,4,0,0,3,38,37,0,1
8671,22,34,3,0,4,0,0,3,38,37,0,1
8672,22,34,3,0,4,0,0,3,38,37,0,1
8673,22,34,2,0,5,0,0,3,38,37,0,1
8674,22,34,2,0,5,0,0,3,38,37,0,1
8675,22,34,2,0,5,0,0,3,38,37,0,1
8676,22,34,2,0,5,0,0,3,38,37,0,1
8677,22,34,2,0,5,0,0,3,38,37,0,1
8678,22,34,2,0,5,0,0,3,38,37,0,1
8679,22,34,2,0,5,0,0,3,38,37,0,1
8680,22,34,2,0,5,0,0,3,38,37,0,1
8681,22,34,2,0,5,0,0,3,38,37,0,1
8682,22,34,2,0,5,0,0,3,38,37,0,1
8683,22,34,2,0,5,0,0,3,38,37,0,1
8684,22,34,2,0,5,0,0,3,38,37,0,1
8685,22,34,2,0,5,0,0,3,38,37,0,1
8686,22,34,2,0,5,0,0,3,38,37,0,1
8687,22,34,2,0,5,0,0,3,38,37,0,1
8688,22,34,2,0,5,0,0,3,38,37,0,1
8689,22,34,2,0,5,0,0,3,38,37,0,1
8690,22,34,2,0,5,0,0,3,38,37,0,1
8691,22,34,2,0,5,0,0,3,38,37,0,1
8692,22,34,2,0,5,0,0,3,38,37,0,1
8693,22,34,2,0,5,0,0,3,38,37,0,1
8694,22,34,2,0,5,0,0,3,38,37,0,1
8695,22,34,2,0,5,0,0,3,38,37,0,1
8696,22,34,2,0,5,0,0,3,38,37,0,1
8697,22,34,2,0,5,0,0,3,38,37,0,1
8698,22,34,2,0,5,0,0,3,38,37,0,1
8699,22,34,2,0,5,0,0,3,38,37,0,1
8700,22,34,2,0,5,0,0,3,38,37,0,1
8701,22,34,2,0,5,0,0,3,38,37,0,1
8702,22,34,2,0,5,0,0,3,38,37,0,1
8703,22,34,1,0,6,0,0,3,38,37,0,1
8704,22,34,1,0,6,0,0,3,38,37,0,1
8705,22,34,1,0,6,0,0,3,38,37,0,1
8706,22,34,1,0,6,0,0,3,38,37,0,1
8707,22,34,1,0,6,0,0,3,38,37,0,1
8708,22,34,1,0,6,0,0,3,38,37,0,1
8709,22,34,1,0,6,0,0,3,38,37,0,1
8710,22,34,1,0,6,0,0,3,38,37,0,1
8711,22,34,1,0,6,0,0,3,38,37,0,1
8712,22,34,1,0,6,0,0,3,38,37,0,1
8713,22,34,1,0,6,0,0,3,38,37,0,1
8714,22,34,1,0,6,0,0,3,38,37,0,1
8715,22,34,1,0,6,0,0,3,38,37,0,1
8716,22,34,1,0,6,0,0,3,38,37,0,1
8717,22,34,1,0,6,0,0,3,38,37,0,1
8718,22,34,1,0,6,0,0,3,38,37,0,1
8719,22,34,1,0,6,0,0,3,38,37,0,1
8720,22,34,1,0,6,0,0,3,38,37,0,1
8721,22,34,1,0,6,0,0,3,38,37,0,1
8722,22,34,1,0,6,0,0,3,38,37,0,1
8723,22,34,1,0,6,0,0,3,38,37,0,1
8724,22,34,1,0,6,0,0,3,38,37,0,1
8725,22,34,1,0,6,0,0,3,38,37,0,1
8726,22,34,1,0,6,0,0,3,38,37,0,1
8727,22,34,1,0,6,0,0,3,38,37,0,1
8728,22,34,1,0,6,0,0,3,38,37,0,1
8729,22,34,1,0,6,0,0,3,38,37,0,1
8730,22,34,1,0,6,0,0,3,38,37,0,1
8731,22,34,1,0,6,0,0,3,38,37,0,1
8732,22,34,1,0,6,0,0,3,38,37,0,1
8733,22,34,0,0,7,0,0,3,38,37,0,1
8734,22,34,0,0,7,0,0,3,38,37,0,1
8735,22,34,0,0,7,0,0,3,38,37,0,1
8736,22,34,0,0,7,0,0,3,38,37,0,1
8737,22,34,0,0,7,0,0,3,38,37,0,1
8738,22,34,0,0,7,0,0,3,38,37,0,1
8739,22,34,0,0,7,0,0,3,38,37,0,1
8740,22,34,0,0,7,0,0,3,38,37,0,1
8741,22,34,0,0,7,0,0,3,38,37,0,1
8742,22,34,0,0,7,0,0,3,38,37,0,1
8743,22,34,0,0,7,0,0,3,38,37,0,1
8744,22,34,0,0,7,0,0,3,38,37,0,1
8745,22,34,0,0,7,0,0,3,38,37,0,1
8746,22,34,0,0,7,0,0,3,38,37,0,1
8747,22,34,0,0,7,0,0,3,38,37,0,1
8748,22,34,0,0,7,0,0,3,38,37,0,1
8749,22,34,0,0,7,0,0,3,38,37,0,1
8750,22,34,0,0,7,0,0,3,38,37,0,1
8751,22,34,0,0,7,0,0,3,38,37,0,1
8752,22,34,0,0,7,0,0,3,38,37,0,1
8753,22,34,0,0,7,0,0,3,38,37,0,1
8754,22,34,0,0,7,0,0,3,38,37,0,1
8755,22,34,0,0,7,0,0,3,38,37,0,1
8756,22,34,0,0,7,0,0,3,38,37,0,1
8757,22,34,0,0,7,0,0,3,38,37,0,1
8758,22,34,0,0,7,0,0,3,38,37,0,1
8759,22,34,0,0,7,0,0,3,38,37,0,1
8760,22,34,0,0,7,0,0,3,38,37,0,1
8761,22,34,0,0,7,0,0,3,38,37,0,1
8762,22,34,0,0,7,0,0,3,38,37,0,1
8763,22,34,0,0,8,0,0,3,38,37,0,1
8764,22,34,0,0,8,0,0,3,38,37,0,1
8765,22,34,0,0,8,0,0,3,38,37,0,1
8766,22,34,0,0,8,0,0,3,38,37,0,1
8767,22,34,0,0,8,0,0,3,38,37,0,1
8768,22,34,0,0,8,0,0,3,38,37,0,1
8769,22,34,0,0,8,0,0,3,38,37,0,1
8770,22,34,0,0,8,0,0,3,38,37,0,1
8771,22,34,0,0,8,0,0,3,38,37,0,1
8772,22,34,0,0,8,0,0,3,38,37,0,1
8773,22,34,0,0,8,0,0,3,38,37,0,1
8774,22,34,0,0,8,0,0,3,38,37,0,1
8775,22,34,0,0,8,0,0,3,38,37,0,1
8776,22,34,0,0,8,0,0,3,38,37,0,1
8777,22,34,0,0,8,0,0,3,38,37,0,1
8778,22,34,0,0,8,0,0,3,38,37,0,1
8779,22,34,0,0,8,0,0,3,38,37,0,1
8780,22,34,0,0,8,0,0,3,38,37,0,1
8781,22,34,0,0,8,0,0,3,38,37,0,1
8782,22,34,0,0,8,0,0,3,38,37,0,1
8783,22,34,0,0,8,0,0,3,38,37,0,1
8784,22,34,0,0,8,0,0,3,38,37,0,1
8785,22,34,0,0,8,0,0,3,38,37,0,1
8786,22,34,0,0,8,0,0,3,38,37,0,1
8787,22,34,0,0,8,0,0,3,38,37,0,1
8788,22,34,0,0,8,0,0,3,38,37,0,1
8789,22,34,0,0,8,0,0,3,38,37,0,1
8790,22,34,0,0,8,0,0,3,38,37,0,1
8791,22,34,0,0,8,0,0,3,38,37,0,1
8792,22,34,0,0,8,0,0,3,38,37,0,1
8793,22,34,0,0,8,0,0,3,38,37,0,1
8794,22,34,0,0,8,0,0,3,38,37,0,1
8795,22,34,0,0,8,0,0,3,38,37,0,1
8796,22,34,0,0,8,0,0,3,38,37,0,1
8797,22,34,0,0,8,0,0,3,38,37,0,1
8798,22,34,0,0,8,0,0,3,38,37,0,1
8799,22,34,0,0,8,0,0,3,38,37,0,1
8800,22,34,0,0,8,0,0,3,38,37,0,1
8801,22,34,0,0,8,0,0,3,38,37,0,1
8802,22,34,0,0,8,0,0,3,38,37,0,1
8803,22,34,0,0,8,0,0,3,38,37,0,1
8804,22,34,0,0,8,0,0,3,38,37,0,1
8805,22,34,0,0,8,0,0,3,38,37,0,1
8806,22,34,0,0,8,0,0,3,38,37,0,1
8807,22,34,0,0,8,0,0,3,38,37,0,1
8808,22,34,0,0,8,0,0,3,38,37,0,1
8809,22,34,0,0,8,0,0,3,38,37,0,1
8810,22,34,0,0,8,0,0,3,38,37,0,1
8811,22,34,0,0,8,0,0,3,38,37,0,1
8812,22,34,0,0,8,0,0,3,38,37,0,1
8813,22,34,0,0,8,0,0,3,38,37,0,1
8814,22,34,0,0,8,0,0,3,38,37,0,1
8815,22,34,0,0,8,0,0,3,38,37,0,1
8816,22,34,0,0,8,0,0,3,38,37,0,1
8817,22,34,0,0,8,0,0,3,38,37,0,1
8818,22,34,0,0,8,0,0,3,38,37,0,1
8819,22,34,0,0,8,0,0,3,38,37,0,1
8820,22,34,0,0,8,0,0,3,38,37,0,1
8821,22,34,0,0,8,0,0,3,38,37,0,1
8822,22,34,0,0,8,0,0,3,38,37,0,1
8823,22,34,0,0,8,0,0,3,38,37,0,1
8824,22,34,0,0,8,0,0,3,38,37,0,1
8825,22,34,0,0,8,0,0,3,38,37,0,1
8826,22,34,0,0,8,0,0,3,38,37,0,1
8827,22,34,0,0,8,0,0,3,38,37,0,1
8828,22,34,0,0,8,0,0,3,38,37,0,1
8829,22,34,0,0,8,0,0,3,38,37,0,1
8830,22,34,0,0,8,0,0,3,38,37,0,1
8831,22,34,0,0,8,0,0,3,38,37,0,1
8832,22,34,0,0,8,0,0,3,38,37,0,1
8833,22,34,0,0,8,0,0,3,38,37,0,1
8834,22,34,0,0,8,0,0,3,38,37,0,1
8835,22,34,0,0,8,0,0,3,38,37,0,1
8836,22,34,0,0,8,0,0,3,38,37,0,1
8837,22,34,0,0,8,0,0,3,38,37,0,1
8838,22,34,0,0,8,0,0,3,38,37,0,1
8839,22,34,0,0,8,0,0,3,38,37,0,1
8840,22,34,0,0,8,0,0,3,38,37,0,1
8841,22,34,0,0,8,0,0,3,38,37,0,1
8842,22,34,0,0,8,0,0,3,38,37,0,1
8843,22,34,0,0,8,0,0,3,38,37,0,1
8844,22,34,0,0,8,0,0,3,38,37,0,1
8845,22,34,0,0,8,0,0,3,38,37,0,1
8846,22,34,0,0,8,0,0,3,38,37,0,1
8847,22,34,0,0,8,0,0,3,38,37,0,1
8848,22,34,0,0,8,0,0,3,38,37,0,1
8849,22,34,0,0,8,0,0,3,38,37,0,1
8850,22,34,0,0,8,0,0,3,38,37,0,1
8851,22,34,0,0,8,0,0,3,38,37,0,1
8852,22,34,0,0,8,0,0,3,38,37,0,1
8853,22,34,0,0,8,0,0,3,38,37,0,1
8854,22,34,0,0,8,0,0,3,38,37,0,1
8855,22,34,0,0,8,0,0,3,38,37,0,1
8856,22,34,0,0,8,0,0,3,38,37,0,1
8857,22,34,0,0,8,0,0,3,38,37,0,1
8858,22,34,0,0,8,0,0,3,38,37,0,1
8859,22,34,0,0,8,0,0,3,38,37,0,1
8860,22,34,0,0,8,0,0,3,38,37,0,1
8861,22,34,0,0,8,0,0,3,38,37,0,1
8862,22,34,0,0,8,0,0,3,38,37,0,1
8863,22,34,0,0,8,0,0,3,38,37,0,1
8864,22,34,0,0,8,0,0,3,38,37,0,1
8865,22,34,0,0,8,0,0,3,38,37,0,1
8866,22,34,0,0,8,0,0,3,38,37,0,1
8867,22,34,0,0,8,0,0,3,38,37,0,1
8868,22,34,0,0,8,0,0,3,38,37,0,1
8869,22,34,0,0,8,0,0,3,38,37,0,1
8870,22,34,0,0,4,0,3,3,38,37,0,0
8871,22,34,0,0,4,0,3,3,38,37,0,0
8872,22,34,0,0,4,0,3,3,38,37,0,0
8873,22,34,0,0,4,0,3,3,38,37,0,0
8874,22,34,0,0,4,0,3,3,38,37,0,0
8875,22,34,0,0,4,0,3,3,38,37,0,0
8876,22,34,0,0,4,0,3,3,38,37,0,0
8877,22,34,0,0,4,0,3,3,38,37,0,0
8878,22,34,0,0,4,0,3,3,38,37,0,0
8879,22,34,0,0,4,0,3,3,38,37,0,0
8880,22,34,0,0,4,0,3,3,38,37,0,0
8881,22,34,0,0,4,0,3,3,38,37,0,0
8882,22,34,0,0,4,0,3,3,38,37,0,0
8883,18,34,3,0,4,0,3,3,38,37,0,0
8884,18,34,3,0,4,0,3,3,38,37,0,0
8885,18,34,3,0,4,0,3,3,38,37,0,0
8886,18,34,3,0,4,0,3,3,38,37,0,0
8887,18,34,3,0,4,0,3,3,38,37,0,0
8888,18,34,3,0,4,0,3,3,38,37,0,0
8889,18,34,3,0,4,0,3,3,38,37,0,0
8890,18,34,3,0,4,0,3,3,38,37,0,0
8891,18,34,3,0,4,0,3,3,38,37,0,0
8892,18,34,3,0,4,0,3,3,38,37,0,0
8893,18,34,3,0,4,0,3,3,38,37,0,0
8894,18,34,3,0,4,0,3,3,38,37,0,0
8895,18,34,3,0,4,0,3,3,38,37,0,0
8896,18,34,3,0,4,0,3,3,38,37,0,0
8897,18,34,3,0,4,0,3,3,38,37,0,0
8898,18,34,3,0,4,0,3,3,38,37,0,0
8899,18,34,3,0,4,0,3,3,38,37,0,0
8900,18,34,3,0,4,0,3,3,38,37,0,0
8901,18,34,3,0,4,0,3,3,38,37,0,0
8902,18,34,3,0,4,0,3,3,38,37,0,0
8903,18,34,3,0,4,0,3,3,38,37,0,0
8904,18,34,3,0,4,0,3,3,38,37,0,0
8905,18,34,3,0,4,0,3,3,38,37,0,0
8906,18,34,3,0,4,0,3,3,38,37,0,0
8907,18,34,3,0,4,0,3,3,38,37,0,0
8908,18,34,3,0,4,0,3,3,38,37,0,0
8909,18,34,3,0,4,0,3,3,38,37,0,0
8910,18,34,3,0,4,0,3,3,38,37,0,0
8911,18,34,3,0,4,0,3,3,38,37,0,0
8912,18,34,3,0,4,0,3,3,38,37,0,0
8913,18,34,2,0,5,0,3,3,38,37,0,0
8914,18,34,2,0,5,0,3,3,38,37,0,0
8915,18,34,2,0,5,0,3,3,37,37,0,0
8915,18,34,2,0,5,0,2,3,37,37,0,0
8916,18,34,2,0,5,0,2,3,37,37,0,0
8917,18,34,2,0,5,0,2,3,37,37,0,0
8918,18,34,2,0,5,0,2,3,37,37,0,0
8919,18,34,2,0,5,0,2,3,37,37,0,0
8920,18,34,2,0,5,0,2,3,37,37,0,0
8921,18,34,2,0,5,0,2,3,37,37,0,0
8922,18,34,2,0,5,0,2,3,37,37,0,0
8923,18,34,2,0,5,0,2,3,37,37,0,0
8924,18,34,2,0,5,0,2,3,37,37,0,0
8925,18,34,2,0,5,0,2,3,37,37,0,0
8926,18,34,2,0,5,0,2,3,37,37,0,0
8927,18,34,2,0,5,0,2,3,37,37,0,0
8928,18,34,2,0,5,0,2,3,37,37,0,0
8929,18,34,2,0,5,0,2,3,37,37,0,0
8930,18,34,2,0,5,0,2,3,37,37,0,0
8931,18,34,2,0,5,0,2,3,37,37,0,0
8932,18,34,2,0,5,0,2,3,37,37,0,0
8933,18,34,2,0,5,0,2,3,37,37,0,0
8934,18,34,2,0,5,0,2,3,37,37,0,0
8935,18,34,2,0,5,0,2,3,37,37,0,0
8936,18,34,2,0,5,0,2,3,37,37,0,0
8937,18,34,2,0,5,0,2,3,37,37,0,0
8938,18,34,2,0,5,0,2,3,37,37,0,0
8939,18,34,2,0,5,0,2,3,37,37,0,0
8940,18,34,2,0,5,0,2,3,37,37,0,0
8941,18,34,2,0,5,0,2,3,37,37,0,0
8942,18,34,2,0,5,0,2,3,37,37,0,0
8943,18,34,1,0,6,0,2,3,37,37,0,0
8944,18,34,1,0,6,0,2,3,37,37,0,0
8945,18,34,1,0,6,0,2,3,36,37,0,0
8945,18,34,1,0,6,0,2,2,36,37,0,1
8946,18,34,1,0,6,0,2,2,36,37,0,1
8947,18,34,1,0,6,0,2,2,36,37,0,1
8948,18,34,1,0,6,0,2,2,36,37,0,1
8949,18,34,1,0,6,0,2,2,36,37,0,1
8950,18,34,1,0,6,0,2,2,36,37,0,1
8951,18,34,1,0,6,0,2,2,36,37,0,1
8952,18,34,1,0,6,0,2,2,36,37,0,1
8953,18,34,1,0,6,0,2,2,36,37,0,1
8954,18,34,1,0,6,0,2,2,36,37,0,1
8955,18,34,1,0,6,0,2,2,36,37,0,1
8956,18,34,1,0,6,0,2,2,36,37,0,1
8957,18,34,1,0,6,0,2,2,36,37,0,1
8958,18,34,1,0,6,0,2,2,36,37,0,1
8959,18,34,1,0,6,0,2,2,36,37,0,1
8960,18,34,1,0,6,0,2,2,36,37,0,1
8961,18,34,1,0,6,0,2,2,36,37,0,1
8962,18,34,1,0,6,0,2,2,36,37,0,1
8963,18,34,1,0,6,0,2,2,36,37,0,1
8964,18,34,1,0,6,0,2,2,36,37,0,1
8965,18,34,1,0,6,0,2,2,36,37,0,1
8966,18,34,1,0,6,0,2,2,36,37,0,1
8967,18,34,1,0,6,0,2,2,36,37,0,1
8968,18,34,1,0,6,0,2,2,36,37,0,1
8969,18,34,1,0,6,0,2,2,36,37,0,1
8970,18,34,1,0,6,0,2,2,36,37,0,1
8971,18,34,1,0,6,0,2,2,36,37,0,1
8972,18,34,1,0,6,0,2,2,36,37,0,1
8973,18,34,1,0,7,0,2,2,36,37,0,1
8974,18,34,1,0,7,0,2,2,36,37,0,1
8975,18,34,1,0,7,0,2,2,36,37,0,1
8976,18,34,1,0,7,0,2,2,36,37,0,1
8977,18,34,1,0,7,0,2,2,36,37,0,1
8978,18,34,1,0,7,0,2,2,36,37,0,1
8979,18,34,1,0,7,0,2,2,36,37,0,1
8980,18,34,1,0,7,0,2,2,36,37,0,1
8981,18,34,1,0,7,0,2,2,36,37,0,1
8982,18,34,1,0,7,0,2,2,36,37,0,1
8983,18,34,1,0,7,0,2,2,36,37,0,1
8984,18,34,1,0,7,0,2,2,36,37,0,1
8985,18,34,1,0,7,0,2,2,36,37,0,1
8986,18,34,1,0,7,0,2,2,36,37,0,1
8987,18,34,1,0,7,0,2,2,36,37,0,1
8988,18,34,1,0,7,0,2,2,36,37,0,1
8989,18,34,1,0,7,0,2,2,36,37,0,1
8990,18,34,1,0,7,0,2,2,36,36,0,1
8990,18,34,1,0,7,0,1,2,36,36,0,0
8991,18,34,0,0,7,0,1,2,36,36,0,0
8992,18,34,0,0,7,0,1,2,36,36,0,0
8993,18,34,0,0,7,0,1,2,36,36,0,0
8994,18,34,0,0,7,0,1,2,36,36,0,0
8995,18,34,0,0,7,0,1,2,36,36,0,0
8996,18,34,0,0,7,0,1,2,36,36,0,0
8997,18,34,0,0,7,0,1,2,36,36,0,0
8998,18,34,0,0,7,0,1,2,36,36,0,0
8999,18,34,0,0,7,0,1,2,36,36,0,0
9000,18,34,0,0,7,0,1,2,36,36,0,0
9001,18,34,0,0,7,0,1,2,36,36,0,0
9002,18,34,0,0,7,0,1,2,36,36,0,0
9003,18,34,0,0,7,0,1,2,36,36,0,0
9004,18,34,0,0,7,0,1,2,36,36,0,0
9005,18,34,0,0,7,0,1,2,36,36,0,0
9006,18,34,0,0,7,0,1,2,36,36,0,0
9007,18,34,0,0,7,0,1,2,36,36,0,0
9008,18,34,0,0,7,0,1,2,36,36,0,0
9009,18,34,0,0,7,0,1,2,36,36,0,0
9010,18,34,0,0,7,0,1,2,36,36,0,0
9011,18,34,0,0,7,0,1,2,36,36,0,0
9012,18,34,0,0,7,0,1,2,36,36,0,0
9013,18,34,0,0,7,0,1,2,36,36,0,0
9014,18,34,0,0,7,0,1,2,36,36,0,0
9015,18,34,0,0,7,0,1,2,36,36,0,0
9016,18,34,0,0,7,0,1,2,36,36,0,0
9017,18,34,0,0,7,0,1,2,36,36,0,0
9018,18,34,0,0,7,0,1,2,36,36,0,0
9019,18,34,0,0,7,0,1,2,36,36,0,0
9020,18,34,0,0,7,0,1,2,36,36,0,0
9021,18,34,0,0,8,0,1,2,36,36,0,0
9022,18,34,0,0,8,0,1,2,36,36,0,0
9023,18,34,0,0,8,0,1,2,36,36,0,0
9024,18,34,0,0,8,0,1,2,36,36,0,0
9025,18,34,0,0,8,0,1,2,36,36,0,0
9026,18,34,0,0,8,0,1,2,36,36,0,0
9027,18,34,0,0,8,0,1,2,36,36,0,0
9028,18,34,0,0,8,0,1,2,36,36,0,0
9029,18,34,0,0,8,0,1,2,36,36,0,0
9030,18,34,0,0,8,0,1,2,36,36,0,0
9031,18,34,0,0,8,0,1,2,36,36,0,0
9032,18,34,0,0,8,0,1,2,36,36,0,0
9033,18,34,0,0,8,0,1,2,36,36,0,0
9034,18,34,0,0,8,0,1,2,36,36,0,0
9035,18,34,0,0,8,0,1,2,35,36,0,0
9035,18,34,0,0,8,0,1,1,35,36,0,1
9036,18,34,0,0,8,0,1,1,35,36,0,1
9037,18,34,0,0,8,0,1,1,35,36,0,1
9038,18,34,0,0,8,0,1,1,35,36,0,1
9039,18,34,0,0,8,0,1,1,35,36,0,1
9040,18,34,0,0,8,0,1,1,35,36,0,1
9041,18,34,0,0,8,0,1,1,35,36,0,1
9042,18,34,0,0,8,0,1,1,35,36,0,1
9043,18,34,0,0,8,0,1,1,35,36,0,1
9044,18,34,0,0,8,0,1,1,35,36,0,1
9045,18,34,0,0,8,0,1,1,35,36,0,1
9046,18,34,0,0,8,0,1,1,35,36,0,1
9047,18,34,0,0,8,0,1,1,35,36,0,1
9048,18,34,0,0,8,0,1,1,35,36,0,1
9049,18,34,0,0,8,0,1,1,35,36,0,1
9050,18,34,0,0,8,0,1,1,35,36,0,1
9051,18,34,0,0,8,0,1,1,35,36,0,1
9052,18,34,0,0,8,0,1,1,35,36,0,1
9053,18,34,0,0,8,0,1,1,35,36,0,1
9054,18,34,0,0,8,0,1,1,35,36,0,1
9055,18,34,0,0,8,0,1,1,35,36,0,1
9056,18,34,0,0,8,0,1,1,35,36,0,1
9057,18,34,0,0,8,0,1,1,35,36,0,1
9058,18,34,0,0,8,0,1,1,35,36,0,1
9059,18,34,0,0,8,0,1,1,35,36,0,1
9060,18,34,0,0,8,0,1,1,35,36,0,1
9061,18,34,0,0,8,0,1,1,35,36,0,1
9062,18,34,0,0,8,0,1,1,35,36,0,1
9063,18,34,0,0,8,0,1,1,35,36,0,1
9064,18,34,0,0,8,0,1,1,35,36,0,1
9065,18,34,0,0,8,0,1,1,35,36,0,1
9066,18,34,0,0,8,0,1,1,35,36,0,1
9067,18,34,0,0,8,0,1,1,35,36,0,1
9068,18,34,0,0,8,0,1,1,35,36,0,1
9069,18,34,0,0,8,0,1,1,35,36,0,1
9070,18,34,0,0,8,0,1,1,35,36,0,1
9071,18,34,0,0,8,0,1,1,35,36,0,1
9072,18,34,0,0,8,0,1,1,35,36,0,1
9073,18,34,0,0,8,0,1,1,35,36,0,1
9074,18,34,0,0,8,0,1,1,35,36,0,1
9075,18,34,0,0,8,0,1,1,35,36,0,1
9076,18,34,0,0,8,0,1,1,35,36,0,1
9077,18,34,0,0,8,0,1,1,35,36,0,1
9078,18,34,0,0,8,0,1,1,35,36,0,1
9079,18,34,0,0,8,0,1,1,35,36,0,1
9080,18,34,0,0,8,0,1,1,35,35,0,1
9080,18,34,0,0,8,0,0,1,35,35,0,0
9081,18,34,0,0,8,0,0,1,35,35,0,0
9082,18,34,0,0,8,0,0,1,35,35,0,0
9083,18,34,0,0,8,0,0,1,35,35,0,0
9084,18,34,0,0,8,0,0,1,35,35,0,0
9085,18,34,0,0,8,0,0,1,35,35,0,0
9086,18,34,0,0,8,0,0,1,35,35,0,0
9087,18,34,0,0,8,0,0,1,35,35,0,0
9088,18,34,0,0,8,0,0,1,35,35,0,0
9089,18,34,0,0,8,0,0,1,35,35,0,0
9090,18,34,0,0,8,0,0,1,35,35,0,0
9091,18,34,0,0,8,0,0,1,35,35,0,0
9092,18,34,0,0,8,0,0,1,35,35,0,0
9093,18,34,0,0,8,0,0,1,35,35,0,0
9094,18,34,0,0,8,0,0,1,35,35,0,0
9095,18,34,0,0,8,0,0,1,35,35,0,0
9096,18,34,0,0,8,0,0,1,35,35,0,0
9097,18,34,0,0,8,0,0,1,35,35,0,0
9098,18,34,0,0,8,0,0,1,35,35,0,0
9099,18,34,0,0,8,0,0,1,35,35,0,0
9100,18,34,0,0,8,0,0,1,35,35,0,0
9101,18,34,0,0,8,0,0,1,35,35,0,0
9102,18,34,0,0,8,0,0,1,35,35,0,0
9103,18,34,0,0,8,0,0,1,35,35,0,0
9104,18,34,0,0,8,0,0,1,35,35,0,0
9105,18,34,0,0,8,0,0,1,35,35,0,0
9106,18,34,0,0,8,0,0,1,35,35,0,0
9107,18,34,0,0,8,0,0,1,35,35,0,0
9108,18,34,0,0,8,0,0,1,35,35,0,0
9109,18,34,0,0,8,0,0,1,35,35,0,0
9110,18,34,0,0,4,0,4,1,35,35,0,0
9111,18,34,0,0,4,0,4,1,35,35,0,0
9112,18,34,0,0,4,0,4,1,35,35,0,0
9113,18,34,0,0,4,0,4,1,35,35,0,0
9114,18,34,0,0,4,0,4,1,35,35,0,0
9115,18,34,0,0,4,0,4,1,35,35,0,0
9116,18,34,0,0,4,0,4,1,35,35,0,0
9117,18,34,0,0,4,0,4,1,35,35,0,0
9118,18,34,0,0,4,0,4,1,35,35,0,0
9119,18,34,0,0,4,0,4,1,35,35,0,0
9120,18,34,0,0,4,0,4,1,35,35,0,0
9121,18,34,0,0,4,0,4,1,35,35,0,0
9122,18,34,0,0,4,0,4,1,35,35,0,0
9123,14,34,3,0,4,0,4,1,35,35,0,0
9124,14,34,3,0,4,0,4,1,35,35,0,0
9125,14,34,3,0,4,0,4,1,34,35,0,0
9125,14,34,3,0,4,0,4,0,34,35,0,1
9126,14,34,3,0,4,0,4,0,34,35,0,1
9127,14,34,3,0,4,0,4,0,34,35,0,1
9128,14,34,3,0,4,0,4,0,34,35,0,1
9129,14,34,3,0,4,0,4,0,34,35,0,1
9130,14,34,3,0,4,0,4,0,34,35,0,1
9131,14,34,3,0,4,0,4,0,34,35,0,1
9132,14,34,3,0,4,0,4,0,34,35,0,1
9133,14,34,3,0,4,0,4,0,34,35,0,1
9134,14,34,3,0,4,0,4,0,34,35,0,1
9135,14,34,3,0,4,0,4,0,34,35,0,1
9136,14,34,3,0,4,0,4,0,34,35,0,1
9137,14,34,3,0,4,0,4,0,34,35,0,1
9138,14,34,3,0,4,0,4,0,34,35,0,1
9139,14,34,3,0,4,0,4,0,34,35,0,1
9140,14,34,3,0,4,0,4,0,34,35,0,1
9141,14,34,3,0,4,0,4,0,34,35,0,1
9142,14,34,3,0,4,0,4,0,34,35,0,1
9143,14,34,3,0,4,0,4,0,34,35,0,1
9144,14,34,3,0,4,0,4,0,34,35,0,1
9145,14,34,3,0,4,0,4,0,34,35,0,1
9146,14,34,3,0,4,0,4,0,34,35,0,1
9147,14,34,3,0,4,0,4,0,34,35,0,1
9148,14,34,3,0,4,0,4,0,34,35,0,1
9149,14,34,3,0,4,0,4,0,34,35,0,1
9150,14,34,3,0,4,0,4,0,34,35,0,1
9151,14,34,3,0,4,0,4,0,34,35,0,1
9152,14,34,3,0,4,0,4,0,34,35,0,1
9153,14,34,3,0,5,0,4,0,34,35,0,1
9154,14,34,3,0,5,0,4,0,34,35,0,1
9155,14,34,3,0,5,0,4,0,34,35,0,1
9156,14,34,3,0,5,0,4,0,34,35,0,1
9157,14,34,3,0,5,0,4,0,34,35,0,1
9158,14,34,3,0,5,0,4,0,34,35,0,1
9159,14,34,3,0,5,0,4,0,34,35,0,1
9160,14,34,3,0,5,0,4,0,34,35,0,1
9161,14,34,3,0,5,0,4,0,34,35,0,1
9162,14,34,3,0,5,0,4,0,34,35,0,1
9163,14,34,3,0,5,0,4,0,34,35,0,1
9164,14,34,3,0,5,0,4,0,34,35,0,1
9165,14,34,3,0,5,0,4,0,34,35,0,1
9166,14,34,3,0,5,0,4,0,34,35,0,1
9167,14,34,3,0,5,0,4,0,34,35,0,1
9168,14,34,3,0,5,0,4,0,34,35,0,1
9169,14,34,3,0,5,0,4,0,34,35,0,1
9170,14,34,3,0,5,0,4,0,34,34,0,1
9170,14,34,3,0,5,0,3,0,34,34,0,0
9171,14,34,2,0,5,0,3,0,34,34,0,0
9172,14,34,2,0,5,0,3,0,34,34,0,0
9173,14,34,2,0,5,0,3,0,34,34,0,0
9174,14,34,2,0,5,0,3,0,34,34,0,0
9175,14,34,2,0,5,0,3,0,34,34,0,0
9176,14,34,2,0,5,0,3,0,34,34,0,0
9177,14,34,2,0,5,0,3,0,34,34,0,0
9178,14,34,2,0,5,0,3,0,34,34,0,0
9179,14,34,2,0,5,0,3,0,34,34,0,0
9180,14,34,2,0,5,0,3,0,34,34,0,0
9181,14,34,2,0,5,0,3,0,34,34,0,0
9182,14,34,2,0,5,0,3,0,34,34,0,0
9183,14,34,2,0,5,0,3,0,34,34,0,0
9184,14,34,2,0,5,0,3,0,34,34,0,0
9185,14,34,2,0,5,0,3,0,34,34,0,0
9186,14,34,2,0,5,0,3,0,34,34,0,0
9187,14,34,2,0,5,0,3,0,34,34,0,0
9188,14,34,2,0,5,0,3,0,34,34,0,0
9189,14,34,2,0,5,0,3,0,34,34,0,0
9190,14,34,2,0,5,0,3,0,34,34,0,0
9191,14,34,2,0,5,0,3,0,34,34,0,0
9192,14,34,2,0,5,0,3,0,34,34,0,0
9193,14,34,2,0,5,0,3,0,34,34,0,0
9194,14,34,2,0,5,0,3,0,34,34,0,0
9195,14,34,2,0,5,0,3,0,34,34,0,0
9196,14,34,2,0,5,0,3,0,34,34,0,0
9197,14,34,2,0,5,0,3,0,34,34,0,0
9198,14,34,2,0,5,0,3,0,34,34,0,0
9199,14,34,2,0,5,0,3,0,34,34,0,0
9200,14,34,2,0,5,0,3,0,34,34,0,0
9201,14,34,1,0,6,0,3,0,34,34,0,0
9202,14,34,1,0,6,0,3,0,34,34,0,0
9203,14,34,1,0,6,0,3,0,34,34,0,0
9204,14,34,1,0,6,0,3,0,34,34,0,0
9205,14,34,1,0,6,0,3,0,34,34,0,0
9206,14,34,1,0,6,0,3,0,34,34,0,0
9207,14,34,1,0,6,0,3,0,34,34,0,0
9208,14,34,1,0,6,0,3,0,34,34,0,0
9209,14,34,1,0,6,0,3,0,34,34,0,0
9210,14,34,1,0,6,0,3,0,34,34,0,0
9211,14,34,1,0,6,0,3,0,34,34,0,0
9212,14,34,1,0,6,0,3,0,34,34,0,0
9213,14,34,1,0,6,0,3,0,34,34,0,0
9214,14,34,1,0,6,0,3,0,34,34,0,0
9215,14,34,1,0,6,0,3,0,33,34,0,0
9215,14,34,1,0,6,0,3,0,33,34,0,0
9216,14,34,1,0,6,0,3,0,33,34,0,0
9217,14,34,1,0,6,0,3,0,33,34,0,0
9218,14,34,1,0,6,0,3,0,33,34,0,0
9219,14,34,1,0,6,0,3,0,33,34,0,0
9220,14,34,1,0,6,0,3,0,33,34,0,0
9221,14,34,1,0,6,0,3,0,33,34,0,0
9222,14,34,1,0,6,0,3,0,33,34,0,0
9223,14,34,1,0,6,0,3,0,33,34,0,0
9224,14,34,1,0,6,0,3,0,33,34,0,0
9225,14,34,1,0,6,0,3,0,33,34,0,0
9226,14,34,1,0,6,0,3,0,33,34,0,0
9227,14,34,1,0,6,0,3,0,33,34,0,0
9228,14,34,1,0,6,0,3,0,33,34,0,0
9229,14,34,1,0,6,0,3,0,33,34,0,0
9230,14,34,1,0,6,0,3,0,33,34,0,0
9231,14,34,1,0,7,0,3,0,33,34,0,0
9232,14,34,1,0,7,0,3,0,33,34,0,0
9233,14,34,1,0,7,0,3,0,33,34,0,0
9234,14,34,1,0,7,0,3,0,33,34,0,0
9235,14,34,1,0,7,0,3,0,33,34,0,0
9236,14,34,1,0,7,0,3,0,33,34,0,0
9237,14,34,1,0,7,0,3,0,33,34,0,0
9238,14,34,1,0,7,0,3,0,33,34,0,0
9239,14,34,1,0,7,0,3,0,33,34,0,0
9240,14,34,1,0,7,0,3,0,33,34,0,0
9241,14,34,1,0,7,0,3,0,33,34,0,0
9242,14,34,1,0,7,0,3,0,33,34,0,0
9243,14,34,1,0,7,0,3,0,33,34,0,0
9244,14,34,1,0,7,0,3,0,33,34,0,0
9245,14,34,1,0,7,0,3,0,33,34,0,0
9246,14,34,1,0,7,0,3,0,33,34,0,0
9247,14,34,1,0,7,0,3,0,33,34,0,0
9248,14,34,1,0,7,0,3,0,33,34,0,0
9249,14,34,1,0,7,0,3,0,33,34,0,0
9250,14,34,1,0,7,0,3,0,33,34,0,0
9251,14,34,1,0,7,0,3,0,33,34,0,0
9252,14,34,1,0,7,0,3,0,33,34,0,0
9253,14,34,1,0,7,0,3,0,33,34,0,0
9254,14,34,1,0,7,0,3,0,33,34,0,0
9255,14,34,1,0,7,0,3,0,33,34,0,0
9256,14,34,1,0,7,0,3,0,33,34,0,0
9257,14,34,1,0,7,0,3,0,33,34,0,0
9258,14,34,1,0,7,0,3,0,33,34,0,0
9259,14,34,1,0,7,0,3,0,33,34,0,0
9260,14,34,1,0,7,0,3,0,33,34,0,0
9261,14,34,1,0,7,0,3,0,33,34,0,0
9262,14,34,1,0,7,0,3,0,33,34,0,0
9263,14,34,1,0,7,0,3,0,33,34,0,0
9264,14,34,1,0,7,0,3,0,33,34,0,0
9265,14,34,1,0,7,0,3,0,33,34,0,0
9266,14,34,1,0,7,0,3,0,33,34,0,0
9267,14,34,1,0,7,0,3,0,33,34,0,0
9268,14,34,1,0,7,0,3,0,33,34,0,0
9269,14,34,1,0,7,0,3,0,33,34,0,0
9270,14,34,1,0,7,0,3,0,33,34,0,0
9271,14,34,1,0,7,0,3,0,33,34,0,0
9272,14,34,1,0,7,0,3,0,33,34,0,0
9273,14,34,1,0,7,0,3,0,33,34,0,0
9274,14,34,1,0,7,0,3,0,33,34,0,0
9275,14,34,1,0,7,0,3,0,33,34,0,0
9276,14,34,1,0,7,0,3,0,33,34,0,0
9277,14,34,1,0,7,0,3,0,33,34,0,0
9278,14,34,1,0,7,0,3,0,33,34,0,0
9279,14,34,1,0,7,0,3,0,33,34,0,0
9280,14,34,1,0,7,0,3,0,33,34,0,0
9281,14,34,1,0,7,0,3,0,33,34,0,0
9282,14,34,1,0,7,0,3,0,33,34,0,0
9283,14,34,1,0,7,0,3,0,33,34,0,0
9284,14,34,1,0,7,0,3,0,33,34,0,0
9285,14,34,1,0,7,0,3,0,33,34,0,0
9286,14,34,1,0,7,0,3,0,33,34,0,0
9287,14,34,1,0,7,0,3,0,33,34,0,0
9288,14,34,1,0,7,0,3,0,33,34,0,0
9289,14,34,1,0,7,0,3,0,33,34,0,0
9290,14,34,1,0,7,0,3,0,33,34,0,0
9291,14,34,1,0,7,0,3,0,33,34,0,0
9292,14,34,1,0,7,0,3,0,33,34,0,0
9293,14,34,1,0,7,0,3,0,33,34,0,0
9294,14,34,1,0,7,0,3,0,33,34,0,0
9295,14,34,1,0,7,0,3,0,33,34,0,0
9296,14,34,1,0,7,0,3,0,33,34,0,0
9297,14,34,1,0,7,0,3,0,33,34,0,0
9298,14,34,1,0,7,0,3,0,33,34,0,0
9299,14,34,1,0,7,0,3,0,33,34,0,0
9300,14,34,1,0,7,0,3,0,33,34,0,0
9301,14,34,1,0,7,0,3,0,33,34,0,0
9302,14,34,1,0,7,0,3,0,33,34,0,0
9303,14,34,1,0,7,0,3,0,33,34,0,0
9304,14,34,1,0,7,0,3,0,33,34,0,0
9305,14,34,1,0,7,0,3,0,33,34,0,0
9306,14,34,1,0,7,0,3,0,33,34,0,0
9307,14,34,1,0,7,0,3,0,33,34,0,0
9308,14,34,1,0,7,0,3,0,33,34,0,0
9309,14,34,1,0,7,0,3,0,33,34,0,0
9310,14,34,1,0,7,0,3,0,33,34,0,0
9311,14,34,1,0,7,0,3,0,33,34,0,0
9312,14,34,1,0,7,0,3,0,33,34,0,0
9313,14,34,1,0,7,0,3,0,33,34,0,0
9314,14,34,1,0,7,0,3,0,33,34,0,0
9315,14,34,1,0,7,0,3,0,33,34,0,0
9316,14,34,1,0,7,0,3,0,33,34,0,0
9317,14,34,1,0,7,0,3,0,33,34,0,0
9318,14,34,1,0,7,0,3,0,33,34,0,0
9319,14,34,1,0,7,0,3,0,33,34,0,0
9320,14,34,1,0,7,0,3,0,33,34,0,0
9321,14,34,1,0,7,0,3,0,33,34,0,0
9322,14,34,1,0,7,0,3,0,33,34,0,0
9323,14,34,1,0,7,0,3,0,33,34,0,0
9324,14,34,1,0,7,0,3,0,33,34,0,0
9325,14,34,1,0,7,0,3,0,33,34,0,0
9326,14,34,1,0,7,0,3,0,33,34,0,0
9327,14,34,1,0,7,0,3,0,33,34,0,0
9328,14,34,1,0,7,0,3,0,33,34,0,0
9329,14,34,1,0,7,0,3,0,33,34,0,0
9330,14,34,1,0,7,0,3,0,33,34,0,0
9331,14,34,1,0,7,0,3,0,33,34,0,0
9332,14,34,1,0,7,0,3,0,33,34,0,0
9333,14,34,1,0,7,0,3,0,33,34,0,0
9334,14,34,1,0,7,0,3,0,33,34,0,0
9335,14,34,1,0,7,0,3,0,33,34,0,0
9336,14,34,1,0,7,0,3,0,33,34,0,0
9337,14,34,1,0,7,0,3,0,33,34,0,0
9338,14,34,1,0,7,0,3,0,33,34,0,0
9339,14,34,1,0,7,0,3,0,33,34,0,0
9340,14,34,1,0,7,0,3,0,33,34,0,0
9341,14,34,1,0,7,0,3,0,33,34,0,0
9342,14,34,1,0,7,0,3,0,33,34,0,0
9343,14,34,1,0,7,0,3,0,33,34,0,0
9344,14,34,1,0,7,0,3,0,33,34,0,0
9345,14,34,1,0,7,0,3,0,33,34,0,0
9346,14,34,1,0,7,0,3,0,33,34,0,0
9347,14,34,1,0,7,0,3,0,33,34,0,0
9348,14,34,1,0,7,0,3,0,33,34,0,0
9349,14,34,1,0,7,0,3,0,33,34,0,0
9350,14,34,1,0,7,0,7,0,33,34,0,0
9351,14,34,1,0,7,0,7,0,33,34,0,0
9352,14,34,1,0,7,0,7,0,33,34,0,0
9353,14,34,1,0,7,0,7,0,33,34,0,0
9354,14,34,1,0,7,0,7,0,33,34,0,0
9355,14,34,1,0,7,0,7,0,33,34,0,0
9356,14,34,1,0,7,0,7,0,33,34,0,0
9357,14,34,1,0,7,0,7,0,33,34,0,0
9358,14,34,1,0,7,0,7,0,33,34,0,0
9359,14,34,1,0,7,0,7,0,33,34,0,0
9360,14,34,1,0,7,0,7,0,33,34,0,0
9361,14,34,1,0,7,0,7,0,33,34,0,0
9362,14,34,1,0,7,0,7,0,33,34,0,0
9363,14,30,5,0,7,0,7,0,33,34,0,0
9364,14,30,5,0,7,0,7,0,33,34,0,0
9365,14,30,5,0,7,0,7,0,33,34,0,0
9366,14,30,5,0,7,0,7,0,33,34,0,0
9367,14,30,5,0,7,0,7,0,33,34,0,0
9368,14,30,5,0,7,0,7,0,33,34,0,0
9369,14,30,5,0,7,0,7,0,33,34,0,0
9370,14,30,5,0,7,0,7,0,33,34,0,0
9371,14,30,5,0,7,0,7,0,33,34,0,0
9372,14,30,5,0,7,0,7,0,33,34,0,0
9373,14,30,5,0,7,0,7,0,33,34,0,0
9374,14,30,5,0,7,0,7,0,33,34,0,0
9375,14,30,5,0,7,0,7,0,33,34,0,0
9376,14,30,5,0,7,0,7,0,33,34,0,0
9377,14,30,5,0,7,0,7,0,33,34,0,0
9378,14,30,5,0,7,0,7,0,33,34,0,0
9379,14,30,5,0,7,0,7,0,33,34,0,0
9380,14,30,5,0,7,0,7,0,33,34,0,0
9381,14,30,5,0,7,0,7,0,33,34,0,0
9382,14,30,5,0,7,0,7,0,33,34,0,0
9383,14,30,5,0,7,0,7,0,33,34,0,0
9384,14,30,5,0,7,0,7,0,33,34,0,0
9385,14,30,5,0,7,0,7,0,33,34,0,0
9386,14,30,5,0,7,0,7,0,33,34,0,0
9387,14,30,5,0,7,0,7,0,33,34,0,0
9388,14,30,5,0,7,0,7,0,33,34,0,0
9389,14,30,5,0,7,0,7,0,33,34,0,0
9390,14,30,5,0,7,0,7,0,33,34,0,0
9391,14,30,5,0,7,0,7,0,33,34,0,0
9392,14,30,5,0,7,0,7,0,33,34,0,0
9393,14,30,5,0,7,0,7,0,33,34,0,0
9394,14,30,5,0,7,0,7,0,33,34,0,0
9395,14,30,5,0,7,0,7,0,33,34,0,0
9396,14,30,5,0,7,0,7,0,33,34,0,0
9397,14,30,5,0,7,0,7,0,33,34,0,0
9398,14,30,5,0,7,0,7,0,33,34,0,0
9399,14,30,5,0,7,0,7,0,33,34,0,0
9400,14,30,5,0,7,0,7,0,33,34,0,0
9401,14,30,5,0,7,0,7,0,33,34,0,0
9402,14,30,5,0,7,0,7,0,33,34,0,0
9403,14,30,5,0,7,0,7,0,33,34,0,0
9404,14,30,5,0,7,0,7,0,33,34,0,0
9405,14,30,5,0,7,0,7,0,33,34,0,0
9406,14,30,5,0,7,0,7,0,33,34,0,0
9407,14,30,5,0,7,0,7,0,33,34,0,0
9408,14,30,5,0,7,0,7,0,33,34,0,0
9409,14,30,5,0,7,0,7,0,33,34,0,0
9410,14,30,5,0,7,0,7,0,33,34,0,0
9411,14,30,5,0,7,0,7,0,33,34,0,0
9412,14,30,5,0,7,0,7,0,33,34,0,0
9413,14,30,5,0,7,0,7,0,33,34,0,0
9414,14,30,5,0,7,0,7,0,33,34,0,0
9415,14,30,5,0,7,0,7,0,33,34,0,0
9416,14,30,5,0,7,0,7,0,33,34,0,0
9417,14,30,5,0,7,0,7,0,33,34,0,0
9418,14,30,5,0,7,0,7,0,33,34,0,0
9419,14,30,5,0,7,0,7,0,33,34,0,0
9420,14,30,5,0,7,0,7,0,33,34,0,0
9421,14,30,5,0,7,0,7,0,33,34,0,0
9422,14,30,5,0,7,0,7,0,33,34,0,0
9423,14,30,5,0,7,0,7,0,33,34,0,0
9424,14,30,5,0,7,0,7,0,33,34,0,0
9425,14,30,5,0,7,0,7,0,33,34,0,0
9426,14,30,5,0,7,0,7,0,33,34,0,0
9427,14,30,5,0,7,0,7,0,33,34,0,0
9428,14,30,5,0,7,0,7,0,33,34,0,0
9429,14,30,5,0,7,0,7,0,33,34,0,0
9430,14,30,5,0,7,0,7,0,33,34,0,0
9431,14,30,5,0,7,0,7,0,33,34,0,0
9432,14,30,5,0,7,0,7,0,33,34,0,0
9433,14,30,5,0,7,0,7,0,33,34,0,0
9434,14,30,5,0,7,0,7,0,33,34,0,0
9435,14,30,5,0,7,0,7,0,33,34,0,0
9436,14,30,5,0,7,0,7,0,33,34,0,0
9437,14,30,5,0,7,0,7,0,33,34,0,0
9438,14,30,5,0,7,0,7,0,33,34,0,0
9439,14,30,5,0,7,0,7,0,33,34,0,0
9440,14,30,5,0,7,0,7,0,33,34,0,0
9441,14,30,5,0,7,0,7,0,33,34,0,0
9442,14,30,5,0,7,0,7,0,33,34,0,0
9443,14,30,5,0,7,0,7,0,33,34,0,0
9444,14,30,5,0,7,0,7,0,33,34,0,0
9445,14,30,5,0,7,0,7,0,33,34,0,0
9446,14,30,5,0,7,0,7,0,33,34,0,0
9447,14,30,5,0,7,0,7,0,33,34,0,0
9448,14,30,5,0,7,0,7,0,33,34,0,0
9449,14,30,5,0,7,0,7,0,33,34,0,0
9450,14,30,5,0,7,0,7,0,33,34,0,0
9451,14,30,5,0,7,0,7,0,33,34,0,0
9452,14,30,5,0,7,0,7,0,33,34,0,0
9453,14,30,5,0,7,0,7,0,33,34,0,0
9454,14,30,5,0,7,0,7,0,33,34,0,0
9455,14,30,5,0,7,0,7,0,33,34,0,0
9456,14,30,5,0,7,0,7,0,33,34,0,0
9457,14,30,5,0,7,0,7,0,33,34,0,0
9458,14,30,5,0,7,0,7,0,33,34,0,0
9459,14,30,5,0,7,0,7,0,33,34,0,0
9460,14,30,5,0,7,0,7,0,33,34,0,0
9461,14,30,5,0,7,0,7,0,33,34,0,0
9462,14,30,5,0,7,0,7,0,33,34,0,0
9463,14,30,5,0,7,0,7,0,33,34,0,0
9464,14,30,5,0,7,0,7,0,33,34,0,0
9465,14,30,5,0,7,0,7,0,33,34,0,0
9466,14,30,5,0,7,0,7,0,33,34,0,0
9467,14,30,5,0,7,0,7,0,33,34,0,0
9468,14,30,5,0,7,0,7,0,33,34,0,0
9469,14,30,5,0,7,0,7,0,33,34,0,0
9470,14,30,5,0,7,0,7,0,33,34,0,0
9471,14,30,5,0,7,0,7,0,33,34,0,0
9472,14,30,5,0,7,0,7,0,33,34,0,0
9473,14,30,5,0,7,0,7,0,33,34,0,0
9474,14,30,5,0,7,0,7,0,33,34,0,0
9475,14,30,5,0,7,0,7,0,33,34,0,0
9476,14,30,5,0,7,0,7,0,33,34,0,0
9477,14,30,5,0,7,0,7,0,33,34,0,0
9478,14,30,5,0,7,0,7,0,33,34,0,0
9479,14,30,5,0,7,0,7,0,33,34,0,0
9480,14,30,5,0,7,0,7,0,33,34,0,0
9481,14,30,5,0,7,0,7,0,33,34,0,0
9482,14,30,5,0,7,0,7,0,33,34,0,0
9483,14,30,5,0,7,0,7,0,33,34,0,0
9484,14,30,5,0,7,0,7,0,33,34,0,0
9485,14,30,5,0,7,0,7,0,33,34,0,0
9486,14,30,5,0,7,0,7,0,33,34,0,0
9487,14,30,5,0,7,0,7,0,33,34,0,0
9488,14,30,5,0,7,0,7,0,33,34,0,0
9489,14,30,5,0,7,0,7,0,33,34,0,0
9490,14,30,5,0,7,0,7,0,33,34,0,0
9491,14,30,5,0,7,0,7,0,33,34,0,0
9492,14,30,5,0,7,0,7,0,33,34,0,0
9493,14,30,5,0,7,0,7,0,33,34,0,0
9494,14,30,5,0,7,0,7,0,33,34,0,0
9495,14,30,5,0,7,0,7,0,33,34,0,0
9496,14,30,5,0,7,0,7,0,33,34,0,0
9497,14,30,5,0,7,0,7,0,33,34,0,0
9498,14,30,5,0,7,0,7,0,33,34,0,0
9499,14,30,5,0,7,0,7,0,33,34,0,0
9500,14,30,5,0,7,0,7,0,33,34,0,0
9501,14,30,5,0,7,0,7,0,33,34,0,0
9502,14,30,5,0,7,0,7,0,33,34,0,0
9503,14,30,5,0,7,0,7,0,33,34,0,0
9504,14,30,5,0,7,0,7,0,33,34,0,0
9505,14,30,5,0,7,0,7,0,33,34,0,0
9506,14,30,5,0,7,0,7,0,33,34,0,0
9507,14,30,5,0,7,0,7,0,33,34,0,0
9508,14,30,5,0,7,0,7,0,33,34,0,0
9509,14,30,5,0,7,0,7,0,33,34,0,0
9510,14,30,5,0,7,0,7,0,33,34,0,0
9511,14,30,5,0,7,0,7,0,33,34,0,0
9512,14,30,5,0,7,0,7,0,33,34,0,0
9513,14,30,5,0,7,0,7,0,33,34,0,0
9514,14,30,5,0,7,0,7,0,33,34,0,0
9515,14,30,5,0,7,0,7,0,33,34,0,0
9516,14,30,5,0,7,0,7,0,33,34,0,0
9517,14,30,5,0,7,0,7,0,33,34,0,0
9518,14,30,5,0,7,0,7,0,33,34,0,0
9519,14,30,5,0,7,0,7,0,33,34,0,0
9520,14,30,5,0,7,0,7,0,33,34,0,0
9521,14,30,5,0,7,0,7,0,33,34,0,0
9522,14,30,5,0,7,0,7,0,33,34,0,0
9523,14,30,5,0,7,0,7,0,33,34,0,0
9524,14,30,5,0,7,0,7,0,33,34,0,0
9525,14,30,5,0,7,0,7,0,33,34,0,0
9526,14,30,5,0,7,0,7,0,33,34,0,0
9527,14,30,5,0,7,0,7,0,33,34,0,0
9528,14,30,5,0,7,0,7,0,33,34,0,0
9529,14,30,5,0,7,0,7,0,33,34,0,0
9530,14,30,5,0,7,0,7,0,33,34,0,0
9531,14,30,5,0,7,0,7,0,33,34,0,0
9532,14,30,5,0,7,0,7,0,33,34,0,0
9533,14,30,5,0,7,0,7,0,33,34,0,0
9534,14,30,5,0,7,0,7,0,33,34,0,0
9535,14,30,5,0,7,0,7,0,33,34,0,0
9536,14,30,5,0,7,0,7,0,33,34,0,0
9537,14,30,5,0,7,0,7,0,33,34,0,0
9538,14,30,5,0,7,0,7,0,33,34,0,0
9539,14,30,5,0,7,0,7,0,33,34,0,0
9540,14,30,5,0,7,0,7,0,33,34,0,0
9541,14,30,5,0,7,0,7,0,33,34,0,0
9542,14,30,5,0,7,0,7,0,33,34,0,0
9543,14,30,5,0,7,0,7,0,33,34,0,0
9544,14,30,5,0,7,0,7,0,33,34,0,0
9545,14,30,5,0,7,0,7,0,33,34,0,0
9546,14,30,5,0,7,0,7,0,33,34,0,0
9547,14,30,5,0,7,0,7,0,33,34,0,0
9548,14,30,5,0,7,0,7,0,33,34,0,0
9549,14,30,5,0,7,0,7,0,33,34,0,0
9550,14,30,5,0,7,0,7,0,33,34,0,0
9551,14,30,5,0,7,0,7,0,33,34,0,0
9552,14,30,5,0,7,0,7,0,33,34,0,0
9553,14,30,5,0,7,0,7,0,33,34,0,0
9554,14,30,5,0,7,0,7,0,33,34,0,0
9555,14,30,5,0,7,0,7,0,33,34,0,0
9556,14,30,5,0,7,0,7,0,33,34,0,0
9557,14,30,5,0,7,0,7,0,33,34,0,0
9558,14,30,5,0,7,0,7,0,33,34,0,0
9559,14,30,5,0,7,0,7,0,33,34,0,0
9560,14,30,5,0,7,0,7,0,33,34,0,0
9561,14,30,5,0,7,0,7,0,33,34,0,0
9562,14,30,5,0,7,0,7,0,33,34,0,0
9563,14,30,5,0,7,0,7,0,33,34,0,0
9564,14,30,5,0,7,0,7,0,33,34,0,0
9565,14,30,5,0,7,0,7,0,33,34,0,0
9566,14,30,5,0,7,0,7,0,33,34,0,0
9567,14,30,5,0,7,0,7,0,33,34,0,0
9568,14,30,5,0,7,0,7,0,33,34,0,0
9569,14,30,5,0,7,0,7,0,33,34,0,0
9570,14,30,5,0,7,0,7,0,33,34,0,0
9571,14,30,5,0,7,0,7,0,33,34,0,0
9572,14,30,5,0,7,0,7,0,33,34,0,0
9573,14,30,5,0,7,0,7,0,33,34,0,0
9574,14,30,5,0,7,0,7,0,33,34,0,0
9575,14,30,5,0,7,0,7,0,33,34,0,0
9576,14,30,5,0,7,0,7,0,33,34,0,0
9577,14,30,5,0,7,0,7,0,33,34,0,0
9578,14,30,5,0,7,0,7,0,33,34,0,0
9579,14,30,5,0,7,0,7,0,33,34,0,0
9580,14,30,5,0,7,0,7,0,33,34,0,0
9581,14,30,5,0,7,0,7,0,33,34,0,0
9582,14,30,5,0,7,0,7,0,33,34,0,0
9583,14,30,5,0,7,0,7,0,33,34,0,0
9584,14,30,5,0,7,0,7,0,33,34,0,0
9585,14,30,5,0,7,0,7,0,33,34,0,0
9586,14,30,5,0,7,0,7,0,33,34,0,0
9587,14,30,5,0,7,0,7,0,33,34,0,0
9588,14,30,5,0,7,0,7,0,33,34,0,0
9589,14,30,5,0,7,0,7,0,33,34,0,0
9590,14,30,5,0,7,0,7,0,33,34,0,0
9591,14,30,5,0,7,0,7,0,33,34,0,0
9592,14,30,5,0,7,0,7,0,33,34,0,0
9593,14,30,5,0,7,0,7,0,33,34,0,0
9594,14,30,5,0,7,0,7,0,33,34,0,0
9595,14,30,5,0,7,0,7,0,33,34,0,0
9596,14,30,5,0,7,0,7,0,33,34,0,0
9597,14,30,5,0,7,0,7,0,33,34,0,0
9598,14,30,5,0,7,0,7,0,33,34,0,0
9599,14,30,5,0,7,0,7,0,33,34,0,0
9600,14,30,5,0,7,0,7,0,33,34,0,0
9601,14,30,5,0,7,0,7,0,33,34,0,0
9602,14,30,5,0,7,0,7,0,33,34,0,0
9603,14,30,5,0,7,0,7,0,33,34,0,0
9604,14,30,5,0,7,0,7,0,33,34,0,0
9605,14,30,5,0,7,0,7,0,33,34,0,0
9606,14,30,5,0,7,0,7,0,33,34,0,0
9607,14,30,5,0,7,0,7,0,33,34,0,0
9608,14,30,5,0,7,0,7,0,33,34,0,0
9609,14,30,5,0,7,0,7,0,33,34,0,0
9610,14,30,5,0,7,0,7,0,33,34,0,0
9611,14,30,5,0,7,0,7,0,33,34,0,0
9612,14,30,5,0,7,0,7,0,33,34,0,0
9613,14,30,5,0,7,0,7,0,33,34,0,0
9614,14,30,5,0,7,0,7,0,33,34,0,0
9615,14,30,5,0,7,0,7,0,33,34,0,0
9616,14,30,5,0,7,0,7,0,33,34,0,0
9617,14,30,5,0,7,0,7,0,33,34,0,0
9618,14,30,5,0,7,0,7,0,33,34,0,0
9619,14,30,5,0,7,0,7,0,33,34,0,0
9620,14,30,5,0,7,0,7,0,33,34,0,0
9621,14,30,5,0,7,0,7,0,33,34,0,0
9622,14,30,5,0,7,0,7,0,33,34,0,0
9623,14,30,5,0,7,0,7,0,33,34,0,0
9624,14,30,5,0,7,0,7,0,33,34,0,0
9625,14,30,5,0,7,0,7,0,33,34,0,0
9626,14,30,5,0,7,0,7,0,33,34,0,0
9627,14,30,5,0,7,0,7,0,33,34,0,0
9628,14,30,5,0,7,0,7,0,33,34,0,0
9629,14,30,5,0,7,0,7,0,33,34,0,0
9630,14,30,5,0,7,0,7,0,33,34,0,0
9631,14,30,5,0,7,0,7,0,33,34,0,0
9632,14,30,5,0,7,0,7,0,33,34,0,0
9633,14,30,5,0,7,0,7,0,33,34,0,0
9634,14,30,5,0,7,0,7,0,33,34,0,0
9635,14,30,5,0,7,0,7,0,33,34,0,0
9636,14,30,5,0,7,0,7,0,33,34,0,0
9637,14,30,5,0,7,0,7,0,33,34,0,0
9638,14,30,5,0,7,0,7,0,33,34,0,0
9639,14,30,5,0,7,0,7,0,33,34,0,0
9640,14,30,5,0,7,0,7,0,33,34,0,0
9641,14,30,5,0,7,0,7,0,33,34,0,0
9642,14,30,5,0,7,0,7,0,33,34,0,0
9643,14,30,5,0,7,0,7,0,33,34,0,0
9644,14,30,5,0,7,0,7,0,33,34,0,0
9645,14,30,5,0,7,0,7,0,33,34,0,0
9646,14,30,5,0,7,0,7,0,33,34,0,0
9647,14,30,5,0,7,0,7,0,33,34,0,0
9648,14,30,5,0,7,0,7,0,33,34,0,0
9649,14,30,5,0,7,0,7,0,33,34,0,0
9650,14,30,5,0,7,0,7,0,33,34,0,0
9651,14,30,5,0,7,0,7,0,33,34,0,0
9652,14,30,5,0,7,0,7,0,33,34,0,0
9653,14,30,5,0,7,0,7,0,33,34,0,0
9654,14,30,5,0,7,0,7,0,33,34,0,0
9655,14,30,5,0,7,0,7,0,33,34,0,0
9656,14,30,5,0,7,0,7,0,33,34,0,0
9657,14,30,5,0,7,0,7,0,33,34,0,0
9658,14,30,5,0,7,0,7,0,33,34,0,0
9659,14,30,5,0,7,0,7,0,33,34,0,0
9660,14,30,5,0,7,0,7,0,33,34,0,0
9661,14,30,5,0,7,0,7,0,33,34,0,0
9662,14,30,5,0,7,0,7,0,33,34,0,0
9663,14,26,5,3,7,0,7,0,33,34,1,0
9664,14,26,5,3,7,0,7,0,33,34,1,0
9665,14,26,5,3,7,0,7,0,33,34,1,0
9666,14,26,5,3,7,0,7,0,33,34,1,0
9667,14,26,5,3,7,0,7,0,33,34,1,0
9668,14,26,5,3,7,0,7,0,33,34,1,0
9669,14,26,5,3,7,0,7,0,33,34,1,0
9670,14,26,5,3,7,0,7,0,33,34,1,0
9671,14,26,5,3,7,0,7,0,33,34,1,0
9672,14,26,5,3,7,0,7,0,33,34,1,0
9673,14,26,5,3,7,0,7,0,33,34,1,0
9674,14,26,5,3,7,0,7,0,33,34,1,0
9675,14,26,5,3,7,0,7,0,33,34,1,0
9676,14,26,5,3,7,0,7,0,33,34,1,0
9677,14,26,5,3,7,0,7,0,33,34,1,0
9678,14,26,5,3,7,0,7,0,33,34,1,0
9679,14,26,5,3,7,0,7,0,33,34,1,0
9680,14,26,5,3,7,0,7,0,33,34,1,0
9681,14,26,5,3,7,0,7,0,33,34,1,0
9682,14,26,5,3,7,0,7,0,33,34,1,0
9683,14,26,5,3,7,0,7,0,33,34,1,0
9684,14,26,5,3,7,0,7,0,33,34,1,0
9685,14,26,5,3,7,0,7,0,33,34,1,0
9686,14,26,5,3,7,0,7,0,33,34,1,0
9687,14,26,5,3,7,0,7,0,33,34,1,0
9688,14,26,5,3,7,0,7,0,33,34,1,0
9689,14,26,5,3,7,0,7,0,33,34,1,0
9690,14,26,5,3,7,0,7,0,33,34,1,0
9691,14,26,5,3,7,0,7,0,33,34,1,0
9692,14,26,5,3,7,0,7,0,33,34,1,0
9693,14,26,5,3,7,0,7,0,33,34,1,0
9694,14,26,5,3,7,0,7,0,33,34,1,0
9695,14,26,5,3,7,0,7,0,33,34,1,0
9696,14,26,5,3,7,0,7,0,33,34,1,0
9697,14,26,5,3,7,0,7,0,33,34,1,0
9698,14,26,5,3,7,0,7,0,33,34,1,0
9699,14,26,5,3,7,0,7,0,33,34,1,0
9700,14,26,5,3,7,0,7,0,33,34,1,0
9701,14,26,5,3,7,0,7,0,33,34,1,0
9702,14,26,5,3,7,0,7,0,33,34,1,0
9703,14,26,5,3,7,0,7,0,33,34,1,0
9704,14,26,5,3,7,0,7,0,33,34,1,0
9705,14,26,5,3,7,0,7,0,33,34,1,0
9706,14,26,5,3,7,0,7,0,33,34,1,0
9707,14,26,5,3,7,0,7,0,33,34,1,0
9708,14,26,5,2,7,1,7,0,33,34,1,0
9709,14,26,5,2,7,1,7,0,33,34,1,0
9710,14,26,5,2,7,1,7,0,33,34,1,0
9711,14,26,5,2,7,1,7,0,33,34,1,0
9712,14,26,5,2,7,1,7,0,33,34,1,0
9713,14,26,5,2,7,1,7,0,33,34,1,0
9714,14,26,5,2,7,1,7,0,33,34,1,0
9715,14,26,5,2,7,1,7,0,33,34,1,0
9716,14,26,5,2,7,1,7,0,33,34,1,0
9717,14,26,5,2,7,1,7,0,33,34,1,0
9718,14,26,5,2,7,1,7,0,33,34,1,0
9719,14,26,5,2,7,1,7,0,33,34,1,0
9720,14,26,5,2,7,1,7,0,33,34,1,0
9721,14,26,5,2,7,1,7,0,33,34,1,0
9722,14,26,5,2,7,1,7,0,33,34,1,0
9723,14,26,5,2,7,1,7,0,33,34,1,0
9724,14,26,5,2,7,1,7,0,33,34,1,0
9725,14,26,5,2,7,1,7,0,33,34,1,0
9726,14,26,5,2,7,1,7,0,33,34,1,0
9727,14,26,5,2,7,1,7,0,33,34,1,0
9728,14,26,5,2,7,1,7,0,33,34,1,0
9729,14,26,5,2,7,1,7,0,33,34,1,0
9730,14,26,5,2,7,1,7,0,33,34,1,0
9731,14,26,5,2,7,1,7,0,33,34,1,0
9732,14,26,5,2,7,1,7,0,33,34,1,0
9733,14,26,5,2,7,1,7,0,33,34,1,0
9734,14,26,5,2,7,1,7,0,33,34,1,0
9735,14,26,5,2,7,1,7,0,33,34,1,0
9736,14,26,5,2,7,1,7,0,33,34,1,0
9737,14,26,5,2,7,1,7,0,33,34,1,0
9738,14,26,5,1,7,2,7,0,33,34,1,0
9739,14,26,5,1,7,2,7,0,33,34,1,0
9740,14,26,5,1,7,2,7,0,33,34,1,0
9741,14,26,5,1,7,2,7,0,33,34,1,0
9742,14,26,5,1,7,2,7,0,33,34,1,0
9743,14,26,5,1,7,2,7,0,33,34,1,0
9744,14,26,5,1,7,2,7,0,33,34,1,0
9745,14,26,5,1,7,2,7,0,33,34,1,0
9746,14,26,5,1,7,2,7,0,33,34,1,0
9747,14,26,5,1,7,2,7,0,33,34,1,0
9748,14,26,5,1,7,2,7,0,33,34,1,0
9749,14,26,5,1,7,2,7,0,33,34,1,0
9750,14,26,5,1,7,2,7,0,33,34,1,0
9751,14,26,5,1,7,2,7,0,33,34,1,0
9752,14,26,5,1,7,2,7,0,33,34,1,0
9753,14,26,5,1,7,2,7,0,33,34,1,0
9754,14,26,5,1,7,2,7,0,33,34,1,0
9755,14,26,5,1,7,2,7,0,33,34,1,0
9756,14,26,5,1,7,2,7,0,33,34,1,0
9757,14,26,5,1,7,2,7,0,33,34,1,0
9758,14,26,5,1,7,2,7,0,33,34,1,0
9759,14,26,5,1,7,2,7,0,33,34,1,0
9760,14,26,5,1,7,2,7,0,33,34,1,0
9761,14,26,5,1,7,2,7,0,33,34,1,0
9762,14,26,5,1,7,2,7,0,33,34,1,0
9763,14,26,5,1,7,2,7,0,33,34,1,0
9764,14,26,5,1,7,2,7,0,33,34,1,0
9765,14,26,5,1,7,2,7,0,33,34,1,0
9766,14,26,5,1,7,2,7,0,33,34,1,0
9767,14,26,5,1,7,2,7,0,33,34,1,0
9768,14,26,5,0,7,3,7,0,33,34,1,0
9769,14,26,5,0,7,3,7,0,33,34,1,0
9770,14,26,5,0,7,3,7,0,33,34,1,0
9771,14,26,5,0,7,3,7,0,33,34,1,0
9772,14,26,5,0,7,3,7,0,33,34,1,0
9773,14,26,5,0,7,3,7,0,33,34,1,0
9774,14,26,5,0,7,3,7,0,33,34,1,0
9775,14,26,5,0,7,3,7,0,33,34,1,0
9776,14,26,5,0,7,3,7,0,33,34,1,0
9777,14,26,5,0,7,3,7,0,33,34,1,0
9778,14,26,5,0,7,3,7,0,33,34,1,0
9779,14,26,5,0,7,3,7,0,33,34,1,0
9780,14,26,5,0,7,3,7,0,33,34,1,0
9781,14,26,5,0,7,3,7,0,33,34,1,0
9782,14,26,5,0,7,3,7,0,33,34,1,0
9783,14,26,5,0,7,3,7,0,33,34,1,0
9784,14,26,5,0,7,3,7,0,33,34,1,0
9785,14,26,5,0,7,3,7,0,33,34,1,0
9786,14,26,5,0,7,3,7,0,33,34,1,0
9787,14,26,5,0,7,3,7,0,33,34,1,0
9788,14,26,5,0,7,3,7,0,33,34,1,0
9789,14,26,5,0,7,3,7,0,33,34,1,0
9790,14,26,5,0,7,3,7,0,33,34,1,0
9791,14,26,5,0,7,3,7,0,33,34,1,0
9792,14,26,5,0,7,3,7,0,33,34,1,0
9793,14,26,5,0,7,3,7,0,33,34,1,0
9794,14,26,5,0,7,3,7,0,33,34,1,0
9795,14,26,5,0,7,3,7,0,33,34,1,0
9796,14,26,5,0,7,3,7,0,33,34,1,0
9797,14,26,5,0,7,3,7,0,33,34,1,0
9798,14,26,5,0,7,0,7,0,33,34,1,0
9799,14,26,5,0,7,0,7,0,33,34,1,0
9800,14,26,5,0,7,0,7,0,33,34,1,0
9801,14,26,5,0,7,0,7,0,33,34,1,0
9802,14,26,5,0,7,0,7,0,33,34,1,0
9803,14,26,5,0,7,0,7,0,33,34,1,0
9804,14,26,5,0,7,0,7,0,33,34,1,0
9805,14,26,5,0,7,0,7,0,33,34,1,0
9806,14,26,5,0,7,0,7,0,33,34,1,0
9807,14,26,5,0,7,0,7,0,33,34,1,0
9808,14,26,5,0,7,0,7,0,33,34,1,0
9809,14,26,5,0,7,0,7,0,33,34,1,0
9810,14,26,5,0,7,0,7,0,33,34,1,0
9811,14,26,5,0,7,0,7,0,33,34,1,0
9812,14,26,5,0,7,0,7,0,33,34,1,0
9813,14,26,5,0,7,0,7,0,33,34,1,0
9814,14,26,5,0,7,0,7,0,33,34,1,0
9815,14,26,5,0,7,0,7,0,33,34,1,0
9816,14,26,5,0,7,0,7,0,33,34,1,0
9817,14,26,5,0,7,0,7,0,33,34,1,0
9818,14,26,5,0,7,0,7,0,33,34,1,0
9819,14,26,5,0,7,0,7,0,33,34,1,0
9820,14,26,5,0,7,0,7,0,33,34,1,0
9821,14,26,5,0,7,0,7,0,33,34,1,0
9822,14,26,5,0,7,0,7,0,33,34,1,0
9823,14,26,5,0,7,0,7,0,33,34,1,0
9824,14,26,5,0,7,0,7,0,33,34,1,0
9825,14,26,5,0,7,0,7,0,33,34,1,0
9826,14,26,5,0,7,0,7,0,33,34,1,0
9827,14,26,5,0,7,0,7,0,33,34,1,0
9828,14,26,5,0,7,0,7,0,33,34,1,0
9829,14,26,5,0,7,0,7,0,33,34,1,0
9830,14,26,5,0,7,0,7,0,33,34,1,0
9831,14,26,5,0,7,0,7,0,33,34,1,0
9832,14,26,5,0,7,0,7,0,33,34,1,0
9833,14,26,5,0,7,0,7,0,33,34,1,0
9834,14,26,5,0,7,0,7,0,33,34,1,0
9835,14,26,5,0,7,0,7,0,33,34,1,0
9836,14,26,5,0,7,0,7,0,33,34,1,0
9837,14,26,5,0,7,0,7,0,33,34,1,0
9838,14,26,5,0,7,0,7,0,33,34,1,0
9839,14,26,5,0,7,0,7,0,33,34,1,0
9840,14,26,5,0,7,0,7,0,33,34,1,0
9841,14,26,5,0,7,0,7,0,33,34,1,0
9842,14,26,5,0,7,0,7,0,33,34,1,0
9843,14,26,5,0,7,0,7,0,33,34,1,0
9844,14,26,5,0,7,0,7,0,33,34,1,0
9845,14,26,5,0,7,0,7,0,33,34,1,0
9846,14,26,5,0,7,0,7,0,33,34,1,0
9847,14,26,5,0,7,0,7,0,33,34,1,0
9848,14,26,5,0,7,0,7,0,33,34,1,0
9849,14,26,5,0,7,0,7,0,33,34,1,0
9850,14,26,5,0,7,0,7,0,33,34,1,0
9851,14,26,5,0,7,0,7,0,33,34,1,0
9852,14,26,5,0,7,0,7,0,33,34,1,0
9853,14,26,5,0,7,0,7,0,33,34,1,0
9854,14,26,5,0,7,0,7,0,33,34,1,0
9855,14,26,5,0,7,0,7,0,33,34,1,0
9856,14,26,5,0,7,0,7,0,33,34,1,0
9857,14,26,5,0,7,0,7,0,33,34,1,0
9858,14,26,5,0,7,0,7,0,33,34,1,0
9859,14,26,5,0,7,0,7,0,33,34,1,0
9860,14,26,5,0,7,0,7,0,33,34,1,0
9861,14,26,5,0,7,0,7,0,33,34,1,0
9862,14,26,5,0,7,0,7,0,33,34,1,0
9863,14,26,5,0,7,0,7,0,33,34,1,0
9864,14,26,5,0,7,0,7,0,33,34,1,0
9865,14,26,5,0,7,0,7,0,33,34,1,0
9866,14,26,5,0,7,0,7,0,33,34,1,0
9867,14,26,5,0,7,0,7,0,33,34,1,0
9868,14,26,5,0,7,0,7,0,33,34,1,0
9869,14,26,5,0,7,0,7,0,33,34,1,0
9870,14,26,5,0,7,0,7,0,33,34,1,0
9871,14,26,5,0,7,0,7,0,33,34,1,0
9872,14,26,5,0,7,0,7,0,33,34,1,0
9873,14,26,5,0,7,0,7,0,33,34,1,0
9874,14,26,5,0,7,0,7,0,33,34,1,0
9875,14,26,5,0,7,0,7,0,33,34,1,0
9876,14,26,5,0,7,0,7,0,33,34,1,0
9877,14,26,5,0,7,0,7,0,33,34,1,0
9878,14,26,5,0,7,0,7,0,33,34,1,0
9879,14,26,5,0,7,0,7,0,33,34,1,0
9880,14,26,5,0,7,0,7,0,33,34,1,0
9881,14,26,5,0,7,0,7,0,33,34,1,0
9882,14,26,5,0,7,0,7,0,33,34,1,0
9883,14,26,5,0,7,0,7,0,33,34,1,0
9884,14,26,5,0,7,0,7,0,33,34,1,0
9885,14,26,5,0,7,0,7,0,33,34,1,0
9886,14,26,5,0,7,0,7,0,33,34,1,0
9887,14,26,5,0,7,0,7,0,33,34,1,0
9888,14,26,5,0,7,0,7,0,33,34,1,0
9889,14,26,5,0,7,0,7,0,33,34,1,0
9890,14,26,5,0,7,0,7,0,33,34,1,0
9891,14,26,5,0,7,0,7,0,33,34,1,0
9892,14,26,5,0,7,0,7,0,33,34,1,0
9893,14,26,5,0,7,0,7,0,33,34,1,0
9894,14,26,5,0,7,0,7,0,33,34,1,0
9895,14,26,5,0,7,0,7,0,33,34,1,0
9896,14,26,5,0,7,0,7,0,33,34,1,0
9897,14,26,5,0,7,0,7,0,33,34,1,0
9898,14,26,5,0,7,0,7,0,33,34,1,0
9899,14,26,5,0,7,0,7,0,33,34,1,0
9900,14,26,5,0,7,0,7,0,33,34,1,0
9901,14,26,5,0,7,0,7,0,33,34,1,0
9902,14,26,5,0,7,0,7,0,33,34,1,0
9903,14,26,5,0,7,0,7,0,33,34,1,0
9904,14,26,5,0,7,0,7,0,33,34,1,0
9905,14,26,5,0,7,0,7,0,33,34,1,0
9906,14,26,5,0,7,0,7,0,33,34,1,0
9907,14,26,5,0,7,0,7,0,33,34,1,0
9908,14,26,5,0,7,0,7,0,33,34,1,0
9909,14,26,5,0,7,0,7,0,33,34,1,0
9910,14,26,5,0,7,0,7,0,33,34,1,0
9911,14,26,5,0,7,0,7,0,33,34,1,0
9912,14,26,5,0,7,0,7,0,33,34,1,0
9913,14,26,5,0,7,0,7,0,33,34,1,0
9914,14,26,5,0,7,0,7,0,33,34,1,0
9915,14,26,5,0,7,0,7,0,33,34,1,0
9916,14,26,5,0,7,0,7,0,33,34,1,0
9917,14,26,5,0,7,0,7,0,33,34,1,0
9918,14,26,5,0,7,0,7,0,33,34,1,0
9919,14,26,5,0,7,0,7,0,33,34,1,0
9920,14,26,5,0,7,0,7,0,33,34,1,0
9921,14,26,5,0,7,0,7,0,33,34,1,0
9922,14,26,5,0,7,0,7,0,33,34,1,0
9923,14,26,5,0,7,0,7,0,33,34,1,0
9924,14,26,5,0,7,0,7,0,33,34,1,0
9925,14,26,5,0,7,0,7,0,33,34,1,0
9926,14,26,5,0,7,0,7,0,33,34,1,0
9927,14,26,5,0,7,0,7,0,33,34,1,0
9928,14,26,5,0,7,0,7,0,33,34,1,0
9929,14,26,5,0,7,0,7,0,33,34,1,0
9930,14,26,5,0,7,0,7,0,33,34,1,0
9931,14,26,5,0,7,0,7,0,33,34,1,0
9932,14,26,5,0,7,0,7,0,33,34,1,0
9933,14,26,5,0,7,0,7,0,33,34,1,0
9934,14,26,5,0,7,0,7,0,33,34,1,0
9935,14,26,5,0,7,0,7,0,33,34,1,0
9936,14,26,5,0,7,0,7,0,33,34,1,0
9937,14,26,5,0,7,0,7,0,33,34,1,0
9938,14,26,5,0,7,0,7,0,33,34,1,0
9939,14,26,5,0,7,0,7,0,33,34,1,0
9940,14,26,5,0,7,0,7,0,33,34,1,0
9941,14,26,5,0,7,0,7,0,33,34,1,0
9942,14,26,5,0,7,0,7,0,33,34,1,0
9943,14,26,5,0,7,0,7,0,33,34,1,0
9944,14,26,5,0,7,0,7,0,33,34,1,0
9945,14,26,5,0,7,0,7,0,33,34,1,0
9946,14,26,5,0,7,0,7,0,33,34,1,0
9947,14,26,5,0,7,0,7,0,33,34,1,0
9948,14,26,5,0,7,0,7,0,33,34,1,0
9949,14,26,5,0,7,0,7,0,33,34,1,0
9950,14,26,5,0,7,0,7,0,33,34,1,0
9951,14,26,5,0,7,0,7,0,33,34,1,0
9952,14,26,5,0,7,0,7,0,33,34,1,0
9953,14,26,5,0,7,0,7,0,33,34,1,0
9954,14,26,5,0,7,0,7,0,33,34,1,0
9955,14,26,5,0,7,0,7,0,33,34,1,0
9956,14,26,5,0,7,0,7,0,33,34,1,0
9957,14,26,5,0,7,0,7,0,33,34,1,0
9958,14,26,5,0,7,0,7,0,33,34,1,0
9959,14,26,5,0,7,0,7,0,33,34,1,0
9960,14,26,5,0,7,0,7,0,33,34,1,0
9961,14,26,5,0,7,0,7,0,33,34,1,0
9962,14,26,5,0,7,0,7,0,33,34,1,0
9963,14,22,5,3,7,0,7,0,33,34,1,0
9964,14,22,5,3,7,0,7,0,33,34,1,0
9965,14,22,5,3,7,0,7,0,33,34,1,0
9966,14,22,5,3,7,0,7,0,33,34,1,0
9967,14,22,5,3,7,0,7,0,33,34,1,0
9968,14,22,5,3,7,0,7,0,33,34,1,0
9969,14,22,5,3,7,0,7,0,33,34,1,0
9970,14,22,5,3,7,0,7,0,33,34,1,0
9971,14,22,5,3,7,0,7,0,33,34,1,0
9972,14,22,5,3,7,0,7,0,33,34,1,0
9973,14,22,5,3,7,0,7,0,33,34,1,0
9974,14,22,5,3,7,0,7,0,33,34,1,0
9975,14,22,5,3,7,0,7,0,33,34,1,0
9976,14,22,5,3,7,0,7,0,33,34,1,0
9977,14,22,5,3,7,0,7,0,33,34,1,0
9978,14,22,5,3,7,0,7,0,33,34,1,0
9979,14,22,5,3,7,0,7,0,33,34,1,0
9980,14,22,5,3,7,0,7,0,33,34,1,0
9981,14,22,5,3,7,0,7,0,33,34,1,0
9982,14,22,5,3,7,0,7,0,33,34,1,0
9983,14,22,5,3,7,0,7,0,33,34,1,0
9984,14,22,5,3,7,0,7,0,33,34,1,0
9985,14,22,5,3,7,0,7,0,33,34,1,0
9986,14,22,5,3,7,0,7,0,33,34,1,0
9987,14,22,5,3,7,0,7,0,33,34,1,0
9988,14,22,5,3,7,0,7,0,33,34,1,0
9989,14,22,5,3,7,0,7,0,33,34,1,0
9990,14,22,5,3,7,0,7,0,33,34,1,0
9991,14,22,5,3,7,0,7,0,33,34,1,0
9992,14,22,5,3,7,0,7,0,33,34,1,0
9993,14,22,5,2,7,1,7,0,33,34,1,0
9994,14,22,5,2,7,1,7,0,33,34,1,0
9995,14,22,5,2,7,1,7,0,33,34,1,0
9996,14,22,5,2,7,1,7,0,33,34,1,0
9997,14,22,5,2,7,1,7,0,33,34,1,0
9998,14,22,5,2,7,1,7,0,33,34,1,0
9999,14,22,5,2,7,1,7,0,33,34,1,0
10000,14,22,5,2,7,1,7,0,33,34,1,0
10001,14,22,5,2,7,1,7,0,33,34,1,0
10002,14,22,5,2,7,1,7,0,33,34,1,0
10003,14,22,5,2,7,1,7,0,33,34,1,0
10004,14,22,5,2,7,1,7,0,33,34,1,0
10005,14,22,5,2,7,1,7,0,33,34,1,0
10006,14,22,5,2,7,1,7,0,33,34,1,0
10007,14,22,5,2,7,1,7,0,33,34,1,0
10008,14,22,5,2,7,1,7,0,33,34,1,0
10009,14,22,5,2,7,1,7,0,33,34,1,0
10010,14,22,5,2,7,1,7,0,33,34,1,0
10011,14,22,5,2,7,1,7,0,33,34,1,0
10012,14,22,5,2,7,1,7,0,33,34,1,0
10013,14,22,5,2,7,1,7,0,33,34,1,0
10014,14,22,5,2,7,1,7,0,33,34,1,0
10015,14,22,5,2,7,1,7,0,33,34,1,0
10016,14,22,5,2,7,1,7,0,33,34,1,0
10017,14,22,5,2,7,1,7,0,33,34,1,0
10018,14,22,5,2,7,1,7,0,33,34,1,0
10019,14,22,5,2,7,1,7,0,33,34,1,0
10020,14,22,5,2,7,1,7,0,33,34,1,0
10021,14,22,5,2,7,1,7,0,33,34,1,0
10022,14,22,5,2,7,1,7,0,33,34,1,0
10023,14,22,5,1,7,2,7,0,33,34,1,0
10024,14,22,5,1,7,2,7,0,33,34,1,0
10025,14,22,5,1,7,2,7,0,33,34,1,0
10026,14,22,5,1,7,2,7,0,33,34,1,0
10027,14,22,5,1,7,2,7,0,33,34,1,0
10028,14,22,5,1,7,2,7,0,33,34,1,0
10029,14,22,5,1,7,2,7,0,33,34,1,0
10030,14,22,5,1,7,2,7,0,33,34,1,0
10031,14,22,5,1,7,2,7,0,33,34,1,0
10032,14,22,5,1,7,2,7,0,33,34,1,0
10033,14,22,5,1,7,2,7,0,33,34,1,0
10034,14,22,5,1,7,2,7,0,33,34,1,0
10035,14,22,5,1,7,2,7,0,33,34,1,0
10036,14,22,5,1,7,2,7,0,33,34,1,0
10037,14,22,5,1,7,2,7,0,33,34,1,0
10038,14,22,5,1,7,2,7,0,33,34,1,0
10039,14,22,5,1,7,2,7,0,33,34,1,0
10040,14,22,5,1,7,2,7,0,33,34,1,0
10041,14,22,5,1,7,2,7,0,33,34,1,0
10042,14,22,5,1,7,2,7,0,33,34,1,0
10043,14,22,5,1,7,2,7,0,33,34,1,0
10044,14,22,5,1,7,2,7,0,33,34,1,0
10045,14,22,5,1,7,2,7,0,33,34,1,0
10046,14,22,5,1,7,2,7,0,33,34,1,0
10047,14,22,5,1,7,2,7,0,33,34,1,0
10048,14,22,5,1,7,2,7,0,33,34,1,0
10049,14,22,5,1,7,2,7,0,33,34,1,0
10050,14,22,5,1,7,2,7,0,33,34,1,0
10051,14,22,5,1,7,2,7,0,33,34,1,0
10052,14,22,5,1,7,2,7,0,33,34,1,0
10053,14,22,5,0,7,3,7,0,33,34,1,0
10054,14,22,5,0,7,3,7,0,33,34,1,0
10055,14,22,5,0,7,3,7,0,33,34,1,0
10056,14,22,5,0,7,3,7,0,33,34,1,0
10057,14,22,5,0,7,3,7,0,33,34,1,0
10058,14,22,5,0,7,3,7,0,33,34,1,0
10059,14,22,5,0,7,3,7,0,33,34,1,0
10060,14,22,5,0,7,3,7,0,33,34,1,0
10061,14,22,5,0,7,3,7,0,33,34,1,0
10062,14,22,5,0,7,3,7,0,33,34,1,0
10063,14,22,5,0,7,3,7,0,33,34,1,0
10064,14,22,5,0,7,3,7,0,33,34,1,0
10065,14,22,5,0,7,3,7,0,33,34,1,0
10066,14,22,5,0,7,3,7,0,33,34,1,0
10067,14,22,5,0,7,3,7,0,33,34,1,0
10068,14,22,5,0,7,3,7,0,33,34,1,0
10069,14,22,5,0,7,3,7,0,33,34,1,0
10070,14,22,5,0,7,3,7,0,33,34,1,0
10071,14,22,5,0,7,3,7,0,33,34,1,0
10072,14,22,5,0,7,3,7,0,33,34,1,0
10073,14,22,5,0,7,3,7,0,33,34,1,0
10074,14,22,5,0,7,3,7,0,33,34,1,0
10075,14,22,5,0,7,3,7,0,33,34,1,0
10076,14,22,5,0,7,3,7,0,33,34,1,0
10077,14,22,5,0,7,3,7,0,33,34,1,0
10078,14,22,5,0,7,3,7,0,33,34,1,0
10079,14,22,5,0,7,3,7,0,33,34,1,0
10080,14,22,5,0,7,3,7,0,33,34,1,0
10081,14,22,5,0,7,3,7,0,33,34,1,0
10082,14,22,5,0,7,3,7,0,33,34,1,0
10083,14,22,5,0,7,4,7,0,33,34,1,0
10084,14,22,5,0,7,4,7,0,33,34,1,0
10085,14,22,5,0,7,4,7,0,33,34,1,0
10086,14,22,5,0,7,4,7,0,33,34,1,0
10087,14,22,5,0,7,4,7,0,33,34,1,0
10088,14,22,5,0,7,4,7,0,33,34,1,0
10089,14,22,5,0,7,4,7,0,33,34,1,0
10090,14,22,5,0,7,4,7,0,33,34,1,0
10091,14,22,5,0,7,4,7,0,33,34,1,0
10092,14,22,5,0,7,4,7,0,33,34,1,0
10093,14,22,5,0,7,4,7,0,33,34,1,0
10094,14,22,5,0,7,4,7,0,33,34,1,0
10095,14,22,5,0,7,4,7,0,33,34,1,0
10096,14,22,5,0,7,4,7,0,33,34,1,0
10097,14,22,5,0,7,4,7,0,33,34,1,0
10098,14,22,5,0,7,0,7,3,33,34,1,1
10099,14,22,5,0,7,0,7,3,33,34,1,1
10100,14,22,5,0,7,0,7,3,33,34,1,1
10101,14,22,5,0,7,0,7,3,33,34,1,1
10102,14,22,5,0,7,0,7,3,33,34,1,1
10103,14,22,5,0,7,0,7,3,33,34,1,1
10104,14,22,5,0,7,0,7,3,33,34,1,1
10105,14,22,5,0,7,0,7,3,33,34,1,1
10106,14,22,5,0,7,0,7,3,33,34,1,1
10107,14,22,5,0,7,0,7,3,33,34,1,1
10108,14,22,5,0,7,0,7,3,33,34,1,1
10109,14,22,5,0,7,0,7,3,33,34,1,1
10110,14,22,5,0,7,0,7,3,33,34,1,1
10111,14,22,5,0,7,0,7,3,33,34,1,1
10112,14,22,5,0,7,0,7,3,33,34,1,1
10113,14,22,5,0,7,0,7,3,33,34,1,1
10114,14,22,5,0,7,0,7,3,33,34,1,1
10115,14,22,5,0,7,0,7,3,33,34,1,1
10116,14,22,5,0,7,0,7,3,33,34,1,1
10117,14,22,5,0,7,0,7,3,33,34,1,1
10118,14,22,5,0,7,0,7,3,33,34,1,1
10119,14,22,5,0,7,0,7,3,33,34,1,1
10120,14,22,5,0,7,0,7,3,33,34,1,1
10121,14,22,5,0,7,0,7,3,33,34,1,1
10122,14,22,5,0,7,0,7,3,33,34,1,1
10123,14,22,5,0,7,0,7,3,33,34,1,1
10124,14,22,5,0,7,0,7,3,33,34,1,1
10125,14,22,5,0,7,0,7,3,33,34,1,1
10126,14,22,5,0,7,0,7,3,33,34,1,1
10127,14,22,5,0,7,0,7,3,33,34,1,1
10128,14,22,5,0,7,0,7,3,33,34,1,1
10129,14,22,5,0,7,0,7,3,33,34,1,1
10130,14,22,5,0,7,0,7,3,33,34,1,1
10131,14,22,5,0,7,0,7,3,33,34,1,1
10132,14,22,5,0,7,0,7,3,33,34,1,1
10133,14,22,5,0,7,0,7,3,33,34,1,1
10134,14,22,5,0,7,0,7,3,33,34,1,1
10135,14,22,5,0,7,0,7,3,33,34,1,1
10136,14,22,5,0,7,0,7,3,33,34,1,1
10137,14,22,5,0,7,0,7,3,33,34,1,1
10138,14,22,5,0,7,0,7,3,33,34,1,1
10139,14,22,5,0,7,0,7,3,33,34,1,1
10140,14,22,5,0,7,0,7,3,33,34,1,1
10141,14,22,5,0,7,0,7,3,33,34,1,1
10142,14,22,5,0,7,0,7,3,33,34,1,1
10143,14,22,5,0,7,0,7,3,33,33,1,1
10143,14,22,5,0,7,0,6,3,33,33,1,0
10144,14,22,4,0,7,0,6,3,33,33,0,0
10145,14,22,4,0,7,0,6,3,33,33,0,0
10146,14,22,4,0,7,0,6,3,33,33,0,0
10147,14,22,4,0,7,0,6,3,33,33,0,0
10148,14,22,4,0,7,0,6,3,33,33,0,0
10149,14,22,4,0,7,0,6,3,33,33,0,0
10150,14,22,4,0,7,0,6,3,33,33,0,0
10151,14,22,4,0,7,0,6,3,33,33,0,0
10152,14,22,4,0,7,0,6,3,33,33,0,0
10153,14,22,4,0,7,0,6,3,33,33,0,0
10154,14,22,4,0,7,0,6,3,33,33,0,0
10155,14,22,4,0,7,0,6,3,33,33,0,0
10156,14,22,4,0,7,0,6,3,33,33,0,0
10157,14,22,4,0,7,0,6,3,33,33,0,0
10158,14,22,4,0,7,0,6,3,33,33,0,0
10159,14,22,4,0,7,0,6,3,33,33,0,0
10160,14,22,4,0,7,0,6,3,33,33,0,0
10161,14,22,4,0,7,0,6,3,33,33,0,0
10162,14,22,4,0,7,0,6,3,33,33,0,0
10163,14,22,4,0,7,0,6,3,33,33,0,0
10164,14,22,4,0,7,0,6,3,33,33,0,0
10165,14,22,4,0,7,0,6,3,33,33,0,0
10166,14,22,4,0,7,0,6,3,33,33,0,0
10167,14,22,4,0,7,0,6,3,33,33,0,0
10168,14,22,4,0,7,0,6,3,33,33,0,0
10169,14,22,4,0,7,0,6,3,33,33,0,0
10170,14,22,4,0,7,0,6,3,33,33,0,0
10171,14,22,4,0,7,0,6,3,33,33,0,0
10172,14,22,4,0,7,0,6,3,33,33,0,0
10173,14,22,4,0,7,0,6,3,33,33,0,0
10174,14,22,4,0,7,0,6,3,33,33,0,0
10175,14,22,4,0,7,0,6,3,33,33,0,0
10176,14,22,4,0,7,0,6,3,33,33,0,0
10177,14,22,4,0,7,0,6,3,33,33,0,0
10178,14,22,4,0,7,0,6,3,33,33,0,0
10179,14,22,4,0,7,0,6,3,33,33,0,0
10180,14,22,4,0,7,0,6,3,33,33,0,0
10181,14,22,4,0,7,0,6,3,33,33,0,0
10182,14,22,4,0,7,0,6,3,33,33,0,0
10183,14,22,4,0,7,0,6,3,33,33,0,0
10184,14,22,4,0,7,0,6,3,33,33,0,0
10185,14,22,4,0,7,0,6,3,33,33,0,0
10186,14,22,4,0,7,0,6,3,33,33,0,0
10187,14,22,4,0,7,0,6,3,33,33,0,0
10188,14,22,4,0,7,0,6,3,32,33,0,0
10188,14,22,4,0,7,0,6,2,32,33,0,1
10189,14,22,4,0,8,0,6,2,32,33,0,1
10190,14,22,4,0,8,0,6,2,32,33,0,1
10191,14,22,4,0,8,0,6,2,32,33,0,1
10192,14,22,4,0,8,0,6,2,32,33,0,1
10193,14,22,4,0,8,0,6,2,32,33,0,1
10194,14,22,4,0,8,0,6,2,32,33,0,1
10195,14,22,4,0,8,0,6,2,32,33,0,1
10196,14,22,4,0,8,0,6,2,32,33,0,1
10197,14,22,4,0,8,0,6,2,32,33,0,1
10198,14,22,4,0,8,0,6,2,32,33,0,1
10199,14,22,4,0,8,0,6,2,32,33,0,1
10200,14,22,4,0,8,0,6,2,32,33,0,1
10201,14,22,4,0,8,0,6,2,32,33,0,1
10202,14,22,4,0,8,0,6,2,32,33,0,1
10203,14,22,4,0,8,0,6,2,32,33,0,1
10204,14,22,4,0,8,0,6,2,32,33,0,1
10205,14,22,4,0,8,0,6,2,32,33,0,1
10206,14,22,4,0,8,0,6,2,32,33,0,1
10207,14,22,4,0,8,0,6,2,32,33,0,1
10208,14,22,4,0,8,0,6,2,32,33,0,1
10209,14,22,4,0,8,0,6,2,32,33,0,1
10210,14,22,4,0,8,0,6,2,32,33,0,1
10211,14,22,4,0,8,0,6,2,32,33,0,1
10212,14,22,4,0,8,0,6,2,32,33,0,1
10213,14,22,4,0,8,0,6,2,32,33,0,1
10214,14,22,4,0,8,0,6,2,32,33,0,1
10215,14,22,4,0,8,0,6,2,32,33,0,1
10216,14,22,4,0,8,0,6,2,32,33,0,1
10217,14,22,4,0,8,0,6,2,32,33,0,1
10218,14,22,4,0,8,0,6,2,32,33,0,1
10219,14,22,4,0,8,0,6,2,32,33,0,1
10220,14,22,4,0,8,0,6,2,32,33,0,1
10221,14,22,4,0,8,0,6,2,32,33,0,1
10222,14,22,4,0,8,0,6,2,32,33,0,1
10223,14,22,4,0,8,0,6,2,32,33,0,1
10224,14,22,4,0,8,0,6,2,32,33,0,1
10225,14,22,4,0,8,0,6,2,32,33,0,1
10226,14,22,4,0,8,0,6,2,32,33,0,1
10227,14,22,4,0,8,0,6,2,32,33,0,1
10228,14,22,4,0,8,0,6,2,32,33,0,1
10229,14,22,4,0,8,0,6,2,32,33,0,1
10230,14,22,4,0,8,0,6,2,32,33,0,1
10231,14,22,4,0,8,0,6,2,32,33,0,1
10232,14,22,4,0,8,0,6,2,32,33,0,1
10233,14,22,4,0,8,0,6,2,32,32,0,1
10233,14,22,4,0,8,0,5,2,32,32,0,0
10234,14,22,3,0,8,0,5,2,32,32,0,0
10235,14,22,3,0,8,0,5,2,32,32,0,0
10236,14,22,3,0,8,0,5,2,32,32,0,0
10237,14,22,3,0,8,0,5,2,32,32,0,0
10238,14,22,3,0,8,0,5,2,32,32,0,0
10239,14,22,3,0,8,0,5,2,32,32,0,0
10240,14,22,3,0,8,0,5,2,32,32,0,0
10241,14,22,3,0,8,0,5,2,32,32,0,0
10242,14,22,3,0,8,0,5,2,32,32,0,0
10243,14,22,3,0,8,0,5,2,32,32,0,0
10244,14,22,3,0,8,0,5,2,32,32,0,0
10245,14,22,3,0,8,0,5,2,32,32,0,0
10246,14,22,3,0,8,0,5,2,32,32,0,0
10247,14,22,3,0,8,0,5,2,32,32,0,0
10248,14,22,3,0,8,0,5,2,32,32,0,0
10249,14,22,3,0,8,0,5,2,32,32,0,0
10250,14,22,3,0,8,0,5,2,32,32,0,0
10251,14,22,3,0,8,0,5,2,32,32,0,0
10252,14,22,3,0,8,0,5,2,32,32,0,0
10253,14,22,3,0,8,0,5,2,32,32,0,0
10254,14,22,3,0,8,0,5,2,32,32,0,0
10255,14,22,3,0,8,0,5,2,32,32,0,0
10256,14,22,3,0,8,0,5,2,32,32,0,0
10257,14,22,3,0,8,0,5,2,32,32,0,0
10258,14,22,3,0,8,0,5,2,32,32,0,0
10259,14,22,3,0,8,0,5,2,32,32,0,0
10260,14,22,3,0,8,0,5,2,32,32,0,0
10261,14,22,3,0,8,0,5,2,32,32,0,0
10262,14,22,3,0,8,0,5,2,32,32,0,0
10263,10,22,3,4,8,0,5,2,32,32,0,0
10264,10,22,2,4,9,0,5,2,32,32,0,0
10265,10,22,2,4,9,0,5,2,32,32,0,0
10266,10,22,2,4,9,0,5,2,32,32,0,0
10267,10,22,2,4,9,0,5,2,32,32,0,0
10268,10,22,2,4,9,0,5,2,32,32,0,0
10269,10,22,2,4,9,0,5,2,32,32,0,0
10270,10,22,2,4,9,0,5,2,32,32,0,0
10271,10,22,2,4,9,0,5,2,32,32,0,0
10272,10,22,2,4,9,0,5,2,32,32,0,0
10273,10,22,2,4,9,0,5,2,32,32,0,0
10274,10,22,2,4,9,0,5,2,32,32,0,0
10275,10,22,2,4,9,0,5,2,32,32,0,0
10276,10,22,2,4,9,0,5,2,32,32,0,0
10277,10,22,2,4,9,0,5,2,32,32,0,0
10278,10,22,2,4,9,0,5,2,31,32,0,0
10278,10,22,2,4,9,0,5,1,31,32,0,1
10279,10,22,2,4,9,0,5,1,31,32,0,1
10280,10,22,2,4,9,0,5,1,31,32,0,1
10281,10,22,2,4,9,0,5,1,31,32,0,1
10282,10,22,2,4,9,0,5,1,31,32,0,1
10283,10,22,2,4,9,0,5,1,31,32,0,1
10284,10,22,2,4,9,0,5,1,31,32,0,1
10285,10,22,2,4,9,0,5,1,31,32,0,1
10286,10,22,2,4,9,0,5,1,31,32,0,1
10287,10,22,2,4,9,0,5,1,31,32,0,1
10288,10,22,2,4,9,0,5,1,31,32,0,1
10289,10,22,2,4,9,0,5,1,31,32,0,1
10290,10,22,2,4,9,0,5,1,31,32,0,1
10291,10,22,2,4,9,0,5,1,31,32,0,1
10292,10,22,2,4,9,0,5,1,31,32,0,1
10293,10,22,2,4,9,0,5,1,31,32,0,1
10294,10,22,2,3,10,0,5,1,31,32,1,1
10295,10,22,2,3,10,0,5,1,31,32,1,1
10296,10,22,2,3,10,0,5,1,31,32,1,1
10297,10,22,2,3,10,0,5,1,31,32,1,1
10298,10,22,2,3,10,0,5,1,31,32,1,1
10299,10,22,2,3,10,0,5,1,31,32,1,1
10300,10,22,2,3,10,0,5,1,31,32,1,1
10301,10,22,2,3,10,0,5,1,31,32,1,1
10302,10,22,2,3,10,0,5,1,31,32,1,1
10303,10,22,2,3,10,0,5,1,31,32,1,1
10304,10,22,2,3,10,0,5,1,31,32,1,1
10305,10,22,2,3,10,0,5,1,31,32,1,1
10306,10,22,2,3,10,0,5,1,31,32,1,1
10307,10,22,2,3,10,0,5,1,31,32,1,1
10308,10,22,2,3,10,0,5,1,31,32,1,1
10309,10,22,2,3,10,0,5,1,31,32,1,1
10310,10,22,2,3,10,0,5,1,31,32,1,1
10311,10,22,2,3,10,0,5,1,31,32,1,1
10312,10,22,2,3,10,0,5,1,31,32,1,1
10313,10,22,2,3,10,0,5,1,31,32,1,1
10314,10,22,2,3,10,0,5,1,31,32,1,1
10315,10,22,2,3,10,0,5,1,31,32,1,1
10316,10,22,2,3,10,0,5,1,31,32,1,1
10317,10,22,2,3,10,0,5,1,31,32,1,1
10318,10,22,2,3,10,0,5,1,31,32,1,1
10319,10,22,2,3,10,0,5,1,31,32,1,1
10320,10,22,2,3,10,0,5,1,31,32,1,1
10321,10,22,2,3,10,0,5,1,31,32,1,1
10322,10,22,2,3,10,0,5,1,31,32,1,1
10323,10,22,2,3,10,0,5,1,31,31,1,1
10323,10,22,2,3,10,0,4,1,31,31,1,0
10324,10,22,2,3,10,0,4,1,31,31,1,0
10325,10,22,2,3,10,0,4,1,31,31,1,0
10326,10,22,2,3,10,0,4,1,31,31,1,0
10327,10,22,2,3,10,0,4,1,31,31,1,0
10328,10,22,2,3,10,0,4,1,31,31,1,0
10329,10,22,2,3,10,0,4,1,31,31,1,0
10330,10,22,2,3,10,0,4,1,31,31,1,0
10331,10,22,2,3,10,0,4,1,31,31,1,0
10332,10,22,2,3,10,0,4,1,31,31,1,0
10333,10,22,2,3,10,0,4,1,31,31,1,0
10334,10,22,2,3,10,0,4,1,31,31,1,0
10335,10,22,2,3,10,0,4,1,31,31,1,0
10336,10,22,2,3,10,0,4,1,31,31,1,0
10337,10,22,2,3,10,0,4,1,31,31,1,0
10338,10,22,2,3,10,0,4,1,31,31,1,0
10339,10,22,1,3,10,1,4,1,31,31,0,0
10340,10,22,1,3,10,1,4,1,31,31,0,0
10341,10,22,1,3,10,1,4,1,31,31,0,0
10342,10,22,1,3,10,1,4,1,31,31,0,0
10343,10,22,1,3,10,1,4,1,31,31,0,0
10344,10,22,1,3,10,1,4,1,31,31,0,0
10345,10,22,1,3,10,1,4,1,31,31,0,0
10346,10,22,1,3,10,1,4,1,31,31,0,0
10347,10,22,1,3,10,1,4,1,31,31,0,0
10348,10,22,1,3,10,1,4,1,31,31,0,0
10349,10,22,1,3,10,1,4,1,31,31,0,0
10350,10,22,1,3,10,1,4,1,31,31,0,0
10351,10,22,1,3,10,1,4,1,31,31,0,0
10352,10,22,1,3,10,1,4,1,31,31,0,0
10353,10,22,1,3,10,1,4,1,31,31,0,0
10354,10,22,1,3,10,1,4,1,31,31,0,0
10355,10,22,1,3,10,1,4,1,31,31,0,0
10356,10,22,1,3,10,1,4,1,31,31,0,0
10357,10,22,1,3,10,1,4,1,31,31,0,0
10358,10,22,1,3,10,1,4,1,31,31,0,0
10359,10,22,1,3,10,1,4,1,31,31,0,0
10360,10,22,1,3,10,1,4,1,31,31,0,0
10361,10,22,1,3,10,1,4,1,31,31,0,0
10362,10,22,1,3,10,1,4,1,31,31,0,0
10363,10,22,1,3,10,1,4,1,31,31,0,0
10364,10,22,1,3,10,1,4,1,31,31,0,0
10365,10,22,1,3,10,1,4,1,31,31,0,0
10366,10,22,1,3,10,1,4,1,31,31,0,0
10367,10,22,1,3,10,1,4,1,31,31,0,0
10368,10,22,1,3,10,1,4,1,30,31,0,0
10368,10,22,1,3,10,1,4,0,30,31,0,1
10369,10,22,1,3,10,1,4,0,30,31,0,1
10370,10,22,1,3,10,1,4,0,30,31,0,1
10371,10,22,1,3,10,1,4,0,30,31,0,1
10372,10,22,1,3,10,1,4,0,30,31,0,1
10373,10,22,1,3,10,1,4,0,30,31,0,1
10374,10,22,1,3,10,1,4,0,30,31,0,1
10375,10,22,1,3,10,1,4,0,30,31,0,1
10376,10,22,1,3,10,1,4,0,30,31,0,1
10377,10,22,1,3,10,1,4,0,30,31,0,1
10378,10,22,1,3,10,1,4,0,30,31,0,1
10379,10,22,1,3,10,1,4,0,30,31,0,1
10380,10,22,1,3,10,1,4,0,30,31,0,1
10381,10,22,1,3,10,1,4,0,30,31,0,1
10382,10,22,1,3,10,1,4,0,30,31,0,1
10383,10,22,1,3,10,1,4,0,30,31,0,1
10384,10,22,1,2,11,1,4,0,30,31,1,1
10385,10,22,1,2,11,1,4,0,30,31,1,1
10386,10,22,1,2,11,1,4,0,30,31,1,1
10387,10,22,1,2,11,1,4,0,30,31,1,1
10388,10,22,1,2,11,1,4,0,30,31,1,1
10389,10,22,1,2,11,1,4,0,30,31,1,1
10390,10,22,1,2,11,1,4,0,30,31,1,1
10391,10,22,1,2,11,1,4,0,30,31,1,1
10392,10,22,1,2,11,1,4,0,30,31,1,1
10393,10,22,1,2,11,1,4,0,30,31,1,1
10394,10,22,1,2,11,1,4,0,30,31,1,1
10395,10,22,1,2,11,1,4,0,30,31,1,1
10396,10,22,1,2,11,1,4,0,30,31,1,1
10397,10,22,1,2,11,1,4,0,30,31,1,1
10398,10,22,1,2,11,1,4,4,30,31,1,1
10399,10,22,1,2,11,1,4,4,30,31,1,1
10400,10,22,1,2,11,1,4,4,30,31,1,1
10401,10,22,1,2,11,1,4,4,30,31,1,1
10402,10,22,1,2,11,1,4,4,30,31,1,1
10403,10,22,1,2,11,1,4,4,30,31,1,1
10404,10,22,1,2,11,1,4,4,30,31,1,1
10405,10,22,1,2,11,1,4,4,30,31,1,1
10406,10,22,1,2,11,1,4,4,30,31,1,1
10407,10,22,1,2,11,1,4,4,30,31,1,1
10408,10,22,1,2,11,1,4,4,30,31,1,1
10409,10,22,1,2,11,1,4,4,30,31,1,1
10410,10,22,1,2,11,1,4,4,30,31,1,1
10411,10,22,1,2,11,1,4,4,30,31,1,1
10412,10,22,1,2,11,1,4,4,30,31,1,1
10413,10,22,1,2,11,1,4,4,30,30,1,1
10413,10,22,1,2,11,1,3,4,30,30,1,0
10414,10,22,1,2,7,1,3,4,30,30,1,0
10415,10,22,1,2,7,1,3,4,30,30,1,0
10416,10,22,1,2,7,1,3,4,30,30,1,0
10417,10,22,1,2,7,1,3,4,30,30,1,0
10418,10,22,1,2,7,1,3,4,30,30,1,0
10419,10,22,1,2,7,1,3,4,30,30,1,0
10420,10,22,1,2,7,1,3,4,30,30,1,0
10421,10,22,1,2,7,1,3,4,30,30,1,0
10422,10,22,1,2,7,1,3,4,30,30,1,0
10423,10,22,1,2,7,1,3,4,30,30,1,0
10424,10,22,1,2,7,1,3,4,30,30,1,0
10425,10,22,1,2,7,1,3,4,30,30,1,0
10426,10,22,1,2,7,1,3,4,30,30,1,0
10427,10,22,1,2,7,1,3,4,30,30,1,0
10428,10,22,1,2,7,1,3,4,30,30,1,0
10429,10,22,0,2,7,2,3,4,30,30,0,0
10430,10,22,0,2,7,2,3,4,30,30,0,0
10431,10,22,0,2,7,2,3,4,30,30,0,0
10432,10,22,0,2,7,2,3,4,30,30,0,0
10433,10,22,0,2,7,2,3,4,30,30,0,0
10434,10,22,0,2,7,2,3,4,30,30,0,0
10435,10,22,0,2,7,2,3,4,30,30,0,0
10436,10,22,0,2,7,2,3,4,30,30,0,0
10437,10,22,0,2,7,2,3,4,30,30,0,0
10438,10,22,0,2,7,2,3,4,30,30,0,0
10439,10,22,0,2,7,2,3,4,30,30,0,0
10440,10,22,0,2,7,2,3,4,30,30,0,0
10441,10,22,0,2,7,2,3,4,30,30,0,0
10442,10,22,0,2,7,2,3,4,30,30,0,0
10443,10,22,0,2,7,2,3,4,30,30,0,0
10444,10,22,0,2,7,2,3,4,30,30,0,0
10445,10,22,0,2,7,2,3,4,30,30,0,0
10446,10,22,0,2,7,2,3,4,30,30,0,0
10447,10,22,0,2,7,2,3,4,30,30,0,0
10448,10,22,0,2,7,2,3,4,30,30,0,0
10449,10,22,0,2,7,2,3,4,30,30,0,0
10450,10,22,0,2,7,2,3,4,30,30,0,0
10451,10,22,0,2,7,2,3,4,30,30,0,0
10452,10,22,0,2,7,2,3,4,30,30,0,0
10453,10,22,0,2,7,2,3,4,30,30,0,0
10454,10,22,0,2,7,2,3,4,30,30,0,0
10455,10,22,0,2,7,2,3,4,30,30,0,0
10456,10,22,0,2,7,2,3,4,30,30,0,0
10457,10,22,0,2,7,2,3,4,30,30,0,0
10458,10,22,0,2,7,2,3,4,29,30,0,0
10458,10,22,0,2,7,2,3,3,29,30,0,1
10459,10,22,0,2,7,2,3,3,29,30,0,1
10460,10,22,0,2,7,2,3,3,29,30,0,1
10461,10,22,0,2,7,2,3,3,29,30,0,1
10462,10,22,0,2,7,2,3,3,29,30,0,1
10463,10,22,0,2,7,2,3,3,29,30,0,1
10464,10,22,0,2,7,2,3,3,29,30,0,1
10465,10,22,0,2,7,2,3,3,29,30,0,1
10466,10,22,0,2,7,2,3,3,29,30,0,1
10467,10,22,0,2,7,2,3,3,29,30,0,1
10468,10,22,0,2,7,2,3,3,29,30,0,1
10469,10,22,0,2,7,2,3,3,29,30,0,1
10470,10,22,0,2,7,2,3,3,29,30,0,1
10471,10,22,0,2,7,2,3,3,29,30,0,1
10472,10,22,0,2,7,2,3,3,29,30,0,1
10473,10,22,0,2,7,2,3,3,29,30,0,1
10474,10,22,0,1,8,2,3,3,29,30,1,1
10475,10,22,0,1,8,2,3,3,29,30,1,1
10476,10,22,0,1,8,2,3,3,29,30,1,1
10477,10,22,0,1,8,2,3,3,29,30,1,1
10478,10,22,0,1,8,2,3,3,29,30,1,1
10479,10,22,0,1,8,2,3,3,29,30,1,1
10480,10,22,0,1,8,2,3,3,29,30,1,1
10481,10,22,0,1,8,2,3,3,29,30,1,1
10482,10,22,0,1,8,2,3,3,29,30,1,1
10483,10,22,0,1,8,2,3,3,29,30,1,1
10484,10,22,0,1,8,2,3,3,29,30,1,1
10485,10,22,0,1,8,2,3,3,29,30,1,1
10486,10,22,0,1,8,2,3,3,29,30,1,1
10487,10,22,0,1,8,2,3,3,29,30,1,1
10488,10,22,0,1,8,2,3,3,29,30,1,1
10489,10,22,0,1,8,2,3,3,29,30,1,1
10490,10,22,0,1,8,2,3,3,29,30,1,1
10491,10,22,0,1,8,2,3,3,29,30,1,1
10492,10,22,0,1,8,2,3,3,29,30,1,1
10493,10,22,0,1,8,2,3,3,29,30,1,1
10494,10,22,0,1,8,2,3,3,29,30,1,1
10495,10,22,0,1,8,2,3,3,29,30,1,1
10496,10,22,0,1,8,2,3,3,29,30,1,1
10497,10,22,0,1,8,2,3,3,29,30,1,1
10498,10,22,0,1,8,2,3,3,29,30,1,1
10499,10,22,0,1,8,2,3,3,29,30,1,1
10500,10,22,0,1,8,2,3,3,29,30,1,1
10501,10,22,0,1,8,2,3,3,29,30,1,1
10502,10,22,0,1,8,2,3,3,29,30,1,1
10503,10,18,4,1,8,2,3,3,29,29,1,1
10503,10,18,4,1,8,2,2,3,29,29,1,0
10504,10,18,4,1,8,2,2,3,29,29,1,0
10505,10,18,4,1,8,2,2,3,29,29,1,0
10506,10,18,4,1,8,2,2,3,29,29,1,0
10507,10,18,4,1,8,2,2,3,29,29,1,0
10508,10,18,4,1,8,2,2,3,29,29,1,0
10509,10,18,4,1,8,2,2,3,29,29,1,0
10510,10,18,4,1,8,2,2,3,29,29,1,0
10511,10,18,4,1,8,2,2,3,29,29,1,0
10512,10,18,4,1,8,2,2,3,29,29,1,0
10513,10,18,4,1,8,2,2,3,29,29,1,0
10514,10,18,4,1,8,2,2,3,29,29,1,0
10515,10,18,4,1,8,2,2,3,29,29,1,0
10516,10,18,4,1,8,2,2,3,29,29,1,0
10517,10,18,4,1,8,2,2,3,29,29,1,0
10518,10,18,4,1,8,2,2,3,29,29,1,0
10519,10,18,3,1,8,3,2,3,29,29,0,0
10520,10,18,3,1,8,3,2,3,29,29,0,0
10521,10,18,3,1,8,3,2,3,29,29,0,0
10522,10,18,3,1,8,3,2,3,29,29,0,0
10523,10,18,3,1,8,3,2,3,29,29,0,0
10524,10,18,3,1,8,3,2,3,29,29,0,0
10525,10,18,3,1,8,3,2,3,29,29,0,0
10526,10,18,3,1,8,3,2,3,29,29,0,0
10527,10,18,3,1,8,3,2,3,29,29,0,0
10528,10,18,3,1,8,3,2,3,29,29,0,0
10529,10,18,3,1,8,3,2,3,29,29,0,0
10530,10,18,3,1,8,3,2,3,29,29,0,0
10531,10,18,3,1,8,3,2,3,29,29,0,0
10532,10,18,3,1,8,3,2,3,29,29,0,0
10533,10,18,3,1,8,3,2,3,29,29,0,0
10534,10,18,3,1,8,3,2,3,29,29,0,0
10535,10,18,3,1,8,3,2,3,29,29,0,0
10536,10,18,3,1,8,3,2,3,29,29,0,0
10537,10,18,3,1,8,3,2,3,29,29,0,0
10538,10,18,3,1,8,3,2,3,29,29,0,0
10539,10,18,3,1,8,3,2,3,29,29,0,0
10540,10,18,3,1,8,3,2,3,29,29,0,0
10541,10,18,3,1,8,3,2,3,29,29,0,0
10542,10,18,3,1,8,3,2,3,29,29,0,0
10543,10,18,3,1,8,3,2,3,29,29,0,0
10544,10,18,3,1,8,3,2,3,29,29,0,0
10545,10,18,3,1,8,3,2,3,29,29,0,0
10546,10,18,3,1,8,3,2,3,29,29,0,0
10547,10,18,3,1,8,3,2,3,29,29,0,0
10548,10,18,3,1,8,3,2,3,28,29,0,0
10548,10,18,3,1,8,3,2,2,28,29,0,1
10549,10,18,3,1,8,3,2,2,28,29,0,1
10550,10,18,3,1,8,3,2,2,28,29,0,1
10551,10,18,3,1,8,3,2,2,28,29,0,1
10552,10,18,3,1,8,3,2,2,28,29,0,1
10553,10,18,3,1,8,3,2,2,28,29,0,1
10554,10,18,3,1,8,3,2,2,28,29,0,1
10555,10,18,3,1,8,3,2,2,28,29,0,1
10556,10,18,3,1,8,3,2,2,28,29,0,1
10557,10,18,3,1,8,3,2,2,28,29,0,1
10558,10,18,3,1,8,3,2,2,28,29,0,1
10559,10,18,3,1,8,3,2,2,28,29,0,1
10560,10,18,3,1,8,3,2,2,28,29,0,1
10561,10,18,3,1,8,3,2,2,28,29,0,1
10562,10,18,3,1,8,3,2,2,28,29,0,1
10563,10,18,3,1,8,3,2,2,28,29,0,1
10564,10,18,3,0,9,3,2,2,28,29,1,1
10565,10,18,3,0,9,3,2,2,28,29,1,1
10566,10,18,3,0,9,3,2,2,28,29,1,1
10567,10,18,3,0,9,3,2,2,28,29,1,1
10568,10,18,3,0,9,3,2,2,28,29,1,1
10569,10,18,3,0,9,3,2,2,28,29,1,1
10570,10,18,3,0,9,3,2,2,28,29,1,1
10571,10,18,3,0,9,3,2,2,28,29,1,1
10572,10,18,3,0,9,3,2,2,28,29,1,1
10573,10,18,3,0,9,3,2,2,28,29,1,1
10574,10,18,3,0,9,3,2,2,28,29,1,1
10575,10,18,3,0,9,3,2,2,28,29,1,1
10576,10,18,3,0,9,3,2,2,28,29,1,1
10577,10,18,3,0,9,3,2,2,28,29,1,1
10578,10,18,3,0,9,3,2,2,28,29,1,1
10579,10,18,3,0,9,3,2,2,28,29,1,1
10580,10,18,3,0,9,3,2,2,28,29,1,1
10581,10,18,3,0,9,3,2,2,28,29,1,1
10582,10,18,3,0,9,3,2,2,28,29,1,1
10583,10,18,3,0,9,3,2,2,28,29,1,1
10584,10,18,3,0,9,3,2,2,28,29,1,1
10585,10,18,3,0,9,3,2,2,28,29,1,1
10586,10,18,3,0,9,3,2,2,28,29,1,1
10587,10,18,3,0,9,3,2,2,28,29,1,1
10588,10,18,3,0,9,3,2,2,28,29,1,1
10589,10,18,3,0,9,3,2,2,28,29,1,1
10590,10,18,3,0,9,3,2,2,28,29,1,1
10591,10,18,3,0,9,3,2,2,28,29,1,1
10592,10,18,3,0,9,3,2,2,28,29,1,1
10593,10,18,3,0,9,3,2,2,28,28,1,1
10593,10,18,3,0,9,3,1,2,28,28,1,0
10594,10,18,3,0,9,3,1,2,28,28,1,0
10595,10,18,3,0,9,3,1,2,28,28,1,0
10596,10,18,3,0,9,3,1,2,28,28,1,0
10597,10,18,3,0,9,3,1,2,28,28,1,0
10598,10,18,3,0,9,3,1,2,28,28,1,0
10599,10,18,3,0,9,3,1,2,28,28,1,0
10600,10,18,3,0,9,3,1,2,28,28,1,0
10601,10,18,3,0,9,3,1,2,28,28,1,0
10602,10,18,3,0,9,3,1,2,28,28,1,0
10603,10,18,3,0,9,3,1,2,28,28,1,0
10604,10,18,3,0,9,3,1,2,28,28,1,0
10605,10,18,3,0,9,3,1,2,28,28,1,0
10606,10,18,3,0,9,3,1,2,28,28,1,0
10607,10,18,3,0,9,3,1,2,28,28,1,0
10608,10,18,3,0,9,3,1,2,28,28,1,0
10609,10,18,2,0,9,4,1,2,28,28,0,0
10610,10,18,2,0,9,4,1,2,28,28,0,0
10611,10,18,2,0,9,4,1,2,28,28,0,0
10612,10,18,2,0,9,4,1,2,28,28,0,0
10613,10,18,2,0,9,4,1,2,28,28,0,0
10614,10,18,2,0,9,4,1,2,28,28,0,0
10615,10,18,2,0,9,4,1,2,28,28,0,0
10616,10,18,2,0,9,4,1,2,28,28,0,0
10617,10,18,2,0,9,4,1,2,28,28,0,0
10618,10,18,2,0,9,4,1,2,28,28,0,0
10619,10,18,2,0,9,4,1,2,28,28,0,0
10620,10,18,2,0,9,4,1,2,28,28,0,0
10621,10,18,2,0,9,4,1,2,28,28,0,0
10622,10,18,2,0,9,4,1,2,28,28,0,0
10623,10,18,2,0,9,4,1,2,28,28,0,0
10624,10,18,2,0,9,4,1,2,28,28,0,0
10625,10,18,2,0,9,4,1,2,28,28,0,0
10626,10,18,2,0,9,4,1,2,28,28,0,0
10627,10,18,2,0,9,4,1,2,28,28,0,0
10628,10,18,2,0,9,4,1,2,28,28,0,0
10629,10,18,2,0,9,4,1,2,28,28,0,0
10630,10,18,2,0,9,4,1,2,28,28,0,0
10631,10,18,2,0,9,4,1,2,28,28,0,0
10632,10,18,2,0,9,4,1,2,28,28,0,0
10633,10,18,2,0,9,4,1,2,28,28,0,0
10634,10,18,2,0,9,4,1,2,28,28,0,0
10635,10,18,2,0,9,4,1,2,28,28,0,0
10636,10,18,2,0,9,4,1,2,28,28,0,0
10637,10,18,2,0,9,4,1,2,28,28,0,0
10638,10,18,2,0,9,4,1,2,27,28,0,0
10638,10,18,2,0,9,4,1,1,27,28,0,1
10639,10,18,2,0,9,4,1,1,27,28,0,1
10640,10,18,2,0,9,4,1,1,27,28,0,1
10641,10,18,2,0,9,4,1,1,27,28,0,1
10642,10,18,2,0,9,4,1,1,27,28,0,1
10643,10,18,2,0,9,4,1,1,27,28,0,1
10644,10,18,2,0,9,4,1,1,27,28,0,1
10645,10,18,2,0,9,4,1,1,27,28,0,1
10646,10,18,2,0,9,4,1,1,27,28,0,1
10647,10,18,2,0,9,4,1,1,27,28,0,1
10648,10,18,2,0,9,4,1,1,27,28,0,1
10649,10,18,2,0,9,4,1,1,27,28,0,1
10650,10,18,2,0,9,4,1,1,27,28,0,1
10651,10,18,2,0,9,4,1,1,27,28,0,1
10652,10,18,2,0,9,4,1,1,27,28,0,1
10653,10,18,2,0,9,4,1,1,27,28,0,1
10654,10,18,2,0,10,0,5,1,27,28,0,1
10655,10,18,2,0,10,0,5,1,27,28,0,1
10656,10,18,2,0,10,0,5,1,27,28,0,1
10657,10,18,2,0,10,0,5,1,27,28,0,1
10658,10,18,2,0,10,0,5,1,27,28,0,1
10659,10,18,2,0,10,0,5,1,27,28,0,1
10660,10,18,2,0,10,0,5,1,27,28,0,1
10661,10,18,2,0,10,0,5,1,27,28,0,1
10662,10,18,2,0,10,0,5,1,27,28,0,1
10663,10,18,2,0,10,0,5,1,27,28,0,1
10664,10,18,2,0,10,0,5,1,27,28,0,1
10665,10,18,2,0,10,0,5,1,27,28,0,1
10666,10,18,2,0,10,0,5,1,27,28,0,1
10667,10,18,2,0,10,0,5,1,27,28,0,1
10668,10,18,2,0,10,0,5,1,27,28,0,1
10669,10,18,2,0,10,0,5,1,27,28,0,1
10670,10,18,2,0,10,0,5,1,27,28,0,1
10671,10,18,2,0,10,0,5,1,27,28,0,1
10672,10,18,2,0,10,0,5,1,27,28,0,1
10673,10,18,2,0,10,0,5,1,27,28,0,1
10674,10,18,2,0,10,0,5,1,27,28,0,1
10675,10,18,2,0,10,0,5,1,27,28,0,1
10676,10,18,2,0,10,0,5,1,27,28,0,1
10677,10,18,2,0,10,0,5,1,27,28,0,1
10678,10,18,2,0,10,0,5,1,27,28,0,1
10679,10,18,2,0,10,0,5,1,27,28,0,1
10680,10,18,2,0,10,0,5,1,27,28,0,1
10681,10,18,2,0,10,0,5,1,27,28,0,1
10682,10,18,2,0,10,0,5,1,27,28,0,1
10683,10,18,2,0,10,0,5,1,27,27,0,1
10683,10,18,2,0,10,0,4,1,27,27,0,0
10684,10,18,1,0,10,0,4,1,27,27,0,0
10685,10,18,1,0,10,0,4,1,27,27,0,0
10686,10,18,1,0,10,0,4,1,27,27,0,0
10687,10,18,1,0,10,0,4,1,27,27,0,0
10688,10,18,1,0,10,0,4,1,27,27,0,0
10689,10,18,1,0,10,0,4,1,27,27,0,0
10690,10,18,1,0,10,0,4,1,27,27,0,0
10691,10,18,1,0,10,0,4,1,27,27,0,0
10692,10,18,1,0,10,0,4,1,27,27,0,0
10693,10,18,1,0,10,0,4,1,27,27,0,0
10694,10,18,1,0,10,0,4,1,27,27,0,0
10695,10,18,1,0,10,0,4,1,27,27,0,0
10696,10,18,1,0,10,0,4,1,27,27,0,0
10697,10,18,1,0,10,0,4,1,27,27,0,0
10698,10,18,1,0,10,0,4,1,27,27,0,0
10699,10,18,1,0,10,0,4,1,27,27,0,0
10700,10,18,1,0,10,0,4,1,27,27,0,0
10701,10,18,1,0,10,0,4,1,27,27,0,0
10702,10,18,1,0,10,0,4,1,27,27,0,0
10703,10,18,1,0,10,0,4,1,27,27,0,0
10704,10,18,1,0,10,0,4,1,27,27,0,0
10705,10,18,1,0,10,0,4,1,27,27,0,0
10706,10,18,1,0,10,0,4,1,27,27,0,0
10707,10,18,1,0,10,0,4,1,27,27,0,0
10708,10,18,1,0,10,0,4,1,27,27,0,0
10709,10,18,1,0,10,0,4,1,27,27,0,0
10710,10,18,1,0,10,0,4,1,27,27,0,0
10711,10,18,1,0,10,0,4,1,27,27,0,0
10712,10,18,1,0,10,0,4,1,27,27,0,0
10713,10,18,1,0,10,0,4,1,27,27,0,0
10714,10,18,0,0,11,0,4,1,27,27,0,0
10715,10,18,0,0,11,0,4,1,27,27,0,0
10716,10,18,0,0,11,0,4,1,27,27,0,0
10717,10,18,0,0,11,0,4,1,27,27,0,0
10718,10,18,0,0,11,0,4,1,27,27,0,0
10719,10,18,0,0,11,0,4,1,27,27,0,0
10720,10,18,0,0,11,0,4,1,27,27,0,0
10721,10,18,0,0,11,0,4,1,27,27,0,0
10722,10,18,0,0,11,0,4,1,27,27,0,0
10723,10,18,0,0,11,0,4,1,27,27,0,0
10724,10,18,0,0,11,0,4,1,27,27,0,0
10725,10,18,0,0,11,0,4,1,27,27,0,0
10726,10,18,0,0,11,0,4,1,27,27,0,0
10727,10,18,0,0,11,0,4,1,27,27,0,0
10728,10,18,0,0,11,0,4,1,26,27,0,0
10728,10,18,0,0,11,0,4,0,26,27,0,1
10729,10,18,0,0,11,0,4,0,26,27,0,1
10730,10,18,0,0,11,0,4,0,26,27,0,1
10731,10,18,0,0,11,0,4,0,26,27,0,1
10732,10,18,0,0,11,0,4,0,26,27,0,1
10733,10,18,0,0,11,0,4,0,26,27,0,1
10734,10,18,0,0,11,0,4,0,26,27,0,1
10735,10,18,0,0,11,0,4,0,26,27,0,1
10736,10,18,0,0,11,0,4,0,26,27,0,1
10737,10,18,0,0,11,0,4,0,26,27,0,1
10738,10,18,0,0,11,0,4,0,26,27,0,1
10739,10,18,0,0,11,0,4,0,26,27,0,1
10740,10,18,0,0,11,0,4,0,26,27,0,1
10741,10,18,0,0,11,0,4,0,26,27,0,1
10742,10,18,0,0,11,0,4,0,26,27,0,1
10743,10,18,0,0,11,0,4,0,26,27,0,1
10744,10,18,0,0,12,0,4,0,26,27,0,1
10745,10,18,0,0,12,0,4,0,26,27,0,1
10746,10,18,0,0,12,0,4,0,26,27,0,1
10747,10,18,0,0,12,0,4,0,26,27,0,1
10748,10,18,0,0,12,0,4,0,26,27,0,1
10749,10,18,0,0,12,0,4,0,26,27,0,1
10750,10,18,0,0,12,0,4,0,26,27,0,1
10751,10,18,0,0,12,0,4,0,26,27,0,1
10752,10,18,0,0,12,0,4,0,26,27,0,1
10753,10,18,0,0,12,0,4,0,26,27,0,1
10754,10,18,0,0,12,0,4,0,26,27,0,1
10755,10,18,0,0,12,0,4,0,26,27,0,1
10756,10,18,0,0,12,0,4,0,26,27,0,1
10757,10,18,0,0,12,0,4,0,26,27,0,1
10758,10,18,0,0,12,0,4,0,26,27,0,1
10759,10,18,0,0,12,0,4,0,26,27,0,1
10760,10,18,0,0,12,0,4,0,26,27,0,1
10761,10,18,0,0,12,0,4,0,26,27,0,1
10762,10,18,0,0,12,0,4,0,26,27,0,1
10763,10,18,0,0,12,0,4,0,26,27,0,1
10764,10,18,0,0,12,0,4,0,26,27,0,1
10765,10,18,0,0,12,0,4,0,26,27,0,1
10766,10,18,0,0,12,0,4,0,26,27,0,1
10767,10,18,0,0,12,0,4,0,26,27,0,1
10768,10,18,0,0,12,0,4,0,26,27,0,1
10769,10,18,0,0,12,0,4,0,26,27,0,1
10770,10,18,0,0,12,0,4,0,26,27,0,1
10771,10,18,0,0,12,0,4,0,26,27,0,1
10772,10,18,0,0,12,0,4,0,26,27,0,1
10773,10,18,0,0,12,0,4,0,26,26,0,1
10773,10,18,0,0,12,0,3,0,26,26,0,0
10774,10,18,0,0,12,0,3,0,26,26,0,0
10775,10,18,0,0,12,0,3,0,26,26,0,0
10776,10,18,0,0,12,0,3,0,26,26,0,0
10777,10,18,0,0,12,0,3,0,26,26,0,0
10778,10,18,0,0,12,0,3,0,26,26,0,0
10779,10,18,0,0,12,0,3,0,26,26,0,0
10780,10,18,0,0,12,0,3,0,26,26,0,0
10781,10,18,0,0,12,0,3,0,26,26,0,0
10782,10,18,0,0,12,0,3,0,26,26,0,0
10783,10,18,0,0,12,0,3,0,26,26,0,0
10784,10,18,0,0,12,0,3,0,26,26,0,0
10785,10,18,0,0,12,0,3,0,26,26,0,0
10786,10,18,0,0,12,0,3,0,26,26,0,0
10787,10,18,0,0,12,0,3,0,26,26,0,0
10788,10,18,0,0,12,0,3,0,26,26,0,0
10789,10,18,0,0,12,0,3,0,26,26,0,0
10790,10,18,0,0,12,0,3,0,26,26,0,0
10791,10,18,0,0,12,0,3,0,26,26,0,0
10792,10,18,0,0,12,0,3,0,26,26,0,0
10793,10,18,0,0,12,0,3,0,26,26,0,0
10794,10,18,0,0,12,0,3,0,26,26,0,0
10795,10,18,0,0,12,0,3,0,26,26,0,0
10796,10,18,0,0,12,0,3,0,26,26,0,0
10797,10,18,0,0,12,0,3,0,26,26,0,0
10798,10,18,0,0,12,0,3,0,26,26,0,0
10799,10,18,0,0,12,0,3,0,26,26,0,0
10800,10,18,0,0,12,0,3,0,26,26,0,0
10801,10,18,0,0,12,0,3,0,26,26,0,0
10802,10,18,0,0,12,0,3,0,26,26,0,0
10803,6,18,0,3,12,0,3,0,26,26,1,0
10804,6,18,0,3,12,0,3,0,26,26,1,0
10805,6,18,0,3,12,0,3,0,26,26,1,0
10806,6,18,0,3,12,0,3,0,26,26,1,0
10807,6,18,0,3,12,0,3,0,26,26,1,0
10808,6,18,0,3,12,0,3,0,26,26,1,0
10809,6,18,0,3,12,0,3,0,26,26,1,0
10810,6,18,0,3,12,0,3,0,26,26,1,0
10811,6,18,0,3,12,0,3,0,26,26,1,0
10812,6,18,0,3,12,0,3,0,26,26,1,0
10813,6,18,0,3,12,0,3,0,26,26,1,0
10814,6,18,0,3,12,0,3,0,26,26,1,0
10815,6,18,0,3,12,0,3,0,26,26,1,0
10816,6,18,0,3,12,0,3,0,26,26,1,0
10817,6,18,0,3,12,0,3,0,26,26,1,0
10818,6,18,0,3,12,0,3,0,25,26,1,0
10818,6,18,0,3,12,0,3,0,25,26,1,0
10819,6,18,0,3,12,0,3,0,25,26,1,0
10820,6,18,0,3,12,0,3,0,25,26,1,0
10821,6,18,0,3,12,0,3,0,25,26,1,0
10822,6,18,0,3,12,0,3,0,25,26,1,0
10823,6,18,0,3,12,0,3,0,25,26,1,0
10824,6,18,0,3,12,0,3,0,25,26,1,0
10825,6,18,0,3,12,0,3,0,25,26,1,0
10826,6,18,0,3,12,0,3,0,25,26,1,0
10827,6,18,0,3,12,0,3,0,25,26,1,0
10828,6,18,0,3,12,0,3,0,25,26,1,0
10829,6,18,0,3,12,0,3,0,25,26,1,0
10830,6,18,0,3,12,0,3,0,25,26,1,0
10831,6,18,0,3,12,0,3,0,25,26,1,0
10832,6,18,0,3,12,0,3,0,25,26,1,0
10833,6,18,0,3,12,0,3,0,25,26,1,0
10834,6,18,0,3,12,0,3,0,25,26,1,0
10835,6,18,0,3,12,0,3,0,25,26,1,0
10836,6,18,0,3,12,0,3,0,25,26,1,0
10837,6,18,0,3,12,0,3,0,25,26,1,0
10838,6,18,0,3,12,0,3,0,25,26,1,0
10839,6,18,0,3,12,0,3,0,25,26,1,0
10840,6,18,0,3,12,0,3,0,25,26,1,0
10841,6,18,0,3,12,0,3,0,25,26,1,0
10842,6,18,0,3,12,0,3,0,25,26,1,0
10843,6,18,0,3,12,0,3,0,25,26,1,0
10844,6,18,0,3,12,0,3,0,25,26,1,0
10845,6,18,0,3,12,0,3,0,25,26,1,0
10846,6,18,0,3,12,0,3,0,25,26,1,0
10847,6,18,0,3,12,0,3,0,25,26,1,0
10848,6,18,0,2,12,1,3,0,25,26,1,0
10849,6,18,0,2,12,1,3,0,25,26,1,0
10850,6,18,0,2,12,1,3,0,25,26,1,0
10851,6,18,0,2,12,1,3,0,25,26,1,0
10852,6,18,0,2,12,1,3,0,25,26,1,0
10853,6,18,0,2,12,1,3,0,25,26,1,0
10854,6,18,0,2,12,1,3,0,25,26,1,0
10855,6,18,0,2,12,1,3,0,25,26,1,0
10856,6,18,0,2,12,1,3,0,25,26,1,0
10857,6,18,0,2,12,1,3,0,25,26,1,0
10858,6,18,0,2,12,1,3,0,25,26,1,0
10859,6,18,0,2,12,1,3,0,25,26,1,0
10860,6,18,0,2,12,1,3,0,25,26,1,0
10861,6,18,0,2,12,1,3,0,25,26,1,0
10862,6,18,0,2,12,1,3,0,25,26,1,0
10863,6,18,0,2,12,1,3,0,25,26,1,0
10864,6,18,0,2,12,1,3,0,25,26,1,0
10865,6,18,0,2,12,1,3,0,25,26,1,0
10866,6,18,0,2,12,1,3,0,25,26,1,0
10867,6,18,0,2,12,1,3,0,25,26,1,0
10868,6,18,0,2,12,1,3,0,25,26,1,0
10869,6,18,0,2,12,1,3,0,25,26,1,0
10870,6,18,0,2,12,1,3,0,25,26,1,0
10871,6,18,0,2,12,1,3,0,25,26,1,0
10872,6,18,0,2,12,1,3,0,25,26,1,0
10873,6,18,0,2,12,1,3,0,25,26,1,0
10874,6,18,0,2,12,1,3,0,25,26,1,0
10875,6,18,0,2,12,1,3,0,25,26,1,0
10876,6,18,0,2,12,1,3,0,25,26,1,0
10877,6,18,0,2,12,1,3,0,25,26,1,0
10878,6,18,0,1,12,2,3,0,25,26,1,0
10879,6,18,0,1,12,2,3,0,25,26,1,0
10880,6,18,0,1,12,2,3,0,25,26,1,0
10881,6,18,0,1,12,2,3,0,25,26,1,0
10882,6,18,0,1,12,2,3,0,25,26,1,0
10883,6,18,0,1,12,2,3,0,25,26,1,0
10884,6,18,0,1,12,2,3,0,25,26,1,0
10885,6,18,0,1,12,2,3,0,25,26,1,0
10886,6,18,0,1,12,2,3,0,25,26,1,0
10887,6,18,0,1,12,2,3,0,25,26,1,0
10888,6,18,0,1,12,2,3,0,25,26,1,0
10889,6,18,0,1,12,2,3,0,25,26,1,0
10890,6,18,0,1,12,2,3,0,25,26,1,0
10891,6,18,0,1,12,2,3,0,25,26,1,0
10892,6,18,0,1,12,2,3,0,25,26,1,0
10893,6,18,0,1,12,2,3,0,25,26,1,0
10894,6,18,0,1,12,2,3,0,25,26,1,0
10895,6,18,0,1,12,2,3,0,25,26,1,0
10896,6,18,0,1,12,2,3,0,25,26,1,0
10897,6,18,0,1,12,2,3,0,25,26,1,0
10898,6,18,0,1,12,2,3,0,25,26,1,0
10899,6,18,0,1,12,2,3,0,25,26,1,0
10900,6,18,0,1,12,2,3,0,25,26,1,0
10901,6,18,0,1,12,2,3,0,25,26,1,0
10902,6,18,0,1,12,2,3,0,25,26,1,0
10903,6,18,0,1,12,2,3,0,25,26,1,0
10904,6,18,0,1,12,2,3,0,25,26,1,0
10905,6,18,0,1,12,2,3,0,25,26,1,0
10906,6,18,0,1,12,2,3,0,25,26,1,0
10907,6,18,0,1,12,2,3,0,25,26,1,0
10908,6,18,0,0,12,3,3,0,25,26,1,0
10909,6,18,0,0,12,3,3,0,25,26,1,0
10910,6,18,0,0,12,3,3,0,25,26,1,0
10911,6,18,0,0,12,3,3,0,25,26,1,0
10912,6,18,0,0,12,3,3,0,25,26,1,0
10913,6,18,0,0,12,3,3,0,25,26,1,0
10914,6,18,0,0,12,3,3,0,25,26,1,0
10915,6,18,0,0,12,3,3,0,25,26,1,0
10916,6,18,0,0,12,3,3,0,25,26,1,0
10917,6,18,0,0,12,3,3,0,25,26,1,0
10918,6,18,0,0,12,3,3,0,25,26,1,0
10919,6,18,0,0,12,3,3,0,25,26,1,0
10920,6,18,0,0,12,3,3,0,25,26,1,0
10921,6,18,0,0,12,3,3,0,25,26,1,0
10922,6,18,0,0,12,3,3,0,25,26,1,0
10923,6,18,0,0,12,3,3,0,25,26,1,0
10924,6,18,0,0,12,3,3,0,25,26,1,0
10925,6,18,0,0,12,3,3,0,25,26,1,0
10926,6,18,0,0,12,3,3,0,25,26,1,0
10927,6,18,0,0,12,3,3,0,25,26,1,0
10928,6,18,0,0,12,3,3,0,25,26,1,0
10929,6,18,0,0,12,3,3,0,25,26,1,0
10930,6,18,0,0,12,3,3,0,25,26,1,0
10931,6,18,0,0,12,3,3,0,25,26,1,0
10932,6,18,0,0,12,3,3,0,25,26,1,0
10933,6,18,0,0,12,3,3,0,25,26,1,0
10934,6,18,0,0,12,3,3,0,25,26,1,0
10935,6,18,0,0,12,3,3,0,25,26,1,0
10936,6,18,0,0,12,3,3,0,25,26,1,0
10937,6,18,0,0,12,3,3,0,25,26,1,0
10938,6,18,0,0,12,4,3,0,25,26,1,0
10939,6,18,0,0,12,4,3,0,25,26,1,0
10940,6,18,0,0,12,4,3,0,25,26,1,0
10941,6,18,0,0,12,4,3,0,25,26,1,0
10942,6,18,0,0,12,4,3,0,25,26,1,0
10943,6,18,0,0,12,4,3,0,25,26,1,0
10944,6,18,0,0,12,4,3,0,25,26,1,0
10945,6,18,0,0,12,4,3,0,25,26,1,0
10946,6,18,0,0,12,4,3,0,25,26,1,0
10947,6,18,0,0,12,4,3,0,25,26,1,0
10948,6,18,0,0,12,4,3,0,25,26,1,0
10949,6,18,0,0,12,4,3,0,25,26,1,0
10950,6,18,0,0,12,4,3,0,25,26,1,0
10951,6,18,0,0,12,4,3,0,25,26,1,0
10952,6,18,0,0,12,4,3,0,25,26,1,0
10953,6,18,0,0,12,4,3,0,25,26,1,0
10954,6,18,0,0,12,0,3,3,25,26,1,1
10955,6,18,0,0,12,0,3,3,25,26,1,1
10956,6,18,0,0,12,0,3,3,25,26,1,1
10957,6,18,0,0,12,0,3,3,25,26,1,1
10958,6,18,0,0,12,0,3,3,25,26,1,1
10959,6,18,0,0,12,0,3,3,25,26,1,1
10960,6,18,0,0,12,0,3,3,25,26,1,1
10961,6,18,0,0,12,0,3,3,25,26,1,1
10962,6,18,0,0,12,0,3,3,25,26,1,1
10963,6,18,0,0,12,0,3,3,25,26,1,1
10964,6,18,0,0,12,0,3,3,25,26,1,1
10965,6,18,0,0,12,0,3,3,25,26,1,1
10966,6,18,0,0,12,0,3,3,25,26,1,1
10967,6,18,0,0,12,0,3,3,25,26,1,1
10968,6,18,0,0,12,0,3,3,25,26,1,1
10969,6,18,0,0,12,0,3,3,25,26,1,1
10970,6,18,0,0,12,0,3,3,25,26,1,1
10971,6,18,0,0,12,0,3,3,25,26,1,1
10972,6,18,0,0,12,0,3,3,25,26,1,1
10973,6,18,0,0,12,0,3,3,25,26,1,1
10974,6,18,0,0,12,0,3,3,25,26,1,1
10975,6,18,0,0,12,0,3,3,25,26,1,1
10976,6,18,0,0,12,0,3,3,25,26,1,1
10977,6,18,0,0,12,0,3,3,25,26,1,1
10978,6,18,0,0,12,0,3,3,25,26,1,1
10979,6,18,0,0,12,0,3,3,25,26,1,1
10980,6,18,0,0,12,0,3,3,25,26,1,1
10981,6,18,0,0,12,0,3,3,25,26,1,1
10982,6,18,0,0,12,0,3,3,25,26,1,1
10983,6,18,0,0,12,0,3,3,25,26,1,1
10984,6,18,0,0,12,0,3,3,25,26,1,1
10985,6,18,0,0,12,0,3,3,25,26,1,1
10986,6,18,0,0,12,0,3,3,25,26,1,1
10987,6,18,0,0,12,0,3,3,25,26,1,1
10988,6,18,0,0,12,0,3,3,25,26,1,1
10989,6,18,0,0,12,0,3,3,25,26,1,1
10990,6,18,0,0,12,0,3,3,25,26,1,1
10991,6,18,0,0,12,0,3,3,25,26,1,1
10992,6,18,0,0,12,0,3,3,25,26,1,1
10993,6,18,0,0,12,0,3,3,25,26,1,1
10994,6,18,0,0,12,0,3,3,25,26,1,1
10995,6,18,0,0,12,0,3,3,25,26,1,1
10996,6,18,0,0,12,0,3,3,25,26,1,1
10997,6,18,0,0,12,0,3,3,25,26,1,1
10998,6,18,0,0,12,0,3,3,25,26,1,1
10999,6,18,0,0,12,0,3,3,25,25,1,1
10999,6,18,0,0,12,0,2,3,25,25,1,0
11000,6,18,0,0,12,0,2,3,25,25,1,0
11001,6,18,0,0,12,0,2,3,25,25,1,0
11002,6,18,0,0,12,0,2,3,25,25,1,0
11003,6,18,0,0,12,0,2,3,25,25,1,0
11004,6,18,0,0,12,0,2,3,25,25,1,0
11005,6,18,0,0,12,0,2,3,25,25,1,0
11006,6,18,0,0,12,0,2,3,25,25,1,0
11007,6,18,0,0,12,0,2,3,25,25,1,0
11008,6,18,0,0,12,0,2,3,25,25,1,0
11009,6,18,0,0,12,0,2,3,25,25,1,0
11010,6,18,0,0,12,0,2,3,25,25,1,0
11011,6,18,0,0,12,0,2,3,25,25,1,0
11012,6,18,0,0,12,0,2,3,25,25,1,0
11013,6,18,0,0,12,0,2,3,25,25,1,0
11014,6,18,0,0,12,0,2,3,25,25,1,0
11015,6,18,0,0,12,0,2,3,25,25,1,0
11016,6,18,0,0,12,0,2,3,25,25,1,0
11017,6,18,0,0,12,0,2,3,25,25,1,0
11018,6,18,0,0,12,0,2,3,25,25,1,0
11019,6,18,0,0,12,0,2,3,25,25,1,0
11020,6,18,0,0,12,0,2,3,25,25,1,0
11021,6,18,0,0,12,0,2,3,25,25,1,0
11022,6,18,0,0,12,0,2,3,25,25,1,0
11023,6,18,0,0,12,0,2,3,25,25,1,0
11024,6,18,0,0,12,0,2,3,25,25,1,0
11025,6,18,0,0,12,0,2,3,25,25,1,0
11026,6,18,0,0,12,0,2,3,25,25,1,0
11027,6,18,0,0,12,0,2,3,25,25,1,0
11028,6,18,0,0,12,0,2,3,25,25,1,0
11029,6,18,0,0,12,0,2,3,25,25,1,0
11030,6,18,0,0,12,0,2,3,25,25,1,0
11031,6,18,0,0,12,0,2,3,25,25,1,0
11032,6,18,0,0,12,0,2,3,25,25,1,0
11033,6,18,0,0,12,0,2,3,25,25,1,0
11034,6,18,0,0,12,0,2,3,25,25,1,0
11035,6,18,0,0,12,0,2,3,25,25,1,0
11036,6,18,0,0,12,0,2,3,25,25,1,0
11037,6,18,0,0,12,0,2,3,25,25,1,0
11038,6,18,0,0,12,0,2,3,25,25,1,0
11039,6,18,0,0,12,0,2,3,25,25,1,0
11040,6,18,0,0,12,0,2,3,25,25,1,0
11041,6,18,0,0,12,0,2,3,25,25,1,0
11042,6,18,0,0,12,0,2,3,25,25,1,0
11043,2,18,3,0,12,0,2,3,25,25,0,0
11044,2,18,3,0,12,0,2,3,24,25,0,0
11044,2,18,3,0,12,0,2,2,24,25,0,1
11045,2,18,3,0,12,0,2,2,24,25,0,1
11046,2,18,3,0,12,0,2,2,24,25,0,1
11047,2,18,3,0,12,0,2,2,24,25,0,1
11048,2,18,3,0,12,0,2,2,24,25,0,1
11049,2,18,3,0,12,0,2,2,24,25,0,1
11050,2,18,3,0,12,0,2,2,24,25,0,1
11051,2,18,3,0,12,0,2,2,24,25,0,1
11052,2,18,3,0,12,0,2,2,24,25,0,1
11053,2,18,3,0,12,0,2,2,24,25,0,1
11054,2,18,3,0,12,0,2,2,24,25,0,1
11055,2,18,3,0,12,0,2,2,24,25,0,1
11056,2,18,3,0,12,0,2,2,24,25,0,1
11057,2,18,3,0,12,0,2,2,24,25,0,1
11058,2,18,3,0,12,0,2,2,24,25,0,1
11059,2,18,3,0,12,0,2,2,24,25,0,1
11060,2,18,3,0,12,0,2,2,24,25,0,1
11061,2,18,3,0,12,0,2,2,24,25,0,1
11062,2,18,3,0,12,0,2,2,24,25,0,1
11063,2,18,3,0,12,0,2,2,24,25,0,1
11064,2,18,3,0,12,0,2,2,24,25,0,1
11065,2,18,3,0,12,0,2,2,24,25,0,1
11066,2,18,3,0,12,0,2,2,24,25,0,1
11067,2,18,3,0,12,0,2,2,24,25,0,1
11068,2,18,3,0,12,0,2,2,24,25,0,1
11069,2,18,3,0,12,0,2,2,24,25,0,1
11070,2,18,3,0,12,0,2,2,24,25,0,1
11071,2,18,3,0,12,0,2,2,24,25,0,1
11072,2,18,3,0,12,0,2,2,24,25,0,1
11073,2,18,3,0,12,0,2,2,24,25,0,1
11074,2,18,3,0,12,0,2,2,24,25,0,1
11075,2,18,3,0,12,0,2,2,24,25,0,1
11076,2,18,3,0,12,0,2,2,24,25,0,1
11077,2,18,3,0,12,0,2,2,24,25,0,1
11078,2,18,3,0,12,0,2,2,24,25,0,1
11079,2,18,3,0,12,0,2,2,24,25,0,1
11080,2,18,3,0,12,0,2,2,24,25,0,1
11081,2,18,3,0,12,0,2,2,24,25,0,1
11082,2,18,3,0,12,0,2,2,24,25,0,1
11083,2,18,3,0,12,0,2,2,24,25,0,1
11084,2,18,3,0,12,0,2,2,24,25,0,1
11085,2,18,3,0,12,0,2,2,24,25,0,1
11086,2,18,3,0,12,0,2,2,24,25,0,1
11087,2,18,3,0,12,0,2,2,24,25,0,1
11088,2,18,3,0,13,0,2,2,24,25,0,1
11089,2,18,3,0,13,0,2,2,24,24,0,1
11089,2,18,3,0,13,0,1,2,24,24,0,0
11090,2,18,2,0,13,0,1,2,24,24,0,0
11091,2,18,2,0,13,0,1,2,24,24,0,0
11092,2,18,2,0,13,0,1,2,24,24,0,0
11093,2,18,2,0,13,0,1,2,24,24,0,0
11094,2,18,2,0,13,0,1,2,24,24,0,0
11095,2,18,2,0,13,0,1,2,24,24,0,0
11096,2,18,2,0,13,0,1,2,24,24,0,0
11097,2,18,2,0,13,0,1,2,24,24,0,0
11098,2,18,2,0,13,0,1,2,24,24,0,0
11099,2,18,2,0,13,0,1,2,24,24,0,0
11100,2,18,2,0,13,0,1,2,24,24,0,0
11101,2,18,2,0,13,0,1,2,24,24,0,0
11102,2,18,2,0,13,0,1,2,24,24,0,0
11103,2,18,2,0,13,0,1,2,24,24,0,0
11104,2,18,2,0,13,0,1,2,24,24,0,0
11105,2,18,2,0,13,0,1,2,24,24,0,0
11106,2,18,2,0,13,0,1,2,24,24,0,0
11107,2,18,2,0,13,0,1,2,24,24,0,0
11108,2,18,2,0,13,0,1,2,24,24,0,0
11109,2,18,2,0,13,0,1,2,24,24,0,0
11110,2,18,2,0,13,0,1,2,24,24,0,0
11111,2,18,2,0,13,0,1,2,24,24,0,0
11112,2,18,2,0,13,0,1,2,24,24,0,0
11113,2,18,2,0,13,0,1,2,24,24,0,0
11114,2,18,2,0,13,0,1,2,24,24,0,0
11115,2,18,2,0,13,0,1,2,24,24,0,0
11116,2,18,2,0,13,0,1,2,24,24,0,0
11117,2,18,2,0,13,0,1,2,24,24,0,0
11118,2,18,2,0,13,0,1,2,24,24,0,0
11119,2,18,2,0,13,0,1,2,24,24,0,0
11120,2,18,1,0,14,0,1,2,24,24,0,0
11121,2,18,1,0,14,0,1,2,24,24,0,0
11122,2,18,1,0,14,0,1,2,24,24,0,0
11123,2,18,1,0,14,0,1,2,24,24,0,0
11124,2,18,1,0,14,0,1,2,24,24,0,0
11125,2,18,1,0,14,0,1,2,24,24,0,0
11126,2,18,1,0,14,0,1,2,24,24,0,0
11127,2,18,1,0,14,0,1,2,24,24,0,0
11128,2,18,1,0,14,0,1,2,24,24,0,0
11129,2,18,1,0,14,0,1,2,24,24,0,0
11130,2,18,1,0,14,0,1,2,24,24,0,0
11131,2,18,1,0,14,0,1,2,24,24,0,0
11132,2,18,1,0,14,0,1,2,24,24,0,0
11133,2,18,1,0,14,0,1,2,24,24,0,0
11134,2,18,1,0,14,0,1,2,23,24,0,0
11134,2,18,1,0,14,0,1,1,23,24,0,1
11135,2,18,1,0,14,0,1,1,23,24,0,1
11136,2,18,1,0,14,0,1,1,23,24,0,1
11137,2,18,1,0,14,0,1,1,23,24,0,1
11138,2,18,1,0,14,0,1,1,23,24,0,1
11139,2,18,1,0,14,0,1,1,23,24,0,1
11140,2,18,1,0,14,0,1,1,23,24,0,1
11141,2,18,1,0,14,0,1,1,23,24,0,1
11142,2,18,1,0,14,0,1,1,23,24,0,1
11143,2,18,1,0,14,0,1,1,23,24,0,1
11144,2,18,1,0,14,0,1,1,23,24,0,1
11145,2,18,1,0,14,0,1,1,23,24,0,1
11146,2,18,1,0,14,0,1,1,23,24,0,1
11147,2,18,1,0,14,0,1,1,23,24,0,1
11148,2,18,1,0,14,0,1,1,23,24,0,1
11149,2,18,1,0,14,0,1,1,23,24,0,1
11150,2,18,1,0,15,0,1,1,23,24,0,1
11151,2,18,1,0,15,0,1,1,23,24,0,1
11152,2,18,1,0,15,0,1,1,23,24,0,1
11153,2,18,1,0,15,0,1,1,23,24,0,1
11154,2,18,1,0,15,0,1,1,23,24,0,1
11155,2,18,1,0,15,0,1,1,23,24,0,1
11156,2,18,1,0,15,0,1,1,23,24,0,1
11157,2,18,1,0,15,0,1,1,23,24,0,1
11158,2,18,1,0,15,0,1,1,23,24,0,1
11159,2,18,1,0,15,0,1,1,23,24,0,1
11160,2,18,1,0,15,0,1,1,23,24,0,1
11161,2,18,1,0,15,0,1,1,23,24,0,1
11162,2,18,1,0,15,0,1,1,23,24,0,1
11163,2,18,1,0,15,0,1,1,23,24,0,1
11164,2,18,1,0,15,0,1,1,23,24,0,1
11165,2,18,1,0,15,0,1,1,23,24,0,1
11166,2,18,1,0,15,0,1,1,23,24,0,1
11167,2,18,1,0,15,0,1,1,23,24,0,1
11168,2,18,1,0,15,0,1,1,23,24,0,1
11169,2,18,1,0,15,0,1,1,23,24,0,1
11170,2,18,1,0,15,0,1,1,23,24,0,1
11171,2,18,1,0,15,0,1,1,23,24,0,1
11172,2,18,1,0,15,0,1,1,23,24,0,1
11173,2,18,1,0,15,0,1,1,23,24,0,1
11174,2,18,1,0,15,0,1,1,23,24,0,1
11175,2,18,1,0,15,0,1,1,23,24,0,1
11176,2,18,1,0,15,0,1,1,23,24,0,1
11177,2,18,1,0,15,0,1,1,23,24,0,1
11178,2,18,1,0,15,0,1,1,23,24,0,1
11179,2,18,1,0,15,0,1,1,23,23,0,1
11179,2,18,1,0,15,0,0,1,23,23,0,0
11180,2,18,0,0,15,0,0,1,23,23,0,0
11181,2,18,0,0,15,0,0,1,23,23,0,0
11182,2,18,0,0,15,0,0,1,23,23,0,0
11183,2,18,0,0,15,0,0,1,23,23,0,0
11184,2,18,0,0,15,0,0,1,23,23,0,0
11185,2,18,0,0,15,0,0,1,23,23,0,0
11186,2,18,0,0,15,0,0,1,23,23,0,0
11187,2,18,0,0,15,0,0,1,23,23,0,0
11188,2,18,0,0,15,0,0,1,23,23,0,0
11189,2,18,0,0,15,0,0,1,23,23,0,0
11190,2,18,0,0,15,0,0,1,23,23,0,0
11191,2,18,0,0,15,0,0,1,23,23,0,0
11192,2,18,0,0,15,0,0,1,23,23,0,0
11193,2,18,0,0,15,0,0,1,23,23,0,0
11194,2,18,0,0,15,0,0,1,23,23,0,0
11195,2,18,0,0,15,0,0,1,23,23,0,0
11196,2,18,0,0,15,0,0,1,23,23,0,0
11197,2,18,0,0,15,0,0,1,23,23,0,0
11198,2,18,0,0,15,0,0,1,23,23,0,0
11199,2,18,0,0,15,0,0,1,23,23,0,0
11200,2,18,0,0,15,0,0,1,23,23,0,0
11201,2,18,0,0,15,0,0,1,23,23,0,0
11202,2,18,0,0,15,0,0,1,23,23,0,0
11203,2,18,0,0,15,0,0,1,23,23,0,0
11204,2,18,0,0,15,0,0,1,23,23,0,0
11205,2,18,0,0,15,0,0,1,23,23,0,0
11206,2,18,0,0,15,0,0,1,23,23,0,0
11207,2,18,0,0,15,0,0,1,23,23,0,0
11208,2,18,0,0,15,0,0,1,23,23,0,0
11209,2,18,0,0,15,0,0,1,23,23,0,0
11210,2,18,0,0,16,0,0,1,23,23,0,0
11211,2,18,0,0,16,0,0,1,23,23,0,0
11212,2,18,0,0,16,0,0,1,23,23,0,0
11213,2,18,0,0,16,0,0,1,23,23,0,0
11214,2,18,0,0,16,0,0,1,23,23,0,0
11215,2,18,0,0,16,0,0,1,23,23,0,0
11216,2,18,0,0,16,0,0,1,23,23,0,0
11217,2,18,0,0,16,0,0,1,23,23,0,0
11218,2,18,0,0,16,0,0,1,23,23,0,0
11219,2,18,0,0,16,0,0,1,23,23,0,0
11220,2,18,0,0,16,0,0,1,23,23,0,0
11221,2,18,0,0,16,0,0,1,23,23,0,0
11222,2,18,0,0,16,0,0,1,23,23,0,0
11223,2,18,0,0,16,0,0,1,23,23,0,0
11224,2,18,0,0,16,0,0,1,22,23,0,0
11224,2,18,0,0,16,0,0,0,22,23,0,1
11225,2,18,0,0,16,0,0,0,22,23,0,1
11226,2,18,0,0,16,0,0,0,22,23,0,1
11227,2,18,0,0,16,0,0,0,22,23,0,1
11228,2,18,0,0,16,0,0,0,22,23,0,1
11229,2,18,0,0,16,0,0,0,22,23,0,1
11230,2,18,0,0,16,0,0,0,22,23,0,1
11231,2,18,0,0,16,0,0,0,22,23,0,1
11232,2,18,0,0,16,0,0,0,22,23,0,1
11233,2,18,0,0,16,0,0,0,22,23,0,1
11234,2,18,0,0,16,0,0,0,22,23,0,1
11235,2,18,0,0,16,0,0,0,22,23,0,1
11236,2,18,0,0,16,0,0,0,22,23,0,1
11237,2,18,0,0,16,0,0,0,22,23,0,1
11238,2,18,0,0,16,0,0,0,22,23,0,1
11239,2,18,0,0,16,0,0,0,22,23,0,1
11240,2,18,0,0,16,0,0,0,22,23,0,1
11241,2,18,0,0,16,0,0,0,22,23,0,1
11242,2,18,0,0,16,0,0,0,22,23,0,1
11243,2,18,0,0,16,0,0,0,22,23,0,1
11244,2,18,0,0,16,0,0,0,22,23,0,1
11245,2,18,0,0,16,0,0,0,22,23,0,1
11246,2,18,0,0,16,0,0,0,22,23,0,1
11247,2,18,0,0,16,0,0,0,22,23,0,1
11248,2,18,0,0,16,0,0,0,22,23,0,1
11249,2,18,0,0,16,0,0,0,22,23,0,1
11250,2,18,0,0,16,0,0,0,22,23,0,1
11251,2,18,0,0,16,0,0,0,22,23,0,1
11252,2,18,0,0,16,0,0,0,22,23,0,1
11253,2,18,0,0,16,0,0,0,22,23,0,1
11254,2,18,0,0,16,0,0,4,22,23,0,1
11255,2,18,0,0,16,0,0,4,22,23,0,1
11256,2,18,0,0,16,0,0,4,22,23,0,1
11257,2,18,0,0,16,0,0,4,22,23,0,1
11258,2,18,0,0,16,0,0,4,22,23,0,1
11259,2,18,0,0,16,0,0,4,22,23,0,1
11260,2,18,0,0,16,0,0,4,22,23,0,1
11261,2,18,0,0,16,0,0,4,22,23,0,1
11262,2,18,0,0,16,0,0,4,22,23,0,1
11263,2,18,0,0,16,0,0,4,22,23,0,1
11264,2,18,0,0,16,0,0,4,22,23,0,1
11265,2,18,0,0,16,0,0,4,22,23,0,1
11266,2,18,0,0,16,0,0,4,22,23,0,1
11267,2,18,0,0,16,0,0,4,22,23,0,1
11268,2,18,0,0,16,0,0,4,22,23,0,1
11269,2,18,0,0,16,0,0,4,22,22,0,1
11269,2,18,0,0,16,0,0,3,22,22,0,1
11270,2,18,0,0,12,0,0,3,22,22,0,1
11271,2,18,0,0,12,0,0,3,22,22,0,1
11272,2,18,0,0,12,0,0,3,22,22,0,1
11273,2,18,0,0,12,0,0,3,22,22,0,1
11274,2,18,0,0,12,0,0,3,22,22,0,1
11275,2,18,0,0,12,0,0,3,22,22,0,1
11276,2,18,0,0,12,0,0,3,22,22,0,1
11277,2,18,0,0,12,0,0,3,22,22,0,1
11278,2,18,0,0,12,0,0,3,22,22,0,1
11279,2,18,0,0,12,0,0,3,22,22,0,1
11280,2,18,0,0,12,0,0,3,22,22,0,1
11281,2,18,0,0,12,0,0,3,22,22,0,1
11282,2,18,0,0,12,0,0,3,22,22,0,1
11283,2,14,3,0,12,0,0,3,22,22,0,1
11284,2,14,3,0,12,0,0,3,22,22,0,1
11285,2,14,3,0,12,0,0,3,22,22,0,1
11286,2,14,3,0,12,0,0,3,22,22,0,1
11287,2,14,3,0,12,0,0,3,22,22,0,1
11288,2,14,3,0,12,0,0,3,22,22,0,1
11289,2,14,3,0,12,0,0,3,22,22,0,1
11290,2,14,3,0,12,0,0,3,22,22,0,1
11291,2,14,3,0,12,0,0,3,22,22,0,1
11292,2,14,3,0,12,0,0,3,22,22,0,1
11293,2,14,3,0,12,0,0,3,22,22,0,1
11294,2,14,3,0,12,0,0,3,22,22,0,1
11295,2,14,3,0,12,0,0,3,22,22,0,1
11296,2,14,3,0,12,0,0,3,22,22,0,1
11297,2,14,3,0,12,0,0,3,22,22,0,1
11298,2,14,3,0,12,0,0,3,22,22,0,1
11299,2,14,3,0,12,0,0,3,22,21,0,1
11299,2,14,3,0,12,0,0,3,22,21,0,1
11300,2,14,3,0,12,0,0,3,22,21,0,1
11301,2,14,3,0,12,0,0,3,22,21,0,1
11302,2,14,3,0,12,0,0,3,22,21,0,1
11303,2,14,3,0,12,0,0,3,22,21,0,1
11304,2,14,3,0,12,0,0,3,22,21,0,1
11305,2,14,3,0,12,0,0,3,22,21,0,1
11306,2,14,3,0,12,0,0,3,22,21,0,1
11307,2,14,3,0,12,0,0,3,22,21,0,1
11308,2,14,3,0,12,0,0,3,22,21,0,1
11309,2,14,3,0,12,0,0,3,22,21,0,1
11310,2,14,3,0,12,0,0,3,22,21,0,1
11311,2,14,3,0,12,0,0,3,22,21,0,1
11312,2,14,3,0,12,0,0,3,22,21,0,1
11313,2,14,2,0,13,0,0,3,22,21,0,1
11314,2,14,2,0,13,0,0,3,22,21,0,1
11315,2,14,2,0,13,0,0,3,22,21,0,1
11316,2,14,2,0,13,0,0,3,22,21,0,1
11317,2,14,2,0,13,0,0,3,22,21,0,1
11318,2,14,2,0,13,0,0,3,22,21,0,1
11319,2,14,2,0,13,0,0,3,22,21,0,1
11320,2,14,2,0,13,0,0,3,22,21,0,1
11321,2,14,2,0,13,0,0,3,22,21,0,1
11322,2,14,2,0,13,0,0,3,22,21,0,1
11323,2,14,2,0,13,0,0,3,22,21,0,1
11324,2,14,2,0,13,0,0,3,22,21,0,1
11325,2,14,2,0,13,0,0,3,22,21,0,1
11326,2,14,2,0,13,0,0,3,22,21,0,1
11327,2,14,2,0,13,0,0,3,22,21,0,1
11328,2,14,2,0,13,0,0,3,22,21,0,1
11329,2,14,2,0,13,0,0,3,22,21,0,1
11330,2,14,2,0,13,0,0,3,22,21,0,1
11331,2,14,2,0,13,0,0,3,22,21,0,1
11332,2,14,2,0,13,0,0,3,22,21,0,1
11333,2,14,2,0,13,0,0,3,22,21,0,1
11334,2,14,2,0,13,0,0,3,22,21,0,1
11335,2,14,2,0,13,0,0,3,22,21,0,1
11336,2,14,2,0,13,0,0,3,22,21,0,1
11337,2,14,2,0,13,0,0,3,22,21,0,1
11338,2,14,2,0,13,0,0,3,22,21,0,1
11339,2,14,2,0,13,0,0,3,22,21,0,1
11340,2,14,2,0,13,0,0,3,22,21,0,1
11341,2,14,2,0,13,0,0,3,22,21,0,1
11342,2,14,2,0,13,0,0,3,22,21,0,1
11343,2,14,1,0,14,0,0,3,22,21,0,1
11344,2,14,1,0,14,0,0,3,22,21,0,1
11345,2,14,1,0,14,0,0,3,22,21,0,1
11346,2,14,1,0,14,0,0,3,22,21,0,1
11347,2,14,1,0,14,0,0,3,22,21,0,1
11348,2,14,1,0,14,0,0,3,22,21,0,1
11349,2,14,1,0,14,0,0,3,22,21,0,1
11350,2,14,1,0,14,0,0,3,22,21,0,1
11351,2,14,1,0,14,0,0,3,22,21,0,1
11352,2,14,1,0,14,0,0,3,22,21,0,1
11353,2,14,1,0,14,0,0,3,22,21,0,1
11354,2,14,1,0,14,0,0,3,22,21,0,1
11355,2,14,1,0,14,0,0,3,22,21,0,1
11356,2,14,1,0,14,0,0,3,22,21,0,1
11357,2,14,1,0,14,0,0,3,22,21,0,1
11358,2,14,1,0,14,0,0,3,22,21,0,1
11359,2,14,1,0,14,0,0,3,22,21,0,1
11360,2,14,1,0,14,0,0,3,22,21,0,1
11361,2,14,1,0,14,0,0,3,22,21,0,1
11362,2,14,1,0,14,0,0,3,22,21,0,1
11363,2,14,1,0,14,0,0,3,22,21,0,1
11364,2,14,1,0,14,0,0,3,22,21,0,1
11365,2,14,1,0,14,0,0,3,22,21,0,1
11366,2,14,1,0,14,0,0,3,22,21,0,1
11367,2,14,1,0,14,0,0,3,22,21,0,1
11368,2,14,1,0,14,0,0,3,22,21,0,1
11369,2,14,1,0,14,0,0,3,22,21,0,1
11370,2,14,1,0,14,0,0,3,22,21,0,1
11371,2,14,1,0,14,0,0,3,22,21,0,1
11372,2,14,1,0,14,0,0,3,22,21,0,1
11373,2,14,0,0,15,0,0,3,22,21,0,1
11374,2,14,0,0,15,0,0,3,22,21,0,1
11375,2,14,0,0,15,0,0,3,22,21,0,1
11376,2,14,0,0,15,0,0,3,22,21,0,1
11377,2,14,0,0,15,0,0,3,22,21,0,1
11378,2,14,0,0,15,0,0,3,22,21,0,1
11379,2,14,0,0,15,0,0,3,22,21,0,1
11380,2,14,0,0,15,0,0,3,22,21,0,1
11381,2,14,0,0,15,0,0,3,22,21,0,1
11382,2,14,0,0,15,0,0,3,22,21,0,1
11383,2,14,0,0,15,0,0,3,22,21,0,1
11384,2,14,0,0,15,0,0,3,22,21,0,1
11385,2,14,0,0,15,0,0,3,22,21,0,1
11386,2,14,0,0,15,0,0,3,22,21,0,1
11387,2,14,0,0,15,0,0,3,22,21,0,1
11388,2,14,0,0,15,0,0,3,22,21,0,1
11389,2,14,0,0,15,0,0,3,22,21,0,1
11390,2,14,0,0,15,0,0,3,22,21,0,1
11391,2,14,0,0,15,0,0,3,22,21,0,1
11392,2,14,0,0,15,0,0,3,22,21,0,1
11393,2,14,0,0,15,0,0,3,22,21,0,1
11394,2,14,0,0,15,0,0,3,22,21,0,1
11395,2,14,0,0,15,0,0,3,22,21,0,1
11396,2,14,0,0,15,0,0,3,22,21,0,1
11397,2,14,0,0,15,0,0,3,22,21,0,1
11398,2,14,0,0,15,0,0,3,22,21,0,1
11399,2,14,0,0,15,0,0,3,22,21,0,1
11400,2,14,0,0,15,0,0,3,22,21,0,1
11401,2,14,0,0,15,0,0,3,22,21,0,1
11402,2,14,0,0,15,0,0,3,22,21,0,1
11403,2,14,0,0,16,0,0,3,22,21,0,1
11404,2,14,0,0,16,0,0,3,22,21,0,1
11405,2,14,0,0,16,0,0,3,22,21,0,1
11406,2,14,0,0,16,0,0,3,22,21,0,1
11407,2,14,0,0,16,0,0,3,22,21,0,1
11408,2,14,0,0,16,0,0,3,22,21,0,1
11409,2,14,0,0,16,0,0,3,22,21,0,1
11410,2,14,0,0,16,0,0,3,22,21,0,1
11411,2,14,0,0,16,0,0,3,22,21,0,1
11412,2,14,0,0,16,0,0,3,22,21,0,1
11413,2,14,0,0,16,0,0,3,22,21,0,1
11414,2,14,0,0,16,0,0,3,22,21,0,1
11415,2,14,0,0,16,0,0,3,22,21,0,1
11416,2,14,0,0,16,0,0,3,22,21,0,1
11417,2,14,0,0,16,0,0,3,22,21,0,1
11418,2,14,0,0,16,0,0,3,22,21,0,1
11419,2,14,0,0,16,0,0,3,22,21,0,1
11420,2,14,0,0,16,0,0,3,22,21,0,1
11421,2,14,0,0,16,0,0,3,22,21,0,1
11422,2,14,0,0,16,0,0,3,22,21,0,1
11423,2,14,0,0,16,0,0,3,22,21,0,1
11424,2,14,0,0,16,0,0,3,22,21,0,1
11425,2,14,0,0,16,0,0,3,22,21,0,1
11426,2,14,0,0,16,0,0,3,22,21,0,1
11427,2,14,0,0,16,0,0,3,22,21,0,1
11428,2,14,0,0,16,0,0,3,22,21,0,1
11429,2,14,0,0,16,0,0,3,22,21,0,1
11430,2,14,0,0,16,0,0,3,22,21,0,1
11431,2,14,0,0,16,0,0,3,22,21,0,1
11432,2,14,0,0,16,0,0,3,22,21,0,1
11433,2,14,0,0,16,0,0,3,22,21,0,1
11434,2,14,0,0,16,0,0,3,22,21,0,1
11435,2,14,0,0,16,0,0,3,22,21,0,1
11436,2,14,0,0,16,0,0,3,22,21,0,1
11437,2,14,0,0,16,0,0,3,22,21,0,1
11438,2,14,0,0,16,0,0,3,22,21,0,1
11439,2,14,0,0,16,0,0,3,22,21,0,1
11440,2,14,0,0,16,0,0,3,22,21,0,1
11441,2,14,0,0,16,0,0,3,22,21,0,1
11442,2,14,0,0,16,0,0,3,22,21,0,1
11443,2,14,0,0,16,0,0,3,22,21,0,1
11444,2,14,0,0,16,0,0,3,22,21,0,1
11445,2,14,0,0,16,0,0,3,22,21,0,1
11446,2,14,0,0,16,0,0,3,22,21,0,1
11447,2,14,0,0,16,0,0,3,22,21,0,1
11448,2,14,0,0,16,0,0,3,22,21,0,1
11449,2,14,0,0,16,0,0,3,22,21,0,1
11450,2,14,0,0,16,0,0,3,22,21,0,1
11451,2,14,0,0,16,0,0,3,22,21,0,1
11452,2,14,0,0,16,0,0,3,22,21,0,1
11453,2,14,0,0,16,0,0,3,22,21,0,1
11454,2,14,0,0,16,0,0,3,22,21,0,1
11455,2,14,0,0,16,0,0,3,22,21,0,1
11456,2,14,0,0,16,0,0,3,22,21,0,1
11457,2,14,0,0,16,0,0,3,22,21,0,1
11458,2,14,0,0,16,0,0,3,22,21,0,1
11459,2,14,0,0,16,0,0,3,22,21,0,1
11460,2,14,0,0,16,0,0,3,22,21,0,1
11461,2,14,0,0,16,0,0,3,22,21,0,1
11462,2,14,0,0,16,0,0,3,22,21,0,1
11463,2,14,0,0,16,0,0,3,22,21,0,1
11464,2,14,0,0,16,0,0,3,22,21,0,1
11465,2,14,0,0,16,0,0,3,22,21,0,1
11466,2,14,0,0,16,0,0,3,22,21,0,1
11467,2,14,0,0,16,0,0,3,22,21,0,1
11468,2,14,0,0,16,0,0,3,22,21,0,1
11469,2,14,0,0,16,0,0,3,22,21,0,1
11470,2,14,0,0,16,0,0,3,22,21,0,1
11471,2,14,0,0,16,0,0,3,22,21,0,1
11472,2,14,0,0,16,0,0,3,22,21,0,1
11473,2,14,0,0,16,0,0,3,22,21,0,1
11474,2,14,0,0,16,0,0,3,22,21,0,1
11475,2,14,0,0,16,0,0,3,22,21,0,1
11476,2,14,0,0,16,0,0,3,22,21,0,1
11477,2,14,0,0,16,0,0,3,22,21,0,1
11478,2,14,0,0,16,0,0,3,22,21,0,1
11479,2,14,0,0,16,0,0,3,22,21,0,1
11480,2,14,0,0,16,0,0,3,22,21,0,1
11481,2,14,0,0,16,0,0,3,22,21,0,1
11482,2,14,0,0,16,0,0,3,22,21,0,1
11483,2,14,0,0,16,0,0,3,22,21,0,1
11484,2,14,0,0,16,0,0,3,22,21,0,1
11485,2,14,0,0,16,0,0,3,22,21,0,1
11486,2,14,0,0,16,0,0,3,22,21,0,1
11487,2,14,0,0,16,0,0,3,22,21,0,1
11488,2,14,0,0,16,0,0,3,22,21,0,1
11489,2,14,0,0,16,0,0,3,22,21,0,1
11490,2,14,0,0,16,0,0,3,22,21,0,1
11491,2,14,0,0,16,0,0,3,22,21,0,1
11492,2,14,0,0,16,0,0,3,22,21,0,1
11493,2,14,0,0,16,0,0,3,22,21,0,1
11494,2,14,0,0,16,0,0,3,22,21,0,1
11495,2,14,0,0,16,0,0,3,22,21,0,1
11496,2,14,0,0,16,0,0,3,22,21,0,1
11497,2,14,0,0,16,0,0,3,22,21,0,1
11498,2,14,0,0,16,0,0,3,22,21,0,1
11499,2,14,0,0,16,0,0,3,22,21,0,1
11500,2,14,0,0,16,0,0,3,22,21,0,1
11501,2,14,0,0,16,0,0,3,22,21,0,1
11502,2,14,0,0,16,0,0,3,22,21,0,1
11503,2,14,0,0,16,0,0,3,22,21,0,1
11504,2,14,0,0,16,0,0,3,22,21,0,1
11505,2,14,0,0,16,0,0,3,22,21,0,1
11506,2,14,0,0,16,0,0,3,22,21,0,1
11507,2,14,0,0,16,0,0,3,22,21,0,1
11508,2,14,0,0,16,0,0,3,22,21,0,1
11509,2,14,0,0,16,0,0,3,22,21,0,1
11510,2,14,0,0,12,0,3,3,22,21,0,0
11511,2,14,0,0,12,0,3,3,22,21,0,0
11512,2,14,0,0,12,0,3,3,22,21,0,0
11513,2,14,0,0,12,0,3,3,22,21,0,0
11514,2,14,0,0,12,0,3,3,22,21,0,0
11515,2,14,0,0,12,0,3,3,22,21,0,0
11516,2,14,0,0,12,0,3,3,22,21,0,0
11517,2,14,0,0,12,0,3,3,22,21,0,0
11518,2,14,0,0,12,0,3,3,22,21,0,0
11519,2,14,0,0,12,0,3,3,22,21,0,0
11520,2,14,0,0,12,0,3,3,22,21,0,0
11521,2,14,0,0,12,0,3,3,22,21,0,0
11522,2,14,0,0,12,0,3,3,22,21,0,0
11523,2,14,0,0,12,0,3,3,22,21,0,0
11524,2,14,0,0,12,0,3,3,22,21,0,0
11525,2,14,0,0,12,0,3,3,22,21,0,0
11526,2,14,0,0,12,0,3,3,22,21,0,0
11527,2,14,0,0,12,0,3,3,22,21,0,0
11528,2,14,0,0,12,0,3,3,22,21,0,0
11529,2,14,0,0,12,0,3,3,22,21,0,0
11530,2,14,0,0,12,0,3,3,22,21,0,0
11531,2,14,0,0,12,0,3,3,22,21,0,0
11532,2,14,0,0,12,0,3,3,22,21,0,0
11533,2,14,0,0,12,0,3,3,22,21,0,0
11534,2,14,0,0,12,0,3,3,22,21,0,0
11535,2,14,0,0,12,0,3,3,22,21,0,0
11536,2,14,0,0,12,0,3,3,22,21,0,0
11537,2,14,0,0,12,0,3,3,22,21,0,0
11538,2,14,0,0,12,0,3,3,22,21,0,0
11539,2,14,0,0,12,0,3,3,22,21,0,0
11540,2,14,0,0,12,0,3,3,22,21,0,0
11541,2,14,0,0,12,0,3,3,22,21,0,0
11542,2,14,0,0,12,0,3,3,22,21,0,0
11543,2,14,0,0,12,0,3,3,22,21,0,0
11544,2,14,0,0,12,0,3,3,22,21,0,0
11545,2,14,0,0,12,0,3,3,22,21,0,0
11546,2,14,0,0,12,0,3,3,22,21,0,0
11547,2,14,0,0,12,0,3,3,22,21,0,0
11548,2,14,0,0,12,0,3,3,22,21,0,0
11549,2,14,0,0,12,0,3,3,22,21,0,0
11550,2,14,0,0,12,0,3,3,22,21,0,0
11551,2,14,0,0,12,0,3,3,22,21,0,0
11552,2,14,0,0,12,0,3,3,22,21,0,0
11553,2,14,0,0,12,0,3,3,22,21,0,0
11554,2,14,0,0,12,0,3,3,22,21,0,0
11555,2,14,0,0,12,0,3,3,21,21,0,0
11555,2,14,0,0,12,0,2,3,21,21,0,0
11556,2,14,0,0,12,0,2,3,21,21,0,0
11557,2,14,0,0,12,0,2,3,21,21,0,0
11558,2,14,0,0,12,0,2,3,21,21,0,0
11559,2,14,0,0,12,0,2,3,21,21,0,0
11560,2,14,0,0,12,0,2,3,21,21,0,0
11561,2,14,0,0,12,0,2,3,21,21,0,0
11562,2,14,0,0,12,0,2,3,21,21,0,0
11563,2,14,0,0,12,0,2,3,21,21,0,0
11564,2,14,0,0,12,0,2,3,21,21,0,0
11565,2,14,0,0,12,0,2,3,21,21,0,0
11566,2,14,0,0,12,0,2,3,21,21,0,0
11567,2,14,0,0,12,0,2,3,21,21,0,0
11568,2,14,0,0,12,0,2,3,21,21,0,0
11569,2,14,0,0,12,0,2,3,21,21,0,0
11570,2,14,0,0,12,0,2,3,21,21,0,0
11571,2,14,0,0,12,0,2,3,21,21,0,0
11572,2,14,0,0,12,0,2,3,21,21,0,0
11573,2,14,0,0,12,0,2,3,21,21,0,0
11574,2,14,0,0,12,0,2,3,21,21,0,0
11575,2,14,0,0,12,0,2,3,21,21,0,0
11576,2,14,0,0,12,0,2,3,21,21,0,0
11577,2,14,0,0,12,0,2,3,21,21,0,0
11578,2,14,0,0,12,0,2,3,21,21,0,0
11579,2,14,0,0,12,0,2,3,21,21,0,0
11580,2,14,0,0,12,0,2,3,21,21,0,0
11581,2,14,0,0,12,0,2,3,21,21,0,0
11582,2,14,0,0,12,0,2,3,21,21,0,0
11583,2,10,0,3,12,0,2,3,21,21,1,0
11584,2,10,0,3,12,0,2,3,21,21,1,0
11585,2,10,0,3,12,0,2,3,20,21,1,0
11585,2,10,0,3,12,0,2,2,20,21,1,1
11586,2,10,0,3,12,0,2,2,20,21,1,1
11587,2,10,0,3,12,0,2,2,20,21,1,1
11588,2,10,0,3,12,0,2,2,20,21,1,1
11589,2,10,0,3,12,0,2,2,20,21,1,1
11590,2,10,0,3,12,0,2,2,20,21,1,1
11591,2,10,0,3,12,0,2,2,20,21,1,1
11592,2,10,0,3,12,0,2,2,20,21,1,1
11593,2,10,0,3,12,0,2,2,20,21,1,1
11594,2,10,0,3,12,0,2,2,20,21,1,1
11595,2,10,0,3,12,0,2,2,20,21,1,1
11596,2,10,0,3,12,0,2,2,20,21,1,1
11597,2,10,0,3,12,0,2,2,20,21,1,1
11598,2,10,0,3,12,0,2,2,20,21,1,1
11599,2,10,0,3,12,0,2,2,20,21,1,1
11600,2,10,0,3,12,0,2,2,20,21,1,1
11601,2,10,0,3,12,0,2,2,20,21,1,1
11602,2,10,0,3,12,0,2,2,20,21,1,1
11603,2,10,0,3,12,0,2,2,20,21,1,1
11604,2,10,0,3,12,0,2,2,20,21,1,1
11605,2,10,0,3,12,0,2,2,20,21,1,1
11606,2,10,0,3,12,0,2,2,20,21,1,1
11607,2,10,0,3,12,0,2,2,20,21,1,1
11608,2,10,0,3,12,0,2,2,20,21,1,1
11609,2,10,0,3,12,0,2,2,20,21,1,1
11610,2,10,0,3,12,0,2,2,20,21,1,1
11611,2,10,0,3,12,0,2,2,20,21,1,1
11612,2,10,0,3,12,0,2,2,20,21,1,1
11613,2,10,0,3,12,0,2,2,20,21,1,1
11614,2,10,0,3,12,0,2,2,20,21,1,1
11615,2,10,0,3,12,0,2,2,20,21,1,1
11616,2,10,0,3,12,0,2,2,20,21,1,1
11617,2,10,0,3,12,0,2,2,20,21,1,1
11618,2,10,0,3,12,0,2,2,20,21,1,1
11619,2,10,0,3,12,0,2,2,20,21,1,1
11620,2,10,0,3,12,0,2,2,20,21,1,1
11621,2,10,0,3,12,0,2,2,20,21,1,1
11622,2,10,0,3,12,0,2,2,20,21,1,1
11623,2,10,0,3,12,0,2,2,20,21,1,1
11624,2,10,0,3,12,0,2,2,20,21,1,1
11625,2,10,0,3,12,0,2,2,20,21,1,1
11626,2,10,0,3,12,0,2,2,20,21,1,1
11627,2,10,0,3,12,0,2,2,20,21,1,1
11628,2,10,0,2,12,1,2,2,20,21,1,1
11629,2,10,0,2,12,1,2,2,20,21,1,1
11630,2,10,0,2,12,1,2,2,20,20,1,1
11630,2,10,0,2,12,1,1,2,20,20,1,0
11631,2,10,0,2,12,1,1,2,20,20,1,0
11632,2,10,0,2,12,1,1,2,20,20,1,0
11633,2,10,0,2,12,1,1,2,20,20,1,0
11634,2,10,0,2,12,1,1,2,20,20,1,0
11635,2,10,0,2,12,1,1,2,20,20,1,0
11636,2,10,0,2,12,1,1,2,20,20,1,0
11637,2,10,0,2,12,1,1,2,20,20,1,0
11638,2,10,0,2,12,1,1,2,20,20,1,0
11639,2,10,0,2,12,1,1,2,20,20,1,0
11640,2,10,0,2,12,1,1,2,20,20,1,0
11641,2,10,0,2,12,1,1,2,20,20,1,0
11642,2,10,0,2,12,1,1,2,20,20,1,0
11643,2,10,0,2,12,1,1,2,20,20,1,0
11644,2,10,0,2,12,1,1,2,20,20,1,0
11645,2,10,0,2,12,1,1,2,20,20,1,0
11646,2,10,0,2,12,1,1,2,20,20,1,0
11647,2,10,0,2,12,1,1,2,20,20,1,0
11648,2,10,0,2,12,1,1,2,20,20,1,0
11649,2,10,0,2,12,1,1,2,20,20,1,0
11650,2,10,0,2,12,1,1,2,20,20,1,0
11651,2,10,0,2,12,1,1,2,20,20,1,0
11652,2,10,0,2,12,1,1,2,20,20,1,0
11653,2,10,0,2,12,1,1,2,20,20,1,0
11654,2,10,0,2,12,1,1,2,20,20,1,0
11655,2,10,0,2,12,1,1,2,20,20,1,0
11656,2,10,0,2,12,1,1,2,20,20,1,0
11657,2,10,0,2,12,1,1,2,20,20,1,0
11658,2,10,0,1,12,2,1,2,20,20,1,0
11659,2,10,0,1,12,2,1,2,20,20,1,0
11660,2,10,0,1,12,2,1,2,20,20,1,0
11661,2,10,0,1,12,2,1,2,20,20,1,0
11662,2,10,0,1,12,2,1,2,20,20,1,0
11663,2,10,0,1,12,2,1,2,20,20,1,0
11664,2,10,0,1,12,2,1,2,20,20,1,0
11665,2,10,0,1,12,2,1,2,20,20,1,0
11666,2,10,0,1,12,2,1,2,20,20,1,0
11667,2,10,0,1,12,2,1,2,20,20,1,0
11668,2,10,0,1,12,2,1,2,20,20,1,0
11669,2,10,0,1,12,2,1,2,20,20,1,0
11670,2,10,0,1,12,2,1,2,20,20,1,0
11671,2,10,0,1,12,2,1,2,20,20,1,0
11672,2,10,0,1,12,2,1,2,20,20,1,0
11673,2,10,0,1,12,2,1,2,20,20,1,0
11674,2,10,0,1,12,2,1,2,20,20,1,0
11675,2,10,0,1,12,2,1,2,19,20,1,0
11675,2,10,0,1,12,2,1,1,19,20,1,1
11676,2,10,0,1,12,2,1,1,19,20,1,1
11677,2,10,0,1,12,2,1,1,19,20,1,1
11678,2,10,0,1,12,2,1,1,19,20,1,1
11679,2,10,0,1,12,2,1,1,19,20,1,1
11680,2,10,0,1,12,2,1,1,19,20,1,1
11681,2,10,0,1,12,2,1,1,19,20,1,1
11682,2,10,0,1,12,2,1,1,19,20,1,1
11683,2,10,0,1,12,2,1,1,19,20,1,1
11684,2,10,0,1,12,2,1,1,19,20,1,1
11685,2,10,0,1,12,2,1,1,19,20,1,1
11686,2,10,0,1,12,2,1,1,19,20,1,1
11687,2,10,0,1,12,2,1,1,19,20,1,1
11688,2,10,0,0,12,3,1,1,19,20,1,1
11689,2,10,0,0,12,3,1,1,19,20,1,1
11690,2,10,0,0,12,3,1,1,19,20,1,1
11691,2,10,0,0,12,3,1,1,19,20,1,1
11692,2,10,0,0,12,3,1,1,19,20,1,1
11693,2,10,0,0,12,3,1,1,19,20,1,1
11694,2,10,0,0,12,3,1,1,19,20,1,1
11695,2,10,0,0,12,3,1,1,19,20,1,1
11696,2,10,0,0,12,3,1,1,19,20,1,1
11697,2,10,0,0,12,3,1,1,19,20,1,1
11698,2,10,0,0,12,3,1,1,19,20,1,1
11699,2,10,0,0,12,3,1,1,19,20,1,1
11700,2,10,0,0,12,3,1,1,19,20,1,1
11701,2,10,0,0,12,3,1,1,19,20,1,1
11702,2,10,0,0,12,3,1,1,19,20,1,1
11703,2,10,0,0,12,3,1,1,19,20,1,1
11704,2,10,0,0,12,3,1,1,19,20,1,1
11705,2,10,0,0,12,3,1,1,19,20,1,1
11706,2,10,0,0,12,3,1,1,19,20,1,1
11707,2,10,0,0,12,3,1,1,19,20,1,1
11708,2,10,0,0,12,3,1,1,19,20,1,1
11709,2,10,0,0,12,3,1,1,19,20,1,1
11710,2,10,0,0,12,3,1,1,19,20,1,1
11711,2,10,0,0,12,3,1,1,19,20,1,1
11712,2,10,0,0,12,3,1,1,19,20,1,1
11713,2,10,0,0,12,3,1,1,19,20,1,1
11714,2,10,0,0,12,3,1,1,19,20,1,1
11715,2,10,0,0,12,3,1,1,19,20,1,1
11716,2,10,0,0,12,3,1,1,19,20,1,1
11717,2,10,0,0,12,3,1,1,19,20,1,1
11718,2,10,0,0,12,4,1,1,19,20,1,1
11719,2,10,0,0,12,4,1,1,19,20,1,1
11720,2,10,0,0,12,4,1,1,19,19,1,1
11720,2,10,0,0,12,4,0,1,19,19,1,0
11721,2,10,0,0,12,4,0,1,19,19,1,0
11722,2,10,0,0,12,4,0,1,19,19,1,0
11723,2,10,0,0,12,4,0,1,19,19,1,0
11724,2,10,0,0,12,4,0,1,19,19,1,0
11725,2,10,0,0,12,4,0,1,19,19,1,0
11726,2,10,0,0,12,4,0,1,19,19,1,0
11727,2,10,0,0,12,4,0,1,19,19,1,0
11728,2,10,0,0,12,4,0,1,19,19,1,0
11729,2,10,0,0,12,4,0,1,19,19,1,0
11730,2,10,0,0,12,4,0,1,19,19,1,0
11731,2,10,0,0,12,4,0,1,19,19,1,0
11732,2,10,0,0,12,4,0,1,19,19,1,0
11733,2,10,0,0,12,4,0,1,19,19,1,0
11734,2,10,0,0,12,4,0,1,19,19,1,0
11735,2,10,0,0,12,4,0,1,19,19,1,0
11736,2,10,0,0,12,4,0,1,19,19,1,0
11737,2,10,0,0,12,4,0,1,19,19,1,0
11738,2,10,0,0,12,4,0,1,19,19,1,0
11739,2,10,0,0,12,4,0,1,19,19,1,0
11740,2,10,0,0,12,4,0,1,19,19,1,0
11741,2,10,0,0,12,4,0,1,19,19,1,0
11742,2,10,0,0,12,4,0,1,19,19,1,0
11743,2,10,0,0,12,4,0,1,19,19,1,0
11744,2,10,0,0,12,4,0,1,19,19,1,0
11745,2,10,0,0,12,4,0,1,19,19,1,0
11746,2,10,0,0,12,4,0,1,19,19,1,0
11747,2,10,0,0,12,4,0,1,19,19,1,0
11748,2,10,0,0,12,4,0,1,19,19,1,0
11749,2,10,0,0,12,4,0,1,19,19,1,0
11750,2,10,0,0,8,4,4,1,19,19,1,0
11751,2,10,0,0,8,4,4,1,19,19,1,0
11752,2,10,0,0,8,4,4,1,19,19,1,0
11753,2,10,0,0,8,4,4,1,19,19,1,0
11754,2,10,0,0,8,4,4,1,19,19,1,0
11755,2,10,0,0,8,4,4,1,19,19,1,0
11756,2,10,0,0,8,4,4,1,19,19,1,0
11757,2,10,0,0,8,4,4,1,19,19,1,0
11758,2,10,0,0,8,4,4,1,19,19,1,0
11759,2,10,0,0,8,4,4,1,19,19,1,0
11760,2,10,0,0,8,4,4,1,19,19,1,0
11761,2,10,0,0,8,4,4,1,19,19,1,0
11762,2,10,0,0,8,4,4,1,19,19,1,0
11763,2,10,0,0,8,4,4,1,19,19,1,0
11764,2,10,0,0,8,4,4,1,19,19,1,0
11765,2,10,0,0,8,4,4,1,18,19,1,0
11765,2,10,0,0,8,4,4,0,18,19,1,1
11766,2,10,0,0,8,4,4,0,18,19,1,1
11767,2,10,0,0,8,4,4,0,18,19,1,1
11768,2,10,0,0,8,4,4,0,18,19,1,1
11769,2,10,0,0,8,4,4,0,18,19,1,1
11770,2,10,0,0,8,4,4,0,18,19,1,1
11771,2,10,0,0,8,4,4,0,18,19,1,1
11772,2,10,0,0,8,4,4,0,18,19,1,1
11773,2,10,0,0,8,4,4,0,18,19,1,1
11774,2,10,0,0,8,4,4,0,18,19,1,1
11775,2,10,0,0,8,4,4,0,18,19,1,1
11776,2,10,0,0,8,4,4,0,18,19,1,1
11777,2,10,0,0,8,4,4,0,18,19,1,1
11778,2,10,0,0,8,4,4,0,18,19,1,1
11779,2,10,0,0,8,4,4,0,18,19,1,1
11780,2,10,0,0,8,4,4,0,18,19,1,1
11781,2,10,0,0,8,4,4,0,18,19,1,1
11782,2,10,0,0,8,4,4,0,18,19,1,1
11783,2,10,0,0,8,4,4,0,18,19,1,1
11784,2,10,0,0,8,4,4,0,18,19,1,1
11785,2,10,0,0,8,4,4,0,18,19,1,1
11786,2,10,0,0,8,4,4,0,18,19,1,1
11787,2,10,0,0,8,4,4,0,18,19,1,1
11788,2,10,0,0,8,4,4,0,18,19,1,1
11789,2,10,0,0,8,4,4,0,18,19,1,1
11790,2,10,0,0,8,4,4,0,18,19,1,1
11791,2,10,0,0,8,4,4,0,18,19,1,1
11792,2,10,0,0,8,4,4,0,18,19,1,1
11793,2,10,0,0,8,4,4,0,18,19,1,1
11794,2,10,0,0,8,4,4,0,18,19,1,1
11795,2,10,0,0,8,4,4,0,18,19,1,1
11796,2,10,0,0,8,4,4,0,18,19,1,1
11797,2,10,0,0,8,4,4,0,18,19,1,1
11798,2,10,0,0,8,4,4,0,18,19,1,1
11799,2,10,0,0,8,4,4,0,18,19,1,1
11800,2,10,0,0,8,4,4,0,18,19,1,1
11801,2,10,0,0,8,4,4,0,18,19,1,1
11802,2,10,0,0,8,4,4,0,18,19,1,1
11803,2,10,0,0,8,4,4,0,18,19,1,1
11804,2,10,0,0,8,4,4,0,18,19,1,1
11805,2,10,0,0,8,4,4,0,18,19,1,1
11806,2,10,0,0,8,4,4,0,18,19,1,1
11807,2,10,0,0,8,4,4,0,18,19,1,1
11808,2,10,0,0,8,4,4,0,18,19,1,1
11809,2,10,0,0,8,4,4,0,18,19,1,1
11810,2,10,0,0,8,4,4,0,18,18,1,1
11810,2,10,0,0,8,4,3,0,18,18,1,0
11811,2,10,0,0,8,4,3,0,18,18,1,0
11812,2,10,0,0,8,4,3,0,18,18,1,0
11813,2,10,0,0,8,4,3,0,18,18,1,0
11814,2,10,0,0,8,4,3,0,18,18,1,0
11815,2,10,0,0,8,4,3,0,18,18,1,0
11816,2,10,0,0,8,4,3,0,18,18,1,0
11817,2,10,0,0,8,4,3,0,18,18,1,0
11818,2,10,0,0,8,4,3,0,18,18,1,0
11819,2,10,0,0,8,4,3,0,18,18,1,0
11820,2,10,0,0,8,4,3,0,18,18,1,0
11821,2,10,0,0,8,4,3,0,18,18,1,0
11822,2,10,0,0,8,4,3,0,18,18,1,0
11823,2,10,0,0,8,4,3,0,18,18,1,0
11824,2,10,0,0,8,4,3,0,18,18,1,0
11825,2,10,0,0,8,4,3,0,18,18,1,0
11826,2,10,0,0,8,4,3,0,18,18,1,0
11827,2,10,0,0,8,4,3,0,18,18,1,0
11828,2,10,0,0,8,4,3,0,18,18,1,0
11829,2,10,0,0,8,4,3,0,18,18,1,0
11830,2,10,0,0,8,4,3,0,18,18,1,0
11831,2,10,0,0,8,4,3,0,18,18,1,0
11832,2,10,0,0,8,4,3,0,18,18,1,0
11833,2,10,0,0,8,4,3,0,18,18,1,0
11834,2,10,0,0,8,4,3,0,18,18,1,0
11835,2,10,0,0,8,4,3,0,18,18,1,0
11836,2,10,0,0,8,4,3,0,18,18,1,0
11837,2,10,0,0,8,4,3,0,18,18,1,0
11838,2,10,0,0,8,4,3,0,18,18,1,0
11839,2,10,0,0,8,4,3,0,18,18,1,0
11840,2,10,0,0,8,4,3,0,18,18,1,0
11841,2,10,0,0,8,4,3,0,18,18,1,0
11842,2,10,0,0,8,4,3,0,18,18,1,0
11843,2,10,0,0,8,4,3,0,18,18,1,0
11844,2,10,0,0,8,4,3,0,18,18,1,0
11845,2,10,0,0,8,4,3,0,18,18,1,0
11846,2,10,0,0,8,4,3,0,18,18,1,0
11847,2,10,0,0,8,4,3,0,18,18,1,0
11848,2,10,0,0,8,4,3,0,18,18,1,0
11849,2,10,0,0,8,4,3,0,18,18,1,0
11850,2,10,0,0,8,4,3,0,18,18,1,0
11851,2,10,0,0,8,4,3,0,18,18,1,0
11852,2,10,0,0,8,4,3,0,18,18,1,0
11853,2,10,0,0,8,4,3,0,18,18,1,0
11854,2,10,0,0,8,4,3,0,18,18,1,0
11855,2,10,0,0,8,4,3,0,17,18,1,0
11855,2,10,0,0,8,4,3,0,17,18,1,0
11856,2,10,0,0,8,4,3,0,17,18,1,0
11857,2,10,0,0,8,4,3,0,17,18,1,0
11858,2,10,0,0,8,4,3,0,17,18,1,0
11859,2,10,0,0,8,4,3,0,17,18,1,0
11860,2,10,0,0,8,4,3,0,17,18,1,0
11861,2,10,0,0,8,4,3,0,17,18,1,0
11862,2,10,0,0,8,4,3,0,17,18,1,0
11863,2,10,0,0,8,4,3,0,17,18,1,0
11864,2,10,0,0,8,4,3,0,17,18,1,0
11865,2,10,0,0,8,4,3,0,17,18,1,0
11866,2,10,0,0,8,4,3,0,17,18,1,0
11867,2,10,0,0,8,4,3,0,17,18,1,0
11868,2,10,0,0,8,4,3,0,17,18,1,0
11869,2,10,0,0,8,4,3,0,17,18,1,0
11870,2,10,0,0,8,4,3,0,17,18,1,0
11871,2,10,0,0,8,4,3,0,17,18,1,0
11872,2,10,0,0,8,4,3,0,17,18,1,0
11873,2,10,0,0,8,4,3,0,17,18,1,0
11874,2,10,0,0,8,4,3,0,17,18,1,0
11875,2,10,0,0,8,4,3,0,17,18,1,0
11876,2,10,0,0,8,4,3,0,17,18,1,0
11877,2,10,0,0,8,4,3,0,17,18,1,0
11878,2,10,0,0,8,4,3,0,17,18,1,0
11879,2,10,0,0,8,4,3,0,17,18,1,0
11880,2,10,0,0,8,4,3,0,17,18,1,0
11881,2,10,0,0,8,4,3,0,17,18,1,0
11882,2,10,0,0,8,4,3,0,17,18,1,0
11883,2,6,0,3,8,4,3,0,17,18,1,0
11884,2,6,0,3,8,4,3,0,17,18,1,0
11885,2,6,0,3,8,4,3,0,17,18,1,0
11886,2,6,0,3,8,4,3,0,17,18,1,0
11887,2,6,0,3,8,4,3,0,17,18,1,0
11888,2,6,0,3,8,4,3,0,17,18,1,0
11889,2,6,0,3,8,4,3,0,17,18,1,0
11890,2,6,0,3,8,4,3,0,17,18,1,0
11891,2,6,0,3,8,4,3,0,17,18,1,0
11892,2,6,0,3,8,4,3,0,17,18,1,0
11893,2,6,0,3,8,4,3,0,17,18,1,0
11894,2,6,0,3,8,4,3,0,17,18,1,0
11895,2,6,0,3,8,4,3,0,17,18,1,0
11896,2,6,0,3,8,4,3,0,17,18,1,0
11897,2,6,0,3,8,4,3,0,17,18,1,0
11898,2,6,0,3,8,4,3,0,17,18,1,0
11899,2,6,0,3,8,4,3,0,17,18,1,0
11900,2,6,0,3,8,4,3,0,17,18,1,0
11901,2,6,0,3,8,4,3,0,17,18,1,0
11902,2,6,0,3,8,4,3,0,17,18,1,0
11903,2,6,0,3,8,4,3,0,17,18,1,0
11904,2,6,0,3,8,4,3,0,17,18,1,0
11905,2,6,0,3,8,4,3,0,17,18,1,0
11906,2,6,0,3,8,4,3,0,17,18,1,0
11907,2,6,0,3,8,4,3,0,17,18,1,0
11908,2,6,0,3,8,4,3,0,17,18,1,0
11909,2,6,0,3,8,4,3,0,17,18,1,0
11910,2,6,0,3,8,4,3,0,17,18,1,0
11911,2,6,0,3,8,4,3,0,17,18,1,0
11912,2,6,0,3,8,4,3,0,17,18,1,0
11913,2,6,0,2,8,5,3,0,17,18,1,0
11914,2,6,0,2,8,5,3,0,17,18,1,0
11915,2,6,0,2,8,5,3,0,17,18,1,0
11916,2,6,0,2,8,5,3,0,17,18,1,0
11917,2,6,0,2,8,5,3,0,17,18,1,0
11918,2,6,0,2,8,5,3,0,17,18,1,0
11919,2,6,0,2,8,5,3,0,17,18,1,0
11920,2,6,0,2,8,5,3,0,17,18,1,0
11921,2,6,0,2,8,5,3,0,17,18,1,0
11922,2,6,0,2,8,5,3,0,17,18,1,0
11923,2,6,0,2,8,5,3,0,17,18,1,0
11924,2,6,0,2,8,5,3,0,17,18,1,0
11925,2,6,0,2,8,5,3,0,17,18,1,0
11926,2,6,0,2,8,5,3,0,17,18,1,0
11927,2,6,0,2,8,5,3,0,17,18,1,0
11928,2,6,0,2,8,5,3,0,17,18,1,0
11929,2,6,0,2,8,5,3,0,17,18,1,0
11930,2,6,0,2,8,5,3,0,17,18,1,0
11931,2,6,0,2,8,5,3,0,17,18,1,0
11932,2,6,0,2,8,5,3,0,17,18,1,0
11933,2,6,0,2,8,5,3,0,17,18,1,0
11934,2,6,0,2,8,5,3,0,17,18,1,0
11935,2,6,0,2,8,5,3,0,17,18,1,0
11936,2,6,0,2,8,5,3,0,17,18,1,0
11937,2,6,0,2,8,5,3,0,17,18,1,0
11938,2,6,0,2,8,5,3,0,17,18,1,0
11939,2,6,0,2,8,5,3,0,17,18,1,0
11940,2,6,0,2,8,5,3,0,17,18,1,0
11941,2,6,0,2,8,5,3,0,17,18,1,0
11942,2,6,0,2,8,5,3,0,17,18,1,0
11943,2,6,0,1,8,6,3,0,17,18,1,0
11944,2,6,0,1,8,6,3,0,17,18,1,0
11945,2,6,0,1,8,6,3,0,17,18,1,0
11946,2,6,0,1,8,6,3,0,17,18,1,0
11947,2,6,0,1,8,6,3,0,17,18,1,0
11948,2,6,0,1,8,6,3,0,17,18,1,0
11949,2,6,0,1,8,6,3,0,17,18,1,0
11950,2,6,0,1,8,6,3,0,17,18,1,0
11951,2,6,0,1,8,6,3,0,17,18,1,0
11952,2,6,0,1,8,6,3,0,17,18,1,0
11953,2,6,0,1,8,6,3,0,17,18,1,0
11954,2,6,0,1,8,6,3,0,17,18,1,0
11955,2,6,0,1,8,6,3,0,17,18,1,0
11956,2,6,0,1,8,6,3,0,17,18,1,0
11957,2,6,0,1,8,6,3,0,17,18,1,0
11958,2,6,0,1,8,6,3,0,17,18,1,0
11959,2,6,0,1,8,6,3,0,17,18,1,0
11960,2,6,0,1,8,6,3,0,17,18,1,0
11961,2,6,0,1,8,6,3,0,17,18,1,0
11962,2,6,0,1,8,6,3,0,17,18,1,0
11963,2,6,0,1,8,6,3,0,17,18,1,0
11964,2,6,0,1,8,6,3,0,17,18,1,0
11965,2,6,0,1,8,6,3,0,17,18,1,0
11966,2,6,0,1,8,6,3,0,17,18,1,0
11967,2,6,0,1,8,6,3,0,17,18,1,0
11968,2,6,0,1,8,6,3,0,17,18,1,0
11969,2,6,0,1,8,6,3,0,17,18,1,0
11970,2,6,0,1,8,6,3,0,17,18,1,0
11971,2,6,0,1,8,6,3,0,17,18,1,0
11972,2,6,0,1,8,6,3,0,17,18,1,0
11973,2,6,0,0,8,7,3,0,17,18,1,0
11974,2,6,0,0,8,7,3,0,17,18,1,0
11975,2,6,0,0,8,7,3,0,17,18,1,0
11976,2,6,0,0,8,7,3,0,17,18,1,0
11977,2,6,0,0,8,7,3,0,17,18,1,0
11978,2,6,0,0,8,7,3,0,17,18,1,0
11979,2,6,0,0,8,7,3,0,17,18,1,0
11980,2,6,0,0,8,7,3,0,17,18,1,0
11981,2,6,0,0,8,7,3,0,17,18,1,0
11982,2,6,0,0,8,7,3,0,17,18,1,0
11983,2,6,0,0,8,7,3,0,17,18,1,0
11984,2,6,0,0,8,7,3,0,17,18,1,0
11985,2,6,0,0,8,7,3,0,17,18,1,0
11986,2,6,0,0,8,7,3,0,17,18,1,0
11987,2,6,0,0,8,7,3,0,17,18,1,0
11988,2,6,0,0,8,7,3,0,17,18,1,0
11989,2,6,0,0,8,7,3,0,17,18,1,0
11990,2,6,0,0,8,3,7,0,17,18,1,0
11991,2,6,0,0,8,3,7,0,17,18,1,0
11992,2,6,0,0,8,3,7,0,17,18,1,0
11993,2,6,0,0,8,3,7,0,17,18,1,0
11994,2,6,0,0,8,3,7,0,17,18,1,0
11995,2,6,0,0,8,3,7,0,17,18,1,0
11996,2,6,0,0,8,3,7,0,17,18,1,0
11997,2,6,0,0,8,3,7,0,17,18,1,0
11998,2,6,0,0,8,3,7,0,17,18,1,0
11999,2,6,0,0,8,3,7,0,17,18,1,0
12000,2,6,0,0,8,3,7,0,17,18,1,0
12001,2,6,0,0,8,3,7,0,17,18,1,0
12002,2,6,0,0,8,3,7,0,17,18,1,0
12003,2,6,0,0,8,4,7,0,17,18,1,0
12004,2,6,0,0,8,4,7,0,17,18,1,0
12005,2,6,0,0,8,4,7,0,17,18,1,0
12006,2,6,0,0,8,4,7,0,17,18,1,0
12007,2,6,0,0,8,4,7,0,17,18,1,0
12008,2,6,0,0,8,4,7,0,17,18,1,0
12009,2,6,0,0,8,4,7,0,17,18,1,0
12010,2,6,0,0,8,4,7,0,17,18,1,0
12011,2,6,0,0,8,4,7,0,17,18,1,0
12012,2,6,0,0,8,4,7,0,17,18,1,0
12013,2,6,0,0,8,4,7,0,17,18,1,0
12014,2,6,0,0,8,4,7,0,17,18,1,0
12015,2,6,0,0,8,4,7,0,17,18,1,0
12016,2,6,0,0,8,4,7,0,17,18,1,0
12017,2,6,0,0,8,4,7,0,17,18,1,0
12018,2,6,0,0,8,4,7,0,17,18,1,0
12019,2,6,0,0,8,4,7,0,17,18,1,0
12020,2,6,0,0,8,4,7,0,17,18,1,0
12021,2,6,0,0,8,4,7,0,17,18,1,0
12022,2,6,0,0,8,4,7,0,17,18,1,0
12023,2,6,0,0,8,4,7,0,17,18,1,0
12024,2,6,0,0,8,4,7,0,17,18,1,0
12025,2,6,0,0,8,4,7,0,17,18,1,0
12026,2,6,0,0,8,4,7,0,17,18,1,0
12027,2,6,0,0,8,4,7,0,17,18,1,0
12028,2,6,0,0,8,4,7,0,17,18,1,0
12029,2,6,0,0,8,4,7,0,17,18,1,0
12030,2,6,0,0,8,4,7,0,17,18,1,0
12031,2,6,0,0,8,4,7,0,17,18,1,0
12032,2,6,0,0,8,4,7,0,17,18,1,0
12033,2,6,0,0,8,4,7,0,17,18,1,0
12034,2,6,0,0,8,4,7,0,17,18,1,0
12035,2,6,0,0,8,4,7,0,17,18,1,0
12036,2,6,0,0,8,4,7,0,17,18,1,0
12037,2,6,0,0,8,4,7,0,17,18,1,0
12038,2,6,0,0,8,4,7,0,17,18,1,0
12039,2,6,0,0,8,4,7,0,17,18,1,0
12040,2,6,0,0,8,4,7,0,17,18,1,0
12041,2,6,0,0,8,4,7,0,17,18,1,0
12042,2,6,0,0,8,4,7,0,17,18,1,0
12043,2,6,0,0,8,4,7,0,17,18,1,0
12044,2,6,0,0,8,4,7,0,17,18,1,0
12045,2,6,0,0,8,4,7,0,17,18,1,0
12046,2,6,0,0,8,4,7,0,17,18,1,0
12047,2,6,0,0,8,4,7,0,17,18,1,0
12048,2,6,0,0,8,4,7,0,17,18,1,0
12049,2,6,0,0,8,4,7,0,17,18,1,0
12050,2,6,0,0,8,4,7,0,17,18,1,0
12051,2,6,0,0,8,4,7,0,17,18,1,0
12052,2,6,0,0,8,4,7,0,17,18,1,0
12053,2,6,0,0,8,4,7,0,17,18,1,0
12054,2,6,0,0,8,4,7,0,17,18,1,0
12055,2,6,0,0,8,4,7,0,17,18,1,0
12056,2,6,0,0,8,4,7,0,17,18,1,0
12057,2,6,0,0,8,4,7,0,17,18,1,0
12058,2,6,0,0,8,4,7,0,17,18,1,0
12059,2,6,0,0,8,4,7,0,17,18,1,0
12060,2,6,0,0,8,4,7,0,17,18,1,0
12061,2,6,0,0,8,4,7,0,17,18,1,0
12062,2,6,0,0,8,4,7,0,17,18,1,0
12063,2,6,0,0,8,4,7,0,17,18,1,0
12064,2,6,0,0,8,4,7,0,17,18,1,0
12065,2,6,0,0,8,4,7,0,17,18,1,0
12066,2,6,0,0,8,4,7,0,17,18,1,0
12067,2,6,0,0,8,4,7,0,17,18,1,0
12068,2,6,0,0,8,4,7,0,17,18,1,0
12069,2,6,0,0,8,4,7,0,17,18,1,0
12070,2,6,0,0,8,4,7,0,17,18,1,0
12071,2,6,0,0,8,4,7,0,17,18,1,0
12072,2,6,0,0,8,4,7,0,17,18,1,0
12073,2,6,0,0,8,4,7,0,17,18,1,0
12074,2,6,0,0,8,4,7,0,17,18,1,0
12075,2,6,0,0,8,4,7,0,17,18,1,0
12076,2,6,0,0,8,4,7,0,17,18,1,0
12077,2,6,0,0,8,4,7,0,17,18,1,0
12078,2,6,0,0,8,4,7,0,17,18,1,0
12079,2,6,0,0,8,4,7,0,17,18,1,0
12080,2,6,0,0,8,4,7,0,17,18,1,0
12081,2,6,0,0,8,4,7,0,17,18,1,0
12082,2,6,0,0,8,4,7,0,17,18,1,0
12083,2,6,0,0,8,4,7,0,17,18,1,0
12084,2,6,0,0,8,4,7,0,17,18,1,0
12085,2,6,0,0,8,4,7,0,17,18,1,0
12086,2,6,0,0,8,4,7,0,17,18,1,0
12087,2,6,0,0,8,4,7,0,17,18,1,0
12088,2,6,0,0,8,4,7,0,17,18,1,0
12089,2,6,0,0,8,4,7,0,17,18,1,0
12090,2,6,0,0,8,4,7,0,17,18,1,0
12091,2,6,0,0,8,4,7,0,17,18,1,0
12092,2,6,0,0,8,4,7,0,17,18,1,0
12093,2,6,0,0,8,4,7,0,17,18,1,0
12094,2,6,0,0,8,4,7,0,17,18,1,0
12095,2,6,0,0,8,4,7,0,17,18,1,0
12096,2,6,0,0,8,4,7,0,17,18,1,0
12097,2,6,0,0,8,4,7,0,17,18,1,0
12098,2,6,0,0,8,4,7,0,17,18,1,0
12099,2,6,0,0,8,4,7,0,17,18,1,0
12100,2,6,0,0,8,4,7,0,17,18,1,0
12101,2,6,0,0,8,4,7,0,17,18,1,0
12102,2,6,0,0,8,4,7,0,17,18,1,0
12103,2,6,0,0,8,4,7,0,17,18,1,0
12104,2,6,0,0,8,4,7,0,17,18,1,0
12105,2,6,0,0,8,4,7,0,17,18,1,0
12106,2,6,0,0,8,4,7,0,17,18,1,0
12107,2,6,0,0,8,4,7,0,17,18,1,0
12108,2,6,0,0,8,4,7,0,17,18,1,0
12109,2,6,0,0,8,4,7,0,17,18,1,0
12110,2,6,0,0,8,4,7,0,17,18,1,0
12111,2,6,0,0,8,4,7,0,17,18,1,0
12112,2,6,0,0,8,4,7,0,17,18,1,0
12113,2,6,0,0,8,4,7,0,17,18,1,0
12114,2,6,0,0,8,4,7,0,17,18,1,0
12115,2,6,0,0,8,4,7,0,17,18,1,0
12116,2,6,0,0,8,4,7,0,17,18,1,0
12117,2,6,0,0,8,4,7,0,17,18,1,0
12118,2,6,0,0,8,4,7,0,17,18,1,0
12119,2,6,0,0,8,4,7,0,17,18,1,0
12120,2,6,0,0,8,4,7,0,17,18,1,0
12121,2,6,0,0,8,4,7,0,17,18,1,0
12122,2,6,0,0,8,4,7,0,17,18,1,0
12123,2,6,0,0,8,4,7,0,17,18,1,0
12124,2,6,0,0,8,4,7,0,17,18,1,0
12125,2,6,0,0,8,4,7,0,17,18,1,0
12126,2,6,0,0,8,4,7,0,17,18,1,0
12127,2,6,0,0,8,4,7,0,17,18,1,0
12128,2,6,0,0,8,4,7,0,17,18,1,0
12129,2,6,0,0,8,4,7,0,17,18,1,0
12130,2,6,0,0,8,4,7,0,17,18,1,0
12131,2,6,0,0,8,4,7,0,17,18,1,0
12132,2,6,0,0,8,4,7,0,17,18,1,0
12133,2,6,0,0,8,4,7,0,17,18,1,0
12134,2,6,0,0,8,4,7,0,17,18,1,0
12135,2,6,0,0,8,4,7,0,17,18,1,0
12136,2,6,0,0,8,4,7,0,17,18,1,0
12137,2,6,0,0,8,4,7,0,17,18,1,0
12138,2,6,0,0,8,4,7,0,17,18,1,0
12139,2,6,0,0,8,4,7,0,17,18,1,0
12140,2,6,0,0,8,4,7,0,17,18,1,0
12141,2,6,0,0,8,4,7,0,17,18,1,0
12142,2,6,0,0,8,4,7,0,17,18,1,0
12143,2,6,0,0,8,4,7,0,17,18,1,0
12144,2,6,0,0,8,4,7,0,17,18,1,0
12145,2,6,0,0,8,4,7,0,17,18,1,0
12146,2,6,0,0,8,4,7,0,17,18,1,0
12147,2,6,0,0,8,4,7,0,17,18,1,0
12148,2,6,0,0,8,4,7,0,17,18,1,0
12149,2,6,0,0,8,4,7,0,17,18,1,0
12150,2,6,0,0,8,4,7,0,17,18,1,0
12151,2,6,0,0,8,4,7,0,17,18,1,0
12152,2,6,0,0,8,4,7,0,17,18,1,0
12153,2,6,0,0,8,4,7,0,17,18,1,0
12154,2,6,0,0,8,4,7,0,17,18,1,0
12155,2,6,0,0,8,4,7,0,17,18,1,0
12156,2,6,0,0,8,4,7,0,17,18,1,0
12157,2,6,0,0,8,4,7,0,17,18,1,0
12158,2,6,0,0,8,4,7,0,17,18,1,0
12159,2,6,0,0,8,4,7,0,17,18,1,0
12160,2,6,0,0,8,4,7,0,17,18,1,0
12161,2,6,0,0,8,4,7,0,17,18,1,0
12162,2,6,0,0,8,4,7,0,17,18,1,0
12163,2,6,0,0,8,4,7,0,17,18,1,0
12164,2,6,0,0,8,4,7,0,17,18,1,0
12165,2,6,0,0,8,4,7,0,17,18,1,0
12166,2,6,0,0,8,4,7,0,17,18,1,0
12167,2,6,0,0,8,4,7,0,17,18,1,0
12168,2,6,0,0,8,4,7,0,17,18,1,0
12169,2,6,0,0,8,4,7,0,17,18,1,0
12170,2,6,0,0,8,4,7,0,17,18,1,0
12171,2,6,0,0,8,4,7,0,17,18,1,0
12172,2,6,0,0,8,4,7,0,17,18,1,0
12173,2,6,0,0,8,4,7,0,17,18,1,0
12174,2,6,0,0,8,4,7,0,17,18,1,0
12175,2,6,0,0,8,4,7,0,17,18,1,0
12176,2,6,0,0,8,4,7,0,17,18,1,0
12177,2,6,0,0,8,4,7,0,17,18,1,0
12178,2,6,0,0,8,4,7,0,17,18,1,0
12179,2,6,0,0,8,4,7,0,17,18,1,0
12180,2,6,0,0,8,4,7,0,17,18,1,0
12181,2,6,0,0,8,4,7,0,17,18,1,0
12182,2,6,0,0,8,4,7,0,17,18,1,0
12183,2,2,0,3,8,4,7,0,17,18,1,0
12184,2,2,0,3,8,4,7,0,17,18,1,0
12185,2,2,0,3,8,4,7,0,17,18,1,0
12186,2,2,0,3,8,4,7,0,17,18,1,0
12187,2,2,0,3,8,4,7,0,17,18,1,0
12188,2,2,0,3,8,4,7,0,17,18,1,0
12189,2,2,0,3,8,4,7,0,17,18,1,0
12190,2,2,0,3,8,4,7,0,17,18,1,0
12191,2,2,0,3,8,4,7,0,17,18,1,0
12192,2,2,0,3,8,4,7,0,17,18,1,0
12193,2,2,0,3,8,4,7,0,17,18,1,0
12194,2,2,0,3,8,4,7,0,17,18,1,0
12195,2,2,0,3,8,4,7,0,17,18,1,0
12196,2,2,0,3,8,4,7,0,17,18,1,0
12197,2,2,0,3,8,4,7,0,17,18,1,0
12198,2,2,0,3,8,4,7,0,17,18,1,0
12199,2,2,0,3,8,4,7,0,17,18,1,0
12200,2,2,0,3,8,4,7,0,17,18,1,0
12201,2,2,0,3,8,4,7,0,17,18,1,0
12202,2,2,0,3,8,4,7,0,17,18,1,0
12203,2,2,0,3,8,4,7,0,17,18,1,0
12204,2,2,0,3,8,4,7,0,17,18,1,0
12205,2,2,0,3,8,4,7,0,17,18,1,0
12206,2,2,0,3,8,4,7,0,17,18,1,0
12207,2,2,0,3,8,4,7,0,17,18,1,0
12208,2,2,0,3,8,4,7,0,17,18,1,0
12209,2,2,0,3,8,4,7,0,17,18,1,0
12210,2,2,0,3,8,4,7,0,17,18,1,0
12211,2,2,0,3,8,4,7,0,17,18,1,0
12212,2,2,0,3,8,4,7,0,17,18,1,0
12213,2,2,0,2,8,5,7,0,17,18,1,0
12214,2,2,0,2,8,5,7,0,17,18,1,0
12215,2,2,0,2,8,5,7,0,17,18,1,0
12216,2,2,0,2,8,5,7,0,17,18,1,0
12217,2,2,0,2,8,5,7,0,17,18,1,0
12218,2,2,0,2,8,5,7,0,17,18,1,0
12219,2,2,0,2,8,5,7,0,17,18,1,0
12220,2,2,0,2,8,5,7,0,17,18,1,0
12221,2,2,0,2,8,5,7,0,17,18,1,0
12222,2,2,0,2,8,5,7,0,17,18,1,0
12223,2,2,0,2,8,5,7,0,17,18,1,0
12224,2,2,0,2,8,5,7,0,17,18,1,0
12225,2,2,0,2,8,5,7,0,17,18,1,0
12226,2,2,0,2,8,5,7,0,17,18,1,0
12227,2,2,0,2,8,5,7,0,17,18,1,0
12228,2,2,0,2,8,5,7,0,17,18,1,0
12229,2,2,0,2,8,5,7,0,17,18,1,0
12230,2,2,0,2,8,5,7,0,17,18,1,0
12231,2,2,0,2,8,5,7,0,17,18,1,0
12232,2,2,0,2,8,5,7,0,17,18,1,0
12233,2,2,0,2,8,5,7,0,17,18,1,0
12234,2,2,0,2,8,5,7,0,17,18,1,0
12235,2,2,0,2,8,5,7,0,17,18,1,0
12236,2,2,0,2,8,5,7,0,17,18,1,0
12237,2,2,0,2,8,5,7,0,17,18,1,0
12238,2,2,0,2,8,5,7,0,17,18,1,0
12239,2,2,0,2,8,5,7,0,17,18,1,0
12240,2,2,0,2,8,5,7,0,17,18,1,0
12241,2,2,0,2,8,5,7,0,17,18,1,0
12242,2,2,0,2,8,5,7,0,17,18,1,0
12243,2,2,0,1,8,6,7,0,17,18,1,0
12244,2,2,0,1,8,6,7,0,17,18,1,0
12245,2,2,0,1,8,6,7,0,17,18,1,0
12246,2,2,0,1,8,6,7,0,17,18,1,0
12247,2,2,0,1,8,6,7,0,17,18,1,0
12248,2,2,0,1,8,6,7,0,17,18,1,0
12249,2,2,0,1,8,6,7,0,17,18,1,0
12250,2,2,0,1,8,6,7,0,17,18,1,0
12251,2,2,0,1,8,6,7,0,17,18,1,0
12252,2,2,0,1,8,6,7,0,17,18,1,0
12253,2,2,0,1,8,6,7,0,17,18,1,0
12254,2,2,0,1,8,6,7,0,17,18,1,0
12255,2,2,0,1,8,6,7,0,17,18,1,0
12256,2,2,0,1,8,6,7,0,17,18,1,0
12257,2,2,0,1,8,6,7,0,17,18,1,0
12258,2,2,0,1,8,6,7,0,17,18,1,0
12259,2,2,0,1,8,6,7,0,17,18,1,0
12260,2,2,0,1,8,6,7,0,17,18,1,0
12261,2,2,0,1,8,6,7,0,17,18,1,0
12262,2,2,0,1,8,6,7,0,17,18,1,0
12263,2,2,0,1,8,6,7,0,17,18,1,0
12264,2,2,0,1,8,6,7,0,17,18,1,0
12265,2,2,0,1,8,6,7,0,17,18,1,0
12266,2,2,0,1,8,6,7,0,17,18,1,0
12267,2,2,0,1,8,6,7,0,17,18,1,0
12268,2,2,0,1,8,6,7,0,17,18,1,0
12269,2,2,0,1,8,6,7,0,17,18,1,0
12270,2,2,0,1,8,6,7,0,17,18,1,0
12271,2,2,0,1,8,6,7,0,17,18,1,0
12272,2,2,0,1,8,6,7,0,17,18,1,0
12273,2,2,0,0,8,7,7,0,17,18,1,0
12274,2,2,0,0,8,7,7,0,17,18,1,0
12275,2,2,0,0,8,7,7,0,17,18,1,0
12276,2,2,0,0,8,7,7,0,17,18,1,0
12277,2,2,0,0,8,7,7,0,17,18,1,0
12278,2,2,0,0,8,7,7,0,17,18,1,0
12279,2,2,0,0,8,7,7,0,17,18,1,0
12280,2,2,0,0,8,7,7,0,17,18,1,0
12281,2,2,0,0,8,7,7,0,17,18,1,0
12282,2,2,0,0,8,7,7,0,17,18,1,0
12283,2,2,0,0,8,7,7,0,17,18,1,0
12284,2,2,0,0,8,7,7,0,17,18,1,0
12285,2,2,0,0,8,7,7,0,17,18,1,0
12286,2,2,0,0,8,7,7,0,17,18,1,0
12287,2,2,0,0,8,7,7,0,17,18,1,0
12288,2,2,0,0,8,7,7,0,17,18,1,0
12289,2,2,0,0,8,7,7,0,17,18,1,0
12290,2,2,0,0,8,3,7,3,17,18,1,1
12291,2,2,0,0,8,3,7,3,17,18,1,1
12292,2,2,0,0,8,3,7,3,17,18,1,1
12293,2,2,0,0,8,3,7,3,17,18,1,1
12294,2,2,0,0,8,3,7,3,17,18,1,1
12295,2,2,0,0,8,3,7,3,17,18,1,1
12296,2,2,0,0,8,3,7,3,17,18,1,1
12297,2,2,0,0,8,3,7,3,17,18,1,1
12298,2,2,0,0,8,3,7,3,17,18,1,1
12299,2,2,0,0,8,3,7,3,17,18,1,1
12300,2,2,0,0,8,3,7,3,17,18,1,1
12301,2,2,0,0,8,3,7,3,17,18,1,1
12302,2,2,0,0,8,3,7,3,17,18,1,1
12303,2,2,0,0,8,4,7,3,17,18,1,1
12304,2,2,0,0,8,4,7,3,17,18,1,1
12305,2,2,0,0,8,4,7,3,17,18,1,1
12306,2,2,0,0,8,4,7,3,17,18,1,1
12307,2,2,0,0,8,4,7,3,17,18,1,1
12308,2,2,0,0,8,4,7,3,17,18,1,1
12309,2,2,0,0,8,4,7,3,17,18,1,1
12310,2,2,0,0,8,4,7,3,17,18,1,1
12311,2,2,0,0,8,4,7,3,17,18,1,1
12312,2,2,0,0,8,4,7,3,17,18,1,1
12313,2,2,0,0,8,4,7,3,17,18,1,1
12314,2,2,0,0,8,4,7,3,17,18,1,1
12315,2,2,0,0,8,4,7,3,17,18,1,1
12316,2,2,0,0,8,4,7,3,17,18,1,1
12317,2,2,0,0,8,4,7,3,17,18,1,1
12318,2,2,0,0,8,4,7,3,17,18,1,1
12319,2,2,0,0,8,4,7,3,17,18,1,1
12320,2,2,0,0,8,4,7,3,17,18,1,1
12321,2,2,0,0,8,4,7,3,17,18,1,1
12322,2,2,0,0,8,4,7,3,17,18,1,1
12323,2,2,0,0,8,4,7,3,17,18,1,1
12324,2,2,0,0,8,4,7,3,17,18,1,1
12325,2,2,0,0,8,4,7,3,17,18,1,1
12326,2,2,0,0,8,4,7,3,17,18,1,1
12327,2,2,0,0,8,4,7,3,17,18,1,1
12328,2,2,0,0,8,4,7,3,17,18,1,1
12329,2,2,0,0,8,4,7,3,17,18,1,1
12330,2,2,0,0,8,4,7,3,17,18,1,1
12331,2,2,0,0,8,4,7,3,17,18,1,1
12332,2,2,0,0,8,4,7,3,17,18,1,1
12333,2,2,0,0,8,4,7,3,17,18,1,1
12334,2,2,0,0,8,4,7,3,17,18,1,1
12335,2,2,0,0,8,4,7,3,17,17,1,1
12335,2,2,0,0,8,4,6,3,17,17,1,0
12336,2,2,0,0,8,4,6,3,17,17,1,0
12337,2,2,0,0,8,4,6,3,17,17,1,0
12338,2,2,0,0,8,4,6,3,17,17,1,0
12339,2,2,0,0,8,4,6,3,17,17,1,0
12340,2,2,0,0,8,4,6,3,17,17,1,0
12341,2,2,0,0,8,4,6,3,17,17,1,0
12342,2,2,0,0,8,4,6,3,17,17,1,0
12343,2,2,0,0,8,4,6,3,17,17,1,0
12344,2,2,0,0,8,4,6,3,17,17,1,0
12345,2,2,0,0,8,4,6,3,17,17,1,0
12346,2,2,0,0,8,4,6,3,17,17,1,0
12347,2,2,0,0,8,4,6,3,17,17,1,0
12348,2,2,0,0,8,4,6,3,17,17,1,0
12349,2,2,0,0,8,4,6,3,17,17,1,0
12350,2,2,0,0,8,4,6,3,17,17,1,0
12351,2,2,0,0,8,4,6,3,17,17,1,0
12352,2,2,0,0,8,4,6,3,17,17,1,0
12353,2,2,0,0,8,4,6,3,17,17,1,0
12354,2,2,0,0,8,4,6,3,17,17,1,0
12355,2,2,0,0,8,4,6,3,17,17,1,0
12356,2,2,0,0,8,4,6,3,17,17,1,0
12357,2,2,0,0,8,4,6,3,17,17,1,0
12358,2,2,0,0,8,4,6,3,17,17,1,0
12359,2,2,0,0,8,4,6,3,17,17,1,0
12360,2,2,0,0,8,4,6,3,17,17,1,0
12361,2,2,0,0,8,4,6,3,17,17,1,0
12362,2,2,0,0,8,4,6,3,17,17,1,0
12363,2,2,0,0,8,4,6,3,17,17,1,0
12364,2,2,0,0,8,4,6,3,17,17,1,0
12365,2,2,0,0,8,4,6,3,17,17,1,0
12366,2,2,0,0,8,4,6,3,17,17,1,0
12367,2,2,0,0,8,4,6,3,17,17,1,0
12368,2,2,0,0,8,4,6,3,17,17,1,0
12369,2,2,0,0,8,4,6,3,17,17,1,0
12370,2,2,0,0,8,4,6,3,17,17,1,0
12371,2,2,0,0,8,4,6,3,17,17,1,0
12372,2,2,0,0,8,4,6,3,17,17,1,0
12373,2,2,0,0,8,4,6,3,17,17,1,0
12374,2,2,0,0,8,4,6,3,17,17,1,0
12375,2,2,0,0,8,4,6,3,17,17,1,0
12376,2,2,0,0,8,4,6,3,17,17,1,0
12377,2,2,0,0,8,4,6,3,17,17,1,0
12378,2,2,0,0,8,4,6,3,17,17,1,0
12379,2,2,0,0,8,4,6,3,17,17,1,0
12380,2,2,0,0,8,4,6,3,16,17,1,0
12380,2,2,0,0,8,4,6,2,16,17,1,1
12381,2,2,0,0,8,4,6,2,16,17,1,1
12382,2,2,0,0,8,4,6,2,16,17,1,1
12383,2,2,0,0,8,4,6,2,16,17,1,1
12384,2,2,0,0,8,4,6,2,16,17,1,1
12385,2,2,0,0,8,4,6,2,16,17,1,1
12386,2,2,0,0,8,4,6,2,16,17,1,1
12387,2,2,0,0,8,4,6,2,16,17,1,1
12388,2,2,0,0,8,4,6,2,16,17,1,1
12389,2,2,0,0,8,4,6,2,16,17,1,1
12390,2,2,0,0,8,4,6,2,16,17,1,1
12391,2,2,0,0,8,4,6,2,16,17,1,1
12392,2,2,0,0,8,4,6,2,16,17,1,1
12393,2,2,0,0,8,4,6,2,16,17,1,1
12394,2,2,0,0,8,4,6,2,16,17,1,1
12395,2,2,0,0,8,4,6,2,16,17,1,1
12396,2,2,0,0,8,4,6,2,16,17,1,1
12397,2,2,0,0,8,4,6,2,16,17,1,1
12398,2,2,0,0,8,4,6,2,16,17,1,1
12399,2,2,0,0,8,4,6,2,16,17,1,1
12400,2,2,0,0,8,4,6,2,16,17,1,1
12401,2,2,0,0,8,4,6,2,16,17,1,1
12402,2,2,0,0,8,4,6,2,16,17,1,1
12403,2,2,0,0,8,4,6,2,16,17,1,1
12404,2,2,0,0,8,4,6,2,16,17,1,1
12405,2,2,0,0,8,4,6,2,16,17,1,1
12406,2,2,0,0,8,4,6,2,16,17,1,1
12407,2,2,0,0,8,4,6,2,16,17,1,1
12408,2,2,0,0,8,4,6,2,16,17,1,1
12409,2,2,0,0,8,4,6,2,16,17,1,1
12410,2,2,0,0,8,4,6,2,16,17,1,1
12411,2,2,0,0,8,4,6,2,16,17,1,1
12412,2,2,0,0,8,4,6,2,16,17,1,1
12413,2,2,0,0,8,4,6,2,16,17,1,1
12414,2,2,0,0,8,4,6,2,16,17,1,1
12415,2,2,0,0,8,4,6,2,16,17,1,1
12416,2,2,0,0,8,4,6,2,16,17,1,1
12417,2,2,0,0,8,4,6,2,16,17,1,1
12418,2,2,0,0,8,4,6,2,16,17,1,1
12419,2,2,0,0,8,4,6,2,16,17,1,1
12420,2,2,0,0,8,4,6,2,16,17,1,1
12421,2,2,0,0,8,4,6,2,16,17,1,1
12422,2,2,0,0,8,4,6,2,16,17,1,1
12423,2,2,0,0,8,4,6,2,16,17,1,1
12424,2,2,0,0,8,4,6,2,16,17,1,1
12425,2,2,0,0,8,4,6,2,16,16,1,1
12425,2,2,0,0,8,4,5,2,16,16,1,0
12426,2,2,0,0,8,4,5,2,16,16,1,0
12427,2,2,0,0,8,4,5,2,16,16,1,0
12428,2,2,0,0,8,4,5,2,16,16,1,0
12429,2,2,0,0,8,4,5,2,16,16,1,0
12430,2,2,0,0,8,4,5,2,16,16,1,0
12431,2,2,0,0,8,4,5,2,16,16,1,0
12432,2,2,0,0,8,4,5,2,16,16,1,0
12433,2,2,0,0,8,4,5,2,16,16,1,0
12434,2,2,0,0,8,4,5,2,16,16,1,0
12435,2,2,0,0,8,4,5,2,16,16,1,0
12436,2,2,0,0,8,4,5,2,16,16,1,0
12437,2,2,0,0,8,4,5,2,16,16,1,0
12438,2,2,0,0,8,4,5,2,16,16,1,0
12439,2,2,0,0,8,4,5,2,16,16,1,0
12440,2,2,0,0,8,4,5,2,16,16,1,0
12441,2,2,0,0,8,4,5,2,16,16,1,0
12442,2,2,0,0,8,4,5,2,16,16,1,0
12443,2,2,0,0,8,4,5,2,16,16,1,0
12444,2,2,0,0,8,4,5,2,16,16,1,0
12445,2,2,0,0,8,4,5,2,16,16,1,0
12446,2,2,0,0,8,4,5,2,16,16,1,0
12447,2,2,0,0,8,4,5,2,16,16,1,0
12448,2,2,0,0,8,4,5,2,16,16,1,0
12449,2,2,0,0,8,4,5,2,16,16,1,0
12450,2,2,0,0,8,4,5,2,16,16,1,0
12451,2,2,0,0,8,4,5,2,16,16,1,0
12452,2,2,0,0,8,4,5,2,16,16,1,0
12453,2,2,0,0,8,4,5,2,16,16,1,0
12454,2,2,0,0,8,4,5,2,16,16,1,0
12455,2,2,0,0,8,4,5,2,16,16,1,0
12456,2,2,0,0,8,4,5,2,16,16,1,0
12457,2,2,0,0,8,4,5,2,16,16,1,0
12458,2,2,0,0,8,4,5,2,16,16,1,0
12459,2,2,0,0,8,4,5,2,16,16,1,0
12460,2,2,0,0,8,4,5,2,16,16,1,0
12461,2,2,0,0,8,4,5,2,16,16,1,0
12462,2,2,0,0,8,4,5,2,16,16,1,0
12463,2,2,0,0,8,4,5,2,16,16,1,0
12464,2,2,0,0,8,4,5,2,16,16,1,0
12465,2,2,0,0,8,4,5,2,16,16,1,0
12466,2,2,0,0,8,4,5,2,16,16,1,0
12467,2,2,0,0,8,4,5,2,16,16,1,0
12468,2,2,0,0,8,4,5,2,16,16,1,0
12469,2,2,0,0,8,4,5,2,16,16,1,0
12470,2,2,0,0,8,4,5,2,15,16,1,0
12470,2,2,0,0,8,4,5,1,15,16,1,1
12471,2,2,0,0,8,4,5,1,15,16,1,1
12472,2,2,0,0,8,4,5,1,15,16,1,1
12473,2,2,0,0,8,4,5,1,15,16,1,1
12474,2,2,0,0,8,4,5,1,15,16,1,1
12475,2,2,0,0,8,4,5,1,15,16,1,1
12476,2,2,0,0,8,4,5,1,15,16,1,1
12477,2,2,0,0,8,4,5,1,15,16,1,1
12478,2,2,0,0,8,4,5,1,15,16,1,1
12479,2,2,0,0,8,4,5,1,15,16,1,1
12480,2,2,0,0,8,4,5,1,15,16,1,1
12481,2,2,0,0,8,4,5,1,15,16,1,1
12482,2,2,0,0,8,4,5,1,15,16,1,1
12483,2,2,0,3,8,4,5,1,15,16,1,1
12484,2,2,0,3,8,4,5,1,15,16,1,1
12485,2,2,0,3,8,4,5,1,15,16,1,1
12486,2,2,0,3,8,4,5,1,15,16,1,1
12487,2,2,0,3,8,4,5,1,15,16,1,1
12488,2,2,0,3,8,4,5,1,15,16,1,1
12489,2,2,0,3,8,4,5,1,15,16,1,1
12490,2,2,0,3,8,4,5,1,15,16,1,1
12491,2,2,0,3,8,4,5,1,15,16,1,1
12492,2,2,0,3,8,4,5,1,15,16,1,1
12493,2,2,0,3,8,4,5,1,15,16,1,1
12494,2,2,0,3,8,4,5,1,15,16,1,1
12495,2,2,0,3,8,4,5,1,15,16,1,1
12496,2,2,0,3,8,4,5,1,15,16,1,1
12497,2,2,0,3,8,4,5,1,15,16,1,1
12498,2,2,0,3,8,4,5,1,15,16,1,1
12499,2,2,0,3,8,4,5,1,15,16,1,1
12500,2,2,0,3,8,4,5,1,15,16,1,1
12501,2,2,0,3,8,4,5,1,15,16,1,1
12502,2,2,0,3,8,4,5,1,15,16,1,1
12503,2,2,0,3,8,4,5,1,15,16,1,1
12504,2,2,0,3,8,4,5,1,15,16,1,1
12505,2,2,0,3,8,4,5,1,15,16,1,1
12506,2,2,0,3,8,4,5,1,15,16,1,1
12507,2,2,0,3,8,4,5,1,15,16,1,1
12508,2,2,0,3,8,4,5,1,15,16,1,1
12509,2,2,0,3,8,4,5,1,15,16,1,1
12510,2,2,0,3,8,4,5,1,15,16,1,1
12511,2,2,0,3,8,4,5,1,15,16,1,1
12512,2,2,0,3,8,4,5,1,15,16,1,1
12513,2,2,0,2,8,5,5,1,15,16,1,1
12514,2,2,0,2,8,5,5,1,15,16,1,1
12515,2,2,0,2,8,5,5,1,15,15,1,1
12515,2,2,0,2,8,5,4,1,15,15,1,0
12516,2,2,0,2,8,5,4,1,15,15,1,0
12517,2,2,0,2,8,5,4,1,15,15,1,0
12518,2,2,0,2,8,5,4,1,15,15,1,0
12519,2,2,0,2,8,5,4,1,15,15,1,0
12520,2,2,0,2,8,5,4,1,15,15,1,0
12521,2,2,0,2,8,5,4,1,15,15,1,0
12522,2,2,0,2,8,5,4,1,15,15,1,0
12523,2,2,0,2,8,5,4,1,15,15,1,0
12524,2,2,0,2,8,5,4,1,15,15,1,0
12525,2,2,0,2,8,5,4,1,15,15,1,0
12526,2,2,0,2,8,5,4,1,15,15,1,0
12527,2,2,0,2,8,5,4,1,15,15,1,0
12528,2,2,0,2,8,5,4,1,15,15,1,0
12529,2,2,0,2,8,5,4,1,15,15,1,0
12530,2,2,0,2,8,5,4,1,15,15,1,0
12531,2,2,0,2,8,5,4,1,15,15,1,0
12532,2,2,0,2,8,5,4,1,15,15,1,0
12533,2,2,0,2,8,5,4,1,15,15,1,0
12534,2,2,0,2,8,5,4,1,15,15,1,0
12535,2,2,0,2,8,5,4,1,15,15,1,0
12536,2,2,0,2,8,5,4,1,15,15,1,0
12537,2,2,0,2,8,5,4,1,15,15,1,0
12538,2,2,0,2,8,5,4,1,15,15,1,0
12539,2,2,0,2,8,5,4,1,15,15,1,0
12540,2,2,0,2,8,5,4,1,15,15,1,0
12541,2,2,0,2,8,5,4,1,15,15,1,0
12542,2,2,0,2,8,5,4,1,15,15,1,0
12543,2,2,0,1,8,6,4,1,15,15,1,0
12544,2,2,0,1,8,6,4,1,15,15,1,0
12545,2,2,0,1,8,6,4,1,15,15,1,0
12546,2,2,0,1,8,6,4,1,15,15,1,0
12547,2,2,0,1,8,6,4,1,15,15,1,0
12548,2,2,0,1,8,6,4,1,15,15,1,0
12549,2,2,0,1,8,6,4,1,15,15,1,0
12550,2,2,0,1,8,6,4,1,15,15,1,0
12551,2,2,0,1,8,6,4,1,15,15,1,0
12552,2,2,0,1,8,6,4,1,15,15,1,0
12553,2,2,0,1,8,6,4,1,15,15,1,0
12554,2,2,0,1,8,6,4,1,15,15,1,0
12555,2,2,0,1,8,6,4,1,15,15,1,0
12556,2,2,0,1,8,6,4,1,15,15,1,0
12557,2,2,0,1,8,6,4,1,15,15,1,0
12558,2,2,0,1,8,6,4,1,15,15,1,0
12559,2,2,0,1,8,6,4,1,15,15,1,0
12560,2,2,0,1,8,6,4,1,14,15,1,0
12560,2,2,0,1,8,6,4,0,14,15,1,1
12561,2,2,0,1,8,6,4,0,14,15,1,1
12562,2,2,0,1,8,6,4,0,14,15,1,1
12563,2,2,0,1,8,6,4,0,14,15,1,1
12564,2,2,0,1,8,6,4,0,14,15,1,1
12565,2,2,0,1,8,6,4,0,14,15,1,1
12566,2,2,0,1,8,6,4,0,14,15,1,1
12567,2,2,0,1,8,6,4,0,14,15,1,1
12568,2,2,0,1,8,6,4,0,14,15,1,1
12569,2,2,0,1,8,6,4,0,14,15,1,1
12570,2,2,0,1,8,6,4,0,14,15,1,1
12571,2,2,0,1,8,6,4,0,14,15,1,1
12572,2,2,0,1,8,6,4,0,14,15,1,1
12573,2,2,0,0,8,7,4,0,14,15,1,1
12574,2,2,0,0,8,7,4,0,14,15,1,1
12575,2,2,0,0,8,7,4,0,14,15,1,1
12576,2,2,0,0,8,7,4,0,14,15,1,1
12577,2,2,0,0,8,7,4,0,14,15,1,1
12578,2,2,0,0,8,7,4,0,14,15,1,1
12579,2,2,0,0,8,7,4,0,14,15,1,1
12580,2,2,0,0,8,7,4,0,14,15,1,1
12581,2,2,0,0,8,7,4,0,14,15,1,1
12582,2,2,0,0,8,7,4,0,14,15,1,1
12583,2,2,0,0,8,7,4,0,14,15,1,1
12584,2,2,0,0,8,7,4,0,14,15,1,1
12585,2,2,0,0,8,7,4,0,14,15,1,1
12586,2,2,0,0,8,7,4,0,14,15,1,1
12587,2,2,0,0,8,7,4,0,14,15,1,1
12588,2,2,0,0,8,7,4,0,14,15,1,1
12589,2,2,0,0,8,7,4,0,14,15,1,1
12590,2,2,0,0,8,3,4,4,14,15,1,1
12591,2,2,0,0,8,3,4,4,14,15,1,1
12592,2,2,0,0,8,3,4,4,14,15,1,1
12593,2,2,0,0,8,3,4,4,14,15,1,1
12594,2,2,0,0,8,3,4,4,14,15,1,1
12595,2,2,0,0,8,3,4,4,14,15,1,1
12596,2,2,0,0,8,3,4,4,14,15,1,1
12597,2,2,0,0,8,3,4,4,14,15,1,1
12598,2,2,0,0,8,3,4,4,14,15,1,1
12599,2,2,0,0,8,3,4,4,14,15,1,1
12600,2,2,0,0,8,3,4,4,14,15,1,1
12601,2,2,0,0,8,3,4,4,14,15,1,1
12602,2,2,0,0,8,3,4,4,14,15,1,1
12603,2,2,0,0,8,4,4,4,14,15,1,1
12604,2,2,0,0,8,4,4,4,14,15,1,1
12605,2,2,0,0,8,4,4,4,14,14,1,1
12605,2,2,0,0,8,4,3,4,14,14,1,0
12606,2,2,0,0,8,4,3,4,14,14,1,0
12607,2,2,0,0,8,4,3,4,14,14,1,0
12608,2,2,0,0,8,4,3,4,14,14,1,0
12609,2,2,0,0,8,4,3,4,14,14,1,0
12610,2,2,0,0,8,4,3,4,14,14,1,0
12611,2,2,0,0,8,4,3,4,14,14,1,0
12612,2,2,0,0,8,4,3,4,14,14,1,0
12613,2,2,0,0,8,4,3,4,14,14,1,0
12614,2,2,0,0,8,4,3,4,14,14,1,0
12615,2,2,0,0,8,4,3,4,14,14,1,0
12616,2,2,0,0,8,4,3,4,14,14,1,0
12617,2,2,0,0,8,4,3,4,14,14,1,0
12618,2,2,0,0,8,4,3,4,14,14,1,0
12619,2,2,0,0,8,4,3,4,14,14,1,0
12620,2,2,0,0,8,4,3,4,14,14,1,0
12621,2,2,0,0,8,4,3,4,14,14,1,0
12622,2,2,0,0,8,4,3,4,14,14,1,0
12623,2,2,0,0,8,4,3,4,14,14,1,0
12624,2,2,0,0,8,4,3,4,14,14,1,0
12625,2,2,0,0,8,4,3,4,14,14,1,0
12626,2,2,0,0,8,4,3,4,14,14,1,0
12627,2,2,0,0,8,4,3,4,14,14,1,0
12628,2,2,0,0,8,4,3,4,14,14,1,0
12629,2,2,0,0,8,4,3,4,14,14,1,0
12630,2,2,0,0,8,4,3,4,14,14,1,0
12631,2,2,0,0,8,4,3,4,14,14,1,0
12632,2,2,0,0,8,4,3,4,14,14,1,0
12633,2,2,0,0,8,4,3,4,14,14,1,0
12634,2,2,0,0,8,4,3,4,14,14,1,0
12635,2,2,0,0,8,4,3,4,14,14,1,0
12636,2,2,0,0,8,4,3,4,14,14,1,0
12637,2,2,0,0,8,4,3,4,14,14,1,0
12638,2,2,0,0,8,4,3,4,14,14,1,0
12639,2,2,0,0,8,4,3,4,14,14,1,0
12640,2,2,0,0,8,4,3,4,14,14,1,0
12641,2,2,0,0,8,4,3,4,14,14,1,0
12642,2,2,0,0,8,4,3,4,14,14,1,0
12643,2,2,0,0,8,4,3,4,14,14,1,0
12644,2,2,0,0,8,4,3,4,14,14,1,0
12645,2,2,0,0,8,4,3,4,14,14,1,0
12646,2,2,0,0,8,4,3,4,14,14,1,0
12647,2,2,0,0,8,4,3,4,14,14,1,0
12648,2,2,0,0,8,4,3,4,14,14,1,0
12649,2,2,0,0,8,4,3,4,14,14,1,0
12650,2,2,0,0,8,4,3,4,13,14,1,0
12650,2,2,0,0,8,4,3,3,13,14,1,1
12651,2,2,0,0,8,4,3,3,13,14,1,1
12652,2,2,0,0,8,4,3,3,13,14,1,1
12653,2,2,0,0,8,4,3,3,13,14,1,1
12654,2,2,0,0,8,4,3,3,13,14,1,1
12655,2,2,0,0,8,4,3,3,13,14,1,1
12656,2,2,0,0,8,4,3,3,13,14,1,1
12657,2,2,0,0,8,4,3,3,13,14,1,1
12658,2,2,0,0,8,4,3,3,13,14,1,1
12659,2,2,0,0,8,4,3,3,13,14,1,1
12660,2,2,0,0,8,4,3,3,13,14,1,1
12661,2,2,0,0,8,4,3,3,13,14,1,1
12662,2,2,0,0,8,4,3,3,13,14,1,1
12663,2,2,0,0,8,4,3,3,13,14,1,1
12664,2,2,0,0,8,4,3,3,13,14,1,1
12665,2,2,0,0,8,4,3,3,13,14,1,1
12666,2,2,0,0,8,4,3,3,13,14,1,1
12667,2,2,0,0,8,4,3,3,13,14,1,1
12668,2,2,0,0,8,4,3,3,13,14,1,1
12669,2,2,0,0,8,4,3,3,13,14,1,1
12670,2,2,0,0,8,4,3,3,13,14,1,1
12671,2,2,0,0,8,4,3,3,13,14,1,1
12672,2,2,0,0,8,4,3,3,13,14,1,1
12673,2,2,0,0,8,4,3,3,13,14,1,1
12674,2,2,0,0,8,4,3,3,13,14,1,1
12675,2,2,0,0,8,4,3,3,13,14,1,1
12676,2,2,0,0,8,4,3,3,13,14,1,1
12677,2,2,0,0,8,4,3,3,13,14,1,1
12678,2,2,0,0,8,4,3,3,13,14,1,1
12679,2,2,0,0,8,4,3,3,13,14,1,1
12680,2,2,0,0,8,4,3,3,13,14,1,1
12681,2,2,0,0,8,4,3,3,13,14,1,1
12682,2,2,0,0,8,4,3,3,13,14,1,1
12683,2,2,0,0,8,4,3,3,13,14,1,1
12684,2,2,0,0,8,4,3,3,13,14,1,1
12685,2,2,0,0,8,4,3,3,13,14,1,1
12686,2,2,0,0,8,4,3,3,13,14,1,1
12687,2,2,0,0,8,4,3,3,13,14,1,1
12688,2,2,0,0,8,4,3,3,13,14,1,1
12689,2,2,0,0,8,4,3,3,13,14,1,1
12690,2,2,0,0,8,4,3,3,13,14,1,1
12691,2,2,0,0,8,4,3,3,13,14,1,1
12692,2,2,0,0,8,4,3,3,13,14,1,1
12693,2,2,0,0,8,4,3,3,13,14,1,1
12694,2,2,0,0,8,4,3,3,13,14,1,1
12695,2,2,0,0,8,4,3,3,13,13,1,1
12695,2,2,0,0,8,4,2,3,13,13,1,0
12696,2,2,0,0,8,4,2,3,13,13,1,0
12697,2,2,0,0,8,4,2,3,13,13,1,0
12698,2,2,0,0,8,4,2,3,13,13,1,0
12699,2,2,0,0,8,4,2,3,13,13,1,0
12700,2,2,0,0,8,4,2,3,13,13,1,0
12701,2,2,0,0,8,4,2,3,13,13,1,0
12702,2,2,0,0,8,4,2,3,13,13,1,0
12703,2,2,0,0,8,4,2,3,13,13,1,0
12704,2,2,0,0,8,4,2,3,13,13,1,0
12705,2,2,0,0,8,4,2,3,13,13,1,0
12706,2,2,0,0,8,4,2,3,13,13,1,0
12707,2,2,0,0,8,4,2,3,13,13,1,0
12708,2,2,0,0,8,4,2,3,13,13,1,0
12709,2,2,0,0,8,4,2,3,13,13,1,0
12710,2,2,0,0,8,4,2,3,13,13,1,0
12711,2,2,0,0,8,4,2,3,13,13,1,0
12712,2,2,0,0,8,4,2,3,13,13,1,0
12713,2,2,0,0,8,4,2,3,13,13,1,0
12714,2,2,0,0,8,4,2,3,13,13,1,0
12715,2,2,0,0,8,4,2,3,13,13,1,0
12716,2,2,0,0,8,4,2,3,13,13,1,0
12717,2,2,0,0,8,4,2,3,13,13,1,0
12718,2,2,0,0,8,4,2,3,13,13,1,0
12719,2,2,0,0,8,4,2,3,13,13,1,0
12720,2,2,0,0,8,4,2,3,13,13,1,0
12721,2,2,0,0,8,4,2,3,13,13,1,0
12722,2,2,0,0,8,4,2,3,13,13,1,0
12723,2,2,0,0,8,4,2,3,13,13,1,0
12724,2,2,0,0,8,4,2,3,13,13,1,0
12725,2,2,0,0,8,4,2,3,13,13,1,0
12726,2,2,0,0,8,4,2,3,13,13,1,0
12727,2,2,0,0,8,4,2,3,13,13,1,0
12728,2,2,0,0,8,4,2,3,13,13,1,0
12729,2,2,0,0,8,4,2,3,13,13,1,0
12730,2,2,0,0,8,4,2,3,13,13,1,0
12731,2,2,0,0,8,4,2,3,13,13,1,0
12732,2,2,0,0,8,4,2,3,13,13,1,0
12733,2,2,0,0,8,4,2,3,13,13,1,0
12734,2,2,0,0,8,4,2,3,13,13,1,0
12735,2,2,0,0,8,4,2,3,13,13,1,0
12736,2,2,0,0,8,4,2,3,13,13,1,0
12737,2,2,0,0,8,4,2,3,13,13,1,0
12738,2,2,0,0,8,4,2,3,13,13,1,0
12739,2,2,0,0,8,4,2,3,13,13,1,0
12740,2,2,0,0,8,4,2,3,12,13,1,0
12740,2,2,0,0,8,4,2,2,12,13,1,1
12741,2,2,0,0,8,4,2,2,12,13,1,1
12742,2,2,0,0,8,4,2,2,12,13,1,1
12743,2,2,0,0,8,4,2,2,12,13,1,1
12744,2,2,0,0,8,4,2,2,12,13,1,1
12745,2,2,0,0,8,4,2,2,12,13,1,1
12746,2,2,0,0,8,4,2,2,12,13,1,1
12747,2,2,0,0,8,4,2,2,12,13,1,1
12748,2,2,0,0,8,4,2,2,12,13,1,1
12749,2,2,0,0,8,4,2,2,12,13,1,1
12750,2,2,0,0,8,4,2,2,12,13,1,1
12751,2,2,0,0,8,4,2,2,12,13,1,1
12752,2,2,0,0,8,4,2,2,12,13,1,1
12753,2,2,0,0,8,4,2,2,12,13,1,1
12754,2,2,0,0,8,4,2,2,12,13,1,1
12755,2,2,0,0,8,4,2,2,12,13,1,1
12756,2,2,0,0,8,4,2,2,12,13,1,1
12757,2,2,0,0,8,4,2,2,12,13,1,1
12758,2,2,0,0,8,4,2,2,12,13,1,1
12759,2,2,0,0,8,4,2,2,12,13,1,1
12760,2,2,0,0,8,4,2,2,12,13,1,1
12761,2,2,0,0,8,4,2,2,12,13,1,1
12762,2,2,0,0,8,4,2,2,12,13,1,1
12763,2,2,0,0,8,4,2,2,12,13,1,1
12764,2,2,0,0,8,4,2,2,12,13,1,1
12765,2,2,0,0,8,4,2,2,12,13,1,1
12766,2,2,0,0,8,4,2,2,12,13,1,1
12767,2,2,0,0,8,4,2,2,12,13,1,1
12768,2,2,0,0,8,4,2,2,12,13,1,1
12769,2,2,0,0,8,4,2,2,12,13,1,1
12770,2,2,0,0,8,4,2,2,12,13,1,1
12771,2,2,0,0,8,4,2,2,12,13,1,1
12772,2,2,0,0,8,4,2,2,12,13,1,1
12773,2,2,0,0,8,4,2,2,12,13,1,1
12774,2,2,0,0,8,4,2,2,12,13,1,1
12775,2,2,0,0,8,4,2,2,12,13,1,1
12776,2,2,0,0,8,4,2,2,12,13,1,1
12777,2,2,0,0,8,4,2,2,12,13,1,1
12778,2,2,0,0,8,4,2,2,12,13,1,1
12779,2,2,0,0,8,4,2,2,12,13,1,1
12780,2,2,0,0,8,4,2,2,12,13,1,1
12781,2,2,0,0,8,4,2,2,12,13,1,1
12782,2,2,0,0,8,4,2,2,12,13,1,1
12783,2,2,0,0,8,4,2,2,12,13,1,1
12784,2,2,0,0,8,4,2,2,12,13,1,1
12785,2,2,0,0,8,4,2,2,12,12,1,1
12785,2,2,0,0,8,4,1,2,12,12,1,0
12786,2,2,0,0,8,4,1,2,12,12,1,0
12787,2,2,0,0,8,4,1,2,12,12,1,0
12788,2,2,0,0,8,4,1,2,12,12,1,0
12789,2,2,0,0,8,4,1,2,12,12,1,0
12790,2,2,0,0,8,4,1,2,12,12,1,0
12791,2,2,0,0,8,4,1,2,12,12,1,0
12792,2,2,0,0,8,4,1,2,12,12,1,0
12793,2,2,0,0,8,4,1,2,12,12,1,0
12794,2,2,0,0,8,4,1,2,12,12,1,0
12795,2,2,0,0,8,4,1,2,12,12,1,0
12796,2,2,0,0,8,4,1,2,12,12,1,0
12797,2,2,0,0,8,4,1,2,12,12,1,0
12798,2,2,0,0,8,4,1,2,12,12,1,0
12799,2,2,0,0,8,4,1,2,12,12,1,0
12800,2,2,0,0,8,4,1,2,12,12,1,0
12801,2,2,0,0,8,4,1,2,12,12,1,0
12802,2,2,0,0,8,4,1,2,12,12,1,0
12803,2,2,0,0,8,4,1,2,12,12,1,0
12804,2,2,0,0,8,4,1,2,12,12,1,0
12805,2,2,0,0,8,4,1,2,12,12,1,0
12806,2,2,0,0,8,4,1,2,12,12,1,0
12807,2,2,0,0,8,4,1,2,12,12,1,0
12808,2,2,0,0,8,4,1,2,12,12,1,0
12809,2,2,0,0,8,4,1,2,12,12,1,0
12810,2,2,0,0,8,4,1,2,12,12,1,0
12811,2,2,0,0,8,4,1,2,12,12,1,0
12812,2,2,0,0,8,4,1,2,12,12,1,0
12813,2,2,0,0,8,4,1,2,12,12,1,0
12814,2,2,0,0,8,4,1,2,12,12,1,0
12815,2,2,0,0,8,4,1,2,12,12,1,0
12816,2,2,0,0,8,4,1,2,12,12,1,0
12817,2,2,0,0,8,4,1,2,12,12,1,0
12818,2,2,0,0,8,4,1,2,12,12,1,0
12819,2,2,0,0,8,4,1,2,12,12,1,0
12820,2,2,0,0,8,4,1,2,12,12,1,0
12821,2,2,0,0,8,4,1,2,12,12,1,0
12822,2,2,0,0,8,4,1,2,12,12,1,0
12823,2,2,0,0,8,4,1,2,12,12,1,0
12824,2,2,0,0,8,4,1,2,12,12,1,0
12825,2,2,0,0,8,4,1,2,12,12,1,0
12826,2,2,0,0,8,4,1,2,12,12,1,0
12827,2,2,0,0,8,4,1,2,12,12,1,0
12828,2,2,0,0,8,4,1,2,12,12,1,0
12829,2,2,0,0,8,4,1,2,12,12,1,0
12830,2,2,0,0,8,4,1,2,11,12,1,0
12830,2,2,0,0,8,4,1,1,11,12,1,1
12831,2,2,0,0,8,4,1,1,11,12,1,1
12832,2,2,0,0,8,4,1,1,11,12,1,1
12833,2,2,0,0,8,4,1,1,11,12,1,1
12834,2,2,0,0,8,4,1,1,11,12,1,1
12835,2,2,0,0,8,4,1,1,11,12,1,1
12836,2,2,0,0,8,4,1,1,11,12,1,1
12837,2,2,0,0,8,4,1,1,11,12,1,1
12838,2,2,0,0,8,4,1,1,11,12,1,1
12839,2,2,0,0,8,4,1,1,11,12,1,1
12840,2,2,0,0,8,4,1,1,11,12,1,1
12841,2,2,0,0,8,4,1,1,11,12,1,1
12842,2,2,0,0,8,4,1,1,11,12,1,1
12843,2,2,0,0,8,4,1,1,11,12,1,1
12844,2,2,0,0,8,4,1,1,11,12,1,1
12845,2,2,0,0,8,4,1,1,11,12,1,1
12846,2,2,0,0,8,4,1,1,11,12,1,1
12847,2,2,0,0,8,4,1,1,11,12,1,1
12848,2,2,0,0,8,4,1,1,11,12,1,1
12849,2,2,0,0,8,4,1,1,11,12,1,1
12850,2,2,0,0,8,4,1,1,11,12,1,1
12851,2,2,0,0,8,4,1,1,11,12,1,1
12852,2,2,0,0,8,4,1,1,11,12,1,1
12853,2,2,0,0,8,4,1,1,11,12,1,1
12854,2,2,0,0,8,4,1,1,11,12,1,1
12855,2,2,0,0,8,4,1,1,11,12,1,1
12856,2,2,0,0,8,4,1,1,11,12,1,1
12857,2,2,0,0,8,4,1,1,11,12,1,1
12858,2,2,0,0,8,4,1,1,11,12,1,1
12859,2,2,0,0,8,4,1,1,11,12,1,1
12860,2,2,0,0,8,4,1,1,11,12,1,1
12861,2,2,0,0,8,4,1,1,11,12,1,1
12862,2,2,0,0,8,4,1,1,11,12,1,1
12863,2,2,0,0,8,4,1,1,11,12,1,1
12864,2,2,0,0,8,4,1,1,11,12,1,1
12865,2,2,0,0,8,4,1,1,11,12,1,1
12866,2,2,0,0,8,4,1,1,11,12,1,1
12867,2,2,0,0,8,4,1,1,11,12,1,1
12868,2,2,0,0,8,4,1,1,11,12,1,1
12869,2,2,0,0,8,4,1,1,11,12,1,1
12870,2,2,0,0,8,4,1,1,11,12,1,1
12871,2,2,0,0,8,4,1,1,11,12,1,1
12872,2,2,0,0,8,4,1,1,11,12,1,1
12873,2,2,0,0,8,4,1,1,11,12,1,1
12874,2,2,0,0,8,4,1,1,11,12,1,1
12875,2,2,0,0,8,4,1,1,11,11,1,1
12875,2,2,0,0,8,4,0,1,11,11,1,0
12876,2,2,0,0,8,4,0,1,11,11,1,0
12877,2,2,0,0,8,4,0,1,11,11,1,0
12878,2,2,0,0,8,4,0,1,11,11,1,0
12879,2,2,0,0,8,4,0,1,11,11,1,0
12880,2,2,0,0,8,4,0,1,11,11,1,0
12881,2,2,0,0,8,4,0,1,11,11,1,0
12882,2,2,0,0,8,4,0,1,11,11,1,0
12883,2,2,0,0,8,4,0,1,11,11,1,0
12884,2,2,0,0,8,4,0,1,11,11,1,0
12885,2,2,0,0,8,4,0,1,11,11,1,0
12886,2,2,0,0,8,4,0,1,11,11,1,0
12887,2,2,0,0,8,4,0,1,11,11,1,0
12888,2,2,0,0,8,4,0,1,11,11,1,0
12889,2,2,0,0,8,4,0,1,11,11,1,0
12890,2,2,0,0,4,4,0,5,11,11,1,0
12891,2,2,0,0,4,4,0,5,11,11,1,0
12892,2,2,0,0,4,4,0,5,11,11,1,0
12893,2,2,0,0,4,4,0,5,11,11,1,0
12894,2,2,0,0,4,4,0,5,11,11,1,0
12895,2,2,0,0,4,4,0,5,11,11,1,0
12896,2,2,0,0,4,4,0,5,11,11,1,0
12897,2,2,0,0,4,4,0,5,11,11,1,0
12898,2,2,0,0,4,4,0,5,11,11,1,0
12899,2,2,0,0,4,4,0,5,11,11,1,0
12900,2,2,0,0,4,4,0,5,11,11,1,0
12901,2,2,0,0,4,4,0,5,11,11,1,0
12902,2,2,0,0,4,4,0,5,11,11,1,0
12903,2,2,0,0,4,4,0,5,11,11,1,0
12904,2,2,0,0,4,4,0,5,11,11,1,0
12905,2,2,0,0,4,4,0,5,11,11,1,0
12906,2,2,0,0,4,4,0,5,11,11,1,0
12907,2,2,0,0,4,4,0,5,11,11,1,0
12908,2,2,0,0,4,4,0,5,11,11,1,0
12909,2,2,0,0,4,4,0,5,11,11,1,0
12910,2,2,0,0,4,4,0,5,11,11,1,0
12911,2,2,0,0,4,4,0,5,11,11,1,0
12912,2,2,0,0,4,4,0,5,11,11,1,0
12913,2,2,0,0,4,4,0,5,11,11,1,0
12914,2,2,0,0,4,4,0,5,11,11,1,0
12915,2,2,0,0,4,4,0,5,11,11,1,0
12916,2,2,0,0,4,4,0,5,11,11,1,0
12917,2,2,0,0,4,4,0,5,11,11,1,0
12918,2,2,0,0,4,4,0,5,11,11,1,0
12919,2,2,0,0,4,4,0,5,11,11,1,0
12920,2,2,0,0,4,4,0,5,10,11,1,0
12920,2,2,0,0,4,4,0,4,10,11,1,1
12921,2,2,0,0,4,4,0,4,10,11,1,1
12922,2,2,0,0,4,4,0,4,10,11,1,1
12923,2,2,0,0,4,4,0,4,10,11,1,1
12924,2,2,0,0,4,4,0,4,10,11,1,1
12925,2,2,0,0,4,4,0,4,10,11,1,1
12926,2,2,0,0,4,4,0,4,10,11,1,1
12927,2,2,0,0,4,4,0,4,10,11,1,1
12928,2,2,0,0,4,4,0,4,10,11,1,1
12929,2,2,0,0,4,4,0,4,10,11,1,1
12930,2,2,0,0,4,4,0,4,10,11,1,1
12931,2,2,0,0,4,4,0,4,10,11,1,1
12932,2,2,0,0,4,4,0,4,10,11,1,1
12933,2,2,0,0,4,4,0,4,10,11,1,1
12934,2,2,0,0,4,4,0,4,10,11,1,1
12935,2,2,0,0,4,4,0,4,10,11,1,1
12936,2,2,0,0,4,4,0,4,10,11,1,1
12937,2,2,0,0,4,4,0,4,10,11,1,1
12938,2,2,0,0,4,4,0,4,10,11,1,1
12939,2,2,0,0,4,4,0,4,10,11,1,1
12940,2,2,0,0,4,4,0,4,10,11,1,1
12941,2,2,0,0,4,4,0,4,10,11,1,1
12942,2,2,0,0,4,4,0,4,10,11,1,1
12943,2,2,0,0,4,4,0,4,10,11,1,1
12944,2,2,0,0,4,4,0,4,10,11,1,1
12945,2,2,0,0,4,4,0,4,10,11,1,1
12946,2,2,0,0,4,4,0,4,10,11,1,1
12947,2,2,0,0,4,4,0,4,10,11,1,1
12948,2,2,0,0,4,4,0,4,10,11,1,1
12949,2,2,0,0,4,4,0,4,10,11,1,1
12950,2,2,0,0,4,4,0,4,10,11,1,1
12951,2,2,0,0,4,4,0,4,10,11,1,1
12952,2,2,0,0,4,4,0,4,10,11,1,1
12953,2,2,0,0,4,4,0,4,10,11,1,1
12954,2,2,0,0,4,4,0,4,10,11,1,1
12955,2,2,0,0,4,4,0,4,10,11,1,1
12956,2,2,0,0,4,4,0,4,10,11,1,1
12957,2,2,0,0,4,4,0,4,10,11,1,1
12958,2,2,0,0,4,4,0,4,10,11,1,1
12959,2,2,0,0,4,4,0,4,10,11,1,1
12960,2,2,0,0,4,4,0,4,10,11,1,1
12961,2,2,0,0,4,4,0,4,10,11,1,1
12962,2,2,0,0,4,4,0,4,10,11,1,1
12963,2,2,0,0,4,4,0,4,10,11,1,1
12964,2,2,0,0,4,4,0,4,10,11,1,1
12965,2,2,0,0,4,4,0,4,10,10,1,1
12965,2,2,0,0,4,4,0,3,10,10,1,1
12966,2,2,0,0,4,4,0,3,10,10,1,1
12967,2,2,0,0,4,4,0,3,10,10,1,1
12968,2,2,0,0,4,4,0,3,10,10,1,1
12969,2,2,0,0,4,4,0,3,10,10,1,1
12970,2,2,0,0,4,4,0,3,10,10,1,1
12971,2,2,0,0,4,4,0,3,10,10,1,1
12972,2,2,0,0,4,4,0,3,10,10,1,1
12973,2,2,0,0,4,4,0,3,10,10,1,1
12974,2,2,0,0,4,4,0,3,10,10,1,1
12975,2,2,0,0,4,4,0,3,10,10,1,1
12976,2,2,0,0,4,4,0,3,10,10,1,1
12977,2,2,0,0,4,4,0,3,10,10,1,1
12978,2,2,0,0,4,4,0,3,10,10,1,1
12979,2,2,0,0,4,4,0,3,10,10,1,1
12980,2,2,0,0,4,4,0,3,10,10,1,1
12981,2,2,0,0,4,4,0,3,10,10,1,1
12982,2,2,0,0,4,4,0,3,10,10,1,1
12983,2,2,0,0,4,4,0,3,10,10,1,1
12984,2,2,0,0,4,4,0,3,10,10,1,1
12985,2,2,0,0,4,4,0,3,10,10,1,1
12986,2,2,0,0,4,4,0,3,10,10,1,1
12987,2,2,0,0,4,4,0,3,10,10,1,1
12988,2,2,0,0,4,4,0,3,10,10,1,1
12989,2,2,0,0,4,4,0,3,10,10,1,1
12990,2,2,0,0,4,4,0,3,10,10,1,1
12991,2,2,0,0,4,4,0,3,10,10,1,1
12992,2,2,0,0,4,4,0,3,10,10,1,1
12993,2,2,0,0,4,4,0,3,10,10,1,1
12994,2,2,0,0,4,4,0,3,10,10,1,1
12995,2,2,0,0,4,4,0,3,10,9,1,1
12995,2,2,0,0,4,4,0,3,10,9,1,1
12996,2,2,0,0,4,4,0,3,10,9,1,1
12997,2,2,0,0,4,4,0,3,10,9,1,1
12998,2,2,0,0,4,4,0,3,10,9,1,1
12999,2,2,0,0,4,4,0,3,10,9,1,1
13000,2,2,0,0,4,4,0,3,10,9,1,1
13001,2,2,0,0,4,4,0,3,10,9,1,1
13002,2,2,0,0,4,4,0,3,10,9,1,1
13003,2,2,0,0,4,4,0,3,10,9,1,1
13004,2,2,0,0,4,4,0,3,10,9,1,1
13005,2,2,0,0,4,4,0,3,10,9,1,1
13006,2,2,0,0,4,4,0,3,10,9,1,1
13007,2,2,0,0,4,4,0,3,10,9,1,1
13008,2,2,0,0,4,4,0,3,10,9,1,1
13009,2,2,0,0,4,4,0,3,10,9,1,1
13010,2,2,0,0,4,4,0,3,10,9,1,1
13011,2,2,0,0,4,4,0,3,10,9,1,1
13012,2,2,0,0,4,4,0,3,10,9,1,1
13013,2,2,0,0,4,4,0,3,10,9,1,1
13014,2,2,0,0,4,4,0,3,10,9,1,1
13015,2,2,0,0,4,4,0,3,10,9,1,1
13016,2,2,0,0,4,4,0,3,10,9,1,1
13017,2,2,0,0,4,4,0,3,10,9,1,1
13018,2,2,0,0,4,4,0,3,10,9,1,1
13019,2,2,0,0,4,4,0,3,10,9,1,1
13020,2,2,0,0,4,4,0,3,10,9,1,1
13021,2,2,0,0,4,4,0,3,10,9,1,1
13022,2,2,0,0,4,4,0,3,10,9,1,1
13023,2,2,0,0,4,4,0,3,10,9,1,1
13024,2,2,0,0,4,4,0,3,10,9,1,1
13025,2,2,0,0,4,4,0,3,10,9,1,1
13026,2,2,0,0,4,4,0,3,10,9,1,1
13027,2,2,0,0,4,4,0,3,10,9,1,1
13028,2,2,0,0,4,4,0,3,10,9,1,1
13029,2,2,0,0,4,4,0,3,10,9,1,1
13030,2,2,0,0,4,4,0,3,10,9,1,1
13031,2,2,0,0,4,4,0,3,10,9,1,1
13032,2,2,0,0,4,4,0,3,10,9,1,1
13033,2,2,0,0,4,4,0,3,10,9,1,1
13034,2,2,0,0,4,4,0,3,10,9,1,1
13035,2,2,0,0,4,4,0,3,10,9,1,1
13036,2,2,0,0,4,4,0,3,10,9,1,1
13037,2,2,0,0,4,4,0,3,10,9,1,1
13038,2,2,0,0,4,4,0,3,10,9,1,1
13039,2,2,0,0,4,4,0,3,10,9,1,1
13040,2,2,0,0,4,4,0,3,10,9,1,1
13041,2,2,0,0,4,4,0,3,10,9,1,1
13042,2,2,0,0,4,4,0,3,10,9,1,1
13043,2,2,0,0,4,4,0,3,10,9,1,1
13044,2,2,0,0,4,4,0,3,10,9,1,1
13045,2,2,0,0,4,4,0,3,10,9,1,1
13046,2,2,0,0,4,4,0,3,10,9,1,1
13047,2,2,0,0,4,4,0,3,10,9,1,1
13048,2,2,0,0,4,4,0,3,10,9,1,1
13049,2,2,0,0,4,4,0,3,10,9,1,1
13050,2,2,0,0,4,4,0,3,10,9,1,1
13051,2,2,0,0,4,4,0,3,10,9,1,1
13052,2,2,0,0,4,4,0,3,10,9,1,1
13053,2,2,0,0,4,4,0,3,10,9,1,1
13054,2,2,0,0,4,4,0,3,10,9,1,1
13055,2,2,0,0,4,4,0,3,10,9,1,1
13056,2,2,0,0,4,4,0,3,10,9,1,1
13057,2,2,0,0,4,4,0,3,10,9,1,1
13058,2,2,0,0,4,4,0,3,10,9,1,1
13059,2,2,0,0,4,4,0,3,10,9,1,1
13060,2,2,0,0,4,4,0,3,10,9,1,1
13061,2,2,0,0,4,4,0,3,10,9,1,1
13062,2,2,0,0,4,4,0,3,10,9,1,1
13063,2,2,0,0,4,4,0,3,10,9,1,1
13064,2,2,0,0,4,4,0,3,10,9,1,1
13065,2,2,0,0,4,4,0,3,10,9,1,1
13066,2,2,0,0,4,4,0,3,10,9,1,1
13067,2,2,0,0,4,4,0,3,10,9,1,1
13068,2,2,0,0,4,4,0,3,10,9,1,1
13069,2,2,0,0,4,4,0,3,10,9,1,1
13070,2,2,0,0,4,4,0,3,10,9,1,1
13071,2,2,0,0,4,4,0,3,10,9,1,1
13072,2,2,0,0,4,4,0,3,10,9,1,1
13073,2,2,0,0,4,4,0,3,10,9,1,1
13074,2,2,0,0,4,4,0,3,10,9,1,1
13075,2,2,0,0,4,4,0,3,10,9,1,1
13076,2,2,0,0,4,4,0,3,10,9,1,1
13077,2,2,0,0,4,4,0,3,10,9,1,1
13078,2,2,0,0,4,4,0,3,10,9,1,1
13079,2,2,0,0,4,4,0,3,10,9,1,1
13080,2,2,0,0,4,4,0,3,10,9,1,1
13081,2,2,0,0,4,4,0,3,10,9,1,1
13082,2,2,0,0,4,4,0,3,10,9,1,1
13083,2,2,0,0,4,4,0,3,10,9,1,1
13084,2,2,0,0,4,4,0,3,10,9,1,1
13085,2,2,0,0,4,4,0,3,10,9,1,1
13086,2,2,0,0,4,4,0,3,10,9,1,1
13087,2,2,0,0,4,4,0,3,10,9,1,1
13088,2,2,0,0,4,4,0,3,10,9,1,1
13089,2,2,0,0,4,4,0,3,10,9,1,1
13090,2,2,0,0,4,4,0,3,10,9,1,1
13091,2,2,0,0,4,4,0,3,10,9,1,1
13092,2,2,0,0,4,4,0,3,10,9,1,1
13093,2,2,0,0,4,4,0,3,10,9,1,1
13094,2,2,0,0,4,4,0,3,10,9,1,1
13095,2,2,0,0,4,4,0,3,10,9,1,1
13096,2,2,0,0,4,4,0,3,10,9,1,1
13097,2,2,0,0,4,4,0,3,10,9,1,1
13098,2,2,0,0,4,4,0,3,10,9,1,1
13099,2,2,0,0,4,4,0,3,10,9,1,1
13100,2,2,0,0,4,4,0,3,10,9,1,1
13101,2,2,0,0,4,4,0,3,10,9,1,1
13102,2,2,0,0,4,4,0,3,10,9,1,1
13103,2,2,0,0,4,4,0,3,10,9,1,1
13104,2,2,0,0,4,4,0,3,10,9,1,1
13105,2,2,0,0,4,4,0,3,10,9,1,1
13106,2,2,0,0,4,4,0,3,10,9,1,1
13107,2,2,0,0,4,4,0,3,10,9,1,1
13108,2,2,0,0,4,4,0,3,10,9,1,1
13109,2,2,0,0,4,4,0,3,10,9,1,1
13110,2,2,0,0,4,4,0,3,10,9,1,1
13111,2,2,0,0,4,4,0,3,10,9,1,1
13112,2,2,0,0,4,4,0,3,10,9,1,1
13113,2,2,0,0,4,4,0,3,10,9,1,1
13114,2,2,0,0,4,4,0,3,10,9,1,1
13115,2,2,0,0,4,4,0,3,10,9,1,1
13116,2,2,0,0,4,4,0,3,10,9,1,1
13117,2,2,0,0,4,4,0,3,10,9,1,1
13118,2,2,0,0,4,4,0,3,10,9,1,1
13119,2,2,0,0,4,4,0,3,10,9,1,1
13120,2,2,0,0,4,4,0,3,10,9,1,1
13121,2,2,0,0,4,4,0,3,10,9,1,1
13122,2,2,0,0,4,4,0,3,10,9,1,1
13123,2,2,0,0,4,4,0,3,10,9,1,1
13124,2,2,0,0,4,4,0,3,10,9,1,1
13125,2,2,0,0,4,4,0,3,10,9,1,1
13126,2,2,0,0,4,4,0,3,10,9,1,1
13127,2,2,0,0,4,4,0,3,10,9,1,1
13128,2,2,0,0,4,4,0,3,10,9,1,1
13129,2,2,0,0,4,4,0,3,10,9,1,1
13130,2,2,0,0,0,4,3,3,10,9,1,0
13131,2,2,0,0,0,4,3,3,10,9,1,0
13132,2,2,0,0,0,4,3,3,10,9,1,0
13133,2,2,0,0,0,4,3,3,10,9,1,0
13134,2,2,0,0,0,4,3,3,10,9,1,0
13135,2,2,0,0,0,4,3,3,10,9,1,0
13136,2,2,0,0,0,4,3,3,10,9,1,0
13137,2,2,0,0,0,4,3,3,10,9,1,0
13138,2,2,0,0,0,4,3,3,10,9,1,0
13139,2,2,0,0,0,4,3,3,10,9,1,0
13140,2,2,0,0,0,4,3,3,10,9,1,0
13141,2,2,0,0,0,4,3,3,10,9,1,0
13142,2,2,0,0,0,4,3,3,10,9,1,0
13143,2,2,0,0,0,4,3,3,10,9,1,0
13144,2,2,0,0,0,4,3,3,10,9,1,0
13145,2,2,0,0,0,4,3,3,10,9,1,0
13146,2,2,0,0,0,4,3,3,10,9,1,0
13147,2,2,0,0,0,4,3,3,10,9,1,0
13148,2,2,0,0,0,4,3,3,10,9,1,0
13149,2,2,0,0,0,4,3,3,10,9,1,0
13150,2,2,0,0,0,4,3,3,10,9,1,0
13151,2,2,0,0,0,4,3,3,10,9,1,0
13152,2,2,0,0,0,4,3,3,10,9,1,0
13153,2,2,0,0,0,4,3,3,10,9,1,0
13154,2,2,0,0,0,4,3,3,10,9,1,0
13155,2,2,0,0,0,4,3,3,10,9,1,0
13156,2,2,0,0,0,4,3,3,10,9,1,0
13157,2,2,0,0,0,4,3,3,10,9,1,0
13158,2,2,0,0,0,4,3,3,10,9,1,0
13159,2,2,0,0,0,4,3,3,10,9,1,0
13160,2,2,0,0,0,4,3,3,10,9,1,0
13161,2,2,0,0,0,4,3,3,10,9,1,0
13162,2,2,0,0,0,4,3,3,10,9,1,0
13163,2,2,0,0,0,4,3,3,10,9,1,0
13164,2,2,0,0,0,4,3,3,10,9,1,0
13165,2,2,0,0,0,4,3,3,10,9,1,0
13166,2,2,0,0,0,4,3,3,10,9,1,0
13167,2,2,0,0,0,4,3,3,10,9,1,0
13168,2,2,0,0,0,4,3,3,10,9,1,0
13169,2,2,0,0,0,4,3,3,10,9,1,0
13170,2,2,0,0,0,4,3,3,10,9,1,0
13171,2,2,0,0,0,4,3,3,10,9,1,0
13172,2,2,0,0,0,4,3,3,10,9,1,0
13173,2,2,0,0,0,4,3,3,10,9,1,0
13174,2,2,0,0,0,4,3,3,10,9,1,0
13175,2,2,0,0,0,4,3,3,9,9,1,0
13175,2,2,0,0,0,4,2,3,9,9,1,0
13176,2,2,0,0,0,4,2,3,9,9,1,0
13177,2,2,0,0,0,4,2,3,9,9,1,0
13178,2,2,0,0,0,4,2,3,9,9,1,0
13179,2,2,0,0,0,4,2,3,9,9,1,0
13180,2,2,0,0,0,4,2,3,9,9,1,0
13181,2,2,0,0,0,4,2,3,9,9,1,0
13182,2,2,0,0,0,4,2,3,9,9,1,0
13183,2,2,0,0,0,4,2,3,9,9,1,0
13184,2,2,0,0,0,4,2,3,9,9,1,0
13185,2,2,0,0,0,4,2,3,9,9,1,0
13186,2,2,0,0,0,4,2,3,9,9,1,0
13187,2,2,0,0,0,4,2,3,9,9,1,0
13188,2,2,0,0,0,4,2,3,9,9,1,0
13189,2,2,0,0,0,4,2,3,9,9,1,0
13190,2,2,0,0,0,4,2,3,9,9,1,0
13191,2,2,0,0,0,4,2,3,9,9,1,0
13192,2,2,0,0,0,4,2,3,9,9,1,0
13193,2,2,0,0,0,4,2,3,9,9,1,0
13194,2,2,0,0,0,4,2,3,9,9,1,0
13195,2,2,0,0,0,4,2,3,9,9,1,0
13196,2,2,0,0,0,4,2,3,9,9,1,0
13197,2,2,0,0,0,4,2,3,9,9,1,0
13198,2,2,0,0,0,4,2,3,9,9,1,0
13199,2,2,0,0,0,4,2,3,9,9,1,0
13200,2,2,0,0,0,4,2,3,9,9,1,0
13201,2,2,0,0,0,4,2,3,9,9,1,0
13202,2,2,0,0,0,4,2,3,9,9,1,0
13203,2,2,0,0,0,4,2,3,9,9,1,0
13204,2,2,0,0,0,4,2,3,9,9,1,0
13205,2,2,0,0,0,4,2,3,8,9,1,0
13205,2,2,0,0,0,4,2,2,8,9,1,1
13206,2,2,0,0,0,4,2,2,8,9,1,1
13207,2,2,0,0,0,4,2,2,8,9,1,1
13208,2,2,0,0,0,4,2,2,8,9,1,1
13209,2,2,0,0,0,4,2,2,8,9,1,1
13210,2,2,0,0,0,4,2,2,8,9,1,1
13211,2,2,0,0,0,4,2,2,8,9,1,1
13212,2,2,0,0,0,4,2,2,8,9,1,1
13213,2,2,0,0,0,4,2,2,8,9,1,1
13214,2,2,0,0,0,4,2,2,8,9,1,1
13215,2,2,0,0,0,4,2,2,8,9,1,1
13216,2,2,0,0,0,4,2,2,8,9,1,1
13217,2,2,0,0,0,4,2,2,8,9,1,1
13218,2,2,0,0,0,4,2,2,8,9,1,1
13219,2,2,0,0,0,4,2,2,8,9,1,1
13220,2,2,0,0,0,4,2,2,8,9,1,1
13221,2,2,0,0,0,4,2,2,8,9,1,1
13222,2,2,0,0,0,4,2,2,8,9,1,1
13223,2,2,0,0,0,4,2,2,8,9,1,1
13224,2,2,0,0,0,4,2,2,8,9,1,1
13225,2,2,0,0,0,4,2,2,8,9,1,1
13226,2,2,0,0,0,4,2,2,8,9,1,1
13227,2,2,0,0,0,4,2,2,8,9,1,1
13228,2,2,0,0,0,4,2,2,8,9,1,1
13229,2,2,0,0,0,4,2,2,8,9,1,1
13230,2,2,0,0,0,4,2,2,8,9,1,1
13231,2,2,0,0,0,4,2,2,8,9,1,1
13232,2,2,0,0,0,4,2,2,8,9,1,1
13233,2,2,0,0,0,4,2,2,8,9,1,1
13234,2,2,0,0,0,4,2,2,8,9,1,1
13235,2,2,0,0,0,4,2,2,8,9,1,1
13236,2,2,0,0,0,4,2,2,8,9,1,1
13237,2,2,0,0,0,4,2,2,8,9,1,1
13238,2,2,0,0,0,4,2,2,8,9,1,1
13239,2,2,0,0,0,4,2,2,8,9,1,1
13240,2,2,0,0,0,4,2,2,8,9,1,1
13241,2,2,0,0,0,4,2,2,8,9,1,1
13242,2,2,0,0,0,4,2,2,8,9,1,1
13243,2,2,0,0,0,4,2,2,8,9,1,1
13244,2,2,0,0,0,4,2,2,8,9,1,1
13245,2,2,0,0,0,4,2,2,8,9,1,1
13246,2,2,0,0,0,4,2,2,8,9,1,1
13247,2,2,0,0,0,4,2,2,8,9,1,1
13248,2,2,0,0,0,4,2,2,8,9,1,1
13249,2,2,0,0,0,4,2,2,8,9,1,1
13250,2,2,0,0,0,4,2,2,8,8,1,1
13250,2,2,0,0,0,4,1,2,8,8,1,0
13251,2,2,0,0,0,4,1,2,8,8,1,0
13252,2,2,0,0,0,4,1,2,8,8,1,0
13253,2,2,0,0,0,4,1,2,8,8,1,0
13254,2,2,0,0,0,4,1,2,8,8,1,0
13255,2,2,0,0,0,4,1,2,8,8,1,0
13256,2,2,0,0,0,4,1,2,8,8,1,0
13257,2,2,0,0,0,4,1,2,8,8,1,0
13258,2,2,0,0,0,4,1,2,8,8,1,0
13259,2,2,0,0,0,4,1,2,8,8,1,0
13260,2,2,0,0,0,4,1,2,8,8,1,0
13261,2,2,0,0,0,4,1,2,8,8,1,0
13262,2,2,0,0,0,4,1,2,8,8,1,0
13263,2,2,0,0,0,4,1,2,8,8,1,0
13264,2,2,0,0,0,4,1,2,8,8,1,0
13265,2,2,0,0,0,4,1,2,8,8,1,0
13266,2,2,0,0,0,4,1,2,8,8,1,0
13267,2,2,0,0,0,4,1,2,8,8,1,0
13268,2,2,0,0,0,4,1,2,8,8,1,0
13269,2,2,0,0,0,4,1,2,8,8,1,0
13270,2,2,0,0,0,4,1,2,8,8,1,0
13271,2,2,0,0,0,4,1,2,8,8,1,0
13272,2,2,0,0,0,4,1,2,8,8,1,0
13273,2,2,0,0,0,4,1,2,8,8,1,0
13274,2,2,0,0,0,4,1,2,8,8,1,0
13275,2,2,0,0,0,4,1,2,8,8,1,0
13276,2,2,0,0,0,4,1,2,8,8,1,0
13277,2,2,0,0,0,4,1,2,8,8,1,0
13278,2,2,0,0,0,4,1,2,8,8,1,0
13279,2,2,0,0,0,4,1,2,8,8,1,0
13280,2,2,0,0,0,4,1,2,8,8,1,0
13281,2,2,0,0,0,4,1,2,8,8,1,0
13282,2,2,0,0,0,4,1,2,8,8,1,0
13283,2,2,0,0,0,4,1,2,8,8,1,0
13284,2,2,0,0,0,4,1,2,8,8,1,0
13285,2,2,0,0,0,4,1,2,8,8,1,0
13286,2,2,0,0,0,4,1,2,8,8,1,0
13287,2,2,0,0,0,4,1,2,8,8,1,0
13288,2,2,0,0,0,4,1,2,8,8,1,0
13289,2,2,0,0,0,4,1,2,8,8,1,0
13290,2,2,0,0,0,4,1,2,8,8,1,0
13291,2,2,0,0,0,4,1,2,8,8,1,0
13292,2,2,0,0,0,4,1,2,8,8,1,0
13293,2,2,0,0,0,4,1,2,8,8,1,0
13294,2,2,0,0,0,4,1,2,8,8,1,0
13295,2,2,0,0,0,4,1,2,7,8,1,0
13295,2,2,0,0,0,4,1,1,7,8,1,1
13296,2,2,0,0,0,4,1,1,7,8,1,1
13297,2,2,0,0,0,4,1,1,7,8,1,1
13298,2,2,0,0,0,4,1,1,7,8,1,1
13299,2,2,0,0,0,4,1,1,7,8,1,1
13300,2,2,0,0,0,4,1,1,7,8,1,1
13301,2,2,0,0,0,4,1,1,7,8,1,1
13302,2,2,0,0,0,4,1,1,7,8,1,1
13303,2,2,0,0,0,4,1,1,7,8,1,1
13304,2,2,0,0,0,4,1,1,7,8,1,1
13305,2,2,0,0,0,4,1,1,7,8,1,1
13306,2,2,0,0,0,4,1,1,7,8,1,1
13307,2,2,0,0,0,4,1,1,7,8,1,1
13308,2,2,0,0,0,4,1,1,7,8,1,1
13309,2,2,0,0,0,4,1,1,7,8,1,1
13310,2,2,0,0,0,4,1,1,7,8,1,1
13311,2,2,0,0,0,4,1,1,7,8,1,1
13312,2,2,0,0,0,4,1,1,7,8,1,1
13313,2,2,0,0,0,4,1,1,7,8,1,1
13314,2,2,0,0,0,4,1,1,7,8,1,1
13315,2,2,0,0,0,4,1,1,7,8,1,1
13316,2,2,0,0,0,4,1,1,7,8,1,1
13317,2,2,0,0,0,4,1,1,7,8,1,1
13318,2,2,0,0,0,4,1,1,7,8,1,1
13319,2,2,0,0,0,4,1,1,7,8,1,1
13320,2,2,0,0,0,4,1,1,7,8,1,1
13321,2,2,0,0,0,4,1,1,7,8,1,1
13322,2,2,0,0,0,4,1,1,7,8,1,1
13323,2,2,0,0,0,4,1,1,7,8,1,1
13324,2,2,0,0,0,4,1,1,7,8,1,1
13325,2,2,0,0,0,4,1,1,7,8,1,1
13326,2,2,0,0,0,4,1,1,7,8,1,1
13327,2,2,0,0,0,4,1,1,7,8,1,1
13328,2,2,0,0,0,4,1,1,7,8,1,1
13329,2,2,0,0,0,4,1,1,7,8,1,1
13330,2,2,0,0,0,4,1,1,7,8,1,1
13331,2,2,0,0,0,4,1,1,7,8,1,1
13332,2,2,0,0,0,4,1,1,7,8,1,1
13333,2,2,0,0,0,4,1,1,7,8,1,1
13334,2,2,0,0,0,4,1,1,7,8,1,1
13335,2,2,0,0,0,4,1,1,7,8,1,1
13336,2,2,0,0,0,4,1,1,7,8,1,1
13337,2,2,0,0,0,4,1,1,7,8,1,1
13338,2,2,0,0,0,4,1,1,7,8,1,1
13339,2,2,0,0,0,4,1,1,7,8,1,1
13340,2,2,0,0,0,4,1,1,7,7,1,1
13340,2,2,0,0,0,4,0,1,7,7,1,0
13341,2,2,0,0,0,4,0,1,7,7,1,0
13342,2,2,0,0,0,4,0,1,7,7,1,0
13343,2,2,0,0,0,4,0,1,7,7,1,0
13344,2,2,0,0,0,4,0,1,7,7,1,0
13345,2,2,0,0,0,4,0,1,7,7,1,0
13346,2,2,0,0,0,4,0,1,7,7,1,0
13347,2,2,0,0,0,4,0,1,7,7,1,0
13348,2,2,0,0,0,4,0,1,7,7,1,0
13349,2,2,0,0,0,4,0,1,7,7,1,0
13350,2,2,0,0,0,4,0,1,7,7,1,0
13351,2,2,0,0,0,4,0,1,7,7,1,0
13352,2,2,0,0,0,4,0,1,7,7,1,0
13353,2,2,0,0,0,4,0,1,7,7,1,0
13354,2,2,0,0,0,4,0,1,7,7,1,0
13355,2,2,0,0,0,4,0,1,7,7,1,0
13356,2,2,0,0,0,4,0,1,7,7,1,0
13357,2,2,0,0,0,4,0,1,7,7,1,0
13358,2,2,0,0,0,4,0,1,7,7,1,0
13359,2,2,0,0,0,4,0,1,7,7,1,0
13360,2,2,0,0,0,4,0,1,7,7,1,0
13361,2,2,0,0,0,4,0,1,7,7,1,0
13362,2,2,0,0,0,4,0,1,7,7,1,0
13363,2,2,0,0,0,4,0,1,7,7,1,0
13364,2,2,0,0,0,4,0,1,7,7,1,0
13365,2,2,0,0,0,4,0,1,7,7,1,0
13366,2,2,0,0,0,4,0,1,7,7,1,0
13367,2,2,0,0,0,4,0,1,7,7,1,0
13368,2,2,0,0,0,4,0,1,7,7,1,0
13369,2,2,0,0,0,4,0,1,7,7,1,0
13370,2,2,0,0,0,0,4,1,7,7,1,0
13371,2,2,0,0,0,0,4,1,7,7,1,0
13372,2,2,0,0,0,0,4,1,7,7,1,0
13373,2,2,0,0,0,0,4,1,7,7,1,0
13374,2,2,0,0,0,0,4,1,7,7,1,0
13375,2,2,0,0,0,0,4,1,7,7,1,0
13376,2,2,0,0,0,0,4,1,7,7,1,0
13377,2,2,0,0,0,0,4,1,7,7,1,0
13378,2,2,0,0,0,0,4,1,7,7,1,0
13379,2,2,0,0,0,0,4,1,7,7,1,0
13380,2,2,0,0,0,0,4,1,7,7,1,0
13381,2,2,0,0,0,0,4,1,7,7,1,0
13382,2,2,0,0,0,0,4,1,7,7,1,0
13383,2,2,0,0,0,0,4,1,7,7,1,0
13384,2,2,0,0,0,0,4,1,7,7,1,0
13385,2,2,0,0,0,0,4,1,6,7,1,0
13385,2,2,0,0,0,0,4,0,6,7,1,1
13386,2,2,0,0,0,0,4,0,6,7,1,1
13387,2,2,0,0,0,0,4,0,6,7,1,1
13388,2,2,0,0,0,0,4,0,6,7,1,1
13389,2,2,0,0,0,0,4,0,6,7,1,1
13390,2,2,0,0,0,0,4,0,6,7,1,1
13391,2,2,0,0,0,0,4,0,6,7,1,1
13392,2,2,0,0,0,0,4,0,6,7,1,1
13393,2,2,0,0,0,0,4,0,6,7,1,1
13394,2,2,0,0,0,0,4,0,6,7,1,1
13395,2,2,0,0,0,0,4,0,6,7,1,1
13396,2,2,0,0,0,0,4,0,6,7,1,1
13397,2,2,0,0,0,0,4,0,6,7,1,1
13398,2,2,0,0,0,0,4,0,6,7,1,1
13399,2,2,0,0,0,0,4,0,6,7,1,1
13400,2,2,0,0,0,0,4,0,6,7,1,1
13401,2,2,0,0,0,0,4,0,6,7,1,1
13402,2,2,0,0,0,0,4,0,6,7,1,1
13403,2,2,0,0,0,0,4,0,6,7,1,1
13404,2,2,0,0,0,0,4,0,6,7,1,1
13405,2,2,0,0,0,0,4,0,6,7,1,1
13406,2,2,0,0,0,0,4,0,6,7,1,1
13407,2,2,0,0,0,0,4,0,6,7,1,1
13408,2,2,0,0,0,0,4,0,6,7,1,1
13409,2,2,0,0,0,0,4,0,6,7,1,1
13410,2,2,0,0,0,0,4,0,6,7,1,1
13411,2,2,0,0,0,0,4,0,6,7,1,1
13412,2,2,0,0,0,0,4,0,6,7,1,1
13413,2,2,0,0,0,0,4,0,6,7,1,1
13414,2,2,0,0,0,0,4,0,6,7,1,1
13415,2,2,0,0,0,0,4,0,6,7,1,1
13416,2,2,0,0,0,0,4,0,6,7,1,1
13417,2,2,0,0,0,0,4,0,6,7,1,1
13418,2,2,0,0,0,0,4,0,6,7,1,1
13419,2,2,0,0,0,0,4,0,6,7,1,1
13420,2,2,0,0,0,0,4,0,6,7,1,1
13421,2,2,0,0,0,0,4,0,6,7,1,1
13422,2,2,0,0,0,0,4,0,6,7,1,1
13423,2,2,0,0,0,0,4,0,6,7,1,1
13424,2,2,0,0,0,0,4,0,6,7,1,1
13425,2,2,0,0,0,0,4,0,6,7,1,1
13426,2,2,0,0,0,0,4,0,6,7,1,1
13427,2,2,0,0,0,0,4,0,6,7,1,1
13428,2,2,0,0,0,0,4,0,6,7,1,1
13429,2,2,0,0,0,0,4,0,6,7,1,1
13430,2,2,0,0,0,0,4,0,6,6,1,1
13430,2,2,0,0,0,0,3,0,6,6,1,0
13431,2,2,0,0,0,0,3,0,6,6,1,0
13432,2,2,0,0,0,0,3,0,6,6,1,0
13433,2,2,0,0,0,0,3,0,6,6,1,0
13434,2,2,0,0,0,0,3,0,6,6,1,0
13435,2,2,0,0,0,0,3,0,6,6,1,0
13436,2,2,0,0,0,0,3,0,6,6,1,0
13437,2,2,0,0,0,0,3,0,6,6,1,0
13438,2,2,0,0,0,0,3,0,6,6,1,0
13439,2,2,0,0,0,0,3,0,6,6,1,0
13440,2,2,0,0,0,0,3,0,6,6,1,0
13441,2,2,0,0,0,0,3,0,6,6,1,0
13442,2,2,0,0,0,0,3,0,6,6,1,0
13443,2,2,0,0,0,0,3,0,6,6,1,0
13444,2,2,0,0,0,0,3,0,6,6,1,0
13445,2,2,0,0,0,0,3,0,6,6,1,0
13446,2,2,0,0,0,0,3,0,6,6,1,0
13447,2,2,0,0,0,0,3,0,6,6,1,0
13448,2,2,0,0,0,0,3,0,6,6,1,0
13449,2,2,0,0,0,0,3,0,6,6,1,0
13450,2,2,0,0,0,0,3,0,6,6,1,0
13451,2,2,0,0,0,0,3,0,6,6,1,0
13452,2,2,0,0,0,0,3,0,6,6,1,0
13453,2,2,0,0,0,0,3,0,6,6,1,0
13454,2,2,0,0,0,0,3,0,6,6,1,0
13455,2,2,0,0,0,0,3,0,6,6,1,0
13456,2,2,0,0,0,0,3,0,6,6,1,0
13457,2,2,0,0,0,0,3,0,6,6,1,0
13458,2,2,0,0,0,0,3,0,6,6,1,0
13459,2,2,0,0,0,0,3,0,6,6,1,0
13460,2,2,0,0,0,0,3,0,6,6,1,0
13461,2,2,0,0,0,0,3,0,6,6,1,0
13462,2,2,0,0,0,0,3,0,6,6,1,0
13463,2,2,0,0,0,0,3,0,6,6,1,0
13464,2,2,0,0,0,0,3,0,6,6,1,0
13465,2,2,0,0,0,0,3,0,6,6,1,0
13466,2,2,0,0,0,0,3,0,6,6,1,0
13467,2,2,0,0,0,0,3,0,6,6,1,0
13468,2,2,0,0,0,0,3,0,6,6,1,0
13469,2,2,0,0,0,0,3,0,6,6,1,0
13470,2,2,0,0,0,0,3,0,6,6,1,0
13471,2,2,0,0,0,0,3,0,6,6,1,0
13472,2,2,0,0,0,0,3,0,6,6,1,0
13473,2,2,0,0,0,0,3,0,6,6,1,0
13474,2,2,0,0,0,0,3,0,6,6,1,0
13475,2,2,0,0,0,0,3,0,5,6,1,0
13475,2,2,0,0,0,0,3,0,5,6,1,0
13476,2,2,0,0,0,0,3,0,5,6,1,0
13477,2,2,0,0,0,0,3,0,5,6,1,0
13478,2,2,0,0,0,0,3,0,5,6,1,0
13479,2,2,0,0,0,0,3,0,5,6,1,0
13480,2,2,0,0,0,0,3,0,5,6,1,0
13481,2,2,0,0,0,0,3,0,5,6,1,0
13482,2,2,0,0,0,0,3,0,5,6,1,0
13483,2,2,0,0,0,0,3,0,5,6,1,0
13484,2,2,0,0,0,0,3,0,5,6,1,0
13485,2,2,0,0,0,0,3,0,5,6,1,0
13486,2,2,0,0,0,0,3,0,5,6,1,0
13487,2,2,0,0,0,0,3,0,5,6,1,0
13488,2,2,0,0,0,0,3,0,5,6,1,0
13489,2,2,0,0,0,0,3,0,5,6,1,0
13490,2,2,0,0,0,0,3,0,5,6,1,0
13491,2,2,0,0,0,0,3,0,5,6,1,0
13492,2,2,0,0,0,0,3,0,5,6,1,0
13493,2,2,0,0,0,0,3,0,5,6,1,0
13494,2,2,0,0,0,0,3,0,5,6,1,0
13495,2,2,0,0,0,0,3,0,5,6,1,0
13496,2,2,0,0,0,0,3,0,5,6,1,0
13497,2,2,0,0,0,0,3,0,5,6,1,0
13498,2,2,0,0,0,0,3,0,5,6,1,0
13499,2,2,0,0,0,0,3,0,5,6,1,0
13500,2,2,0,0,0,0,3,0,5,6,1,0
13501,2,2,0,0,0,0,3,0,5,6,1,0
13502,2,2,0,0,0,0,3,0,5,6,1,0
13503,2,2,0,0,0,0,3,0,5,6,1,0
13504,2,2,0,0,0,0,3,0,5,6,1,0
13505,2,2,0,0,0,0,3,0,5,6,1,0
13506,2,2,0,0,0,0,3,0,5,6,1,0
13507,2,2,0,0,0,0,3,0,5,6,1,0
13508,2,2,0,0,0,0,3,0,5,6,1,0
13509,2,2,0,0,0,0,3,0,5,6,1,0
13510,2,2,0,0,0,0,3,0,5,6,1,0
13511,2,2,0,0,0,0,3,0,5,6,1,0
13512,2,2,0,0,0,0,3,0,5,6,1,0
13513,2,2,0,0,0,0,3,0,5,6,1,0
13514,2,2,0,0,0,0,3,0,5,6,1,0
13515,2,2,0,0,0,0,3,0,5,6,1,0
13516,2,2,0,0,0,0,3,0,5,6,1,0
13517,2,2,0,0,0,0,3,0,5,6,1,0
13518,2,2,0,0,0,0,3,0,5,6,1,0
13519,2,2,0,0,0,0,3,0,5,6,1,0
13520,2,2,0,0,0,0,3,0,5,6,1,0
13521,2,2,0,0,0,0,3,0,5,6,1,0
13522,2,2,0,0,0,0,3,0,5,6,1,0
13523,2,2,0,0,0,0,3,0,5,6,1,0
13524,2,2,0,0,0,0,3,0,5,6,1,0
13525,2,2,0,0,0,0,3,0,5,6,1,0
13526,2,2,0,0,0,0,3,0,5,6,1,0
13527,2,2,0,0,0,0,3,0,5,6,1,0
13528,2,2,0,0,0,0,3,0,5,6,1,0
13529,2,2,0,0,0,0,3,0,5,6,1,0
13530,2,2,0,0,0,0,3,0,5,6,1,0
13531,2,2,0,0,0,0,3,0,5,6,1,0
13532,2,2,0,0,0,0,3,0,5,6,1,0
13533,2,2,0,0,0,0,3,0,5,6,1,0
13534,2,2,0,0,0,0,3,0,5,6,1,0
13535,2,2,0,0,0,0,3,0,5,6,1,0
13536,2,2,0,0,0,0,3,0,5,6,1,0
13537,2,2,0,0,0,0,3,0,5,6,1,0
13538,2,2,0,0,0,0,3,0,5,6,1,0
13539,2,2,0,0,0,0,3,0,5,6,1,0
13540,2,2,0,0,0,0,3,0,5,6,1,0
13541,2,2,0,0,0,0,3,0,5,6,1,0
13542,2,2,0,0,0,0,3,0,5,6,1,0
13543,2,2,0,0,0,0,3,0,5,6,1,0
13544,2,2,0,0,0,0,3,0,5,6,1,0
13545,2,2,0,0,0,0,3,0,5,6,1,0
13546,2,2,0,0,0,0,3,0,5,6,1,0
13547,2,2,0,0,0,0,3,0,5,6,1,0
13548,2,2,0,0,0,0,3,0,5,6,1,0
13549,2,2,0,0,0,0,3,0,5,6,1,0
13550,2,2,0,0,0,0,3,0,5,6,1,0
13551,2,2,0,0,0,0,3,0,5,6,1,0
13552,2,2,0,0,0,0,3,0,5,6,1,0
13553,2,2,0,0,0,0,3,0,5,6,1,0
13554,2,2,0,0,0,0,3,0,5,6,1,0
13555,2,2,0,0,0,0,3,0,5,6,1,0
13556,2,2,0,0,0,0,3,0,5,6,1,0
13557,2,2,0,0,0,0,3,0,5,6,1,0
13558,2,2,0,0,0,0,3,0,5,6,1,0
13559,2,2,0,0,0,0,3,0,5,6,1,0
13560,2,2,0,0,0,0,3,0,5,6,1,0
13561,2,2,0,0,0,0,3,0,5,6,1,0
13562,2,2,0,0,0,0,3,0,5,6,1,0
13563,2,2,0,0,0,0,3,0,5,6,1,0
13564,2,2,0,0,0,0,3,0,5,6,1,0
13565,2,2,0,0,0,0,3,0,5,6,1,0
13566,2,2,0,0,0,0,3,0,5,6,1,0
13567,2,2,0,0,0,0,3,0,5,6,1,0
13568,2,2,0,0,0,0,3,0,5,6,1,0
13569,2,2,0,0,0,0,3,0,5,6,1,0
13570,2,2,0,0,0,0,3,0,5,6,1,0
13571,2,2,0,0,0,0,3,0,5,6,1,0
13572,2,2,0,0,0,0,3,0,5,6,1,0
13573,2,2,0,0,0,0,3,0,5,6,1,0
13574,2,2,0,0,0,0,3,0,5,6,1,0
13575,2,2,0,0,0,0,3,0,5,6,1,0
13576,2,2,0,0,0,0,3,0,5,6,1,0
13577,2,2,0,0,0,0,3,0,5,6,1,0
13578,2,2,0,0,0,0,3,0,5,6,1,0
13579,2,2,0,0,0,0,3,0,5,6,1,0
13580,2,2,0,0,0,0,3,0,5,6,1,0
13581,2,2,0,0,0,0,3,0,5,6,1,0
13582,2,2,0,0,0,0,3,0,5,6,1,0
13583,2,2,0,0,0,0,3,0,5,6,1,0
13584,2,2,0,0,0,0,3,0,5,6,1,0
13585,2,2,0,0,0,0,3,0,5,6,1,0
13586,2,2,0,0,0,0,3,0,5,6,1,0
13587,2,2,0,0,0,0,3,0,5,6,1,0
13588,2,2,0,0,0,0,3,0,5,6,1,0
13589,2,2,0,0,0,0,3,0,5,6,1,0
13590,2,2,0,0,0,0,3,0,5,6,1,0
13591,2,2,0,0,0,0,3,0,5,6,1,0
13592,2,2,0,0,0,0,3,0,5,6,1,0
13593,2,2,0,0,0,0,3,0,5,6,1,0
13594,2,2,0,0,0,0,3,0,5,6,1,0
13595,2,2,0,0,0,0,3,0,5,6,1,0
13596,2,2,0,0,0,0,3,0,5,6,1,0
13597,2,2,0,0,0,0,3,0,5,6,1,0
13598,2,2,0,0,0,0,3,0,5,6,1,0
13599,2,2,0,0,0,0,3,0,5,6,1,0
13600,2,2,0,0,0,0,3,0,5,6,1,0
13601,2,2,0,0,0,0,3,0,5,6,1,0
13602,2,2,0,0,0,0,3,0,5,6,1,0
13603,2,2,0,0,0,0,3,0,5,6,1,0
13604,2,2,0,0,0,0,3,0,5,6,1,0
13605,2,2,0,0,0,0,3,0,5,6,1,0
13606,2,2,0,0,0,0,3,0,5,6,1,0
13607,2,2,0,0,0,0,3,0,5,6,1,0
13608,2,2,0,0,0,0,3,0,5,6,1,0
13609,2,2,0,0,0,0,3,0,5,6,1,0
13610,2,2,0,0,0,0,3,0,5,6,1,0
13611,2,2,0,0,0,0,3,0,5,6,1,0
13612,2,2,0,0,0,0,3,0,5,6,1,0
13613,2,2,0,0,0,0,3,0,5,6,1,0
13614,2,2,0,0,0,0,3,0,5,6,1,0
13615,2,2,0,0,0,0,3,0,5,6,1,0
13616,2,2,0,0,0,0,3,0,5,6,1,0
13617,2,2,0,0,0,0,3,0,5,6,1,0
13618,2,2,0,0,0,0,3,0,5,6,1,0
13619,2,2,0,0,0,0,3,0,5,6,1,0
13620,2,2,0,0,0,0,3,0,5,6,1,0
13621,2,2,0,0,0,0,3,0,5,6,1,0
13622,2,2,0,0,0,0,3,0,5,6,1,0
13623,2,2,0,0,0,0,3,0,5,6,1,0
13624,2,2,0,0,0,0,3,0,5,6,1,0
13625,2,2,0,0,0,0,3,0,5,6,1,0
13626,2,2,0,0,0,0,3,0,5,6,1,0
13627,2,2,0,0,0,0,3,0,5,6,1,0
13628,2,2,0,0,0,0,3,0,5,6,1,0
13629,2,2,0,0,0,0,3,0,5,6,1,0
13630,2,2,0,0,0,0,3,0,5,6,1,0
13631,2,2,0,0,0,0,3,0,5,6,1,0
13632,2,2,0,0,0,0,3,0,5,6,1,0
13633,2,2,0,0,0,0,3,0,5,6,1,0
13634,2,2,0,0,0,0,3,0,5,6,1,0
13635,2,2,0,0,0,0,3,0,5,6,1,0
13636,2,2,0,0,0,0,3,0,5,6,1,0
13637,2,2,0,0,0,0,3,0,5,6,1,0
13638,2,2,0,0,0,0,3,0,5,6,1,0
13639,2,2,0,0,0,0,3,0,5,6,1,0
13640,2,2,0,0,0,0,3,0,5,6,1,0
13641,2,2,0,0,0,0,3,0,5,6,1,0
13642,2,2,0,0,0,0,3,0,5,6,1,0
13643,2,2,0,0,0,0,3,0,5,6,1,0
13644,2,2,0,0,0,0,3,0,5,6,1,0
13645,2,2,0,0,0,0,3,0,5,6,1,0
13646,2,2,0,0,0,0,3,0,5,6,1,0
13647,2,2,0,0,0,0,3,0,5,6,1,0
13648,2,2,0,0,0,0,3,0,5,6,1,0
13649,2,2,0,0,0,0,3,0,5,6,1,0
13650,2,2,0,0,0,0,3,0,5,6,1,0
13651,2,2,0,0,0,0,3,0,5,6,1,0
13652,2,2,0,0,0,0,3,0,5,6,1,0
13653,2,2,0,0,0,0,3,0,5,6,1,0
13654,2,2,0,0,0,0,3,0,5,6,1,0
13655,2,2,0,0,0,0,3,0,5,6,1,0
13656,2,2,0,0,0,0,3,0,5,6,1,0
13657,2,2,0,0,0,0,3,0,5,6,1,0
13658,2,2,0,0,0,0,3,0,5,6,1,0
13659,2,2,0,0,0,0,3,0,5,6,1,0
13660,2,2,0,0,0,0,3,0,5,6,1,0
13661,2,2,0,0,0,0,3,0,5,6,1,0
13662,2,2,0,0,0,0,3,0,5,6,1,0
13663,2,2,0,0,0,0,3,0,5,6,1,0
13664,2,2,0,0,0,0,3,0,5,6,1,0
13665,2,2,0,0,0,0,3,0,5,6,1,0
13666,2,2,0,0,0,0,3,0,5,6,1,0
13667,2,2,0,0,0,0,3,0,5,6,1,0
13668,2,2,0,0,0,0,3,0,5,6,1,0
13669,2,2,0,0,0,0,3,0,5,6,1,0
13670,2,2,0,0,0,0,3,3,5,6,1,1
13671,2,2,0,0,0,0,3,3,5,6,1,1
13672,2,2,0,0,0,0,3,3,5,6,1,1
13673,2,2,0,0,0,0,3,3,5,6,1,1
13674,2,2,0,0,0,0,3,3,5,6,1,1
13675,2,2,0,0,0,0,3,3,5,6,1,1
13676,2,2,0,0,0,0,3,3,5,6,1,1
13677,2,2,0,0,0,0,3,3,5,6,1,1
13678,2,2,0,0,0,0,3,3,5,6,1,1
13679,2,2,0,0,0,0,3,3,5,6,1,1
13680,2,2,0,0,0,0,3,3,5,6,1,1
13681,2,2,0,0,0,0,3,3,5,6,1,1
13682,2,2,0,0,0,0,3,3,5,6,1,1
13683,2,2,0,0,0,0,3,3,5,6,1,1
13684,2,2,0,0,0,0,3,3,5,6,1,1
13685,2,2,0,0,0,0,3,3,5,6,1,1
13686,2,2,0,0,0,0,3,3,5,6,1,1
13687,2,2,0,0,0,0,3,3,5,6,1,1
13688,2,2,0,0,0,0,3,3,5,6,1,1
13689,2,2,0,0,0,0,3,3,5,6,1,1
13690,2,2,0,0,0,0,3,3,5,6,1,1
13691,2,2,0,0,0,0,3,3,5,6,1,1
13692,2,2,0,0,0,0,3,3,5,6,1,1
13693,2,2,0,0,0,0,3,3,5,6,1,1
13694,2,2,0,0,0,0,3,3,5,6,1,1
13695,2,2,0,0,0,0,3,3,5,6,1,1
13696,2,2,0,0,0,0,3,3,5,6,1,1
13697,2,2,0,0,0,0,3,3,5,6,1,1
13698,2,2,0,0,0,0,3,3,5,6,1,1
13699,2,2,0,0,0,0,3,3,5,6,1,1
13700,2,2,0,0,0,0,3,3,5,6,1,1
13701,2,2,0,0,0,0,3,3,5,6,1,1
13702,2,2,0,0,0,0,3,3,5,6,1,1
13703,2,2,0,0,0,0,3,3,5,6,1,1
13704,2,2,0,0,0,0,3,3,5,6,1,1
13705,2,2,0,0,0,0,3,3,5,6,1,1
13706,2,2,0,0,0,0,3,3,5,6,1,1
13707,2,2,0,0,0,0,3,3,5,6,1,1
13708,2,2,0,0,0,0,3,3,5,6,1,1
13709,2,2,0,0,0,0,3,3,5,6,1,1
13710,2,2,0,0,0,0,3,3,5,6,1,1
13711,2,2,0,0,0,0,3,3,5,6,1,1
13712,2,2,0,0,0,0,3,3,5,6,1,1
13713,2,2,0,0,0,0,3,3,5,6,1,1
13714,2,2,0,0,0,0,3,3,5,6,1,1
13715,2,2,0,0,0,0,3,3,5,5,1,1
13715,2,2,0,0,0,0,2,3,5,5,1,0
13716,2,2,0,0,0,0,2,3,5,5,1,0
13717,2,2,0,0,0,0,2,3,5,5,1,0
13718,2,2,0,0,0,0,2,3,5,5,1,0
13719,2,2,0,0,0,0,2,3,5,5,1,0
13720,2,2,0,0,0,0,2,3,5,5,1,0
13721,2,2,0,0,0,0,2,3,5,5,1,0
13722,2,2,0,0,0,0,2,3,5,5,1,0
13723,2,2,0,0,0,0,2,3,5,5,1,0
13724,2,2,0,0,0,0,2,3,5,5,1,0
13725,2,2,0,0,0,0,2,3,5,5,1,0
13726,2,2,0,0,0,0,2,3,5,5,1,0
13727,2,2,0,0,0,0,2,3,5,5,1,0
13728,2,2,0,0,0,0,2,3,5,5,1,0
13729,2,2,0,0,0,0,2,3,5,5,1,0
13730,2,2,0,0,0,0,2,3,5,5,1,0
13731,2,2,0,0,0,0,2,3,5,5,1,0
13732,2,2,0,0,0,0,2,3,5,5,1,0
13733,2,2,0,0,0,0,2,3,5,5,1,0
13734,2,2,0,0,0,0,2,3,5,5,1,0
13735,2,2,0,0,0,0,2,3,5,5,1,0
13736,2,2,0,0,0,0,2,3,5,5,1,0
13737,2,2,0,0,0,0,2,3,5,5,1,0
13738,2,2,0,0,0,0,2,3,5,5,1,0
13739,2,2,0,0,0,0,2,3,5,5,1,0
13740,2,2,0,0,0,0,2,3,5,5,1,0
13741,2,2,0,0,0,0,2,3,5,5,1,0
13742,2,2,0,0,0,0,2,3,5,5,1,0
13743,2,2,0,0,0,0,2,3,5,5,1,0
13744,2,2,0,0,0,0,2,3,5,5,1,0
13745,2,2,0,0,0,0,2,3,5,5,1,0
13746,2,2,0,0,0,0,2,3,5,5,1,0
13747,2,2,0,0,0,0,2,3,5,5,1,0
13748,2,2,0,0,0,0,2,3,5,5,1,0
13749,2,2,0,0,0,0,2,3,5,5,1,0
13750,2,2,0,0,0,0,2,3,5,5,1,0
13751,2,2,0,0,0,0,2,3,5,5,1,0
13752,2,2,0,0,0,0,2,3,5,5,1,0
13753,2,2,0,0,0,0,2,3,5,5,1,0
13754,2,2,0,0,0,0,2,3,5,5,1,0
13755,2,2,0,0,0,0,2,3,5,5,1,0
13756,2,2,0,0,0,0,2,3,5,5,1,0
13757,2,2,0,0,0,0,2,3,5,5,1,0
13758,2,2,0,0,0,0,2,3,5,5,1,0
13759,2,2,0,0,0,0,2,3,5,5,1,0
13760,2,2,0,0,0,0,2,3,4,5,1,0
13760,2,2,0,0,0,0,2,2,4,5,1,1
13761,2,2,0,0,0,0,2,2,4,5,1,1
13762,2,2,0,0,0,0,2,2,4,5,1,1
13763,2,2,0,0,0,0,2,2,4,5,1,1
13764,2,2,0,0,0,0,2,2,4,5,1,1
13765,2,2,0,0,0,0,2,2,4,5,1,1
13766,2,2,0,0,0,0,2,2,4,5,1,1
13767,2,2,0,0,0,0,2,2,4,5,1,1
13768,2,2,0,0,0,0,2,2,4,5,1,1
13769,2,2,0,0,0,0,2,2,4,5,1,1
13770,2,2,0,0,0,0,2,2,4,5,1,1
13771,2,2,0,0,0,0,2,2,4,5,1,1
13772,2,2,0,0,0,0,2,2,4,5,1,1
13773,2,2,0,0,0,0,2,2,4,5,1,1
13774,2,2,0,0,0,0,2,2,4,5,1,1
13775,2,2,0,0,0,0,2,2,4,5,1,1
13776,2,2,0,0,0,0,2,2,4,5,1,1
13777,2,2,0,0,0,0,2,2,4,5,1,1
13778,2,2,0,0,0,0,2,2,4,5,1,1
13779,2,2,0,0,0,0,2,2,4,5,1,1
13780,2,2,0,0,0,0,2,2,4,5,1,1
13781,2,2,0,0,0,0,2,2,4,5,1,1
13782,2,2,0,0,0,0,2,2,4,5,1,1
13783,2,2,0,0,0,0,2,2,4,5,1,1
13784,2,2,0,0,0,0,2,2,4,5,1,1
13785,2,2,0,0,0,0,2,2,4,5,1,1
13786,2,2,0,0,0,0,2,2,4,5,1,1
13787,2,2,0,0,0,0,2,2,4,5,1,1
13788,2,2,0,0,0,0,2,2,4,5,1,1
13789,2,2,0,0,0,0,2,2,4,5,1,1
13790,2,2,0,0,0,0,2,2,4,5,1,1
13791,2,2,0,0,0,0,2,2,4,5,1,1
13792,2,2,0,0,0,0,2,2,4,5,1,1
13793,2,2,0,0,0,0,2,2,4,5,1,1
13794,2,2,0,0,0,0,2,2,4,5,1,1
13795,2,2,0,0,0,0,2,2,4,5,1,1
13796,2,2,0,0,0,0,2,2,4,5,1,1
13797,2,2,0,0,0,0,2,2,4,5,1,1
13798,2,2,0,0,0,0,2,2,4,5,1,1
13799,2,2,0,0,0,0,2,2,4,5,1,1
13800,2,2,0,0,0,0,2,2,4,5,1,1
13801,2,2,0,0,0,0,2,2,4,5,1,1
13802,2,2,0,0,0,0,2,2,4,5,1,1
13803,2,2,0,0,0,0,2,2,4,5,1,1
13804,2,2,0,0,0,0,2,2,4,5,1,1
13805,2,2,0,0,0,0,2,2,4,4,1,1
13805,2,2,0,0,0,0,1,2,4,4,1,0
13806,2,2,0,0,0,0,1,2,4,4,1,0
13807,2,2,0,0,0,0,1,2,4,4,1,0
13808,2,2,0,0,0,0,1,2,4,4,1,0
13809,2,2,0,0,0,0,1,2,4,4,1,0
13810,2,2,0,0,0,0,1,2,4,4,1,0
13811,2,2,0,0,0,0,1,2,4,4,1,0
13812,2,2,0,0,0,0,1,2,4,4,1,0
13813,2,2,0,0,0,0,1,2,4,4,1,0
13814,2,2,0,0,0,0,1,2,4,4,1,0
13815,2,2,0,0,0,0,1,2,4,4,1,0
13816,2,2,0,0,0,0,1,2,4,4,1,0
13817,2,2,0,0,0,0,1,2,4,4,1,0
13818,2,2,0,0,0,0,1,2,4,4,1,0
13819,2,2,0,0,0,0,1,2,4,4,1,0
13820,2,2,0,0,0,0,1,2,4,4,1,0
13821,2,2,0,0,0,0,1,2,4,4,1,0
13822,2,2,0,0,0,0,1,2,4,4,1,0
13823,2,2,0,0,0,0,1,2,4,4,1,0
13824,2,2,0,0,0,0,1,2,4,4,1,0
13825,2,2,0,0,0,0,1,2,4,4,1,0
13826,2,2,0,0,0,0,1,2,4,4,1,0
13827,2,2,0,0,0,0,1,2,4,4,1,0
13828,2,2,0,0,0,0,1,2,4,4,1,0
13829,2,2,0,0,0,0,1,2,4,4,1,0
13830,2,2,0,0,0,0,1,2,4,4,1,0
13831,2,2,0,0,0,0,1,2,4,4,1,0
13832,2,2,0,0,0,0,1,2,4,4,1,0
13833,2,2,0,0,0,0,1,2,4,4,1,0
13834,2,2,0,0,0,0,1,2,4,4,1,0
13835,2,2,0,0,0,0,1,2,4,4,1,0
13836,2,2,0,0,0,0,1,2,4,4,1,0
13837,2,2,0,0,0,0,1,2,4,4,1,0
13838,2,2,0,0,0,0,1,2,4,4,1,0
13839,2,2,0,0,0,0,1,2,4,4,1,0
13840,2,2,0,0,0,0,1,2,4,4,1,0
13841,2,2,0,0,0,0,1,2,4,4,1,0
13842,2,2,0,0,0,0,1,2,4,4,1,0
13843,2,2,0,0,0,0,1,2,4,4,1,0
13844,2,2,0,0,0,0,1,2,4,4,1,0
13845,2,2,0,0,0,0,1,2,4,4,1,0
13846,2,2,0,0,0,0,1,2,4,4,1,0
13847,2,2,0,0,0,0,1,2,4,4,1,0
13848,2,2,0,0,0,0,1,2,4,4,1,0
13849,2,2,0,0,0,0,1,2,4,4,1,0
13850,2,2,0,0,0,0,1,2,3,4,1,0
13850,2,2,0,0,0,0,1,1,3,4,1,1
13851,2,2,0,0,0,0,1,1,3,4,1,1
13852,2,2,0,0,0,0,1,1,3,4,1,1
13853,2,2,0,0,0,0,1,1,3,4,1,1
13854,2,2,0,0,0,0,1,1,3,4,1,1
13855,2,2,0,0,0,0,1,1,3,4,1,1
13856,2,2,0,0,0,0,1,1,3,4,1,1
13857,2,2,0,0,0,0,1,1,3,4,1,1
13858,2,2,0,0,0,0,1,1,3,4,1,1
13859,2,2,0,0,0,0,1,1,3,4,1,1
13860,2,2,0,0,0,0,1,1,3,4,1,1
13861,2,2,0,0,0,0,1,1,3,4,1,1
13862,2,2,0,0,0,0,1,1,3,4,1,1
13863,2,2,0,0,0,0,1,1,3,4,1,1
13864,2,2,0,0,0,0,1,1,3,4,1,1
13865,2,2,0,0,0,0,1,1,3,4,1,1
13866,2,2,0,0,0,0,1,1,3,4,1,1
13867,2,2,0,0,0,0,1,1,3,4,1,1
13868,2,2,0,0,0,0,1,1,3,4,1,1
13869,2,2,0,0,0,0,1,1,3,4,1,1
13870,2,2,0,0,0,0,1,1,3,4,1,1
13871,2,2,0,0,0,0,1,1,3,4,1,1
13872,2,2,0,0,0,0,1,1,3,4,1,1
13873,2,2,0,0,0,0,1,1,3,4,1,1
13874,2,2,0,0,0,0,1,1,3,4,1,1
13875,2,2,0,0,0,0,1,1,3,4,1,1
13876,2,2,0,0,0,0,1,1,3,4,1,1
13877,2,2,0,0,0,0,1,1,3,4,1,1
13878,2,2,0,0,0,0,1,1,3,4,1,1
13879,2,2,0,0,0,0,1,1,3,4,1,1
13880,2,2,0,0,0,0,1,1,3,4,1,1
13881,2,2,0,0,0,0,1,1,3,4,1,1
13882,2,2,0,0,0,0,1,1,3,4,1,1
13883,2,2,0,0,0,0,1,1,3,4,1,1
13884,2,2,0,0,0,0,1,1,3,4,1,1
13885,2,2,0,0,0,0,1,1,3,4,1,1
13886,2,2,0,0,0,0,1,1,3,4,1,1
13887,2,2,0,0,0,0,1,1,3,4,1,1
13888,2,2,0,0,0,0,1,1,3,4,1,1
13889,2,2,0,0,0,0,1,1,3,4,1,1
13890,2,2,0,0,0,0,1,1,3,4,1,1
13891,2,2,0,0,0,0,1,1,3,4,1,1
13892,2,2,0,0,0,0,1,1,3,4,1,1
13893,2,2,0,0,0,0,1,1,3,4,1,1
13894,2,2,0,0,0,0,1,1,3,4,1,1
13895,2,2,0,0,0,0,1,1,3,3,1,1
13895,2,2,0,0,0,0,0,1,3,3,1,0
13896,2,2,0,0,0,0,0,1,3,3,1,0
13897,2,2,0,0,0,0,0,1,3,3,1,0
13898,2,2,0,0,0,0,0,1,3,3,1,0
13899,2,2,0,0,0,0,0,1,3,3,1,0
13900,2,2,0,0,0,0,0,1,3,3,1,0
13901,2,2,0,0,0,0,0,1,3,3,1,0
13902,2,2,0,0,0,0,0,1,3,3,1,0
13903,2,2,0,0,0,0,0,1,3,3,1,0
13904,2,2,0,0,0,0,0,1,3,3,1,0
13905,2,2,0,0,0,0,0,1,3,3,1,0
13906,2,2,0,0,0,0,0,1,3,3,1,0
13907,2,2,0,0,0,0,0,1,3,3,1,0
13908,2,2,0,0,0,0,0,1,3,3,1,0
13909,2,2,0,0,0,0,0,1,3,3,1,0
13910,2,2,0,0,0,0,0,1,3,3,1,0
13911,2,2,0,0,0,0,0,1,3,3,1,0
13912,2,2,0,0,0,0,0,1,3,3,1,0
13913,2,2,0,0,0,0,0,1,3,3,1,0
13914,2,2,0,0,0,0,0,1,3,3,1,0
13915,2,2,0,0,0,0,0,1,3,3,1,0
13916,2,2,0,0,0,0,0,1,3,3,1,0
13917,2,2,0,0,0,0,0,1,3,3,1,0
13918,2,2,0,0,0,0,0,1,3,3,1,0
13919,2,2,0,0,0,0,0,1,3,3,1,0
13920,2,2,0,0,0,0,0,1,3,3,1,0
13921,2,2,0,0,0,0,0,1,3,3,1,0
13922,2,2,0,0,0,0,0,1,3,3,1,0
13923,2,2,0,0,0,0,0,1,3,3,1,0
13924,2,2,0,0,0,0,0,1,3,3,1,0
13925,2,2,0,0,0,0,0,1,3,3,1,0
13926,2,2,0,0,0,0,0,1,3,3,1,0
13927,2,2,0,0,0,0,0,1,3,3,1,0
13928,2,2,0,0,0,0,0,1,3,3,1,0
13929,2,2,0,0,0,0,0,1,3,3,1,0
13930,2,2,0,0,0,0,0,1,3,3,1,0
13931,2,2,0,0,0,0,0,1,3,3,1,0
13932,2,2,0,0,0,0,0,1,3,3,1,0
13933,2,2,0,0,0,0,0,1,3,3,1,0
13934,2,2,0,0,0,0,0,1,3,3,1,0
13935,2,2,0,0,0,0,0,1,3,3,1,0
13936,2,2,0,0,0,0,0,1,3,3,1,0
13937,2,2,0,0,0,0,0,1,3,3,1,0
13938,2,2,0,0,0,0,0,1,3,3,1,0
13939,2,2,0,0,0,0,0,1,3,3,1,0
13940,2,2,0,0,0,0,0,1,2,3,1,0
13940,2,2,0,0,0,0,0,0,2,3,1,1
13941,2,2,0,0,0,0,0,0,2,3,1,1
13942,2,2,0,0,0,0,0,0,2,3,1,1
13943,2,2,0,0,0,0,0,0,2,3,1,1
13944,2,2,0,0,0,0,0,0,2,3,1,1
13945,2,2,0,0,0,0,0,0,2,3,1,1
13946,2,2,0,0,0,0,0,0,2,3,1,1
13947,2,2,0,0,0,0,0,0,2,3,1,1
13948,2,2,0,0,0,0,0,0,2,3,1,1
13949,2,2,0,0,0,0,0,0,2,3,1,1
13950,2,2,0,0,0,0,0,0,2,3,1,1
13951,2,2,0,0,0,0,0,0,2,3,1,1
13952,2,2,0,0,0,0,0,0,2,3,1,1
13953,2,2,0,0,0,0,0,0,2,3,1,1
13954,2,2,0,0,0,0,0,0,2,3,1,1
13955,2,2,0,0,0,0,0,0,2,3,1,1
13956,2,2,0,0,0,0,0,0,2,3,1,1
13957,2,2,0,0,0,0,0,0,2,3,1,1
13958,2,2,0,0,0,0,0,0,2,3,1,1
13959,2,2,0,0,0,0,0,0,2,3,1,1
13960,2,2,0,0,0,0,0,0,2,3,1,1
13961,2,2,0,0,0,0,0,0,2,3,1,1
13962,2,2,0,0,0,0,0,0,2,3,1,1
13963,2,2,0,0,0,0,0,0,2,3,1,1
13964,2,2,0,0,0,0,0,0,2,3,1,1
13965,2,2,0,0,0,0,0,0,2,3,1,1
13966,2,2,0,0,0,0,0,0,2,3,1,1
13967,2,2,0,0,0,0,0,0,2,3,1,1
13968,2,2,0,0,0,0,0,0,2,3,1,1
13969,2,2,0,0,0,0,0,0,2,3,1,1
13970,2,2,0,0,0,0,0,0,2,3,1,1
13971,2,2,0,0,0,0,0,0,2,3,1,1
13972,2,2,0,0,0,0,0,0,2,3,1,1
13973,2,2,0,0,0,0,0,0,2,3,1,1
13974,2,2,0,0,0,0,0,0,2,3,1,1
13975,2,2,0,0,0,0,0,0,2,3,1,1
13976,2,2,0,0,0,0,0,0,2,3,1,1
13977,2,2,0,0,0,0,0,0,2,3,1,1
13978,2,2,0,0,0,0,0,0,2,3,1,1
13979,2,2,0,0,0,0,0,0,2,3,1,1
13980,2,2,0,0,0,0,0,0,2,3,1,1
13981,2,2,0,0,0,0,0,0,2,3,1,1
13982,2,2,0,0,0,0,0,0,2,3,1,1
13983,2,2,0,0,0,0,0,0,2,3,1,1
13984,2,2,0,0,0,0,0,0,2,3,1,1
13985,2,2,0,0,0,0,0,0,2,2,1,1
13985,2,2,0,0,0,0,0,0,2,2,1,1
13986,2,2,0,0,0,0,0,0,2,2,1,1
13987,2,2,0,0,0,0,0,0,2,2,1,1
13988,2,2,0,0,0,0,0,0,2,2,1,1
13989,2,2,0,0,0,0,0,0,2,2,1,1
13990,2,2,0,0,0,0,0,0,2,2,1,1
13991,2,2,0,0,0,0,0,0,2,2,1,1
13992,2,2,0,0,0,0,0,0,2,2,1,1
13993,2,2,0,0,0,0,0,0,2,2,1,1
13994,2,2,0,0,0,0,0,0,2,2,1,1
13995,2,2,0,0,0,0,0,0,2,2,1,1
13996,2,2,0,0,0,0,0,0,2,2,1,1
13997,2,2,0,0,0,0,0,0,2,2,1,1
13998,2,2,0,0,0,0,0,0,2,2,1,1
13999,2,2,0,0,0,0,0,0,2,2,1,1
14000,2,2,0,0,0,0,0,0,2,2,1,1
14001,2,2,0,0,0,0,0,0,2,2,1,1
14002,2,2,0,0,0,0,0,0,2,2,1,1
14003,2,2,0,0,0,0,0,0,2,2,1,1
14004,2,2,0,0,0,0,0,0,2,2,1,1
14005,2,2,0,0,0,0,0,0,2,2,1,1
14006,2,2,0,0,0,0,0,0,2,2,1,1
14007,2,2,0,0,0,0,0,0,2,2,1,1
14008,2,2,0,0,0,0,0,0,2,2,1,1
14009,2,2,0,0,0,0,0,0,2,2,1,1
14010,2,2,0,0,0,0,0,0,2,2,1,1
14011,2,2,0,0,0,0,0,0,2,2,1,1
14012,2,2,0,0,0,0,0,0,2,2,1,1
14013,2,2,0,0,0,0,0,0,2,2,1,1
14014,2,2,0,0,0,0,0,0,2,2,1,1
14015,2,2,0,0,0,0,0,0,2,2,1,1
14016,2,2,0,0,0,0,0,0,2,2,1,1
14017,2,2,0,0,0,0,0,0,2,2,1,1
14018,2,2,0,0,0,0,0,0,2,2,1,1
14019,2,2,0,0,0,0,0,0,2,2,1,1
14020,2,2,0,0,0,0,0,0,2,2,1,1
14021,2,2,0,0,0,0,0,0,2,2,1,1
14022,2,2,0,0,0,0,0,0,2,2,1,1
14023,2,2,0,0,0,0,0,0,2,2,1,1
14024,2,2,0,0,0,0,0,0,2,2,1,1
14025,2,2,0,0,0,0,0,0,2,2,1,1
14026,2,2,0,0,0,0,0,0,2,2,1,1
14027,2,2,0,0,0,0,0,0,2,2,1,1
14028,2,2,0,0,0,0,0,0,2,2,1,1
14029,2,2,0,0,0,0,0,0,2,2,1,1
14030,2,2,0,0,0,0,0,0,2,2,1,1
14031,2,2,0,0,0,0,0,0,2,2,1,1
14032,2,2,0,0,0,0,0,0,2,2,1,1
14033,2,2,0,0,0,0,0,0,2,2,1,1
14034,2,2,0,0,0,0,0,0,2,2,1,1
14035,2,2,0,0,0,0,0,0,2,2,1,1
14036,2,2,0,0,0,0,0,0,2,2,1,1
14037,2,2,0,0,0,0,0,0,2,2,1,1
14038,2,2,0,0,0,0,0,0,2,2,1,1
14039,2,2,0,0,0,0,0,0,2,2,1,1
14040,2,2,0,0,0,0,0,0,2,2,1,1
14041,2,2,0,0,0,0,0,0,2,2,1,1
14042,2,2,0,0,0,0,0,0,2,2,1,1
14043,2,2,0,0,0,0,0,0,2,2,1,1
14044,2,2,0,0,0,0,0,0,2,2,1,1
14045,2,2,0,0,0,0,0,0,2,2,1,1
14046,2,2,0,0,0,0,0,0,2,2,1,1
14047,2,2,0,0,0,0,0,0,2,2,1,1
14048,2,2,0,0,0,0,0,0,2,2,1,1
14049,2,2,0,0,0,0,0,0,2,2,1,1
14050,2,2,0,0,0,0,0,0,2,2,1,1
14051,2,2,0,0,0,0,0,0,2,2,1,1
14052,2,2,0,0,0,0,0,0,2,2,1,1
14053,2,2,0,0,0,0,0,0,2,2,1,1
14054,2,2,0,0,0,0,0,0,2,2,1,1
14055,2,2,0,0,0,0,0,0,2,2,1,1
14056,2,2,0,0,0,0,0,0,2,2,1,1
14057,2,2,0,0,0,0,0,0,2,2,1,1
14058,2,2,0,0,0,0,0,0,2,2,1,1
14059,2,2,0,0,0,0,0,0,2,2,1,1
14060,2,2,0,0,0,0,0,0,2,2,1,1
14061,2,2,0,0,0,0,0,0,2,2,1,1
14062,2,2,0,0,0,0,0,0,2,2,1,1
14063,2,2,0,0,0,0,0,0,2,2,1,1
14064,2,2,0,0,0,0,0,0,2,2,1,1
14065,2,2,0,0,0,0,0,0,2,2,1,1
14066,2,2,0,0,0,0,0,0,2,2,1,1
14067,2,2,0,0,0,0,0,0,2,2,1,1
14068,2,2,0,0,0,0,0,0,2,2,1,1
14069,2,2,0,0,0,0,0,0,2,2,1,1
14070,2,2,0,0,0,0,0,0,2,2,1,1
14071,2,2,0,0,0,0,0,0,2,2,1,1
14072,2,2,0,0,0,0,0,0,2,2,1,1
14073,2,2,0,0,0,0,0,0,2,2,1,1
14074,2,2,0,0,0,0,0,0,2,2,1,1
14075,2,2,0,0,0,0,0,0,2,2,1,1
14076,2,2,0,0,0,0,0,0,2,2,1,1
14077,2,2,0,0,0,0,0,0,2,2,1,1
14078,2,2,0,0,0,0,0,0,2,2,1,1
14079,2,2,0,0,0,0,0,0,2,2,1,1
14080,2,2,0,0,0,0,0,0,2,2,1,1
14081,2,2,0,0,0,0,0,0,2,2,1,1
14082,2,2,0,0,0,0,0,0,2,2,1,1
14083,2,2,0,0,0,0,0,0,2,2,1,1
14084,2,2,0,0,0,0,0,0,2,2,1,1
14085,2,2,0,0,0,0,0,0,2,2,1,1
14086,2,2,0,0,0,0,0,0,2,2,1,1
14087,2,2,0,0,0,0,0,0,2,2,1,1
14088,2,2,0,0,0,0,0,0,2,2,1,1
14089,2,2,0,0,0,0,0,0,2,2,1,1
14090,2,2,0,0,0,0,0,0,2,2,1,1
14091,2,2,0,0,0,0,0,0,2,2,1,1
14092,2,2,0,0,0,0,0,0,2,2,1,1
14093,2,2,0,0,0,0,0,0,2,2,1,1
14094,2,2,0,0,0,0,0,0,2,2,1,1
14095,2,2,0,0,0,0,0,0,2,2,1,1
14096,2,2,0,0,0,0,0,0,2,2,1,1
14097,2,2,0,0,0,0,0,0,2,2,1,1
14098,2,2,0,0,0,0,0,0,2,2,1,1
14099,2,2,0,0,0,0,0,0,2,2,1,1
14100,2,2,0,0,0,0,0,0,2,2,1,1
14101,2,2,0,0,0,0,0,0,2,2,1,1
14102,2,2,0,0,0,0,0,0,2,2,1,1
14103,2,2,0,0,0,0,0,0,2,2,1,1
14104,2,2,0,0,0,0,0,0,2,2,1,1
14105,2,2,0,0,0,0,0,0,2,2,1,1
14106,2,2,0,0,0,0,0,0,2,2,1,1
14107,2,2,0,0,0,0,0,0,2,2,1,1
14108,2,2,0,0,0,0,0,0,2,2,1,1
14109,2,2,0,0,0,0,0,0,2,2,1,1
14110,2,2,0,0,0,0,0,0,2,2,1,1
14111,2,2,0,0,0,0,0,0,2,2,1,1
14112,2,2,0,0,0,0,0,0,2,2,1,1
14113,2,2,0,0,0,0,0,0,2,2,1,1
14114,2,2,0,0,0,0,0,0,2,2,1,1
14115,2,2,0,0,0,0,0,0,2,2,1,1
14116,2,2,0,0,0,0,0,0,2,2,1,1
14117,2,2,0,0,0,0,0,0,2,2,1,1
14118,2,2,0,0,0,0,0,0,2,2,1,1
14119,2,2,0,0,0,0,0,0,2,2,1,1
14120,2,2,0,0,0,0,0,0,2,2,1,1
14121,2,2,0,0,0,0,0,0,2,2,1,1
14122,2,2,0,0,0,0,0,0,2,2,1,1
14123,2,2,0,0,0,0,0,0,2,2,1,1
14124,2,2,0,0,0,0,0,0,2,2,1,1
14125,2,2,0,0,0,0,0,0,2,2,1,1
14126,2,2,0,0,0,0,0,0,2,2,1,1
14127,2,2,0,0,0,0,0,0,2,2,1,1
14128,2,2,0,0,0,0,0,0,2,2,1,1
14129,2,2,0,0,0,0,0,0,2,2,1,1
14130,2,2,0,0,0,0,0,0,2,2,1,1
14131,2,2,0,0,0,0,0,0,2,2,1,1
14132,2,2,0,0,0,0,0,0,2,2,1,1
14133,2,2,0,0,0,0,0,0,2,2,1,1
14134,2,2,0,0,0,0,0,0,2,2,1,1
14135,2,2,0,0,0,0,0,0,2,2,1,1
14136,2,2,0,0,0,0,0,0,2,2,1,1
14137,2,2,0,0,0,0,0,0,2,2,1,1
14138,2,2,0,0,0,0,0,0,2,2,1,1
14139,2,2,0,0,0,0,0,0,2,2,1,1
14140,2,2,0,0,0,0,0,0,2,2,1,1
14141,2,2,0,0,0,0,0,0,2,2,1,1
14142,2,2,0,0,0,0,0,0,2,2,1,1
14143,2,2,0,0,0,0,0,0,2,2,1,1
14144,2,2,0,0,0,0,0,0,2,2,1,1
14145,2,2,0,0,0,0,0,0,2,2,1,1
14146,2,2,0,0,0,0,0,0,2,2,1,1
14147,2,2,0,0,0,0,0,0,2,2,1,1
14148,2,2,0,0,0,0,0,0,2,2,1,1
14149,2,2,0,0,0,0,0,0,2,2,1,1
14150,2,2,0,0,0,0,0,0,2,2,1,1
14151,2,2,0,0,0,0,0,0,2,2,1,1
14152,2,2,0,0,0,0,0,0,2,2,1,1
14153,2,2,0,0,0,0,0,0,2,2,1,1
14154,2,2,0,0,0,0,0,0,2,2,1,1
14155,2,2,0,0,0,0,0,0,2,2,1,1
14156,2,2,0,0,0,0,0,0,2,2,1,1
14157,2,2,0,0,0,0,0,0,2,2,1,1
14158,2,2,0,0,0,0,0,0,2,2,1,1
14159,2,2,0,0,0,0,0,0,2,2,1,1
14160,2,2,0,0,0,0,0,0,2,2,1,1
14161,2,2,0,0,0,0,0,0,2,2,1,1
14162,2,2,0,0,0,0,0,0,2,2,1,1
14163,2,2,0,0,0,0,0,0,2,2,1,1
14164,2,2,0,0,0,0,0,0,2,2,1,1
14165,2,2,0,0,0,0,0,0,2,2,1,1
14166,2,2,0,0,0,0,0,0,2,2,1,1
14167,2,2,0,0,0,0,0,0,2,2,1,1
14168,2,2,0,0,0,0,0,0,2,2,1,1
14169,2,2,0,0,0,0,0,0,2,2,1,1
14170,2,2,0,0,0,0,0,0,2,2,1,1
14171,2,2,0,0,0,0,0,0,2,2,1,1
14172,2,2,0,0,0,0,0,0,2,2,1,1
14173,2,2,0,0,0,0,0,0,2,2,1,1
14174,2,2,0,0,0,0,0,0,2,2,1,1
14175,2,2,0,0,0,0,0,0,2,2,1,1
14176,2,2,0,0,0,0,0,0,2,2,1,1
14177,2,2,0,0,0,0,0,0,2,2,1,1
14178,2,2,0,0,0,0,0,0,2,2,1,1
14179,2,2,0,0,0,0,0,0,2,2,1,1
14180,2,2,0,0,0,0,0,0,2,2,1,1
14181,2,2,0,0,0,0,0,0,2,2,1,1
14182,2,2,0,0,0,0,0,0,2,2,1,1
14183,2,2,0,0,0,0,0,0,2,2,1,1
14184,2,2,0,0,0,0,0,0,2,2,1,1
14185,2,2,0,0,0,0,0,0,2,2,1,1
14186,2,2,0,0,0,0,0,0,2,2,1,1
14187,2,2,0,0,0,0,0,0,2,2,1,1
14188,2,2,0,0,0,0,0,0,2,2,1,1
14189,2,2,0,0,0,0,0,0,2,2,1,1
14190,2,2,0,0,0,0,0,0,2,2,1,1
14191,2,2,0,0,0,0,0,0,2,2,1,1
14192,2,2,0,0,0,0,0,0,2,2,1,1
14193,2,2,0,0,0,0,0,0,2,2,1,1
14194,2,2,0,0,0,0,0,0,2,2,1,1
14195,2,2,0,0,0,0,0,0,2,2,1,1
14196,2,2,0,0,0,0,0,0,2,2,1,1
14197,2,2,0,0,0,0,0,0,2,2,1,1
14198,2,2,0,0,0,0,0,0,2,2,1,1
14199,2,2,0,0,0,0,0,0,2,2,1,1
14200,2,2,0,0,0,0,0,0,2,2,1,1
14201,2,2,0,0,0,0,0,0,2,2,1,1
14202,2,2,0,0,0,0,0,0,2,2,1,1
14203,2,2,0,0,0,0,0,0,2,2,1,1
14204,2,2,0,0,0,0,0,0,2,2,1,1
14205,2,2,0,0,0,0,0,0,2,2,1,1
14206,2,2,0,0,0,0,0,0,2,2,1,1
14207,2,2,0,0,0,0,0,0,2,2,1,1
14208,2,2,0,0,0,0,0,0,2,2,1,1
14209,2,2,0,0,0,0,0,0,2,2,1,1
14210,2,2,0,0,0,0,0,0,2,2,1,1
14211,2,2,0,0,0,0,0,0,2,2,1,1
14212,2,2,0,0,0,0,0,0,2,2,1,1
14213,2,2,0,0,0,0,0,0,2,2,1,1
14214,2,2,0,0,0,0,0,0,2,2,1,1
14215,2,2,0,0,0,0,0,0,2,2,1,1
14216,2,2,0,0,0,0,0,0,2,2,1,1
14217,2,2,0,0,0,0,0,0,2,2,1,1
14218,2,2,0,0,0,0,0,0,2,2,1,1
14219,2,2,0,0,0,0,0,0,2,2,1,1
14220,2,2,0,0,0,0,0,0,2,2,1,1
14221,2,2,0,0,0,0,0,0,2,2,1,1
14222,2,2,0,0,0,0,0,0,2,2,1,1
14223,2,2,0,0,0,0,0,0,2,2,1,1
14224,2,2,0,0,0,0,0,0,2,2,1,1
14225,2,2,0,0,0,0,0,0,2,2,1,1
14226,2,2,0,0,0,0,0,0,2,2,1,1
14227,2,2,0,0,0,0,0,0,2,2,1,1
14228,2,2,0,0,0,0,0,0,2,2,1,1
14229,2,2,0,0,0,0,0,0,2,2,1,1
14230,2,2,0,0,0,0,0,0,2,2,1,1
14231,2,2,0,0,0,0,0,0,2,2,1,1
14232,2,2,0,0,0,0,0,0,2,2,1,1
14233,2,2,0,0,0,0,0,0,2,2,1,1
14234,2,2,0,0,0,0,0,0,2,2,1,1
14235,2,2,0,0,0,0,0,0,2,2,1,1
14236,2,2,0,0,0,0,0,0,2,2,1,1
14237,2,2,0,0,0,0,0,0,2,2,1,1
14238,2,2,0,0,0,0,0,0,2,2,1,1
14239,2,2,0,0,0,0,0,0,2,2,1,1
14240,2,2,0,0,0,0,0,0,2,2,1,1
14241,2,2,0,0,0,0,0,0,2,2,1,1
14242,2,2,0,0,0,0,0,0,2,2,1,1
14243,2,2,0,0,0,0,0,0,2,2,1,1
14244,2,2,0,0,0,0,0,0,2,2,1,1
14245,2,2,0,0,0,0,0,0,2,2,1,1
14246,2,2,0,0,0,0,0,0,2,2,1,1
14247,2,2,0,0,0,0,0,0,2,2,1,1
14248,2,2,0,0,0,0,0,0,2,2,1,1
14249,2,2,0,0,0,0,0,0,2,2,1,1
14250,2,2,0,0,0,0,0,0,2,2,1,1
14251,2,2,0,0,0,0,0,0,2,2,1,1
14252,2,2,0,0,0,0,0,0,2,2,1,1
14253,2,2,0,0,0,0,0,0,2,2,1,1
14254,2,2,0,0,0,0,0,0,2,2,1,1
14255,2,2,0,0,0,0,0,0,2,2,1,1
14256,2,2,0,0,0,0,0,0,2,2,1,1
14257,2,2,0,0,0,0,0,0,2,2,1,1
14258,2,2,0,0,0,0,0,0,2,2,1,1
14259,2,2,0,0,0,0,0,0,2,2,1,1
14260,2,2,0,0,0,0,0,0,2,2,1,1
14261,2,2,0,0,0,0,0,0,2,2,1,1
14262,2,2,0,0,0,0,0,0,2,2,1,1
14263,2,2,0,0,0,0,0,0,2,2,1,1
14264,2,2,0,0,0,0,0,0,2,2,1,1
14265,2,2,0,0,0,0,0,0,2,2,1,1
14266,2,2,0,0,0,0,0,0,2,2,1,1
14267,2,2,0,0,0,0,0,0,2,2,1,1
14268,2,2,0,0,0,0,0,0,2,2,1,1
14269,2,2,0,0,0,0,0,0,2,2,1,1
14270,2,2,0,0,0,0,0,0,2,2,1,1
14271,2,2,0,0,0,0,0,0,2,2,1,1
14272,2,2,0,0,0,0,0,0,2,2,1,1
14273,2,2,0,0,0,0,0,0,2,2,1,1
14274,2,2,0,0,0,0,0,0,2,2,1,1
14275,2,2,0,0,0,0,0,0,2,2,1,1
14276,2,2,0,0,0,0,0,0,2,2,1,1
14277,2,2,0,0,0,0,0,0,2,2,1,1
14278,2,2,0,0,0,0,0,0,2,2,1,1
14279,2,2,0,0,0,0,0,0,2,2,1,1
14280,2,2,0,0,0,0,0,0,2,2,1,1
14281,2,2,0,0,0,0,0,0,2,2,1,1
14282,2,2,0,0,0,0,0,0,2,2,1,1
14283,2,2,0,0,0,0,0,0,2,2,1,1
14284,2,2,0,0,0,0,0,0,2,2,1,1
14285,2,2,0,0,0,0,0,0,2,2,1,1
14286,2,2,0,0,0,0,0,0,2,2,1,1
14287,2,2,0,0,0,0,0,0,2,2,1,1
14288,2,2,0,0,0,0,0,0,2,2,1,1
14289,2,2,0,0,0,0,0,0,2,2,1,1
14290,2,2,0,0,0,0,0,0,2,2,1,1
14291,2,2,0,0,0,0,0,0,2,2,1,1
14292,2,2,0,0,0,0,0,0,2,2,1,1
14293,2,2,0,0,0,0,0,0,2,2,1,1
14294,2,2,0,0,0,0,0,0,2,2,1,1
14295,2,2,0,0,0,0,0,0,2,2,1,1
14296,2,2,0,0,0,0,0,0,2,2,1,1
14297,2,2,0,0,0,0,0,0,2,2,1,1
14298,2,2,0,0,0,0,0,0,2,2,1,1
14299,2,2,0,0,0,0,0,0,2,2,1,1
14300,2,2,0,0,0,0,0,0,2,2,1,1
14301,2,2,0,0,0,0,0,0,2,2,1,1
14302,2,2,0,0,0,0,0,0,2,2,1,1
14303,2,2,0,0,0,0,0,0,2,2,1,1
14304,2,2,0,0,0,0,0,0,2,2,1,1
14305,2,2,0,0,0,0,0,0,2,2,1,1
14306,2,2,0,0,0,0,0,0,2,2,1,1
14307,2,2,0,0,0,0,0,0,2,2,1,1
14308,2,2,0,0,0,0,0,0,2,2,1,1
14309,2,2,0,0,0,0,0,0,2,2,1,1
14310,2,2,0,0,0,0,0,0,2,2,1,1
14311,2,2,0,0,0,0,0,0,2,2,1,1
14312,2,2,0,0,0,0,0,0,2,2,1,1
14313,2,2,0,0,0,0,0,0,2,2,1,1
14314,2,2,0,0,0,0,0,0,2,2,1,1
14315,2,2,0,0,0,0,0,0,2,2,1,1
14316,2,2,0,0,0,0,0,0,2,2,1,1
14317,2,2,0,0,0,0,0,0,2,2,1,1
14318,2,2,0,0,0,0,0,0,2,2,1,1
14319,2,2,0,0,0,0,0,0,2,2,1,1
14320,2,2,0,0,0,0,0,0,2,2,1,1
14321,2,2,0,0,0,0,0,0,2,2,1,1
14322,2,2,0,0,0,0,0,0,2,2,1,1
14323,2,2,0,0,0,0,0,0,2,2,1,1
14324,2,2,0,0,0,0,0,0,2,2,1,1
14325,2,2,0,0,0,0,0,0,2,2,1,1
14326,2,2,0,0,0,0,0,0,2,2,1,1
14327,2,2,0,0,0,0,0,0,2,2,1,1
14328,2,2,0,0,0,0,0,0,2,2,1,1
14329,2,2,0,0,0,0,0,0,2,2,1,1
14330,2,2,0,0,0,0,0,0,2,2,1,1
14331,2,2,0,0,0,0,0,0,2,2,1,1
14332,2,2,0,0,0,0,0,0,2,2,1,1
14333,2,2,0,0,0,0,0,0,2,2,1,1
14334,2,2,0,0,0,0,0,0,2,2,1,1
14335,2,2,0,0,0,0,0,0,2,2,1,1
14336,2,2,0,0,0,0,0,0,2,2,1,1
14337,2,2,0,0,0,0,0,0,2,2,1,1
14338,2,2,0,0,0,0,0,0,2,2,1,1
14339,2,2,0,0,0,0,0,0,2,2,1,1
14340,2,2,0,0,0,0,0,0,2,2,1,1
14341,2,2,0,0,0,0,0,0,2,2,1,1
14342,2,2,0,0,0,0,0,0,2,2,1,1
14343,2,2,0,0,0,0,0,0,2,2,1,1
14344,2,2,0,0,0,0,0,0,2,2,1,1
14345,2,2,0,0,0,0,0,0,2,2,1,1
14346,2,2,0,0,0,0,0,0,2,2,1,1
14347,2,2,0,0,0,0,0,0,2,2,1,1
14348,2,2,0,0,0,0,0,0,2,2,1,1
14349,2,2,0,0,0,0,0,0,2,2,1,1
14350,2,2,0,0,0,0,0,0,2,2,1,1
14351,2,2,0,0,0,0,0,0,2,2,1,1
14352,2,2,0,0,0,0,0,0,2,2,1,1
14353,2,2,0,0,0,0,0,0,2,2,1,1
14354,2,2,0,0,0,0,0,0,2,2,1,1
14355,2,2,0,0,0,0,0,0,2,2,1,1
14356,2,2,0,0,0,0,0,0,2,2,1,1
14357,2,2,0,0,0,0,0,0,2,2,1,1
14358,2,2,0,0,0,0,0,0,2,2,1,1
14359,2,2,0,0,0,0,0,0,2,2,1,1
14360,2,2,0,0,0,0,0,0,2,2,1,1
14361,2,2,0,0,0,0,0,0,2,2,1,1
14362,2,2,0,0,0,0,0,0,2,2,1,1
14363,2,2,0,0,0,0,0,0,2,2,1,1
14364,2,2,0,0,0,0,0,0,2,2,1,1
14365,2,2,0,0,0,0,0,0,2,2,1,1
14366,2,2,0,0,0,0,0,0,2,2,1,1
14367,2,2,0,0,0,0,0,0,2,2,1,1
14368,2,2,0,0,0,0,0,0,2,2,1,1
14369,2,2,0,0,0,0,0,0,2,2,1,1
14370,2,2,0,0,0,0,0,0,2,2,1,1
14371,2,2,0,0,0,0,0,0,2,2,1,1
14372,2,2,0,0,0,0,0,0,2,2,1,1
14373,2,2,0,0,0,0,0,0,2,2,1,1
14374,2,2,0,0,0,0,0,0,2,2,1,1
14375,2,2,0,0,0,0,0,0,2,2,1,1
14376,2,2,0,0,0,0,0,0,2,2,1,1
14377,2,2,0,0,0,0,0,0,2,2,1,1
14378,2,2,0,0,0,0,0,0,2,2,1,1
14379,2,2,0,0,0,0,0,0,2,2,1,1
14380,2,2,0,0,0,0,0,0,2,2,1,1
14381,2,2,0,0,0,0,0,0,2,2,1,1
14382,2,2,0,0,0,0,0,0,2,2,1,1
14383,2,2,0,0,0,0,0,0,2,2,1,1
14384,2,2,0,0,0,0,0,0,2,2,1,1
14385,2,2,0,0,0,0,0,0,2,2,1,1
14386,2,2,0,0,0,0,0,0,2,2,1,1
14387,2,2,0,0,0,0,0,0,2,2,1,1
14388,2,2,0,0,0,0,0,0,2,2,1,1
14389,2,2,0,0,0,0,0,0,2,2,1,1
14390,2,2,0,0,0,0,0,0,2,2,1,1
14391,2,2,0,0,0,0,0,0,2,2,1,1
14392,2,2,0,0,0,0,0,0,2,2,1,1
14393,2,2,0,0,0,0,0,0,2,2,1,1
14394,2,2,0,0,0,0,0,0,2,2,1,1
14395,2,2,0,0,0,0,0,0,2,2,1,1
14396,2,2,0,0,0,0,0,0,2,2,1,1
14397,2,2,0,0,0,0,0,0,2,2,1,1
14398,2,2,0,0,0,0,0,0,2,2,1,1
14399,2,2,0,0,0,0,0,0,2,2,1,1
14400,2,2,0,0,0,0,0,0,2,2,1,1
14401,2,2,0,0,0,0,0,0,2,2,1,1
14402,2,2,0,0,0,0,0,0,2,2,1,1
14403,2,2,0,0,0,0,0,0,2,2,1,1
14404,2,2,0,0,0,0,0,0,2,2,1,1
14405,2,2,0,0,0,0,0,0,2,2,1,1
14406,2,2,0,0,0,0,0,0,2,2,1,1
14407,2,2,0,0,0,0,0,0,2,2,1,1
14408,2,2,0,0,0,0,0,0,2,2,1,1
14409,2,2,0,0,0,0,0,0,2,2,1,1
14410,2,2,0,0,0,0,0,0,2,2,1,1
14411,2,2,0,0,0,0,0,0,2,2,1,1
14412,2,2,0,0,0,0,0,0,2,2,1,1
14413,2,2,0,0,0,0,0,0,2,2,1,1
14414,2,2,0,0,0,0,0,0,2,2,1,1
14415,2,2,0,0,0,0,0,0,2,2,1,1
14416,2,2,0,0,0,0,0,0,2,2,1,1
14417,2,2,0,0,0,0,0,0,2,2,1,1
14418,2,2,0,0,0,0,0,0,2,2,1,1
14419,2,2,0,0,0,0,0,0,2,2,1,1
14420,2,2,0,0,0,0,0,0,2,2,1,1
14421,2,2,0,0,0,0,0,0,2,2,1,1
14422,2,2,0,0,0,0,0,0,2,2,1,1
14423,2,2,0,0,0,0,0,0,2,2,1,1
14424,2,2,0,0,0,0,0,0,2,2,1,1
14425,2,2,0,0,0,0,0,0,2,2,1,1
14426,2,2,0,0,0,0,0,0,2,2,1,1
14427,2,2,0,0,0,0,0,0,2,2,1,1
14428,2,2,0,0,0,0,0,0,2,2,1,1
14429,2,2,0,0,0,0,0,0,2,2,1,1
14430,2,2,0,0,0,0,0,0,2,2,1,1
14431,2,2,0,0,0,0,0,0,2,2,1,1
14432,2,2,0,0,0,0,0,0,2,2,1,1
14433,2,2,0,0,0,0,0,0,2,2,1,1
14434,2,2,0,0,0,0,0,0,2,2,1,1
14435,2,2,0,0,0,0,0,0,2,2,1,1
14436,2,2,0,0,0,0,0,0,2,2,1,1
14437,2,2,0,0,0,0,0,0,2,2,1,1
14438,2,2,0,0,0,0,0,0,2,2,1,1
14439,2,2,0,0,0,0,0,0,2,2,1,1
14440,2,2,0,0,0,0,0,0,2,2,1,1
14441,2,2,0,0,0,0,0,0,2,2,1,1
14442,2,2,0,0,0,0,0,0,2,2,1,1
14443,2,2,0,0,0,0,0,0,2,2,1,1
14444,2,2,0,0,0,0,0,0,2,2,1,1
14445,2,2,0,0,0,0,0,0,2,2,1,1
14446,2,2,0,0,0,0,0,0,2,2,1,1
14447,2,2,0,0,0,0,0,0,2,2,1,1
14448,2,2,0,0,0,0,0,0,2,2,1,1
14449,2,2,0,0,0,0,0,0,2,2,1,1
14450,2,2,0,0,0,0,0,0,2,2,1,1
14451,2,2,0,0,0,0,0,0,2,2,1,1
14452,2,2,0,0,0,0,0,0,2,2,1,1
14453,2,2,0,0,0,0,0,0,2,2,1,1
14454,2,2,0,0,0,0,0,0,2,2,1,1
14455,2,2,0,0,0,0,0,0,2,2,1,1
14456,2,2,0,0,0,0,0,0,2,2,1,1
14457,2,2,0,0,0,0,0,0,2,2,1,1
14458,2,2,0,0,0,0,0,0,2,2,1,1
14459,2,2,0,0,0,0,0,0,2,2,1,1
14460,2,2,0,0,0,0,0,0,2,2,1,1
14461,2,2,0,0,0,0,0,0,2,2,1,1
14462,2,2,0,0,0,0,0,0,2,2,1,1
14463,2,2,0,0,0,0,0,0,2,2,1,1
14464,2,2,0,0,0,0,0,0,2,2,1,1
14465,2,2,0,0,0,0,0,0,2,2,1,1
14466,2,2,0,0,0,0,0,0,2,2,1,1
14467,2,2,0,0,0,0,0,0,2,2,1,1
14468,2,2,0,0,0,0,0,0,2,2,1,1
14469,2,2,0,0,0,0,0,0,2,2,1,1
14470,2,2,0,0,0,0,0,0,2,2,1,1
14471,2,2,0,0,0,0,0,0,2,2,1,1
14472,2,2,0,0,0,0,0,0,2,2,1,1
14473,2,2,0,0,0,0,0,0,2,2,1,1
14474,2,2,0,0,0,0,0,0,2,2,1,1
14475,2,2,0,0,0,0,0,0,2,2,1,1
14476,2,2,0,0,0,0,0,0,2,2,1,1
14477,2,2,0,0,0,0,0,0,2,2,1,1
14478,2,2,0,0,0,0,0,0,2,2,1,1
14479,2,2,0,0,0,0,0,0,2,2,1,1
14480,2,2,0,0,0,0,0,0,2,2,1,1
14481,2,2,0,0,0,0,0,0,2,2,1,1
14482,2,2,0,0,0,0,0,0,2,2,1,1
14483,2,2,0,0,0,0,0,0,2,2,1,1
14484,2,2,0,0,0,0,0,0,2,2,1,1
14485,2,2,0,0,0,0,0,0,2,2,1,1
14486,2,2,0,0,0,0,0,0,2,2,1,1
14487,2,2,0,0,0,0,0,0,2,2,1,1
14488,2,2,0,0,0,0,0,0,2,2,1,1
14489,2,2,0,0,0,0,0,0,2,2,1,1
14490,2,2,0,0,0,0,0,0,2,2,1,1
14491,2,2,0,0,0,0,0,0,2,2,1,1
14492,2,2,0,0,0,0,0,0,2,2,1,1
14493,2,2,0,0,0,0,0,0,2,2,1,1
14494,2,2,0,0,0,0,0,0,2,2,1,1
14495,2,2,0,0,0,0,0,0,2,2,1,1
14496,2,2,0,0,0,0,0,0,2,2,1,1
14497,2,2,0,0,0,0,0,0,2,2,1,1
14498,2,2,0,0,0,0,0,0,2,2,1,1
14499,2,2,0,0,0,0,0,0,2,2,1,1
14500,2,2,0,0,0,0,0,0,2,2,1,1
14501,2,2,0,0,0,0,0,0,2,2,1,1
14502,2,2,0,0,0,0,0,0,2,2,1,1
14503,2,2,0,0,0,0,0,0,2,2,1,1
14504,2,2,0,0,0,0,0,0,2,2,1,1
14505,2,2,0,0,0,0,0,0,2,2,1,1
14506,2,2,0,0,0,0,0,0,2,2,1,1
14507,2,2,0,0,0,0,0,0,2,2,1,1
14508,2,2,0,0,0,0,0,0,2,2,1,1
14509,2,2,0,0,0,0,0,0,2,2,1,1
14510,2,2,0,0,0,0,0,0,2,2,1,1
14511,2,2,0,0,0,0,0,0,2,2,1,1
14512,2,2,0,0,0,0,0,0,2,2,1,1
14513,2,2,0,0,0,0,0,0,2,2,1,1
14514,2,2,0,0,0,0,0,0,2,2,1,1
14515,2,2,0,0,0,0,0,0,2,2,1,1
14516,2,2,0,0,0,0,0,0,2,2,1,1
14517,2,2,0,0,0,0,0,0,2,2,1,1
14518,2,2,0,0,0,0,0,0,2,2,1,1
14519,2,2,0,0,0,0,0,0,2,2,1,1
14520,2,2,0,0,0,0,0,0,2,2,1,1
14521,2,2,0,0,0,0,0,0,2,2,1,1
14522,2,2,0,0,0,0,0,0,2,2,1,1
14523,2,2,0,0,0,0,0,0,2,2,1,1
14524,2,2,0,0,0,0,0,0,2,2,1,1
14525,2,2,0,0,0,0,0,0,2,2,1,1
14526,2,2,0,0,0,0,0,0,2,2,1,1
14527,2,2,0,0,0,0,0,0,2,2,1,1
14528,2,2,0,0,0,0,0,0,2,2,1,1
14529,2,2,0,0,0,0,0,0,2,2,1,1
14530,2,2,0,0,0,0,0,0,2,2,1,1
14531,2,2,0,0,0,0,0,0,2,2,1,1
14532,2,2,0,0,0,0,0,0,2,2,1,1
14533,2,2,0,0,0,0,0,0,2,2,1,1
14534,2,2,0,0,0,0,0,0,2,2,1,1
14535,2,2,0,0,0,0,0,0,2,2,1,1
14536,2,2,0,0,0,0,0,0,2,2,1,1
14537,2,2,0,0,0,0,0,0,2,2,1,1
14538,2,2,0,0,0,0,0,0,2,2,1,1
14539,2,2,0,0,0,0,0,0,2,2,1,1
14540,2,2,0,0,0,0,0,0,2,2,1,1
14541,2,2,0,0,0,0,0,0,2,2,1,1
14542,2,2,0,0,0,0,0,0,2,2,1,1
14543,2,2,0,0,0,0,0,0,2,2,1,1
14544,2,2,0,0,0,0,0,0,2,2,1,1
14545,2,2,0,0,0,0,0,0,2,2,1,1
14546,2,2,0,0,0,0,0,0,2,2,1,1
14547,2,2,0,0,0,0,0,0,2,2,1,1
14548,2,2,0,0,0,0,0,0,2,2,1,1
14549,2,2,0,0,0,0,0,0,2,2,1,1
14550,2,2,0,0,0,0,0,0,2,2,1,1
14551,2,2,0,0,0,0,0,0,2,2,1,1
14552,2,2,0,0,0,0,0,0,2,2,1,1
14553,2,2,0,0,0,0,0,0,2,2,1,1
14554,2,2,0,0,0,0,0,0,2,2,1,1
14555,2,2,0,0,0,0,0,0,2,2,1,1
14556,2,2,0,0,0,0,0,0,2,2,1,1
14557,2,2,0,0,0,0,0,0,2,2,1,1
14558,2,2,0,0,0,0,0,0,2,2,1,1
14559,2,2,0,0,0,0,0,0,2,2,1,1
14560,2,2,0,0,0,0,0,0,2,2,1,1
14561,2,2,0,0,0,0,0,0,2,2,1,1
14562,2,2,0,0,0,0,0,0,2,2,1,1
14563,2,2,0,0,0,0,0,0,2,2,1,1
14564,2,2,0,0,0,0,0,0,2,2,1,1
14565,2,2,0,0,0,0,0,0,2,2,1,1
14566,2,2,0,0,0,0,0,0,2,2,1,1
14567,2,2,0,0,0,0,0,0,2,2,1,1
14568,2,2,0,0,0,0,0,0,2,2,1,1
14569,2,2,0,0,0,0,0,0,2,2,1,1
14570,2,2,0,0,0,0,0,0,2,2,1,1
14571,2,2,0,0,0,0,0,0,2,2,1,1
14572,2,2,0,0,0,0,0,0,2,2,1,1
14573,2,2,0,0,0,0,0,0,2,2,1,1
14574,2,2,0,0,0,0,0,0,2,2,1,1
14575,2,2,0,0,0,0,0,0,2,2,1,1
14576,2,2,0,0,0,0,0,0,2,2,1,1
14577,2,2,0,0,0,0,0,0,2,2,1,1
14578,2,2,0,0,0,0,0,0,2,2,1,1
14579,2,2,0,0,0,0,0,0,2,2,1,1
14580,2,2,0,0,0,0,0,0,2,2,1,1
14581,2,2,0,0,0,0,0,0,2,2,1,1
14582,2,2,0,0,0,0,0,0,2,2,1,1
14583,2,2,0,0,0,0,0,0,2,2,1,1
14584,2,2,0,0,0,0,0,0,2,2,1,1
14585,2,2,0,0,0,0,0,0,2,2,1,1
14586,2,2,0,0,0,0,0,0,2,2,1,1
14587,2,2,0,0,0,0,0,0,2,2,1,1
14588,2,2,0,0,0,0,0,0,2,2,1,1
14589,2,2,0,0,0,0,0,0,2,2,1,1
14590,2,2,0,0,0,0,0,0,2,2,1,1
14591,2,2,0,0,0,0,0,0,2,2,1,1
14592,2,2,0,0,0,0,0,0,2,2,1,1
14593,2,2,0,0,0,0,0,0,2,2,1,1
14594,2,2,0,0,0,0,0,0,2,2,1,1
14595,2,2,0,0,0,0,0,0,2,2,1,1
14596,2,2,0,0,0,0,0,0,2,2,1,1
14597,2,2,0,0,0,0,0,0,2,2,1,1
14598,2,2,0,0,0,0,0,0,2,2,1,1
14599,2,2,0,0,0,0,0,0,2,2,1,1
14600,2,2,0,0,0,0,0,0,2,2,1,1
14601,2,2,0,0,0,0,0,0,2,2,1,1
14602,2,2,0,0,0,0,0,0,2,2,1,1
14603,2,2,0,0,0,0,0,0,2,2,1,1
14604,2,2,0,0,0,0,0,0,2,2,1,1
14605,2,2,0,0,0,0,0,0,2,2,1,1
14606,2,2,0,0,0,0,0,0,2,2,1,1
14607,2,2,0,0,0,0,0,0,2,2,1,1
14608,2,2,0,0,0,0,0,0,2,2,1,1
14609,2,2,0,0,0,0,0,0,2,2,1,1
14610,2,2,0,0,0,0,0,0,2,2,1,1
14611,2,2,0,0,0,0,0,0,2,2,1,1
14612,2,2,0,0,0,0,0,0,2,2,1,1
14613,2,2,0,0,0,0,0,0,2,2,1,1
14614,2,2,0,0,0,0,0,0,2,2,1,1
14615,2,2,0,0,0,0,0,0,2,2,1,1
14616,2,2,0,0,0,0,0,0,2,2,1,1
14617,2,2,0,0,0,0,0,0,2,2,1,1
14618,2,2,0,0,0,0,0,0,2,2,1,1
14619,2,2,0,0,0,0,0,0,2,2,1,1
14620,2,2,0,0,0,0,0,0,2,2,1,1
14621,2,2,0,0,0,0,0,0,2,2,1,1
14622,2,2,0,0,0,0,0,0,2,2,1,1
14623,2,2,0,0,0,0,0,0,2,2,1,1
14624,2,2,0,0,0,0,0,0,2,2,1,1
14625,2,2,0,0,0,0,0,0,2,2,1,1
14626,2,2,0,0,0,0,0,0,2,2,1,1
14627,2,2,0,0,0,0,0,0,2,2,1,1
14628,2,2,0,0,0,0,0,0,2,2,1,1
14629,2,2,0,0,0,0,0,0,2,2,1,1
14630,2,2,0,0,0,0,0,0,2,2,1,1
14631,2,2,0,0,0,0,0,0,2,2,1,1
14632,2,2,0,0,0,0,0,0,2,2,1,1
14633,2,2,0,0,0,0,0,0,2,2,1,1
14634,2,2,0,0,0,0,0,0,2,2,1,1
14635,2,2,0,0,0,0,0,0,2,2,1,1
14636,2,2,0,0,0,0,0,0,2,2,1,1
14637,2,2,0,0,0,0,0,0,2,2,1,1
14638,2,2,0,0,0,0,0,0,2,2,1,1
14639,2,2,0,0,0,0,0,0,2,2,1,1
14640,2,2,0,0,0,0,0,0,2,2,1,1
14641,2,2,0,0,0,0,0,0,2,2,1,1
14642,2,2,0,0,0,0,0,0,2,2,1,1
14643,2,2,0,0,0,0,0,0,2,2,1,1
14644,2,2,0,0,0,0,0,0,2,2,1,1
14645,2,2,0,0,0,0,0,0,2,2,1,1
14646,2,2,0,0,0,0,0,0,2,2,1,1
14647,2,2,0,0,0,0,0,0,2,2,1,1
14648,2,2,0,0,0,0,0,0,2,2,1,1
14649,2,2,0,0,0,0,0,0,2,2,1,1
14650,2,2,0,0,0,0,0,0,2,2,1,1
14651,2,2,0,0,0,0,0,0,2,2,1,1
14652,2,2,0,0,0,0,0,0,2,2,1,1
14653,2,2,0,0,0,0,0,0,2,2,1,1
14654,2,2,0,0,0,0,0,0,2,2,1,1
14655,2,2,0,0,0,0,0,0,2,2,1,1
14656,2,2,0,0,0,0,0,0,2,2,1,1
14657,2,2,0,0,0,0,0,0,2,2,1,1
14658,2,2,0,0,0,0,0,0,2,2,1,1
14659,2,2,0,0,0,0,0,0,2,2,1,1
14660,2,2,0,0,0,0,0,0,2,2,1,1
14661,2,2,0,0,0,0,0,0,2,2,1,1
14662,2,2,0,0,0,0,0,0,2,2,1,1
14663,2,2,0,0,0,0,0,0,2,2,1,1
14664,2,2,0,0,0,0,0,0,2,2,1,1
14665,2,2,0,0,0,0,0,0,2,2,1,1
14666,2,2,0,0,0,0,0,0,2,2,1,1
14667,2,2,0,0,0,0,0,0,2,2,1,1
14668,2,2,0,0,0,0,0,0,2,2,1,1
14669,2,2,0,0,0,0,0,0,2,2,1,1
14670,2,2,0,0,0,0,0,0,2,2,1,1
14671,2,2,0,0,0,0,0,0,2,2,1,1
14672,2,2,0,0,0,0,0,0,2,2,1,1
14673,2,2,0,0,0,0,0,0,2,2,1,1
14674,2,2,0,0,0,0,0,0,2,2,1,1
14675,2,2,0,0,0,0,0,0,2,2,1,1
14676,2,2,0,0,0,0,0,0,2,2,1,1
14677,2,2,0,0,0,0,0,0,2,2,1,1
14678,2,2,0,0,0,0,0,0,2,2,1,1
14679,2,2,0,0,0,0,0,0,2,2,1,1
14680,2,2,0,0,0,0,0,0,2,2,1,1
14681,2,2,0,0,0,0,0,0,2,2,1,1
14682,2,2,0,0,0,0,0,0,2,2,1,1
14683,2,2,0,0,0,0,0,0,2,2,1,1
14684,2,2,0,0,0,0,0,0,2,2,1,1
14685,2,2,0,0,0,0,0,0,2,2,1,1
14686,2,2,0,0,0,0,0,0,2,2,1,1
14687,2,2,0,0,0,0,0,0,2,2,1,1
14688,2,2,0,0,0,0,0,0,2,2,1,1
14689,2,2,0,0,0,0,0,0,2,2,1,1
14690,2,2,0,0,0,0,0,0,2,2,1,1
14691,2,2,0,0,0,0,0,0,2,2,1,1
14692,2,2,0,0,0,0,0,0,2,2,1,1
14693,2,2,0,0,0,0,0,0,2,2,1,1
14694,2,2,0,0,0,0,0,0,2,2,1,1
14695,2,2,0,0,0,0,0,0,2,2,1,1
14696,2,2,0,0,0,0,0,0,2,2,1,1
14697,2,2,0,0,0,0,0,0,2,2,1,1
14698,2,2,0,0,0,0,0,0,2,2,1,1
14699,2,2,0,0,0,0,0,0,2,2,1,1
14700,2,2,0,0,0,0,0,0,2,2,1,1
14701,2,2,0,0,0,0,0,0,2,2,1,1
14702,2,2,0,0,0,0,0,0,2,2,1,1
14703,2,2,0,0,0,0,0,0,2,2,1,1
14704,2,2,0,0,0,0,0,0,2,2,1,1
14705,2,2,0,0,0,0,0,0,2,2,1,1
14706,2,2,0,0,0,0,0,0,2,2,1,1
14707,2,2,0,0,0,0,0,0,2,2,1,1
14708,2,2,0,0,0,0,0,0,2,2,1,1
14709,2,2,0,0,0,0,0,0,2,2,1,1
14710,2,2,0,0,0,0,0,0,2,2,1,1
14711,2,2,0,0,0,0,0,0,2,2,1,1
14712,2,2,0,0,0,0,0,0,2,2,1,1
14713,2,2,0,0,0,0,0,0,2,2,1,1
14714,2,2,0,0,0,0,0,0,2,2,1,1
14715,2,2,0,0,0,0,0,0,2,2,1,1
14716,2,2,0,0,0,0,0,0,2,2,1,1
14717,2,2,0,0,0,0,0,0,2,2,1,1
14718,2,2,0,0,0,0,0,0,2,2,1,1
14719,2,2,0,0,0,0,0,0,2,2,1,1
14720,2,2,0,0,0,0,0,0,2,2,1,1
14721,2,2,0,0,0,0,0,0,2,2,1,1
14722,2,2,0,0,0,0,0,0,2,2,1,1
14723,2,2,0,0,0,0,0,0,2,2,1,1
14724,2,2,0,0,0,0,0,0,2,2,1,1
14725,2,2,0,0,0,0,0,0,2,2,1,1
14726,2,2,0,0,0,0,0,0,2,2,1,1
14727,2,2,0,0,0,0,0,0,2,2,1,1
14728,2,2,0,0,0,0,0,0,2,2,1,1
14729,2,2,0,0,0,0,0,0,2,2,1,1
14730,2,2,0,0,0,0,0,0,2,2,1,1
14731,2,2,0,0,0,0,0,0,2,2,1,1
14732,2,2,0,0,0,0,0,0,2,2,1,1
14733,2,2,0,0,0,0,0,0,2,2,1,1
14734,2,2,0,0,0,0,0,0,2,2,1,1
14735,2,2,0,0,0,0,0,0,2,2,1,1
14736,2,2,0,0,0,0,0,0,2,2,1,1
14737,2,2,0,0,0,0,0,0,2,2,1,1
14738,2,2,0,0,0,0,0,0,2,2,1,1
14739,2,2,0,0,0,0,0,0,2,2,1,1
14740,2,2,0,0,0,0,0,0,2,2,1,1
14741,2,2,0,0,0,0,0,0,2,2,1,1
14742,2,2,0,0,0,0,0,0,2,2,1,1
14743,2,2,0,0,0,0,0,0,2,2,1,1
14744,2,2,0,0,0,0,0,0,2,2,1,1
14745,2,2,0,0,0,0,0,0,2,2,1,1
14746,2,2,0,0,0,0,0,0,2,2,1,1
14747,2,2,0,0,0,0,0,0,2,2,1,1
14748,2,2,0,0,0,0,0,0,2,2,1,1
14749,2,2,0,0,0,0,0,0,2,2,1,1
14750,2,2,0,0,0,0,0,0,2,2,1,1
14751,2,2,0,0,0,0,0,0,2,2,1,1
14752,2,2,0,0,0,0,0,0,2,2,1,1
14753,2,2,0,0,0,0,0,0,2,2,1,1
14754,2,2,0,0,0,0,0,0,2,2,1,1
14755,2,2,0,0,0,0,0,0,2,2,1,1
14756,2,2,0,0,0,0,0,0,2,2,1,1
14757,2,2,0,0,0,0,0,0,2,2,1,1
14758,2,2,0,0,0,0,0,0,2,2,1,1
14759,2,2,0,0,0,0,0,0,2,2,1,1
14760,2,2,0,0,0,0,0,0,2,2,1,1
14761,2,2,0,0,0,0,0,0,2,2,1,1
14762,2,2,0,0,0,0,0,0,2,2,1,1
14763,2,2,0,0,0,0,0,0,2,2,1,1
14764,2,2,0,0,0,0,0,0,2,2,1,1
14765,2,2,0,0,0,0,0,0,2,2,1,1
14766,2,2,0,0,0,0,0,0,2,2,1,1
14767,2,2,0,0,0,0,0,0,2,2,1,1
14768,2,2,0,0,0,0,0,0,2,2,1,1
14769,2,2,0,0,0,0,0,0,2,2,1,1
14770,2,2,0,0,0,0,0,0,2,2,1,1
14771,2,2,0,0,0,0,0,0,2,2,1,1
14772,2,2,0,0,0,0,0,0,2,2,1,1
14773,2,2,0,0,0,0,0,0,2,2,1,1
14774,2,2,0,0,0,0,0,0,2,2,1,1
14775,2,2,0,0,0,0,0,0,2,2,1,1
14776,2,2,0,0,0,0,0,0,2,2,1,1
14777,2,2,0,0,0,0,0,0,2,2,1,1
14778,2,2,0,0,0,0,0,0,2,2,1,1
14779,2,2,0,0,0,0,0,0,2,2,1,1
14780,2,2,0,0,0,0,0,0,2,2,1,1
14781,2,2,0,0,0,0,0,0,2,2,1,1
14782,2,2,0,0,0,0,0,0,2,2,1,1
14783,2,2,0,0,0,0,0,0,2,2,1,1
14784,2,2,0,0,0,0,0,0,2,2,1,1
14785,2,2,0,0,0,0,0,0,2,2,1,1
14786,2,2,0,0,0,0,0,0,2,2,1,1
14787,2,2,0,0,0,0,0,0,2,2,1,1
14788,2,2,0,0,0,0,0,0,2,2,1,1
14789,2,2,0,0,0,0,0,0,2,2,1,1
14790,2,2,0,0,0,0,0,0,2,2,1,1
14791,2,2,0,0,0,0,0,0,2,2,1,1
14792,2,2,0,0,0,0,0,0,2,2,1,1
14793,2,2,0,0,0,0,0,0,2,2,1,1
14794,2,2,0,0,0,0,0,0,2,2,1,1
14795,2,2,0,0,0,0,0,0,2,2,1,1
14796,2,2,0,0,0,0,0,0,2,2,1,1
14797,2,2,0,0,0,0,0,0,2,2,1,1
14798,2,2,0,0,0,0,0,0,2,2,1,1
14799,2,2,0,0,0,0,0,0,2,2,1,1
14800,2,2,0,0,0,0,0,0,2,2,1,1
14801,2,2,0,0,0,0,0,0,2,2,1,1
14802,2,2,0,0,0,0,0,0,2,2,1,1
14803,2,2,0,0,0,0,0,0,2,2,1,1
14804,2,2,0,0,0,0,0,0,2,2,1,1
14805,2,2,0,0,0,0,0,0,2,2,1,1
14806,2,2,0,0,0,0,0,0,2,2,1,1
14807,2,2,0,0,0,0,0,0,2,2,1,1
14808,2,2,0,0,0,0,0,0,2,2,1,1
14809,2,2,0,0,0,0,0,0,2,2,1,1
14810,2,2,0,0,0,0,0,0,2,2,1,1
14811,2,2,0,0,0,0,0,0,2,2,1,1
14812,2,2,0,0,0,0,0,0,2,2,1,1
14813,2,2,0,0,0,0,0,0,2,2,1,1
14814,2,2,0,0,0,0,0,0,2,2,1,1
14815,2,2,0,0,0,0,0,0,2,2,1,1
14816,2,2,0,0,0,0,0,0,2,2,1,1
14817,2,2,0,0,0,0,0,0,2,2,1,1
14818,2,2,0,0,0,0,0,0,2,2,1,1
14819,2,2,0,0,0,0,0,0,2,2,1,1
14820,2,2,0,0,0,0,0,0,2,2,1,1
14821,2,2,0,0,0,0,0,0,2,2,1,1
14822,2,2,0,0,0,0,0,0,2,2,1,1
14823,2,2,0,0,0,0,0,0,2,2,1,1
14824,2,2,0,0,0,0,0,0,2,2,1,1
14825,2,2,0,0,0,0,0,0,2,2,1,1
14826,2,2,0,0,0,0,0,0,2,2,1,1
14827,2,2,0,0,0,0,0,0,2,2,1,1
14828,2,2,0,0,0,0,0,0,2,2,1,1
14829,2,2,0,0,0,0,0,0,2,2,1,1
14830,2,2,0,0,0,0,0,0,2,2,1,1
14831,2,2,0,0,0,0,0,0,2,2,1,1
14832,2,2,0,0,0,0,0,0,2,2,1,1
14833,2,2,0,0,0,0,0,0,2,2,1,1
14834,2,2,0,0,0,0,0,0,2,2,1,1
14835,2,2,0,0,0,0,0,0,2,2,1,1
14836,2,2,0,0,0,0,0,0,2,2,1,1
14837,2,2,0,0,0,0,0,0,2,2,1,1
14838,2,2,0,0,0,0,0,0,2,2,1,1
14839,2,2,0,0,0,0,0,0,2,2,1,1
14840,2,2,0,0,0,0,0,0,2,2,1,1
14841,2,2,0,0,0,0,0,0,2,2,1,1
14842,2,2,0,0,0,0,0,0,2,2,1,1
14843,2,2,0,0,0,0,0,0,2,2,1,1
14844,2,2,0,0,0,0,0,0,2,2,1,1
14845,2,2,0,0,0,0,0,0,2,2,1,1
14846,2,2,0,0,0,0,0,0,2,2,1,1
14847,2,2,0,0,0,0,0,0,2,2,1,1
14848,2,2,0,0,0,0,0,0,2,2,1,1
14849,2,2,0,0,0,0,0,0,2,2,1,1
14850,2,2,0,0,0,0,0,0,2,2,1,1
14851,2,2,0,0,0,0,0,0,2,2,1,1
14852,2,2,0,0,0,0,0,0,2,2,1,1
14853,2,2,0,0,0,0,0,0,2,2,1,1
14854,2,2,0,0,0,0,0,0,2,2,1,1
14855,2,2,0,0,0,0,0,0,2,2,1,1
14856,2,2,0,0,0,0,0,0,2,2,1,1
14857,2,2,0,0,0,0,0,0,2,2,1,1
14858,2,2,0,0,0,0,0,0,2,2,1,1
14859,2,2,0,0,0,0,0,0,2,2,1,1
14860,2,2,0,0,0,0,0,0,2,2,1,1
14861,2,2,0,0,0,0,0,0,2,2,1,1
14862,2,2,0,0,0,0,0,0,2,2,1,1
14863,2,2,0,0,0,0,0,0,2,2,1,1
14864,2,2,0,0,0,0,0,0,2,2,1,1
14865,2,2,0,0,0,0,0,0,2,2,1,1
14866,2,2,0,0,0,0,0,0,2,2,1,1
14867,2,2,0,0,0,0,0,0,2,2,1,1
14868,2,2,0,0,0,0,0,0,2,2,1,1
14869,2,2,0,0,0,0,0,0,2,2,1,1
14870,2,2,0,0,0,0,0,0,2,2,1,1
14871,2,2,0,0,0,0,0,0,2,2,1,1
14872,2,2,0,0,0,0,0,0,2,2,1,1
14873,2,2,0,0,0,0,0,0,2,2,1,1
14874,2,2,0,0,0,0,0,0,2,2,1,1
14875,2,2,0,0,0,0,0,0,2,2,1,1
14876,2,2,0,0,0,0,0,0,2,2,1,1
14877,2,2,0,0,0,0,0,0,2,2,1,1
14878,2,2,0,0,0,0,0,0,2,2,1,1
14879,2,2,0,0,0,0,0,0,2,2,1,1
14880,2,2,0,0,0,0,0,0,2,2,1,1
14881,2,2,0,0,0,0,0,0,2,2,1,1
14882,2,2,0,0,0,0,0,0,2,2,1,1
14883,2,2,0,0,0,0,0,0,2,2,1,1
14884,2,2,0,0,0,0,0,0,2,2,1,1
14885,2,2,0,0,0,0,0,0,2,2,1,1
14886,2,2,0,0,0,0,0,0,2,2,1,1
14887,2,2,0,0,0,0,0,0,2,2,1,1
14888,2,2,0,0,0,0,0,0,2,2,1,1
14889,2,2,0,0,0,0,0,0,2,2,1,1
14890,2,2,0,0,0,0,0,0,2,2,1,1
14891,2,2,0,0,0,0,0,0,2,2,1,1
14892,2,2,0,0,0,0,0,0,2,2,1,1
14893,2,2,0,0,0,0,0,0,2,2,1,1
14894,2,2,0,0,0,0,0,0,2,2,1,1
14895,2,2,0,0,0,0,0,0,2,2,1,1
14896,2,2,0,0,0,0,0,0,2,2,1,1
14897,2,2,0,0,0,0,0,0,2,2,1,1
14898,2,2,0,0,0,0,0,0,2,2,1,1
14899,2,2,0,0,0,0,0,0,2,2,1,1
14900,2,2,0,0,0,0,0,0,2,2,1,1
14901,2,2,0,0,0,0,0,0,2,2,1,1
14902,2,2,0,0,0,0,0,0,2,2,1,1
14903,2,2,0,0,0,0,0,0,2,2,1,1
14904,2,2,0,0,0,0,0,0,2,2,1,1
14905,2,2,0,0,0,0,0,0,2,2,1,1
14906,2,2,0,0,0,0,0,0,2,2,1,1
14907,2,2,0,0,0,0,0,0,2,2,1,1
14908,2,2,0,0,0,0,0,0,2,2,1,1
14909,2,2,0,0,0,0,0,0,2,2,1,1
14910,2,2,0,0,0,0,0,0,2,2,1,1
14911,2,2,0,0,0,0,0,0,2,2,1,1
14912,2,2,0,0,0,0,0,0,2,2,1,1
14913,2,2,0,0,0,0,0,0,2,2,1,1
14914,2,2,0,0,0,0,0,0,2,2,1,1
14915,2,2,0,0,0,0,0,0,2,2,1,1
14916,2,2,0,0,0,0,0,0,2,2,1,1
14917,2,2,0,0,0,0,0,0,2,2,1,1
14918,2,2,0,0,0,0,0,0,2,2,1,1
14919,2,2,0,0,0,0,0,0,2,2,1,1
14920,2,2,0,0,0,0,0,0,2,2,1,1
14921,2,2,0,0,0,0,0,0,2,2,1,1
14922,2,2,0,0,0,0,0,0,2,2,1,1
14923,2,2,0,0,0,0,0,0,2,2,1,1
14924,2,2,0,0,0,0,0,0,2,2,1,1
14925,2,2,0,0,0,0,0,0,2,2,1,1
14926,2,2,0,0,0,0,0,0,2,2,1,1
14927,2,2,0,0,0,0,0,0,2,2,1,1
14928,2,2,0,0,0,0,0,0,2,2,1,1
14929,2,2,0,0,0,0,0,0,2,2,1,1
14930,2,2,0,0,0,0,0,0,2,2,1,1
14931,2,2,0,0,0,0,0,0,2,2,1,1
14932,2,2,0,0,0,0,0,0,2,2,1,1
14933,2,2,0,0,0,0,0,0,2,2,1,1
14934,2,2,0,0,0,0,0,0,2,2,1,1
14935,2,2,0,0,0,0,0,0,2,2,1,1
14936,2,2,0,0,0,0,0,0,2,2,1,1
14937,2,2,0,0,0,0,0,0,2,2,1,1
14938,2,2,0,0,0,0,0,0,2,2,1,1
14939,2,2,0,0,0,0,0,0,2,2,1,1
14940,2,2,0,0,0,0,0,0,2,2,1,1
14941,2,2,0,0,0,0,0,0,2,2,1,1
14942,2,2,0,0,0,0,0,0,2,2,1,1
14943,2,2,0,0,0,0,0,0,2,2,1,1
14944,2,2,0,0,0,0,0,0,2,2,1,1
14945,2,2,0,0,0,0,0,0,2,2,1,1
14946,2,2,0,0,0,0,0,0,2,2,1,1
14947,2,2,0,0,0,0,0,0,2,2,1,1
14948,2,2,0,0,0,0,0,0,2,2,1,1
14949,2,2,0,0,0,0,0,0,2,2,1,1
14950,2,2,0,0,0,0,0,0,2,2,1,1
14951,2,2,0,0,0,0,0,0,2,2,1,1
14952,2,2,0,0,0,0,0,0,2,2,1,1
14953,2,2,0,0,0,0,0,0,2,2,1,1
14954,2,2,0,0,0,0,0,0,2,2,1,1
14955,2,2,0,0,0,0,0,0,2,2,1,1
14956,2,2,0,0,0,0,0,0,2,2,1,1
14957,2,2,0,0,0,0,0,0,2,2,1,1
14958,2,2,0,0,0,0,0,0,2,2,1,1
14959,2,2,0,0,0,0,0,0,2,2,1,1
14960,2,2,0,0,0,0,0,0,2,2,1,1
14961,2,2,0,0,0,0,0,0,2,2,1,1
14962,2,2,0,0,0,0,0,0,2,2,1,1
14963,2,2,0,0,0,0,0,0,2,2,1,1
14964,2,2,0,0,0,0,0,0,2,2,1,1
14965,2,2,0,0,0,0,0,0,2,2,1,1
14966,2,2,0,0,0,0,0,0,2,2,1,1
14967,2,2,0,0,0,0,0,0,2,2,1,1
14968,2,2,0,0,0,0,0,0,2,2,1,1
14969,2,2,0,0,0,0,0,0,2,2,1,1
14970,2,2,0,0,0,0,0,0,2,2,1,1
14971,2,2,0,0,0,0,0,0,2,2,1,1
14972,2,2,0,0,0,0,0,0,2,2,1,1
14973,2,2,0,0,0,0,0,0,2,2,1,1
14974,2,2,0,0,0,0,0,0,2,2,1,1
14975,2,2,0,0,0,0,0,0,2,2,1,1
14976,2,2,0,0,0,0,0,0,2,2,1,1
14977,2,2,0,0,0,0,0,0,2,2,1,1
14978,2,2,0,0,0,0,0,0,2,2,1,1
14979,2,2,0,0,0,0,0,0,2,2,1,1
14980,2,2,0,0,0,0,0,0,2,2,1,1
14981,2,2,0,0,0,0,0,0,2,2,1,1
14982,2,2,0,0,0,0,0,0,2,2,1,1
14983,2,2,0,0,0,0,0,0,2,2,1,1
14984,2,2,0,0,0,0,0,0,2,2,1,1
14985,2,2,0,0,0,0,0,0,2,2,1,1
14986,2,2,0,0,0,0,0,0,2,2,1,1
14987,2,2,0,0,0,0,0,0,2,2,1,1
14988,2,2,0,0,0,0,0,0,2,2,1,1
14989,2,2,0,0,0,0,0,0,2,2,1,1
14990,2,2,0,0,0,0,0,0,2,2,1,1
14991,2,2,0,0,0,0,0,0,2,2,1,1
14992,2,2,0,0,0,0,0,0,2,2,1,1
14993,2,2,0,0,0,0,0,0,2,2,1,1
14994,2,2,0,0,0,0,0,0,2,2,1,1
14995,2,2,0,0,0,0,0,0,2,2,1,1
14996,2,2,0,0,0,0,0,0,2,2,1,1
14997,2,2,0,0,0,0,0,0,2,2,1,1
14998,2,2,0,0,0,0,0,0,2,2,1,1
14999,2,2,0,0,0,0,0,0,2,2,1,1
15000,2,2,0,0,0,0,0,0,2,2,1,1
15001,2,2,0,0,0,0,0,0,2,2,1,1
15002,2,2,0,0,0,0,0,0,2,2,1,1
15003,2,2,0,0,0,0,0,0,2,2,1,1
15004,2,2,0,0,0,0,0,0,2,2,1,1
15005,2,2,0,0,0,0,0,0,2,2,1,1
15006,2,2,0,0,0,0,0,0,2,2,1,1
15007,2,2,0,0,0,0,0,0,2,2,1,1
15008,2,2,0,0,0,0,0,0,2,2,1,1
15009,2,2,0,0,0,0,0,0,2,2,1,1
15010,2,2,0,0,0,0,0,0,2,2,1,1
15011,2,2,0,0,0,0,0,0,2,2,1,1
15012,2,2,0,0,0,0,0,0,2,2,1,1
15013,2,2,0,0,0,0,0,0,2,2,1,1
15014,2,2,0,0,0,0,0,0,2,2,1,1
15015,2,2,0,0,0,0,0,0,2,2,1,1
15016,2,2,0,0,0,0,0,0,2,2,1,1
15017,2,2,0,0,0,0,0,0,2,2,1,1
15018,2,2,0,0,0,0,0,0,2,2,1,1
15019,2,2,0,0,0,0,0,0,2,2,1,1
15020,2,2,0,0,0,0,0,0,2,2,1,1
15021,2,2,0,0,0,0,0,0,2,2,1,1
15022,2,2,0,0,0,0,0,0,2,2,1,1
15023,2,2,0,0,0,0,0,0,2,2,1,1
15024,2,2,0,0,0,0,0,0,2,2,1,1
15025,2,2,0,0,0,0,0,0,2,2,1,1
15026,2,2,0,0,0,0,0,0,2,2,1,1
15027,2,2,0,0,0,0,0,0,2,2,1,1
15028,2,2,0,0,0,0,0,0,2,2,1,1
15029,2,2,0,0,0,0,0,0,2,2,1,1
15030,2,2,0,0,0,0,0,0,2,2,1,1
15031,2,2,0,0,0,0,0,0,2,2,1,1
15032,2,2,0,0,0,0,0,0,2,2,1,1
15033,2,2,0,0,0,0,0,0,2,2,1,1
15034,2,2,0,0,0,0,0,0,2,2,1,1
15035,2,2,0,0,0,0,0,0,2,2,1,1
15036,2,2,0,0,0,0,0,0,2,2,1,1
15037,2,2,0,0,0,0,0,0,2,2,1,1
15038,2,2,0,0,0,0,0,0,2,2,1,1
15039,2,2,0,0,0,0,0,0,2,2,1,1
15040,2,2,0,0,0,0,0,0,2,2,1,1
15041,2,2,0,0,0,0,0,0,2,2,1,1
15042,2,2,0,0,0,0,0,0,2,2,1,1
15043,2,2,0,0,0,0,0,0,2,2,1,1
15044,2,2,0,0,0,0,0,0,2,2,1,1
15045,2,2,0,0,0,0,0,0,2,2,1,1
15046,2,2,0,0,0,0,0,0,2,2,1,1
15047,2,2,0,0,0,0,0,0,2,2,1,1
15048,2,2,0,0,0,0,0,0,2,2,1,1
15049,2,2,0,0,0,0,0,0,2,2,1,1
15050,2,2,0,0,0,0,0,0,2,2,1,1
15051,2,2,0,0,0,0,0,0,2,2,1,1
15052,2,2,0,0,0,0,0,0,2,2,1,1
15053,2,2,0,0,0,0,0,0,2,2,1,1
15054,2,2,0,0,0,0,0,0,2,2,1,1
15055,2,2,0,0,0,0,0,0,2,2,1,1
15056,2,2,0,0,0,0,0,0,2,2,1,1
15057,2,2,0,0,0,0,0,0,2,2,1,1
15058,2,2,0,0,0,0,0,0,2,2,1,1
15059,2,2,0,0,0,0,0,0,2,2,1,1
15060,2,2,0,0,0,0,0,0,2,2,1,1
15061,2,2,0,0,0,0,0,0,2,2,1,1
15062,2,2,0,0,0,0,0,0,2,2,1,1
15063,2,2,0,0,0,0,0,0,2,2,1,1
15064,2,2,0,0,0,0,0,0,2,2,1,1
15065,2,2,0,0,0,0,0,0,2,2,1,1
15066,2,2,0,0,0,0,0,0,2,2,1,1
15067,2,2,0,0,0,0,0,0,2,2,1,1
15068,2,2,0,0,0,0,0,0,2,2,1,1
15069,2,2,0,0,0,0,0,0,2,2,1,1
15070,2,2,0,0,0,0,0,0,2,2,1,1
15071,2,2,0,0,0,0,0,0,2,2,1,1
15072,2,2,0,0,0,0,0,0,2,2,1,1
15073,2,2,0,0,0,0,0,0,2,2,1,1
15074,2,2,0,0,0,0,0,0,2,2,1,1
15075,2,2,0,0,0,0,0,0,2,2,1,1
15076,2,2,0,0,0,0,0,0,2,2,1,1
15077,2,2,0,0,0,0,0,0,2,2,1,1
15078,2,2,0,0,0,0,0,0,2,2,1,1
15079,2,2,0,0,0,0,0,0,2,2,1,1
15080,2,2,0,0,0,0,0,0,2,2,1,1
15081,2,2,0,0,0,0,0,0,2,2,1,1
15082,2,2,0,0,0,0,0,0,2,2,1,1
15083,2,2,0,0,0,0,0,0,2,2,1,1
15084,2,2,0,0,0,0,0,0,2,2,1,1
15085,2,2,0,0,0,0,0,0,2,2,1,1
15086,2,2,0,0,0,0,0,0,2,2,1,1
15087,2,2,0,0,0,0,0,0,2,2,1,1
15088,2,2,0,0,0,0,0,0,2,2,1,1
15089,2,2,0,0,0,0,0,0,2,2,1,1
15090,2,2,0,0,0,0,0,0,2,2,1,1
15091,2,2,0,0,0,0,0,0,2,2,1,1
15092,2,2,0,0,0,0,0,0,2,2,1,1
15093,2,2,0,0,0,0,0,0,2,2,1,1
15094,2,2,0,0,0,0,0,0,2,2,1,1
15095,2,2,0,0,0,0,0,0,2,2,1,1
15096,2,2,0,0,0,0,0,0,2,2,1,1
15097,2,2,0,0,0,0,0,0,2,2,1,1
15098,2,2,0,0,0,0,0,0,2,2,1,1
15099,2,2,0,0,0,0,0,0,2,2,1,1
15100,2,2,0,0,0,0,0,0,2,2,1,1
15101,2,2,0,0,0,0,0,0,2,2,1,1
15102,2,2,0,0,0,0,0,0,2,2,1,1
15103,2,2,0,0,0,0,0,0,2,2,1,1
15104,2,2,0,0,0,0,0,0,2,2,1,1
15105,2,2,0,0,0,0,0,0,2,2,1,1
15106,2,2,0,0,0,0,0,0,2,2,1,1
15107,2,2,0,0,0,0,0,0,2,2,1,1
15108,2,2,0,0,0,0,0,0,2,2,1,1
15109,2,2,0,0,0,0,0,0,2,2,1,1
15110,2,2,0,0,0,0,0,0,2,2,1,1
15111,2,2,0,0,0,0,0,0,2,2,1,1
15112,2,2,0,0,0,0,0,0,2,2,1,1
15113,2,2,0,0,0,0,0,0,2,2,1,1
15114,2,2,0,0,0,0,0,0,2,2,1,1
15115,2,2,0,0,0,0,0,0,2,2,1,1
15116,2,2,0,0,0,0,0,0,2,2,1,1
15117,2,2,0,0,0,0,0,0,2,2,1,1
15118,2,2,0,0,0,0,0,0,2,2,1,1
15119,2,2,0,0,0,0,0,0,2,2,1,1
15120,2,2,0,0,0,0,0,0,2,2,1,1
15121,2,2,0,0,0,0,0,0,2,2,1,1
15122,2,2,0,0,0,0,0,0,2,2,1,1
15123,2,2,0,0,0,0,0,0,2,2,1,1
15124,2,2,0,0,0,0,0,0,2,2,1,1
15125,2,2,0,0,0,0,0,0,2,2,1,1
15126,2,2,0,0,0,0,0,0,2,2,1,1
15127,2,2,0,0,0,0,0,0,2,2,1,1
15128,2,2,0,0,0,0,0,0,2,2,1,1
15129,2,2,0,0,0,0,0,0,2,2,1,1
15130,2,2,0,0,0,0,0,0,2,2,1,1
15131,2,2,0,0,0,0,0,0,2,2,1,1
15132,2,2,0,0,0,0,0,0,2,2,1,1
15133,2,2,0,0,0,0,0,0,2,2,1,1
15134,2,2,0,0,0,0,0,0,2,2,1,1
15135,2,2,0,0,0,0,0,0,2,2,1,1
15136,2,2,0,0,0,0,0,0,2,2,1,1
15137,2,2,0,0,0,0,0,0,2,2,1,1
15138,2,2,0,0,0,0,0,0,2,2,1,1
15139,2,2,0,0,0,0,0,0,2,2,1,1
15140,2,2,0,0,0,0,0,0,2,2,1,1
15141,2,2,0,0,0,0,0,0,2,2,1,1
15142,2,2,0,0,0,0,0,0,2,2,1,1
15143,2,2,0,0,0,0,0,0,2,2,1,1
15144,2,2,0,0,0,0,0,0,2,2,1,1
15145,2,2,0,0,0,0,0,0,2,2,1,1
15146,2,2,0,0,0,0,0,0,2,2,1,1
15147,2,2,0,0,0,0,0,0,2,2,1,1
15148,2,2,0,0,0,0,0,0,2,2,1,1
15149,2,2,0,0,0,0,0,0,2,2,1,1
15150,2,2,0,0,0,0,0,0,2,2,1,1
15151,2,2,0,0,0,0,0,0,2,2,1,1
15152,2,2,0,0,0,0,0,0,2,2,1,1
15153,2,2,0,0,0,0,0,0,2,2,1,1
15154,2,2,0,0,0,0,0,0,2,2,1,1
15155,2,2,0,0,0,0,0,0,2,2,1,1
15156,2,2,0,0,0,0,0,0,2,2,1,1
15157,2,2,0,0,0,0,0,0,2,2,1,1
15158,2,2,0,0,0,0,0,0,2,2,1,1
15159,2,2,0,0,0,0,0,0,2,2,1,1
15160,2,2,0,0,0,0,0,0,2,2,1,1
15161,2,2,0,0,0,0,0,0,2,2,1,1
15162,2,2,0,0,0,0,0,0,2,2,1,1
15163,2,2,0,0,0,0,0,0,2,2,1,1
15164,2,2,0,0,0,0,0,0,2,2,1,1
15165,2,2,0,0,0,0,0,0,2,2,1,1
15166,2,2,0,0,0,0,0,0,2,2,1,1
15167,2,2,0,0,0,0,0,0,2,2,1,1
15168,2,2,0,0,0,0,0,0,2,2,1,1
15169,2,2,0,0,0,0,0,0,2,2,1,1
15170,2,2,0,0,0,0,0,0,2,2,1,1
15171,2,2,0,0,0,0,0,0,2,2,1,1
15172,2,2,0,0,0,0,0,0,2,2,1,1
15173,2,2,0,0,0,0,0,0,2,2,1,1
15174,2,2,0,0,0,0,0,0,2,2,1,1
15175,2,2,0,0,0,0,0,0,2,2,1,1
15176,2,2,0,0,0,0,0,0,2,2,1,1
15177,2,2,0,0,0,0,0,0,2,2,1,1
15178,2,2,0,0,0,0,0,0,2,2,1,1
15179,2,2,0,0,0,0,0,0,2,2,1,1
15180,2,2,0,0,0,0,0,0,2,2,1,1
15181,2,2,0,0,0,0,0,0,2,2,1,1
15182,2,2,0,0,0,0,0,0,2,2,1,1
15183,2,2,0,0,0,0,0,0,2,2,1,1
15184,2,2,0,0,0,0,0,0,2,2,1,1
15185,2,2,0,0,0,0,0,0,2,2,1,1
15186,2,2,0,0,0,0,0,0,2,2,1,1
15187,2,2,0,0,0,0,0,0,2,2,1,1
15188,2,2,0,0,0,0,0,0,2,2,1,1
15189,2,2,0,0,0,0,0,0,2,2,1,1
15190,2,2,0,0,0,0,0,0,2,2,1,1
15191,2,2,0,0,0,0,0,0,2,2,1,1
15192,2,2,0,0,0,0,0,0,2,2,1,1
15193,2,2,0,0,0,0,0,0,2,2,1,1
15194,2,2,0,0,0,0,0,0,2,2,1,1
15195,2,2,0,0,0,0,0,0,2,2,1,1
15196,2,2,0,0,0,0,0,0,2,2,1,1
15197,2,2,0,0,0,0,0,0,2,2,1,1
15198,2,2,0,0,0,0,0,0,2,2,1,1
15199,2,2,0,0,0,0,0,0,2,2,1,1
15200,2,2,0,0,0,0,0,0,2,2,1,1
15201,2,2,0,0,0,0,0,0,2,2,1,1
15202,2,2,0,0,0,0,0,0,2,2,1,1
15203,2,2,0,0,0,0,0,0,2,2,1,1
15204,2,2,0,0,0,0,0,0,2,2,1,1
15205,2,2,0,0,0,0,0,0,2,2,1,1
15206,2,2,0,0,0,0,0,0,2,2,1,1
15207,2,2,0,0,0,0,0,0,2,2,1,1
15208,2,2,0,0,0,0,0,0,2,2,1,1
15209,2,2,0,0,0,0,0,0,2,2,1,1
15210,2,2,0,0,0,0,0,0,2,2,1,1
15211,2,2,0,0,0,0,0,0,2,2,1,1
15212,2,2,0,0,0,0,0,0,2,2,1,1
15213,2,2,0,0,0,0,0,0,2,2,1,1
15214,2,2,0,0,0,0,0,0,2,2,1,1
15215,2,2,0,0,0,0,0,0,2,2,1,1
15216,2,2,0,0,0,0,0,0,2,2,1,1
15217,2,2,0,0,0,0,0,0,2,2,1,1
15218,2,2,0,0,0,0,0,0,2,2,1,1
15219,2,2,0,0,0,0,0,0,2,2,1,1
15220,2,2,0,0,0,0,0,0,2,2,1,1
15221,2,2,0,0,0,0,0,0,2,2,1,1
15222,2,2,0,0,0,0,0,0,2,2,1,1
15223,2,2,0,0,0,0,0,0,2,2,1,1
15224,2,2,0,0,0,0,0,0,2,2,1,1
15225,2,2,0,0,0,0,0,0,2,2,1,1
15226,2,2,0,0,0,0,0,0,2,2,1,1
15227,2,2,0,0,0,0,0,0,2,2,1,1
15228,2,2,0,0,0,0,0,0,2,2,1,1
15229,2,2,0,0,0,0,0,0,2,2,1,1
15230,2,2,0,0,0,0,0,0,2,2,1,1
15231,2,2,0,0,0,0,0,0,2,2,1,1
15232,2,2,0,0,0,0,0,0,2,2,1,1
15233,2,2,0,0,0,0,0,0,2,2,1,1
15234,2,2,0,0,0,0,0,0,2,2,1,1
15235,2,2,0,0,0,0,0,0,2,2,1,1
15236,2,2,0,0,0,0,0,0,2,2,1,1
15237,2,2,0,0,0,0,0,0,2,2,1,1
15238,2,2,0,0,0,0,0,0,2,2,1,1
15239,2,2,0,0,0,0,0,0,2,2,1,1
15240,2,2,0,0,0,0,0,0,2,2,1,1
15241,2,2,0,0,0,0,0,0,2,2,1,1
15242,2,2,0,0,0,0,0,0,2,2,1,1
15243,2,2,0,0,0,0,0,0,2,2,1,1
15244,2,2,0,0,0,0,0,0,2,2,1,1
15245,2,2,0,0,0,0,0,0,2,2,1,1
15246,2,2,0,0,0,0,0,0,2,2,1,1
15247,2,2,0,0,0,0,0,0,2,2,1,1
15248,2,2,0,0,0,0,0,0,2,2,1,1
15249,2,2,0,0,0,0,0,0,2,2,1,1
15250,2,2,0,0,0,0,0,0,2,2,1,1
15251,2,2,0,0,0,0,0,0,2,2,1,1
15252,2,2,0,0,0,0,0,0,2,2,1,1
15253,2,2,0,0,0,0,0,0,2,2,1,1
15254,2,2,0,0,0,0,0,0,2,2,1,1
15255,2,2,0,0,0,0,0,0,2,2,1,1
15256,2,2,0,0,0,0,0,0,2,2,1,1
15257,2,2,0,0,0,0,0,0,2,2,1,1
15258,2,2,0,0,0,0,0,0,2,2,1,1
15259,2,2,0,0,0,0,0,0,2,2,1,1
15260,2,2,0,0,0,0,0,0,2,2,1,1
15261,2,2,0,0,0,0,0,0,2,2,1,1
15262,2,2,0,0,0,0,0,0,2,2,1,1
15263,2,2,0,0,0,0,0,0,2,2,1,1
15264,2,2,0,0,0,0,0,0,2,2,1,1
15265,2,2,0,0,0,0,0,0,2,2,1,1
15266,2,2,0,0,0,0,0,0,2,2,1,1
15267,2,2,0,0,0,0,0,0,2,2,1,1
15268,2,2,0,0,0,0,0,0,2,2,1,1
15269,2,2,0,0,0,0,0,0,2,2,1,1
15270,2,2,0,0,0,0,0,0,2,2,1,1
15271,2,2,0,0,0,0,0,0,2,2,1,1
15272,2,2,0,0,0,0,0,0,2,2,1,1
15273,2,2,0,0,0,0,0,0,2,2,1,1
15274,2,2,0,0,0,0,0,0,2,2,1,1
15275,2,2,0,0,0,0,0,0,2,2,1,1
15276,2,2,0,0,0,0,0,0,2,2,1,1
15277,2,2,0,0,0,0,0,0,2,2,1,1
15278,2,2,0,0,0,0,0,0,2,2,1,1
15279,2,2,0,0,0,0,0,0,2,2,1,1
15280,2,2,0,0,0,0,0,0,2,2,1,1
15281,2,2,0,0,0,0,0,0,2,2,1,1
15282,2,2,0,0,0,0,0,0,2,2,1,1
15283,2,2,0,0,0,0,0,0,2,2,1,1
15284,2,2,0,0,0,0,0,0,2,2,1,1
15285,2,2,0,0,0,0,0,0,2,2,1,1
15286,2,2,0,0,0,0,0,0,2,2,1,1
15287,2,2,0,0,0,0,0,0,2,2,1,1
15288,2,2,0,0,0,0,0,0,2,2,1,1
15289,2,2,0,0,0,0,0,0,2,2,1,1
15290,2,2,0,0,0,0,0,0,2,2,1,1
15291,2,2,0,0,0,0,0,0,2,2,1,1
15292,2,2,0,0,0,0,0,0,2,2,1,1
15293,2,2,0,0,0,0,0,0,2,2,1,1
15294,2,2,0,0,0,0,0,0,2,2,1,1
15295,2,2,0,0,0,0,0,0,2,2,1,1
15296,2,2,0,0,0,0,0,0,2,2,1,1
15297,2,2,0,0,0,0,0,0,2,2,1,1
15298,2,2,0,0,0,0,0,0,2,2,1,1
15299,2,2,0,0,0,0,0,0,2,2,1,1
15300,2,2,0,0,0,0,0,0,2,2,1,1
15301,2,2,0,0,0,0,0,0,2,2,1,1
15302,2,2,0,0,0,0,0,0,2,2,1,1
15303,2,2,0,0,0,0,0,0,2,2,1,1
15304,2,2,0,0,0,0,0,0,2,2,1,1
15305,2,2,0,0,0,0,0,0,2,2,1,1
15306,2,2,0,0,0,0,0,0,2,2,1,1
15307,2,2,0,0,0,0,0,0,2,2,1,1
15308,2,2,0,0,0,0,0,0,2,2,1,1
15309,2,2,0,0,0,0,0,0,2,2,1,1
15310,2,2,0,0,0,0,0,0,2,2,1,1
15311,2,2,0,0,0,0,0,0,2,2,1,1
15312,2,2,0,0,0,0,0,0,2,2,1,1
15313,2,2,0,0,0,0,0,0,2,2,1,1
15314,2,2,0,0,0,0,0,0,2,2,1,1
15315,2,2,0,0,0,0,0,0,2,2,1,1
15316,2,2,0,0,0,0,0,0,2,2,1,1
15317,2,2,0,0,0,0,0,0,2,2,1,1
15318,2,2,0,0,0,0,0,0,2,2,1,1
15319,2,2,0,0,0,0,0,0,2,2,1,1
15320,2,2,0,0,0,0,0,0,2,2,1,1
15321,2,2,0,0,0,0,0,0,2,2,1,1
15322,2,2,0,0,0,0,0,0,2,2,1,1
15323,2,2,0,0,0,0,0,0,2,2,1,1
15324,2,2,0,0,0,0,0,0,2,2,1,1
15325,2,2,0,0,0,0,0,0,2,2,1,1
15326,2,2,0,0,0,0,0,0,2,2,1,1
15327,2,2,0,0,0,0,0,0,2,2,1,1
15328,2,2,0,0,0,0,0,0,2,2,1,1
15329,2,2,0,0,0,0,0,0,2,2,1,1
15330,2,2,0,0,0,0,0,0,2,2,1,1
15331,2,2,0,0,0,0,0,0,2,2,1,1
15332,2,2,0,0,0,0,0,0,2,2,1,1
15333,2,2,0,0,0,0,0,0,2,2,1,1
15334,2,2,0,0,0,0,0,0,2,2,1,1
15335,2,2,0,0,0,0,0,0,2,2,1,1
15336,2,2,0,0,0,0,0,0,2,2,1,1
15337,2,2,0,0,0,0,0,0,2,2,1,1
15338,2,2,0,0,0,0,0,0,2,2,1,1
15339,2,2,0,0,0,0,0,0,2,2,1,1
15340,2,2,0,0,0,0,0,0,2,2,1,1
15341,2,2,0,0,0,0,0,0,2,2,1,1
15342,2,2,0,0,0,0,0,0,2,2,1,1
15343,2,2,0,0,0,0,0,0,2,2,1,1
15344,2,2,0,0,0,0,0,0,2,2,1,1
15345,2,2,0,0,0,0,0,0,2,2,1,1
15346,2,2,0,0,0,0,0,0,2,2,1,1
15347,2,2,0,0,0,0,0,0,2,2,1,1
15348,2,2,0,0,0,0,0,0,2,2,1,1
15349,2,2,0,0,0,0,0,0,2,2,1,1
15350,2,2,0,0,0,0,0,0,2,2,1,1
15351,2,2,0,0,0,0,0,0,2,2,1,1
15352,2,2,0,0,0,0,0,0,2,2,1,1
15353,2,2,0,0,0,0,0,0,2,2,1,1
15354,2,2,0,0,0,0,0,0,2,2,1,1
15355,2,2,0,0,0,0,0,0,2,2,1,1
15356,2,2,0,0,0,0,0,0,2,2,1,1
15357,2,2,0,0,0,0,0,0,2,2,1,1
15358,2,2,0,0,0,0,0,0,2,2,1,1
15359,2,2,0,0,0,0,0,0,2,2,1,1
15360,2,2,0,0,0,0,0,0,2,2,1,1
15361,2,2,0,0,0,0,0,0,2,2,1,1
15362,2,2,0,0,0,0,0,0,2,2,1,1
15363,2,2,0,0,0,0,0,0,2,2,1,1
15364,2,2,0,0,0,0,0,0,2,2,1,1
15365,2,2,0,0,0,0,0,0,2,2,1,1
15366,2,2,0,0,0,0,0,0,2,2,1,1
15367,2,2,0,0,0,0,0,0,2,2,1,1
15368,2,2,0,0,0,0,0,0,2,2,1,1
15369,2,2,0,0,0,0,0,0,2,2,1,1
15370,2,2,0,0,0,0,0,0,2,2,1,1
15371,2,2,0,0,0,0,0,0,2,2,1,1
15372,2,2,0,0,0,0,0,0,2,2,1,1
15373,2,2,0,0,0,0,0,0,2,2,1,1
15374,2,2,0,0,0,0,0,0,2,2,1,1
15375,2,2,0,0,0,0,0,0,2,2,1,1
15376,2,2,0,0,0,0,0,0,2,2,1,1
15377,2,2,0,0,0,0,0,0,2,2,1,1
15378,2,2,0,0,0,0,0,0,2,2,1,1
15379,2,2,0,0,0,0,0,0,2,2,1,1
15380,2,2,0,0,0,0,0,0,2,2,1,1
15381,2,2,0,0,0,0,0,0,2,2,1,1
15382,2,2,0,0,0,0,0,0,2,2,1,1
15383,2,2,0,0,0,0,0,0,2,2,1,1
15384,2,2,0,0,0,0,0,0,2,2,1,1
15385,2,2,0,0,0,0,0,0,2,2,1,1
15386,2,2,0,0,0,0,0,0,2,2,1,1
15387,2,2,0,0,0,0,0,0,2,2,1,1
15388,2,2,0,0,0,0,0,0,2,2,1,1
15389,2,2,0,0,0,0,0,0,2,2,1,1
15390,2,2,0,0,0,0,0,0,2,2,1,1
15391,2,2,0,0,0,0,0,0,2,2,1,1
15392,2,2,0,0,0,0,0,0,2,2,1,1
15393,2,2,0,0,0,0,0,0,2,2,1,1
15394,2,2,0,0,0,0,0,0,2,2,1,1
15395,2,2,0,0,0,0,0,0,2,2,1,1
15396,2,2,0,0,0,0,0,0,2,2,1,1
15397,2,2,0,0,0,0,0,0,2,2,1,1
15398,2,2,0,0,0,0,0,0,2,2,1,1
15399,2,2,0,0,0,0,0,0,2,2,1,1
15400,2,2,0,0,0,0,0,0,2,2,1,1
15401,2,2,0,0,0,0,0,0,2,2,1,1
15402,2,2,0,0,0,0,0,0,2,2,1,1
15403,2,2,0,0,0,0,0,0,2,2,1,1
15404,2,2,0,0,0,0,0,0,2,2,1,1
15405,2,2,0,0,0,0,0,0,2,2,1,1
15406,2,2,0,0,0,0,0,0,2,2,1,1
15407,2,2,0,0,0,0,0,0,2,2,1,1
15408,2,2,0,0,0,0,0,0,2,2,1,1
15409,2,2,0,0,0,0,0,0,2,2,1,1
15410,2,2,0,0,0,0,0,0,2,2,1,1
15411,2,2,0,0,0,0,0,0,2,2,1,1
15412,2,2,0,0,0,0,0,0,2,2,1,1
15413,2,2,0,0,0,0,0,0,2,2,1,1
15414,2,2,0,0,0,0,0,0,2,2,1,1
15415,2,2,0,0,0,0,0,0,2,2,1,1
15416,2,2,0,0,0,0,0,0,2,2,1,1
15417,2,2,0,0,0,0,0,0,2,2,1,1
15418,2,2,0,0,0,0,0,0,2,2,1,1
15419,2,2,0,0,0,0,0,0,2,2,1,1
15420,2,2,0,0,0,0,0,0,2,2,1,1
15421,2,2,0,0,0,0,0,0,2,2,1,1
15422,2,2,0,0,0,0,0,0,2,2,1,1
15423,2,2,0,0,0,0,0,0,2,2,1,1
15424,2,2,0,0,0,0,0,0,2,2,1,1
15425,2,2,0,0,0,0,0,0,2,2,1,1
15426,2,2,0,0,0,0,0,0,2,2,1,1
15427,2,2,0,0,0,0,0,0,2,2,1,1
15428,2,2,0,0,0,0,0,0,2,2,1,1
15429,2,2,0,0,0,0,0,0,2,2,1,1
15430,2,2,0,0,0,0,0,0,2,2,1,1
15431,2,2,0,0,0,0,0,0,2,2,1,1
15432,2,2,0,0,0,0,0,0,2,2,1,1
15433,2,2,0,0,0,0,0,0,2,2,1,1
15434,2,2,0,0,0,0,0,0,2,2,1,1
15435,2,2,0,0,0,0,0,0,2,2,1,1
15436,2,2,0,0,0,0,0,0,2,2,1,1
15437,2,2,0,0,0,0,0,0,2,2,1,1
15438,2,2,0,0,0,0,0,0,2,2,1,1
15439,2,2,0,0,0,0,0,0,2,2,1,1
15440,2,2,0,0,0,0,0,0,2,2,1,1
15441,2,2,0,0,0,0,0,0,2,2,1,1
15442,2,2,0,0,0,0,0,0,2,2,1,1
15443,2,2,0,0,0,0,0,0,2,2,1,1
15444,2,2,0,0,0,0,0,0,2,2,1,1
15445,2,2,0,0,0,0,0,0,2,2,1,1
15446,2,2,0,0,0,0,0,0,2,2,1,1
15447,2,2,0,0,0,0,0,0,2,2,1,1
15448,2,2,0,0,0,0,0,0,2,2,1,1
15449,2,2,0,0,0,0,0,0,2,2,1,1
15450,2,2,0,0,0,0,0,0,2,2,1,1
15451,2,2,0,0,0,0,0,0,2,2,1,1
15452,2,2,0,0,0,0,0,0,2,2,1,1
15453,2,2,0,0,0,0,0,0,2,2,1,1
15454,2,2,0,0,0,0,0,0,2,2,1,1
15455,2,2,0,0,0,0,0,0,2,2,1,1
15456,2,2,0,0,0,0,0,0,2,2,1,1
15457,2,2,0,0,0,0,0,0,2,2,1,1
15458,2,2,0,0,0,0,0,0,2,2,1,1
15459,2,2,0,0,0,0,0,0,2,2,1,1
15460,2,2,0,0,0,0,0,0,2,2,1,1
15461,2,2,0,0,0,0,0,0,2,2,1,1
15462,2,2,0,0,0,0,0,0,2,2,1,1
15463,2,2,0,0,0,0,0,0,2,2,1,1
15464,2,2,0,0,0,0,0,0,2,2,1,1
15465,2,2,0,0,0,0,0,0,2,2,1,1
15466,2,2,0,0,0,0,0,0,2,2,1,1
15467,2,2,0,0,0,0,0,0,2,2,1,1
15468,2,2,0,0,0,0,0,0,2,2,1,1
15469,2,2,0,0,0,0,0,0,2,2,1,1
15470,2,2,0,0,0,0,0,0,2,2,1,1
15471,2,2,0,0,0,0,0,0,2,2,1,1
15472,2,2,0,0,0,0,0,0,2,2,1,1
15473,2,2,0,0,0,0,0,0,2,2,1,1
15474,2,2,0,0,0,0,0,0,2,2,1,1
15475,2,2,0,0,0,0,0,0,2,2,1,1
15476,2,2,0,0,0,0,0,0,2,2,1,1
15477,2,2,0,0,0,0,0,0,2,2,1,1
15478,2,2,0,0,0,0,0,0,2,2,1,1
15479,2,2,0,0,0,0,0,0,2,2,1,1
15480,2,2,0,0,0,0,0,0,2,2,1,1
15481,2,2,0,0,0,0,0,0,2,2,1,1
15482,2,2,0,0,0,0,0,0,2,2,1,1
15483,2,2,0,0,0,0,0,0,2,2,1,1
15484,2,2,0,0,0,0,0,0,2,2,1,1
15485,2,2,0,0,0,0,0,0,2,2,1,1
15486,2,2,0,0,0,0,0,0,2,2,1,1
15487,2,2,0,0,0,0,0,0,2,2,1,1
15488,2,2,0,0,0,0,0,0,2,2,1,1
15489,2,2,0,0,0,0,0,0,2,2,1,1
15490,2,2,0,0,0,0,0,0,2,2,1,1
15491,2,2,0,0,0,0,0,0,2,2,1,1
15492,2,2,0,0,0,0,0,0,2,2,1,1
15493,2,2,0,0,0,0,0,0,2,2,1,1
15494,2,2,0,0,0,0,0,0,2,2,1,1
15495,2,2,0,0,0,0,0,0,2,2,1,1
15496,2,2,0,0,0,0,0,0,2,2,1,1
15497,2,2,0,0,0,0,0,0,2,2,1,1
15498,2,2,0,0,0,0,0,0,2,2,1,1
15499,2,2,0,0,0,0,0,0,2,2,1,1
15500,2,2,0,0,0,0,0,0,2,2,1,1
15501,2,2,0,0,0,0,0,0,2,2,1,1
15502,2,2,0,0,0,0,0,0,2,2,1,1
15503,2,2,0,0,0,0,0,0,2,2,1,1
15504,2,2,0,0,0,0,0,0,2,2,1,1
15505,2,2,0,0,0,0,0,0,2,2,1,1
15506,2,2,0,0,0,0,0,0,2,2,1,1
15507,2,2,0,0,0,0,0,0,2,2,1,1
15508,2,2,0,0,0,0,0,0,2,2,1,1
15509,2,2,0,0,0,0,0,0,2,2,1,1
15510,2,2,0,0,0,0,0,0,2,2,1,1
15511,2,2,0,0,0,0,0,0,2,2,1,1
15512,2,2,0,0,0,0,0,0,2,2,1,1
15513,2,2,0,0,0,0,0,0,2,2,1,1
15514,2,2,0,0,0,0,0,0,2,2,1,1
15515,2,2,0,0,0,0,0,0,2,2,1,1
15516,2,2,0,0,0,0,0,0,2,2,1,1
15517,2,2,0,0,0,0,0,0,2,2,1,1
15518,2,2,0,0,0,0,0,0,2,2,1,1
15519,2,2,0,0,0,0,0,0,2,2,1,1
15520,2,2,0,0,0,0,0,0,2,2,1,1
15521,2,2,0,0,0,0,0,0,2,2,1,1
15522,2,2,0,0,0,0,0,0,2,2,1,1
15523,2,2,0,0,0,0,0,0,2,2,1,1
15524,2,2,0,0,0,0,0,0,2,2,1,1
15525,2,2,0,0,0,0,0,0,2,2,1,1
15526,2,2,0,0,0,0,0,0,2,2,1,1
15527,2,2,0,0,0,0,0,0,2,2,1,1
15528,2,2,0,0,0,0,0,0,2,2,1,1
15529,2,2,0,0,0,0,0,0,2,2,1,1
15530,2,2,0,0,0,0,0,0,2,2,1,1
15531,2,2,0,0,0,0,0,0,2,2,1,1
15532,2,2,0,0,0,0,0,0,2,2,1,1
15533,2,2,0,0,0,0,0,0,2,2,1,1
15534,2,2,0,0,0,0,0,0,2,2,1,1
15535,2,2,0,0,0,0,0,0,2,2,1,1
15536,2,2,0,0,0,0,0,0,2,2,1,1
15537,2,2,0,0,0,0,0,0,2,2,1,1
15538,2,2,0,0,0,0,0,0,2,2,1,1
15539,2,2,0,0,0,0,0,0,2,2,1,1
15540,2,2,0,0,0,0,0,0,2,2,1,1
15541,2,2,0,0,0,0,0,0,2,2,1,1
15542,2,2,0,0,0,0,0,0,2,2,1,1
15543,2,2,0,0,0,0,0,0,2,2,1,1
15544,2,2,0,0,0,0,0,0,2,2,1,1
15545,2,2,0,0,0,0,0,0,2,2,1,1
15546,2,2,0,0,0,0,0,0,2,2,1,1
15547,2,2,0,0,0,0,0,0,2,2,1,1
15548,2,2,0,0,0,0,0,0,2,2,1,1
15549,2,2,0,0,0,0,0,0,2,2,1,1
15550,2,2,0,0,0,0,0,0,2,2,1,1
15551,2,2,0,0,0,0,0,0,2,2,1,1
15552,2,2,0,0,0,0,0,0,2,2,1,1
15553,2,2,0,0,0,0,0,0,2,2,1,1
15554,2,2,0,0,0,0,0,0,2,2,1,1
15555,2,2,0,0,0,0,0,0,2,2,1,1
15556,2,2,0,0,0,0,0,0,2,2,1,1
15557,2,2,0,0,0,0,0,0,2,2,1,1
15558,2,2,0,0,0,0,0,0,2,2,1,1
15559,2,2,0,0,0,0,0,0,2,2,1,1
15560,2,2,0,0,0,0,0,0,2,2,1,1
15561,2,2,0,0,0,0,0,0,2,2,1,1
15562,2,2,0,0,0,0,0,0,2,2,1,1
15563,2,2,0,0,0,0,0,0,2,2,1,1
15564,2,2,0,0,0,0,0,0,2,2,1,1
15565,2,2,0,0,0,0,0,0,2,2,1,1
15566,2,2,0,0,0,0,0,0,2,2,1,1
15567,2,2,0,0,0,0,0,0,2,2,1,1
15568,2,2,0,0,0,0,0,0,2,2,1,1
15569,2,2,0,0,0,0,0,0,2,2,1,1
15570,2,2,0,0,0,0,0,0,2,2,1,1
15571,2,2,0,0,0,0,0,0,2,2,1,1
15572,2,2,0,0,0,0,0,0,2,2,1,1
15573,2,2,0,0,0,0,0,0,2,2,1,1
15574,2,2,0,0,0,0,0,0,2,2,1,1
15575,2,2,0,0,0,0,0,0,2,2,1,1
15576,2,2,0,0,0,0,0,0,2,2,1,1
15577,2,2,0,0,0,0,0,0,2,2,1,1
15578,2,2,0,0,0,0,0,0,2,2,1,1
15579,2,2,0,0,0,0,0,0,2,2,1,1
15580,2,2,0,0,0,0,0,0,2,2,1,1
15581,2,2,0,0,0,0,0,0,2,2,1,1
15582,2,2,0,0,0,0,0,0,2,2,1,1
15583,2,2,0,0,0,0,0,0,2,2,1,1
15584,2,2,0,0,0,0,0,0,2,2,1,1
15585,2,2,0,0,0,0,0,0,2,2,1,1
15586,2,2,0,0,0,0,0,0,2,2,1,1
15587,2,2,0,0,0,0,0,0,2,2,1,1
15588,2,2,0,0,0,0,0,0,2,2,1,1
15589,2,2,0,0,0,0,0,0,2,2,1,1
15590,2,2,0,0,0,0,0,0,2,2,1,1
15591,2,2,0,0,0,0,0,0,2,2,1,1
15592,2,2,0,0,0,0,0,0,2,2,1,1
15593,2,2,0,0,0,0,0,0,2,2,1,1
15594,2,2,0,0,0,0,0,0,2,2,1,1
15595,2,2,0,0,0,0,0,0,2,2,1,1
15596,2,2,0,0,0,0,0,0,2,2,1,1
15597,2,2,0,0,0,0,0,0,2,2,1,1
15598,2,2,0,0,0,0,0,0,2,2,1,1
15599,2,2,0,0,0,0,0,0,2,2,1,1
15600,2,2,0,0,0,0,0,0,2,2,1,1
15601,2,2,0,0,0,0,0,0,2,2,1,1
15602,2,2,0,0,0,0,0,0,2,2,1,1
15603,2,2,0,0,0,0,0,0,2,2,1,1
15604,2,2,0,0,0,0,0,0,2,2,1,1
15605,2,2,0,0,0,0,0,0,2,2,1,1
15606,2,2,0,0,0,0,0,0,2,2,1,1
15607,2,2,0,0,0,0,0,0,2,2,1,1
15608,2,2,0,0,0,0,0,0,2,2,1,1
15609,2,2,0,0,0,0,0,0,2,2,1,1
15610,2,2,0,0,0,0,0,0,2,2,1,1
15611,2,2,0,0,0,0,0,0,2,2,1,1
15612,2,2,0,0,0,0,0,0,2,2,1,1
15613,2,2,0,0,0,0,0,0,2,2,1,1
15614,2,2,0,0,0,0,0,0,2,2,1,1
15615,2,2,0,0,0,0,0,0,2,2,1,1
15616,2,2,0,0,0,0,0,0,2,2,1,1
15617,2,2,0,0,0,0,0,0,2,2,1,1
15618,2,2,0,0,0,0,0,0,2,2,1,1
15619,2,2,0,0,0,0,0,0,2,2,1,1
15620,2,2,0,0,0,0,0,0,2,2,1,1
15621,2,2,0,0,0,0,0,0,2,2,1,1
15622,2,2,0,0,0,0,0,0,2,2,1,1
15623,2,2,0,0,0,0,0,0,2,2,1,1
15624,2,2,0,0,0,0,0,0,2,2,1,1
15625,2,2,0,0,0,0,0,0,2,2,1,1
15626,2,2,0,0,0,0,0,0,2,2,1,1
15627,2,2,0,0,0,0,0,0,2,2,1,1
15628,2,2,0,0,0,0,0,0,2,2,1,1
15629,2,2,0,0,0,0,0,0,2,2,1,1
15630,2,2,0,0,0,0,0,0,2,2,1,1
15631,2,2,0,0,0,0,0,0,2,2,1,1
15632,2,2,0,0,0,0,0,0,2,2,1,1
15633,2,2,0,0,0,0,0,0,2,2,1,1
15634,2,2,0,0,0,0,0,0,2,2,1,1
15635,2,2,0,0,0,0,0,0,2,2,1,1
15636,2,2,0,0,0,0,0,0,2,2,1,1
15637,2,2,0,0,0,0,0,0,2,2,1,1
15638,2,2,0,0,0,0,0,0,2,2,1,1
15639,2,2,0,0,0,0,0,0,2,2,1,1
15640,2,2,0,0,0,0,0,0,2,2,1,1
15641,2,2,0,0,0,0,0,0,2,2,1,1
15642,2,2,0,0,0,0,0,0,2,2,1,1
15643,2,2,0,0,0,0,0,0,2,2,1,1
15644,2,2,0,0,0,0,0,0,2,2,1,1
15645,2,2,0,0,0,0,0,0,2,2,1,1
15646,2,2,0,0,0,0,0,0,2,2,1,1
15647,2,2,0,0,0,0,0,0,2,2,1,1
15648,2,2,0,0,0,0,0,0,2,2,1,1
15649,2,2,0,0,0,0,0,0,2,2,1,1
15650,2,2,0,0,0,0,0,0,2,2,1,1
15651,2,2,0,0,0,0,0,0,2,2,1,1
15652,2,2,0,0,0,0,0,0,2,2,1,1
15653,2,2,0,0,0,0,0,0,2,2,1,1
15654,2,2,0,0,0,0,0,0,2,2,1,1
15655,2,2,0,0,0,0,0,0,2,2,1,1
15656,2,2,0,0,0,0,0,0,2,2,1,1
15657,2,2,0,0,0,0,0,0,2,2,1,1
15658,2,2,0,0,0,0,0,0,2,2,1,1
15659,2,2,0,0,0,0,0,0,2,2,1,1
15660,2,2,0,0,0,0,0,0,2,2,1,1
15661,2,2,0,0,0,0,0,0,2,2,1,1
15662,2,2,0,0,0,0,0,0,2,2,1,1
15663,2,2,0,0,0,0,0,0,2,2,1,1
15664,2,2,0,0,0,0,0,0,2,2,1,1
15665,2,2,0,0,0,0,0,0,2,2,1,1
15666,2,2,0,0,0,0,0,0,2,2,1,1
15667,2,2,0,0,0,0,0,0,2,2,1,1
15668,2,2,0,0,0,0,0,0,2,2,1,1
15669,2,2,0,0,0,0,0,0,2,2,1,1
15670,2,2,0,0,0,0,0,0,2,2,1,1
15671,2,2,0,0,0,0,0,0,2,2,1,1
15672,2,2,0,0,0,0,0,0,2,2,1,1
15673,2,2,0,0,0,0,0,0,2,2,1,1
15674,2,2,0,0,0,0,0,0,2,2,1,1
15675,2,2,0,0,0,0,0,0,2,2,1,1
15676,2,2,0,0,0,0,0,0,2,2,1,1
15677,2,2,0,0,0,0,0,0,2,2,1,1
15678,2,2,0,0,0,0,0,0,2,2,1,1
15679,2,2,0,0,0,0,0,0,2,2,1,1
15680,2,2,0,0,0,0,0,0,2,2,1,1
15681,2,2,0,0,0,0,0,0,2,2,1,1
15682,2,2,0,0,0,0,0,0,2,2,1,1
15683,2,2,0,0,0,0,0,0,2,2,1,1
15684,2,2,0,0,0,0,0,0,2,2,1,1
15685,2,2,0,0,0,0,0,0,2,2,1,1
15686,2,2,0,0,0,0,0,0,2,2,1,1
15687,2,2,0,0,0,0,0,0,2,2,1,1
15688,2,2,0,0,0,0,0,0,2,2,1,1
15689,2,2,0,0,0,0,0,0,2,2,1,1
15690,2,2,0,0,0,0,0,0,2,2,1,1
15691,2,2,0,0,0,0,0,0,2,2,1,1
15692,2,2,0,0,0,0,0,0,2,2,1,1
15693,2,2,0,0,0,0,0,0,2,2,1,1
15694,2,2,0,0,0,0,0,0,2,2,1,1
15695,2,2,0,0,0,0,0,0,2,2,1,1
15696,2,2,0,0,0,0,0,0,2,2,1,1
15697,2,2,0,0,0,0,0,0,2,2,1,1
15698,2,2,0,0,0,0,0,0,2,2,1,1
15699,2,2,0,0,0,0,0,0,2,2,1,1
15700,2,2,0,0,0,0,0,0,2,2,1,1
15701,2,2,0,0,0,0,0,0,2,2,1,1
15702,2,2,0,0,0,0,0,0,2,2,1,1
15703,2,2,0,0,0,0,0,0,2,2,1,1
15704,2,2,0,0,0,0,0,0,2,2,1,1
15705,2,2,0,0,0,0,0,0,2,2,1,1
15706,2,2,0,0,0,0,0,0,2,2,1,1
15707,2,2,0,0,0,0,0,0,2,2,1,1
15708,2,2,0,0,0,0,0,0,2,2,1,1
15709,2,2,0,0,0,0,0,0,2,2,1,1
15710,2,2,0,0,0,0,0,0,2,2,1,1
15711,2,2,0,0,0,0,0,0,2,2,1,1
15712,2,2,0,0,0,0,0,0,2,2,1,1
15713,2,2,0,0,0,0,0,0,2,2,1,1
15714,2,2,0,0,0,0,0,0,2,2,1,1
15715,2,2,0,0,0,0,0,0,2,2,1,1
15716,2,2,0,0,0,0,0,0,2,2,1,1
15717,2,2,0,0,0,0,0,0,2,2,1,1
15718,2,2,0,0,0,0,0,0,2,2,1,1
15719,2,2,0,0,0,0,0,0,2,2,1,1
15720,2,2,0,0,0,0,0,0,2,2,1,1
15721,2,2,0,0,0,0,0,0,2,2,1,1
15722,2,2,0,0,0,0,0,0,2,2,1,1
15723,2,2,0,0,0,0,0,0,2,2,1,1
15724,2,2,0,0,0,0,0,0,2,2,1,1
15725,2,2,0,0,0,0,0,0,2,2,1,1
15726,2,2,0,0,0,0,0,0,2,2,1,1
15727,2,2,0,0,0,0,0,0,2,2,1,1
15728,2,2,0,0,0,0,0,0,2,2,1,1
15729,2,2,0,0,0,0,0,0,2,2,1,1
15730,2,2,0,0,0,0,0,0,2,2,1,1
15731,2,2,0,0,0,0,0,0,2,2,1,1
15732,2,2,0,0,0,0,0,0,2,2,1,1
15733,2,2,0,0,0,0,0,0,2,2,1,1
15734,2,2,0,0,0,0,0,0,2,2,1,1
15735,2,2,0,0,0,0,0,0,2,2,1,1
15736,2,2,0,0,0,0,0,0,2,2,1,1
15737,2,2,0,0,0,0,0,0,2,2,1,1
15738,2,2,0,0,0,0,0,0,2,2,1,1
15739,2,2,0,0,0,0,0,0,2,2,1,1
15740,2,2,0,0,0,0,0,0,2,2,1,1
15741,2,2,0,0,0,0,0,0,2,2,1,1
15742,2,2,0,0,0,0,0,0,2,2,1,1
15743,2,2,0,0,0,0,0,0,2,2,1,1
15744,2,2,0,0,0,0,0,0,2,2,1,1
15745,2,2,0,0,0,0,0,0,2,2,1,1
15746,2,2,0,0,0,0,0,0,2,2,1,1
15747,2,2,0,0,0,0,0,0,2,2,1,1
15748,2,2,0,0,0,0,0,0,2,2,1,1
15749,2,2,0,0,0,0,0,0,2,2,1,1
15750,2,2,0,0,0,0,0,0,2,2,1,1
15751,2,2,0,0,0,0,0,0,2,2,1,1
15752,2,2,0,0,0,0,0,0,2,2,1,1
15753,2,2,0,0,0,0,0,0,2,2,1,1
15754,2,2,0,0,0,0,0,0,2,2,1,1
15755,2,2,0,0,0,0,0,0,2,2,1,1
15756,2,2,0,0,0,0,0,0,2,2,1,1
15757,2,2,0,0,0,0,0,0,2,2,1,1
15758,2,2,0,0,0,0,0,0,2,2,1,1
15759,2,2,0,0,0,0,0,0,2,2,1,1
15760,2,2,0,0,0,0,0,0,2,2,1,1
15761,2,2,0,0,0,0,0,0,2,2,1,1
15762,2,2,0,0,0,0,0,0,2,2,1,1
15763,2,2,0,0,0,0,0,0,2,2,1,1
15764,2,2,0,0,0,0,0,0,2,2,1,1
15765,2,2,0,0,0,0,0,0,2,2,1,1
15766,2,2,0,0,0,0,0,0,2,2,1,1
15767,2,2,0,0,0,0,0,0,2,2,1,1
15768,2,2,0,0,0,0,0,0,2,2,1,1
15769,2,2,0,0,0,0,0,0,2,2,1,1
15770,2,2,0,0,0,0,0,0,2,2,1,1
15771,2,2,0,0,0,0,0,0,2,2,1,1
15772,2,2,0,0,0,0,0,0,2,2,1,1
15773,2,2,0,0,0,0,0,0,2,2,1,1
15774,2,2,0,0,0,0,0,0,2,2,1,1
15775,2,2,0,0,0,0,0,0,2,2,1,1
15776,2,2,0,0,0,0,0,0,2,2,1,1
15777,2,2,0,0,0,0,0,0,2,2,1,1
15778,2,2,0,0,0,0,0,0,2,2,1,1
15779,2,2,0,0,0,0,0,0,2,2,1,1
15780,2,2,0,0,0,0,0,0,2,2,1,1
15781,2,2,0,0,0,0,0,0,2,2,1,1
15782,2,2,0,0,0,0,0,0,2,2,1,1
15783,2,2,0,0,0,0,0,0,2,2,1,1
15784,2,2,0,0,0,0,0,0,2,2,1,1
15785,2,2,0,0,0,0,0,0,2,2,1,1
15786,2,2,0,0,0,0,0,0,2,2,1,1
15787,2,2,0,0,0,0,0,0,2,2,1,1
15788,2,2,0,0,0,0,0,0,2,2,1,1
15789,2,2,0,0,0,0,0,0,2,2,1,1
15790,2,2,0,0,0,0,0,0,2,2,1,1
15791,2,2,0,0,0,0,0,0,2,2,1,1
15792,2,2,0,0,0,0,0,0,2,2,1,1
15793,2,2,0,0,0,0,0,0,2,2,1,1
15794,2,2,0,0,0,0,0,0,2,2,1,1
15795,2,2,0,0,0,0,0,0,2,2,1,1
15796,2,2,0,0,0,0,0,0,2,2,1,1
15797,2,2,0,0,0,0,0,0,2,2,1,1
15798,2,2,0,0,0,0,0,0,2,2,1,1
15799,2,2,0,0,0,0,0,0,2,2,1,1
15800,2,2,0,0,0,0,0,0,2,2,1,1
15801,2,2,0,0,0,0,0,0,2,2,1,1
15802,2,2,0,0,0,0,0,0,2,2,1,1
15803,2,2,0,0,0,0,0,0,2,2,1,1
15804,2,2,0,0,0,0,0,0,2,2,1,1
15805,2,2,0,0,0,0,0,0,2,2,1,1
15806,2,2,0,0,0,0,0,0,2,2,1,1
15807,2,2,0,0,0,0,0,0,2,2,1,1
15808,2,2,0,0,0,0,0,0,2,2,1,1
15809,2,2,0,0,0,0,0,0,2,2,1,1
15810,2,2,0,0,0,0,0,0,2,2,1,1
15811,2,2,0,0,0,0,0,0,2,2,1,1
15812,2,2,0,0,0,0,0,0,2,2,1,1
15813,2,2,0,0,0,0,0,0,2,2,1,1
15814,2,2,0,0,0,0,0,0,2,2,1,1
15815,2,2,0,0,0,0,0,0,2,2,1,1
15816,2,2,0,0,0,0,0,0,2,2,1,1
15817,2,2,0,0,0,0,0,0,2,2,1,1
15818,2,2,0,0,0,0,0,0,2,2,1,1
15819,2,2,0,0,0,0,0,0,2,2,1,1
15820,2,2,0,0,0,0,0,0,2,2,1,1
15821,2,2,0,0,0,0,0,0,2,2,1,1
15822,2,2,0,0,0,0,0,0,2,2,1,1
15823,2,2,0,0,0,0,0,0,2,2,1,1
15824,2,2,0,0,0,0,0,0,2,2,1,1
15825,2,2,0,0,0,0,0,0,2,2,1,1
15826,2,2,0,0,0,0,0,0,2,2,1,1
15827,2,2,0,0,0,0,0,0,2,2,1,1
15828,2,2,0,0,0,0,0,0,2,2,1,1
15829,2,2,0,0,0,0,0,0,2,2,1,1
15830,2,2,0,0,0,0,0,0,2,2,1,1
15831,2,2,0,0,0,0,0,0,2,2,1,1
15832,2,2,0,0,0,0,0,0,2,2,1,1
15833,2,2,0,0,0,0,0,0,2,2,1,1
15834,2,2,0,0,0,0,0,0,2,2,1,1
15835,2,2,0,0,0,0,0,0,2,2,1,1
15836,2,2,0,0,0,0,0,0,2,2,1,1
15837,2,2,0,0,0,0,0,0,2,2,1,1
15838,2,2,0,0,0,0,0,0,2,2,1,1
15839,2,2,0,0,0,0,0,0,2,2,1,1
15840,2,2,0,0,0,0,0,0,2,2,1,1
15841,2,2,0,0,0,0,0,0,2,2,1,1
15842,2,2,0,0,0,0,0,0,2,2,1,1
15843,2,2,0,0,0,0,0,0,2,2,1,1
15844,2,2,0,0,0,0,0,0,2,2,1,1
15845,2,2,0,0,0,0,0,0,2,2,1,1
15846,2,2,0,0,0,0,0,0,2,2,1,1
15847,2,2,0,0,0,0,0,0,2,2,1,1
15848,2,2,0,0,0,0,0,0,2,2,1,1
15849,2,2,0,0,0,0,0,0,2,2,1,1
15850,2,2,0,0,0,0,0,0,2,2,1,1
15851,2,2,0,0,0,0,0,0,2,2,1,1
15852,2,2,0,0,0,0,0,0,2,2,1,1
15853,2,2,0,0,0,0,0,0,2,2,1,1
15854,2,2,0,0,0,0,0,0,2,2,1,1
15855,2,2,0,0,0,0,0,0,2,2,1,1
15856,2,2,0,0,0,0,0,0,2,2,1,1
15857,2,2,0,0,0,0,0,0,2,2,1,1
15858,2,2,0,0,0,0,0,0,2,2,1,1
15859,2,2,0,0,0,0,0,0,2,2,1,1
15860,2,2,0,0,0,0,0,0,2,2,1,1
15861,2,2,0,0,0,0,0,0,2,2,1,1
15862,2,2,0,0,0,0,0,0,2,2,1,1
15863,2,2,0,0,0,0,0,0,2,2,1,1
15864,2,2,0,0,0,0,0,0,2,2,1,1
15865,2,2,0,0,0,0,0,0,2,2,1,1
15866,2,2,0,0,0,0,0,0,2,2,1,1
15867,2,2,0,0,0,0,0,0,2,2,1,1
15868,2,2,0,0,0,0,0,0,2,2,1,1
15869,2,2,0,0,0,0,0,0,2,2,1,1
15870,2,2,0,0,0,0,0,0,2,2,1,1
15871,2,2,0,0,0,0,0,0,2,2,1,1
15872,2,2,0,0,0,0,0,0,2,2,1,1
15873,2,2,0,0,0,0,0,0,2,2,1,1
15874,2,2,0,0,0,0,0,0,2,2,1,1
15875,2,2,0,0,0,0,0,0,2,2,1,1
15876,2,2,0,0,0,0,0,0,2,2,1,1
15877,2,2,0,0,0,0,0,0,2,2,1,1
15878,2,2,0,0,0,0,0,0,2,2,1,1
15879,2,2,0,0,0,0,0,0,2,2,1,1
15880,2,2,0,0,0,0,0,0,2,2,1,1
15881,2,2,0,0,0,0,0,0,2,2,1,1
15882,2,2,0,0,0,0,0,0,2,2,1,1
15883,2,2,0,0,0,0,0,0,2,2,1,1
15884,2,2,0,0,0,0,0,0,2,2,1,1
15885,2,2,0,0,0,0,0,0,2,2,1,1
15886,2,2,0,0,0,0,0,0,2,2,1,1
15887,2,2,0,0,0,0,0,0,2,2,1,1
15888,2,2,0,0,0,0,0,0,2,2,1,1
15889,2,2,0,0,0,0,0,0,2,2,1,1
15890,2,2,0,0,0,0,0,0,2,2,1,1
15891,2,2,0,0,0,0,0,0,2,2,1,1
15892,2,2,0,0,0,0,0,0,2,2,1,1
15893,2,2,0,0,0,0,0,0,2,2,1,1
15894,2,2,0,0,0,0,0,0,2,2,1,1
15895,2,2,0,0,0,0,0,0,2,2,1,1
15896,2,2,0,0,0,0,0,0,2,2,1,1
15897,2,2,0,0,0,0,0,0,2,2,1,1
15898,2,2,0,0,0,0,0,0,2,2,1,1
15899,2,2,0,0,0,0,0,0,2,2,1,1
15900,2,2,0,0,0,0,0,0,2,2,1,1
15901,2,2,0,0,0,0,0,0,2,2,1,1
15902,2,2,0,0,0,0,0,0,2,2,1,1
15903,2,2,0,0,0,0,0,0,2,2,1,1
15904,2,2,0,0,0,0,0,0,2,2,1,1
15905,2,2,0,0,0,0,0,0,2,2,1,1
15906,2,2,0,0,0,0,0,0,2,2,1,1
15907,2,2,0,0,0,0,0,0,2,2,1,1
15908,2,2,0,0,0,0,0,0,2,2,1,1
15909,2,2,0,0,0,0,0,0,2,2,1,1
15910,2,2,0,0,0,0,0,0,2,2,1,1
15911,2,2,0,0,0,0,0,0,2,2,1,1
15912,2,2,0,0,0,0,0,0,2,2,1,1
15913,2,2,0,0,0,0,0,0,2,2,1,1
15914,2,2,0,0,0,0,0,0,2,2,1,1
15915,2,2,0,0,0,0,0,0,2,2,1,1
15916,2,2,0,0,0,0,0,0,2,2,1,1
15917,2,2,0,0,0,0,0,0,2,2,1,1
15918,2,2,0,0,0,0,0,0,2,2,1,1
15919,2,2,0,0,0,0,0,0,2,2,1,1
15920,2,2,0,0,0,0,0,0,2,2,1,1
15921,2,2,0,0,0,0,0,0,2,2,1,1
15922,2,2,0,0,0,0,0,0,2,2,1,1
15923,2,2,0,0,0,0,0,0,2,2,1,1
15924,2,2,0,0,0,0,0,0,2,2,1,1
15925,2,2,0,0,0,0,0,0,2,2,1,1
15926,2,2,0,0,0,0,0,0,2,2,1,1
15927,2,2,0,0,0,0,0,0,2,2,1,1
15928,2,2,0,0,0,0,0,0,2,2,1,1
15929,2,2,0,0,0,0,0,0,2,2,1,1
15930,2,2,0,0,0,0,0,0,2,2,1,1
15931,2,2,0,0,0,0,0,0,2,2,1,1
15932,2,2,0,0,0,0,0,0,2,2,1,1
15933,2,2,0,0,0,0,0,0,2,2,1,1
15934,2,2,0,0,0,0,0,0,2,2,1,1
15935,2,2,0,0,0,0,0,0,2,2,1,1
15936,2,2,0,0,0,0,0,0,2,2,1,1
15937,2,2,0,0,0,0,0,0,2,2,1,1
15938,2,2,0,0,0,0,0,0,2,2,1,1
15939,2,2,0,0,0,0,0,0,2,2,1,1
15940,2,2,0,0,0,0,0,0,2,2,1,1
15941,2,2,0,0,0,0,0,0,2,2,1,1
15942,2,2,0,0,0,0,0,0,2,2,1,1
15943,2,2,0,0,0,0,0,0,2,2,1,1
15944,2,2,0,0,0,0,0,0,2,2,1,1
15945,2,2,0,0,0,0,0,0,2,2,1,1
15946,2,2,0,0,0,0,0,0,2,2,1,1
15947,2,2,0,0,0,0,0,0,2,2,1,1
15948,2,2,0,0,0,0,0,0,2,2,1,1
15949,2,2,0,0,0,0,0,0,2,2,1,1
15950,2,2,0,0,0,0,0,0,2,2,1,1
15951,2,2,0,0,0,0,0,0,2,2,1,1
15952,2,2,0,0,0,0,0,0,2,2,1,1
15953,2,2,0,0,0,0,0,0,2,2,1,1
15954,2,2,0,0,0,0,0,0,2,2,1,1
15955,2,2,0,0,0,0,0,0,2,2,1,1
15956,2,2,0,0,0,0,0,0,2,2,1,1
15957,2,2,0,0,0,0,0,0,2,2,1,1
15958,2,2,0,0,0,0,0,0,2,2,1,1
15959,2,2,0,0,0,0,0,0,2,2,1,1
15960,2,2,0,0,0,0,0,0,2,2,1,1
15961,2,2,0,0,0,0,0,0,2,2,1,1
15962,2,2,0,0,0,0,0,0,2,2,1,1
15963,2,2,0,0,0,0,0,0,2,2,1,1
15964,2,2,0,0,0,0,0,0,2,2,1,1
15965,2,2,0,0,0,0,0,0,2,2,1,1
15966,2,2,0,0,0,0,0,0,2,2,1,1
15967,2,2,0,0,0,0,0,0,2,2,1,1
15968,2,2,0,0,0,0,0,0,2,2,1,1
15969,2,2,0,0,0,0,0,0,2,2,1,1
15970,2,2,0,0,0,0,0,0,2,2,1,1
15971,2,2,0,0,0,0,0,0,2,2,1,1
15972,2,2,0,0,0,0,0,0,2,2,1,1
15973,2,2,0,0,0,0,0,0,2,2,1,1
15974,2,2,0,0,0,0,0,0,2,2,1,1
15975,2,2,0,0,0,0,0,0,2,2,1,1
15976,2,2,0,0,0,0,0,0,2,2,1,1
15977,2,2,0,0,0,0,0,0,2,2,1,1
15978,2,2,0,0,0,0,0,0,2,2,1,1
15979,2,2,0,0,0,0,0,0,2,2,1,1
15980,2,2,0,0,0,0,0,0,2,2,1,1
15981,2,2,0,0,0,0,0,0,2,2,1,1
15982,2,2,0,0,0,0,0,0,2,2,1,1
15983,2,2,0,0,0,0,0,0,2,2,1,1
15984,2,2,0,0,0,0,0,0,2,2,1,1
15985,2,2,0,0,0,0,0,0,2,2,1,1
15986,2,2,0,0,0,0,0,0,2,2,1,1
15987,2,2,0,0,0,0,0,0,2,2,1,1
15988,2,2,0,0,0,0,0,0,2,2,1,1
15989,2,2,0,0,0,0,0,0,2,2,1,1
15990,2,2,0,0,0,0,0,0,2,2,1,1
15991,2,2,0,0,0,0,0,0,2,2,1,1
15992,2,2,0,0,0,0,0,0,2,2,1,1
15993,2,2,0,0,0,0,0,0,2,2,1,1
15994,2,2,0,0,0,0,0,0,2,2,1,1
15995,2,2,0,0,0,0,0,0,2,2,1,1
15996,2,2,0,0,0,0,0,0,2,2,1,1
15997,2,2,0,0,0,0,0,0,2,2,1,1
15998,2,2,0,0,0,0,0,0,2,2,1,1
15999,2,2,0,0,0,0,0,0,2,2,1,1
16000,2,2,0,0,0,0,0,0,2,2,1,1
16001,2,2,0,0,0,0,0,0,2,2,1,1
16002,2,2,0,0,0,0,0,0,2,2,1,1
16003,2,2,0,0,0,0,0,0,2,2,1,1
16004,2,2,0,0,0,0,0,0,2,2,1,1
16005,2,2,0,0,0,0,0,0,2,2,1,1
16006,2,2,0,0,0,0,0,0,2,2,1,1
16007,2,2,0,0,0,0,0,0,2,2,1,1
16008,2,2,0,0,0,0,0,0,2,2,1,1
16009,2,2,0,0,0,0,0,0,2,2,1,1
16010,2,2,0,0,0,0,0,0,2,2,1,1
16011,2,2,0,0,0,0,0,0,2,2,1,1
16012,2,2,0,0,0,0,0,0,2,2,1,1
16013,2,2,0,0,0,0,0,0,2,2,1,1
16014,2,2,0,0,0,0,0,0,2,2,1,1
16015,2,2,0,0,0,0,0,0,2,2,1,1
16016,2,2,0,0,0,0,0,0,2,2,1,1
16017,2,2,0,0,0,0,0,0,2,2,1,1
16018,2,2,0,0,0,0,0,0,2,2,1,1
16019,2,2,0,0,0,0,0,0,2,2,1,1
16020,2,2,0,0,0,0,0,0,2,2,1,1
16021,2,2,0,0,0,0,0,0,2,2,1,1
16022,2,2,0,0,0,0,0,0,2,2,1,1
16023,2,2,0,0,0,0,0,0,2,2,1,1
16024,2,2,0,0,0,0,0,0,2,2,1,1
16025,2,2,0,0,0,0,0,0,2,2,1,1
16026,2,2,0,0,0,0,0,0,2,2,1,1
16027,2,2,0,0,0,0,0,0,2,2,1,1
16028,2,2,0,0,0,0,0,0,2,2,1,1
16029,2,2,0,0,0,0,0,0,2,2,1,1
16030,2,2,0,0,0,0,0,0,2,2,1,1
16031,2,2,0,0,0,0,0,0,2,2,1,1
16032,2,2,0,0,0,0,0,0,2,2,1,1
16033,2,2,0,0,0,0,0,0,2,2,1,1
16034,2,2,0,0,0,0,0,0,2,2,1,1
16035,2,2,0,0,0,0,0,0,2,2,1,1
16036,2,2,0,0,0,0,0,0,2,2,1,1
16037,2,2,0,0,0,0,0,0,2,2,1,1
16038,2,2,0,0,0,0,0,0,2,2,1,1
16039,2,2,0,0,0,0,0,0,2,2,1,1
16040,2,2,0,0,0,0,0,0,2,2,1,1
16041,2,2,0,0,0,0,0,0,2,2,1,1
16042,2,2,0,0,0,0,0,0,2,2,1,1
16043,2,2,0,0,0,0,0,0,2,2,1,1
16044,2,2,0,0,0,0,0,0,2,2,1,1
16045,2,2,0,0,0,0,0,0,2,2,1,1
16046,2,2,0,0,0,0,0,0,2,2,1,1
16047,2,2,0,0,0,0,0,0,2,2,1,1
16048,2,2,0,0,0,0,0,0,2,2,1,1
16049,2,2,0,0,0,0,0,0,2,2,1,1
16050,2,2,0,0,0,0,0,0,2,2,1,1
16051,2,2,0,0,0,0,0,0,2,2,1,1
16052,2,2,0,0,0,0,0,0,2,2,1,1
16053,2,2,0,0,0,0,0,0,2,2,1,1
16054,2,2,0,0,0,0,0,0,2,2,1,1
16055,2,2,0,0,0,0,0,0,2,2,1,1
16056,2,2,0,0,0,0,0,0,2,2,1,1
16057,2,2,0,0,0,0,0,0,2,2,1,1
16058,2,2,0,0,0,0,0,0,2,2,1,1
16059,2,2,0,0,0,0,0,0,2,2,1,1
16060,2,2,0,0,0,0,0,0,2,2,1,1
16061,2,2,0,0,0,0,0,0,2,2,1,1
16062,2,2,0,0,0,0,0,0,2,2,1,1
16063,2,2,0,0,0,0,0,0,2,2,1,1
16064,2,2,0,0,0,0,0,0,2,2,1,1
16065,2,2,0,0,0,0,0,0,2,2,1,1
16066,2,2,0,0,0,0,0,0,2,2,1,1
16067,2,2,0,0,0,0,0,0,2,2,1,1
16068,2,2,0,0,0,0,0,0,2,2,1,1
16069,2,2,0,0,0,0,0,0,2,2,1,1
16070,2,2,0,0,0,0,0,0,2,2,1,1
16071,2,2,0,0,0,0,0,0,2,2,1,1
16072,2,2,0,0,0,0,0,0,2,2,1,1
16073,2,2,0,0,0,0,0,0,2,2,1,1
16074,2,2,0,0,0,0,0,0,2,2,1,1
16075,2,2,0,0,0,0,0,0,2,2,1,1
16076,2,2,0,0,0,0,0,0,2,2,1,1
16077,2,2,0,0,0,0,0,0,2,2,1,1
16078,2,2,0,0,0,0,0,0,2,2,1,1
16079,2,2,0,0,0,0,0,0,2,2,1,1
16080,2,2,0,0,0,0,0,0,2,2,1,1
16081,2,2,0,0,0,0,0,0,2,2,1,1
16082,2,2,0,0,0,0,0,0,2,2,1,1
16083,2,2,0,0,0,0,0,0,2,2,1,1
16084,2,2,0,0,0,0,0,0,2,2,1,1
16085,2,2,0,0,0,0,0,0,2,2,1,1
16086,2,2,0,0,0,0,0,0,2,2,1,1
16087,2,2,0,0,0,0,0,0,2,2,1,1
16088,2,2,0,0,0,0,0,0,2,2,1,1
16089,2,2,0,0,0,0,0,0,2,2,1,1
16090,2,2,0,0,0,0,0,0,2,2,1,1
16091,2,2,0,0,0,0,0,0,2,2,1,1
16092,2,2,0,0,0,0,0,0,2,2,1,1
16093,2,2,0,0,0,0,0,0,2,2,1,1
16094,2,2,0,0,0,0,0,0,2,2,1,1
16095,2,2,0,0,0,0,0,0,2,2,1,1
16096,2,2,0,0,0,0,0,0,2,2,1,1
16097,2,2,0,0,0,0,0,0,2,2,1,1
16098,2,2,0,0,0,0,0,0,2,2,1,1
16099,2,2,0,0,0,0,0,0,2,2,1,1
16100,2,2,0,0,0,0,0,0,2,2,1,1
16101,2,2,0,0,0,0,0,0,2,2,1,1
16102,2,2,0,0,0,0,0,0,2,2,1,1
16103,2,2,0,0,0,0,0,0,2,2,1,1
16104,2,2,0,0,0,0,0,0,2,2,1,1
16105,2,2,0,0,0,0,0,0,2,2,1,1
16106,2,2,0,0,0,0,0,0,2,2,1,1
16107,2,2,0,0,0,0,0,0,2,2,1,1
16108,2,2,0,0,0,0,0,0,2,2,1,1
16109,2,2,0,0,0,0,0,0,2,2,1,1
16110,2,2,0,0,0,0,0,0,2,2,1,1
16111,2,2,0,0,0,0,0,0,2,2,1,1
16112,2,2,0,0,0,0,0,0,2,2,1,1
16113,2,2,0,0,0,0,0,0,2,2,1,1
16114,2,2,0,0,0,0,0,0,2,2,1,1
16115,2,2,0,0,0,0,0,0,2,2,1,1
16116,2,2,0,0,0,0,0,0,2,2,1,1
16117,2,2,0,0,0,0,0,0,2,2,1,1
16118,2,2,0,0,0,0,0,0,2,2,1,1
16119,2,2,0,0,0,0,0,0,2,2,1,1
16120,2,2,0,0,0,0,0,0,2,2,1,1
16121,2,2,0,0,0,0,0,0,2,2,1,1
16122,2,2,0,0,0,0,0,0,2,2,1,1
16123,2,2,0,0,0,0,0,0,2,2,1,1
16124,2,2,0,0,0,0,0,0,2,2,1,1
16125,2,2,0,0,0,0,0,0,2,2,1,1
16126,2,2,0,0,0,0,0,0,2,2,1,1
16127,2,2,0,0,0,0,0,0,2,2,1,1
16128,2,2,0,0,0,0,0,0,2,2,1,1
16129,2,2,0,0,0,0,0,0,2,2,1,1
16130,2,2,0,0,0,0,0,0,2,2,1,1
16131,2,2,0,0,0,0,0,0,2,2,1,1
16132,2,2,0,0,0,0,0,0,2,2,1,1
16133,2,2,0,0,0,0,0,0,2,2,1,1
16134,2,2,0,0,0,0,0,0,2,2,1,1
16135,2,2,0,0,0,0,0,0,2,2,1,1
16136,2,2,0,0,0,0,0,0,2,2,1,1
16137,2,2,0,0,0,0,0,0,2,2,1,1
16138,2,2,0,0,0,0,0,0,2,2,1,1
16139,2,2,0,0,0,0,0,0,2,2,1,1
16140,2,2,0,0,0,0,0,0,2,2,1,1
16141,2,2,0,0,0,0,0,0,2,2,1,1
16142,2,2,0,0,0,0,0,0,2,2,1,1
16143,2,2,0,0,0,0,0,0,2,2,1,1
16144,2,2,0,0,0,0,0,0,2,2,1,1
16145,2,2,0,0,0,0,0,0,2,2,1,1
16146,2,2,0,0,0,0,0,0,2,2,1,1
16147,2,2,0,0,0,0,0,0,2,2,1,1
16148,2,2,0,0,0,0,0,0,2,2,1,1
16149,2,2,0,0,0,0,0,0,2,2,1,1
16150,2,2,0,0,0,0,0,0,2,2,1,1
16151,2,2,0,0,0,0,0,0,2,2,1,1
16152,2,2,0,0,0,0,0,0,2,2,1,1
16153,2,2,0,0,0,0,0,0,2,2,1,1
16154,2,2,0,0,0,0,0,0,2,2,1,1
16155,2,2,0,0,0,0,0,0,2,2,1,1
16156,2,2,0,0,0,0,0,0,2,2,1,1
16157,2,2,0,0,0,0,0,0,2,2,1,1
16158,2,2,0,0,0,0,0,0,2,2,1,1
16159,2,2,0,0,0,0,0,0,2,2,1,1
16160,2,2,0,0,0,0,0,0,2,2,1,1
16161,2,2,0,0,0,0,0,0,2,2,1,1
16162,2,2,0,0,0,0,0,0,2,2,1,1
16163,2,2,0,0,0,0,0,0,2,2,1,1
16164,2,2,0,0,0,0,0,0,2,2,1,1
16165,2,2,0,0,0,0,0,0,2,2,1,1
16166,2,2,0,0,0,0,0,0,2,2,1,1
16167,2,2,0,0,0,0,0,0,2,2,1,1
16168,2,2,0,0,0,0,0,0,2,2,1,1
16169,2,2,0,0,0,0,0,0,2,2,1,1
16170,2,2,0,0,0,0,0,0,2,2,1,1
16171,2,2,0,0,0,0,0,0,2,2,1,1
16172,2,2,0,0,0,0,0,0,2,2,1,1
16173,2,2,0,0,0,0,0,0,2,2,1,1
16174,2,2,0,0,0,0,0,0,2,2,1,1
16175,2,2,0,0,0,0,0,0,2,2,1,1
16176,2,2,0,0,0,0,0,0,2,2,1,1
16177,2,2,0,0,0,0,0,0,2,2,1,1
16178,2,2,0,0,0,0,0,0,2,2,1,1
16179,2,2,0,0,0,0,0,0,2,2,1,1
16180,2,2,0,0,0,0,0,0,2,2,1,1
16181,2,2,0,0,0,0,0,0,2,2,1,1
16182,2,2,0,0,0,0,0,0,2,2,1,1
16183,2,2,0,0,0,0,0,0,2,2,1,1
16184,2,2,0,0,0,0,0,0,2,2,1,1
16185,2,2,0,0,0,0,0,0,2,2,1,1
16186,2,2,0,0,0,0,0,0,2,2,1,1
16187,2,2,0,0,0,0,0,0,2,2,1,1
16188,2,2,0,0,0,0,0,0,2,2,1,1
16189,2,2,0,0,0,0,0,0,2,2,1,1
16190,2,2,0,0,0,0,0,0,2,2,1,1
16191,2,2,0,0,0,0,0,0,2,2,1,1
16192,2,2,0,0,0,0,0,0,2,2,1,1
16193,2,2,0,0,0,0,0,0,2,2,1,1
16194,2,2,0,0,0,0,0,0,2,2,1,1
16195,2,2,0,0,0,0,0,0,2,2,1,1
16196,2,2,0,0,0,0,0,0,2,2,1,1
16197,2,2,0,0,0,0,0,0,2,2,1,1
16198,2,2,0,0,0,0,0,0,2,2,1,1
16199,2,2,0,0,0,0,0,0,2,2,1,1
16200,2,2,0,0,0,0,0,0,2,2,1,1
16201,2,2,0,0,0,0,0,0,2,2,1,1
16202,2,2,0,0,0,0,0,0,2,2,1,1
16203,2,2,0,0,0,0,0,0,2,2,1,1
16204,2,2,0,0,0,0,0,0,2,2,1,1
16205,2,2,0,0,0,0,0,0,2,2,1,1
16206,2,2,0,0,0,0,0,0,2,2,1,1
16207,2,2,0,0,0,0,0,0,2,2,1,1
16208,2,2,0,0,0,0,0,0,2,2,1,1
16209,2,2,0,0,0,0,0,0,2,2,1,1
16210,2,2,0,0,0,0,0,0,2,2,1,1
16211,2,2,0,0,0,0,0,0,2,2,1,1
16212,2,2,0,0,0,0,0,0,2,2,1,1
16213,2,2,0,0,0,0,0,0,2,2,1,1
16214,2,2,0,0,0,0,0,0,2,2,1,1
16215,2,2,0,0,0,0,0,0,2,2,1,1
16216,2,2,0,0,0,0,0,0,2,2,1,1
16217,2,2,0,0,0,0,0,0,2,2,1,1
16218,2,2,0,0,0,0,0,0,2,2,1,1
16219,2,2,0,0,0,0,0,0,2,2,1,1
16220,2,2,0,0,0,0,0,0,2,2,1,1
16221,2,2,0,0,0,0,0,0,2,2,1,1
16222,2,2,0,0,0,0,0,0,2,2,1,1
16223,2,2,0,0,0,0,0,0,2,2,1,1
16224,2,2,0,0,0,0,0,0,2,2,1,1
16225,2,2,0,0,0,0,0,0,2,2,1,1
16226,2,2,0,0,0,0,0,0,2,2,1,1
16227,2,2,0,0,0,0,0,0,2,2,1,1
16228,2,2,0,0,0,0,0,0,2,2,1,1
16229,2,2,0,0,0,0,0,0,2,2,1,1
16230,2,2,0,0,0,0,0,0,2,2,1,1
16231,2,2,0,0,0,0,0,0,2,2,1,1
16232,2,2,0,0,0,0,0,0,2,2,1,1
16233,2,2,0,0,0,0,0,0,2,2,1,1
16234,2,2,0,0,0,0,0,0,2,2,1,1
16235,2,2,0,0,0,0,0,0,2,2,1,1
16236,2,2,0,0,0,0,0,0,2,2,1,1
16237,2,2,0,0,0,0,0,0,2,2,1,1
16238,2,2,0,0,0,0,0,0,2,2,1,1
16239,2,2,0,0,0,0,0,0,2,2,1,1
16240,2,2,0,0,0,0,0,0,2,2,1,1
16241,2,2,0,0,0,0,0,0,2,2,1,1
16242,2,2,0,0,0,0,0,0,2,2,1,1
16243,2,2,0,0,0,0,0,0,2,2,1,1
16244,2,2,0,0,0,0,0,0,2,2,1,1
16245,2,2,0,0,0,0,0,0,2,2,1,1
16246,2,2,0,0,0,0,0,0,2,2,1,1
16247,2,2,0,0,0,0,0,0,2,2,1,1
16248,2,2,0,0,0,0,0,0,2,2,1,1
16249,2,2,0,0,0,0,0,0,2,2,1,1
16250,2,2,0,0,0,0,0,0,2,2,1,1
16251,2,2,0,0,0,0,0,0,2,2,1,1
16252,2,2,0,0,0,0,0,0,2,2,1,1
16253,2,2,0,0,0,0,0,0,2,2,1,1
16254,2,2,0,0,0,0,0,0,2,2,1,1
16255,2,2,0,0,0,0,0,0,2,2,1,1
16256,2,2,0,0,0,0,0,0,2,2,1,1
16257,2,2,0,0,0,0,0,0,2,2,1,1
16258,2,2,0,0,0,0,0,0,2,2,1,1
16259,2,2,0,0,0,0,0,0,2,2,1,1
16260,2,2,0,0,0,0,0,0,2,2,1,1
16261,2,2,0,0,0,0,0,0,2,2,1,1
16262,2,2,0,0,0,0,0,0,2,2,1,1
16263,2,2,0,0,0,0,0,0,2,2,1,1
16264,2,2,0,0,0,0,0,0,2,2,1,1
16265,2,2,0,0,0,0,0,0,2,2,1,1
16266,2,2,0,0,0,0,0,0,2,2,1,1
16267,2,2,0,0,0,0,0,0,2,2,1,1
16268,2,2,0,0,0,0,0,0,2,2,1,1
16269,2,2,0,0,0,0,0,0,2,2,1,1
16270,2,2,0,0,0,0,0,0,2,2,1,1
16271,2,2,0,0,0,0,0,0,2,2,1,1
16272,2,2,0,0,0,0,0,0,2,2,1,1
16273,2,2,0,0,0,0,0,0,2,2,1,1
16274,2,2,0,0,0,0,0,0,2,2,1,1
16275,2,2,0,0,0,0,0,0,2,2,1,1
16276,2,2,0,0,0,0,0,0,2,2,1,1
16277,2,2,0,0,0,0,0,0,2,2,1,1
16278,2,2,0,0,0,0,0,0,2,2,1,1
16279,2,2,0,0,0,0,0,0,2,2,1,1
16280,2,2,0,0,0,0,0,0,2,2,1,1
16281,2,2,0,0,0,0,0,0,2,2,1,1
16282,2,2,0,0,0,0,0,0,2,2,1,1
16283,2,2,0,0,0,0,0,0,2,2,1,1
16284,2,2,0,0,0,0,0,0,2,2,1,1
16285,2,2,0,0,0,0,0,0,2,2,1,1
16286,2,2,0,0,0,0,0,0,2,2,1,1
16287,2,2,0,0,0,0,0,0,2,2,1,1
16288,2,2,0,0,0,0,0,0,2,2,1,1
16289,2,2,0,0,0,0,0,0,2,2,1,1
16290,2,2,0,0,0,0,0,0,2,2,1,1
16291,2,2,0,0,0,0,0,0,2,2,1,1
16292,2,2,0,0,0,0,0,0,2,2,1,1
16293,2,2,0,0,0,0,0,0,2,2,1,1
16294,2,2,0,0,0,0,0,0,2,2,1,1
16295,2,2,0,0,0,0,0,0,2,2,1,1
16296,2,2,0,0,0,0,0,0,2,2,1,1
16297,2,2,0,0,0,0,0,0,2,2,1,1
16298,2,2,0,0,0,0,0,0,2,2,1,1
16299,2,2,0,0,0,0,0,0,2,2,1,1
16300,2,2,0,0,0,0,0,0,2,2,1,1
16301,2,2,0,0,0,0,0,0,2,2,1,1
16302,2,2,0,0,0,0,0,0,2,2,1,1
16303,2,2,0,0,0,0,0,0,2,2,1,1
16304,2,2,0,0,0,0,0,0,2,2,1,1
16305,2,2,0,0,0,0,0,0,2,2,1,1
16306,2,2,0,0,0,0,0,0,2,2,1,1
16307,2,2,0,0,0,0,0,0,2,2,1,1
16308,2,2,0,0,0,0,0,0,2,2,1,1
16309,2,2,0,0,0,0,0,0,2,2,1,1
16310,2,2,0,0,0,0,0,0,2,2,1,1
16311,2,2,0,0,0,0,0,0,2,2,1,1
16312,2,2,0,0,0,0,0,0,2,2,1,1
16313,2,2,0,0,0,0,0,0,2,2,1,1
16314,2,2,0,0,0,0,0,0,2,2,1,1
16315,2,2,0,0,0,0,0,0,2,2,1,1
16316,2,2,0,0,0,0,0,0,2,2,1,1
16317,2,2,0,0,0,0,0,0,2,2,1,1
16318,2,2,0,0,0,0,0,0,2,2,1,1
16319,2,2,0,0,0,0,0,0,2,2,1,1
16320,2,2,0,0,0,0,0,0,2,2,1,1
16321,2,2,0,0,0,0,0,0,2,2,1,1
16322,2,2,0,0,0,0,0,0,2,2,1,1
16323,2,2,0,0,0,0,0,0,2,2,1,1
16324,2,2,0,0,0,0,0,0,2,2,1,1
16325,2,2,0,0,0,0,0,0,2,2,1,1
16326,2,2,0,0,0,0,0,0,2,2,1,1
16327,2,2,0,0,0,0,0,0,2,2,1,1
16328,2,2,0,0,0,0,0,0,2,2,1,1
16329,2,2,0,0,0,0,0,0,2,2,1,1
16330,2,2,0,0,0,0,0,0,2,2,1,1
16331,2,2,0,0,0,0,0,0,2,2,1,1
16332,2,2,0,0,0,0,0,0,2,2,1,1
16333,2,2,0,0,0,0,0,0,2,2,1,1
16334,2,2,0,0,0,0,0,0,2,2,1,1
16335,2,2,0,0,0,0,0,0,2,2,1,1
16336,2,2,0,0,0,0,0,0,2,2,1,1
16337,2,2,0,0,0,0,0,0,2,2,1,1
16338,2,2,0,0,0,0,0,0,2,2,1,1
16339,2,2,0,0,0,0,0,0,2,2,1,1
16340,2,2,0,0,0,0,0,0,2,2,1,1
16341,2,2,0,0,0,0,0,0,2,2,1,1
16342,2,2,0,0,0,0,0,0,2,2,1,1
16343,2,2,0,0,0,0,0,0,2,2,1,1
16344,2,2,0,0,0,0,0,0,2,2,1,1
16345,2,2,0,0,0,0,0,0,2,2,1,1
16346,2,2,0,0,0,0,0,0,2,2,1,1
16347,2,2,0,0,0,0,0,0,2,2,1,1
16348,2,2,0,0,0,0,0,0,2,2,1,1
16349,2,2,0,0,0,0,0,0,2,2,1,1
16350,2,2,0,0,0,0,0,0,2,2,1,1
16351,2,2,0,0,0,0,0,0,2,2,1,1
16352,2,2,0,0,0,0,0,0,2,2,1,1
16353,2,2,0,0,0,0,0,0,2,2,1,1
16354,2,2,0,0,0,0,0,0,2,2,1,1
16355,2,2,0,0,0,0,0,0,2,2,1,1
16356,2,2,0,0,0,0,0,0,2,2,1,1
16357,2,2,0,0,0,0,0,0,2,2,1,1
16358,2,2,0,0,0,0,0,0,2,2,1,1
16359,2,2,0,0,0,0,0,0,2,2,1,1
16360,2,2,0,0,0,0,0,0,2,2,1,1
16361,2,2,0,0,0,0,0,0,2,2,1,1
16362,2,2,0,0,0,0,0,0,2,2,1,1
16363,2,2,0,0,0,0,0,0,2,2,1,1
16364,2,2,0,0,0,0,0,0,2,2,1,1
16365,2,2,0,0,0,0,0,0,2,2,1,1
16366,2,2,0,0,0,0,0,0,2,2,1,1
16367,2,2,0,0,0,0,0,0,2,2,1,1
16368,2,2,0,0,0,0,0,0,2,2,1,1
16369,2,2,0,0,0,0,0,0,2,2,1,1
16370,2,2,0,0,0,0,0,0,2,2,1,1
16371,2,2,0,0,0,0,0,0,2,2,1,1
16372,2,2,0,0,0,0,0,0,2,2,1,1
16373,2,2,0,0,0,0,0,0,2,2,1,1
16374,2,2,0,0,0,0,0,0,2,2,1,1
16375,2,2,0,0,0,0,0,0,2,2,1,1
16376,2,2,0,0,0,0,0,0,2,2,1,1
16377,2,2,0,0,0,0,0,0,2,2,1,1
16378,2,2,0,0,0,0,0,0,2,2,1,1
16379,2,2,0,0,0,0,0,0,2,2,1,1
16380,2,2,0,0,0,0,0,0,2,2,1,1
16381,2,2,0,0,0,0,0,0,2,2,1,1
16382,2,2,0,0,0,0,0,0,2,2,1,1
16383,2,2,0,0,0,0,0,0,2,2,1,1
16384,2,2,0,0,0,0,0,0,2,2,1,1
16385,2,2,0,0,0,0,0,0,2,2,1,1
16386,2,2,0,0,0,0,0,0,2,2,1,1
16387,2,2,0,0,0,0,0,0,2,2,1,1
16388,2,2,0,0,0,0,0,0,2,2,1,1
16389,2,2,0,0,0,0,0,0,2,2,1,1
16390,2,2,0,0,0,0,0,0,2,2,1,1
16391,2,2,0,0,0,0,0,0,2,2,1,1
16392,2,2,0,0,0,0,0,0,2,2,1,1
16393,2,2,0,0,0,0,0,0,2,2,1,1
16394,2,2,0,0,0,0,0,0,2,2,1,1
16395,2,2,0,0,0,0,0,0,2,2,1,1
16396,2,2,0,0,0,0,0,0,2,2,1,1
16397,2,2,0,0,0,0,0,0,2,2,1,1
16398,2,2,0,0,0,0,0,0,2,2,1,1
16399,2,2,0,0,0,0,0,0,2,2,1,1
16400,2,2,0,0,0,0,0,0,2,2,1,1
16401,2,2,0,0,0,0,0,0,2,2,1,1
16402,2,2,0,0,0,0,0,0,2,2,1,1
16403,2,2,0,0,0,0,0,0,2,2,1,1
16404,2,2,0,0,0,0,0,0,2,2,1,1
16405,2,2,0,0,0,0,0,0,2,2,1,1
16406,2,2,0,0,0,0,0,0,2,2,1,1
16407,2,2,0,0,0,0,0,0,2,2,1,1
16408,2,2,0,0,0,0,0,0,2,2,1,1
16409,2,2,0,0,0,0,0,0,2,2,1,1
16410,2,2,0,0,0,0,0,0,2,2,1,1
16411,2,2,0,0,0,0,0,0,2,2,1,1
16412,2,2,0,0,0,0,0,0,2,2,1,1
16413,2,2,0,0,0,0,0,0,2,2,1,1
16414,2,2,0,0,0,0,0,0,2,2,1,1
16415,2,2,0,0,0,0,0,0,2,2,1,1
16416,2,2,0,0,0,0,0,0,2,2,1,1
16417,2,2,0,0,0,0,0,0,2,2,1,1
16418,2,2,0,0,0,0,0,0,2,2,1,1
16419,2,2,0,0,0,0,0,0,2,2,1,1
16420,2,2,0,0,0,0,0,0,2,2,1,1
16421,2,2,0,0,0,0,0,0,2,2,1,1
16422,2,2,0,0,0,0,0,0,2,2,1,1
16423,2,2,0,0,0,0,0,0,2,2,1,1
16424,2,2,0,0,0,0,0,0,2,2,1,1
16425,2,2,0,0,0,0,0,0,2,2,1,1
16426,2,2,0,0,0,0,0,0,2,2,1,1
16427,2,2,0,0,0,0,0,0,2,2,1,1
16428,2,2,0,0,0,0,0,0,2,2,1,1
16429,2,2,0,0,0,0,0,0,2,2,1,1
16430,2,2,0,0,0,0,0,0,2,2,1,1
16431,2,2,0,0,0,0,0,0,2,2,1,1
16432,2,2,0,0,0,0,0,0,2,2,1,1
16433,2,2,0,0,0,0,0,0,2,2,1,1
16434,2,2,0,0,0,0,0,0,2,2,1,1
16435,2,2,0,0,0,0,0,0,2,2,1,1
16436,2,2,0,0,0,0,0,0,2,2,1,1
16437,2,2,0,0,0,0,0,0,2,2,1,1
16438,2,2,0,0,0,0,0,0,2,2,1,1
16439,2,2,0,0,0,0,0,0,2,2,1,1
16440,2,2,0,0,0,0,0,0,2,2,1,1
16441,2,2,0,0,0,0,0,0,2,2,1,1
16442,2,2,0,0,0,0,0,0,2,2,1,1
16443,2,2,0,0,0,0,0,0,2,2,1,1
16444,2,2,0,0,0,0,0,0,2,2,1,1
16445,2,2,0,0,0,0,0,0,2,2,1,1
16446,2,2,0,0,0,0,0,0,2,2,1,1
16447,2,2,0,0,0,0,0,0,2,2,1,1
16448,2,2,0,0,0,0,0,0,2,2,1,1
16449,2,2,0,0,0,0,0,0,2,2,1,1
16450,2,2,0,0,0,0,0,0,2,2,1,1
16451,2,2,0,0,0,0,0,0,2,2,1,1
16452,2,2,0,0,0,0,0,0,2,2,1,1
16453,2,2,0,0,0,0,0,0,2,2,1,1
16454,2,2,0,0,0,0,0,0,2,2,1,1
16455,2,2,0,0,0,0,0,0,2,2,1,1
16456,2,2,0,0,0,0,0,0,2,2,1,1
16457,2,2,0,0,0,0,0,0,2,2,1,1
16458,2,2,0,0,0,0,0,0,2,2,1,1
16459,2,2,0,0,0,0,0,0,2,2,1,1
16460,2,2,0,0,0,0,0,0,2,2,1,1
16461,2,2,0,0,0,0,0,0,2,2,1,1
16462,2,2,0,0,0,0,0,0,2,2,1,1
16463,2,2,0,0,0,0,0,0,2,2,1,1
16464,2,2,0,0,0,0,0,0,2,2,1,1
16465,2,2,0,0,0,0,0,0,2,2,1,1
16466,2,2,0,0,0,0,0,0,2,2,1,1
16467,2,2,0,0,0,0,0,0,2,2,1,1
16468,2,2,0,0,0,0,0,0,2,2,1,1
16469,2,2,0,0,0,0,0,0,2,2,1,1
16470,2,2,0,0,0,0,0,0,2,2,1,1
16471,2,2,0,0,0,0,0,0,2,2,1,1
16472,2,2,0,0,0,0,0,0,2,2,1,1
16473,2,2,0,0,0,0,0,0,2,2,1,1
16474,2,2,0,0,0,0,0,0,2,2,1,1
16475,2,2,0,0,0,0,0,0,2,2,1,1
16476,2,2,0,0,0,0,0,0,2,2,1,1
16477,2,2,0,0,0,0,0,0,2,2,1,1
16478,2,2,0,0,0,0,0,0,2,2,1,1
16479,2,2,0,0,0,0,0,0,2,2,1,1
16480,2,2,0,0,0,0,0,0,2,2,1,1
16481,2,2,0,0,0,0,0,0,2,2,1,1
16482,2,2,0,0,0,0,0,0,2,2,1,1
16483,2,2,0,0,0,0,0,0,2,2,1,1
16484,2,2,0,0,0,0,0,0,2,2,1,1
16485,2,2,0,0,0,0,0,0,2,2,1,1
16486,2,2,0,0,0,0,0,0,2,2,1,1
16487,2,2,0,0,0,0,0,0,2,2,1,1
16488,2,2,0,0,0,0,0,0,2,2,1,1
16489,2,2,0,0,0,0,0,0,2,2,1,1
16490,2,2,0,0,0,0,0,0,2,2,1,1
16491,2,2,0,0,0,0,0,0,2,2,1,1
16492,2,2,0,0,0,0,0,0,2,2,1,1
16493,2,2,0,0,0,0,0,0,2,2,1,1
16494,2,2,0,0,0,0,0,0,2,2,1,1
16495,2,2,0,0,0,0,0,0,2,2,1,1
16496,2,2,0,0,0,0,0,0,2,2,1,1
16497,2,2,0,0,0,0,0,0,2,2,1,1
16498,2,2,0,0,0,0,0,0,2,2,1,1
16499,2,2,0,0,0,0,0,0,2,2,1,1
16500,2,2,0,0,0,0,0,0,2,2,1,1
16501,2,2,0,0,0,0,0,0,2,2,1,1
16502,2,2,0,0,0,0,0,0,2,2,1,1
16503,2,2,0,0,0,0,0,0,2,2,1,1
16504,2,2,0,0,0,0,0,0,2,2,1,1
16505,2,2,0,0,0,0,0,0,2,2,1,1
16506,2,2,0,0,0,0,0,0,2,2,1,1
16507,2,2,0,0,0,0,0,0,2,2,1,1
16508,2,2,0,0,0,0,0,0,2,2,1,1
16509,2,2,0,0,0,0,0,0,2,2,1,1
16510,2,2,0,0,0,0,0,0,2,2,1,1
16511,2,2,0,0,0,0,0,0,2,2,1,1
16512,2,2,0,0,0,0,0,0,2,2,1,1
16513,2,2,0,0,0,0,0,0,2,2,1,1
16514,2,2,0,0,0,0,0,0,2,2,1,1
16515,2,2,0,0,0,0,0,0,2,2,1,1
16516,2,2,0,0,0,0,0,0,2,2,1,1
16517,2,2,0,0,0,0,0,0,2,2,1,1
16518,2,2,0,0,0,0,0,0,2,2,1,1
16519,2,2,0,0,0,0,0,0,2,2,1,1
16520,2,2,0,0,0,0,0,0,2,2,1,1
16521,2,2,0,0,0,0,0,0,2,2,1,1
16522,2,2,0,0,0,0,0,0,2,2,1,1
16523,2,2,0,0,0,0,0,0,2,2,1,1
16524,2,2,0,0,0,0,0,0,2,2,1,1
16525,2,2,0,0,0,0,0,0,2,2,1,1
16526,2,2,0,0,0,0,0,0,2,2,1,1
16527,2,2,0,0,0,0,0,0,2,2,1,1
16528,2,2,0,0,0,0,0,0,2,2,1,1
16529,2,2,0,0,0,0,0,0,2,2,1,1
16530,2,2,0,0,0,0,0,0,2,2,1,1
16531,2,2,0,0,0,0,0,0,2,2,1,1
16532,2,2,0,0,0,0,0,0,2,2,1,1
16533,2,2,0,0,0,0,0,0,2,2,1,1
16534,2,2,0,0,0,0,0,0,2,2,1,1
16535,2,2,0,0,0,0,0,0,2,2,1,1
16536,2,2,0,0,0,0,0,0,2,2,1,1
16537,2,2,0,0,0,0,0,0,2,2,1,1
16538,2,2,0,0,0,0,0,0,2,2,1,1
16539,2,2,0,0,0,0,0,0,2,2,1,1
16540,2,2,0,0,0,0,0,0,2,2,1,1
16541,2,2,0,0,0,0,0,0,2,2,1,1
16542,2,2,0,0,0,0,0,0,2,2,1,1
16543,2,2,0,0,0,0,0,0,2,2,1,1
16544,2,2,0,0,0,0,0,0,2,2,1,1
16545,2,2,0,0,0,0,0,0,2,2,1,1
16546,2,2,0,0,0,0,0,0,2,2,1,1
16547,2,2,0,0,0,0,0,0,2,2,1,1
16548,2,2,0,0,0,0,0,0,2,2,1,1
16549,2,2,0,0,0,0,0,0,2,2,1,1
16550,2,2,0,0,0,0,0,0,2,2,1,1
16551,2,2,0,0,0,0,0,0,2,2,1,1
16552,2,2,0,0,0,0,0,0,2,2,1,1
16553,2,2,0,0,0,0,0,0,2,2,1,1
16554,2,2,0,0,0,0,0,0,2,2,1,1
16555,2,2,0,0,0,0,0,0,2,2,1,1
16556,2,2,0,0,0,0,0,0,2,2,1,1
16557,2,2,0,0,0,0,0,0,2,2,1,1
16558,2,2,0,0,0,0,0,0,2,2,1,1
16559,2,2,0,0,0,0,0,0,2,2,1,1
16560,2,2,0,0,0,0,0,0,2,2,1,1
16561,2,2,0,0,0,0,0,0,2,2,1,1
16562,2,2,0,0,0,0,0,0,2,2,1,1
16563,2,2,0,0,0,0,0,0,2,2,1,1
16564,2,2,0,0,0,0,0,0,2,2,1,1
16565,2,2,0,0,0,0,0,0,2,2,1,1
16566,2,2,0,0,0,0,0,0,2,2,1,1
16567,2,2,0,0,0,0,0,0,2,2,1,1
16568,2,2,0,0,0,0,0,0,2,2,1,1
16569,2,2,0,0,0,0,0,0,2,2,1,1
16570,2,2,0,0,0,0,0,0,2,2,1,1
16571,2,2,0,0,0,0,0,0,2,2,1,1
16572,2,2,0,0,0,0,0,0,2,2,1,1
16573,2,2,0,0,0,0,0,0,2,2,1,1
16574,2,2,0,0,0,0,0,0,2,2,1,1
16575,2,2,0,0,0,0,0,0,2,2,1,1
16576,2,2,0,0,0,0,0,0,2,2,1,1
16577,2,2,0,0,0,0,0,0,2,2,1,1
16578,2,2,0,0,0,0,0,0,2,2,1,1
16579,2,2,0,0,0,0,0,0,2,2,1,1
16580,2,2,0,0,0,0,0,0,2,2,1,1
16581,2,2,0,0,0,0,0,0,2,2,1,1
16582,2,2,0,0,0,0,0,0,2,2,1,1
16583,2,2,0,0,0,0,0,0,2,2,1,1
16584,2,2,0,0,0,0,0,0,2,2,1,1
16585,2,2,0,0,0,0,0,0,2,2,1,1
16586,2,2,0,0,0,0,0,0,2,2,1,1
16587,2,2,0,0,0,0,0,0,2,2,1,1
16588,2,2,0,0,0,0,0,0,2,2,1,1
16589,2,2,0,0,0,0,0,0,2,2,1,1
16590,2,2,0,0,0,0,0,0,2,2,1,1
16591,2,2,0,0,0,0,0,0,2,2,1,1
16592,2,2,0,0,0,0,0,0,2,2,1,1
16593,2,2,0,0,0,0,0,0,2,2,1,1
16594,2,2,0,0,0,0,0,0,2,2,1,1
16595,2,2,0,0,0,0,0,0,2,2,1,1
16596,2,2,0,0,0,0,0,0,2,2,1,1
16597,2,2,0,0,0,0,0,0,2,2,1,1
16598,2,2,0,0,0,0,0,0,2,2,1,1
16599,2,2,0,0,0,0,0,0,2,2,1,1
16600,2,2,0,0,0,0,0,0,2,2,1,1
16601,2,2,0,0,0,0,0,0,2,2,1,1
16602,2,2,0,0,0,0,0,0,2,2,1,1
16603,2,2,0,0,0,0,0,0,2,2,1,1
16604,2,2,0,0,0,0,0,0,2,2,1,1
16605,2,2,0,0,0,0,0,0,2,2,1,1
16606,2,2,0,0,0,0,0,0,2,2,1,1
16607,2,2,0,0,0,0,0,0,2,2,1,1
16608,2,2,0,0,0,0,0,0,2,2,1,1
16609,2,2,0,0,0,0,0,0,2,2,1,1
16610,2,2,0,0,0,0,0,0,2,2,1,1
16611,2,2,0,0,0,0,0,0,2,2,1,1
16612,2,2,0,0,0,0,0,0,2,2,1,1
16613,2,2,0,0,0,0,0,0,2,2,1,1
16614,2,2,0,0,0,0,0,0,2,2,1,1
16615,2,2,0,0,0,0,0,0,2,2,1,1
16616,2,2,0,0,0,0,0,0,2,2,1,1
16617,2,2,0,0,0,0,0,0,2,2,1,1
16618,2,2,0,0,0,0,0,0,2,2,1,1
16619,2,2,0,0,0,0,0,0,2,2,1,1
16620,2,2,0,0,0,0,0,0,2,2,1,1
16621,2,2,0,0,0,0,0,0,2,2,1,1
16622,2,2,0,0,0,0,0,0,2,2,1,1
16623,2,2,0,0,0,0,0,0,2,2,1,1
16624,2,2,0,0,0,0,0,0,2,2,1,1
16625,2,2,0,0,0,0,0,0,2,2,1,1
16626,2,2,0,0,0,0,0,0,2,2,1,1
16627,2,2,0,0,0,0,0,0,2,2,1,1
16628,2,2,0,0,0,0,0,0,2,2,1,1
16629,2,2,0,0,0,0,0,0,2,2,1,1
16630,2,2,0,0,0,0,0,0,2,2,1,1
16631,2,2,0,0,0,0,0,0,2,2,1,1
16632,2,2,0,0,0,0,0,0,2,2,1,1
16633,2,2,0,0,0,0,0,0,2,2,1,1
16634,2,2,0,0,0,0,0,0,2,2,1,1
16635,2,2,0,0,0,0,0,0,2,2,1,1
16636,2,2,0,0,0,0,0,0,2,2,1,1
16637,2,2,0,0,0,0,0,0,2,2,1,1
16638,2,2,0,0,0,0,0,0,2,2,1,1
16639,2,2,0,0,0,0,0,0,2,2,1,1
16640,2,2,0,0,0,0,0,0,2,2,1,1
16641,2,2,0,0,0,0,0,0,2,2,1,1
16642,2,2,0,0,0,0,0,0,2,2,1,1
16643,2,2,0,0,0,0,0,0,2,2,1,1
16644,2,2,0,0,0,0,0,0,2,2,1,1
16645,2,2,0,0,0,0,0,0,2,2,1,1
16646,2,2,0,0,0,0,0,0,2,2,1,1
16647,2,2,0,0,0,0,0,0,2,2,1,1
16648,2,2,0,0,0,0,0,0,2,2,1,1
16649,2,2,0,0,0,0,0,0,2,2,1,1
16650,2,2,0,0,0,0,0,0,2,2,1,1
16651,2,2,0,0,0,0,0,0,2,2,1,1
16652,2,2,0,0,0,0,0,0,2,2,1,1
16653,2,2,0,0,0,0,0,0,2,2,1,1
16654,2,2,0,0,0,0,0,0,2,2,1,1
16655,2,2,0,0,0,0,0,0,2,2,1,1
16656,2,2,0,0,0,0,0,0,2,2,1,1
16657,2,2,0,0,0,0,0,0,2,2,1,1
16658,2,2,0,0,0,0,0,0,2,2,1,1
16659,2,2,0,0,0,0,0,0,2,2,1,1
16660,2,2,0,0,0,0,0,0,2,2,1,1
16661,2,2,0,0,0,0,0,0,2,2,1,1
16662,2,2,0,0,0,0,0,0,2,2,1,1
16663,2,2,0,0,0,0,0,0,2,2,1,1
16664,2,2,0,0,0,0,0,0,2,2,1,1
16665,2,2,0,0,0,0,0,0,2,2,1,1
16666,2,2,0,0,0,0,0,0,2,2,1,1
16667,2,2,0,0,0,0,0,0,2,2,1,1
16668,2,2,0,0,0,0,0,0,2,2,1,1
16669,2,2,0,0,0,0,0,0,2,2,1,1
16670,2,2,0,0,0,0,0,0,2,2,1,1
16671,2,2,0,0,0,0,0,0,2,2,1,1
16672,2,2,0,0,0,0,0,0,2,2,1,1
16673,2,2,0,0,0,0,0,0,2,2,1,1
16674,2,2,0,0,0,0,0,0,2,2,1,1
16675,2,2,0,0,0,0,0,0,2,2,1,1
16676,2,2,0,0,0,0,0,0,2,2,1,1
16677,2,2,0,0,0,0,0,0,2,2,1,1
16678,2,2,0,0,0,0,0,0,2,2,1,1
16679,2,2,0,0,0,0,0,0,2,2,1,1
16680,2,2,0,0,0,0,0,0,2,2,1,1
16681,2,2,0,0,0,0,0,0,2,2,1,1
16682,2,2,0,0,0,0,0,0,2,2,1,1
16683,2,2,0,0,0,0,0,0,2,2,1,1
16684,2,2,0,0,0,0,0,0,2,2,1,1
16685,2,2,0,0,0,0,0,0,2,2,1,1
16686,2,2,0,0,0,0,0,0,2,2,1,1
16687,2,2,0,0,0,0,0,0,2,2,1,1
16688,2,2,0,0,0,0,0,0,2,2,1,1
16689,2,2,0,0,0,0,0,0,2,2,1,1
16690,2,2,0,0,0,0,0,0,2,2,1,1
16691,2,2,0,0,0,0,0,0,2,2,1,1
16692,2,2,0,0,0,0,0,0,2,2,1,1
16693,2,2,0,0,0,0,0,0,2,2,1,1
16694,2,2,0,0,0,0,0,0,2,2,1,1
16695,2,2,0,0,0,0,0,0,2,2,1,1
16696,2,2,0,0,0,0,0,0,2,2,1,1
16697,2,2,0,0,0,0,0,0,2,2,1,1
16698,2,2,0,0,0,0,0,0,2,2,1,1
16699,2,2,0,0,0,0,0,0,2,2,1,1
16700,2,2,0,0,0,0,0,0,2,2,1,1
16701,2,2,0,0,0,0,0,0,2,2,1,1
16702,2,2,0,0,0,0,0,0,2,2,1,1
16703,2,2,0,0,0,0,0,0,2,2,1,1
16704,2,2,0,0,0,0,0,0,2,2,1,1
16705,2,2,0,0,0,0,0,0,2,2,1,1
16706,2,2,0,0,0,0,0,0,2,2,1,1
16707,2,2,0,0,0,0,0,0,2,2,1,1
16708,2,2,0,0,0,0,0,0,2,2,1,1
16709,2,2,0,0,0,0,0,0,2,2,1,1
16710,2,2,0,0,0,0,0,0,2,2,1,1
16711,2,2,0,0,0,0,0,0,2,2,1,1
16712,2,2,0,0,0,0,0,0,2,2,1,1
16713,2,2,0,0,0,0,0,0,2,2,1,1
16714,2,2,0,0,0,0,0,0,2,2,1,1
16715,2,2,0,0,0,0,0,0,2,2,1,1
16716,2,2,0,0,0,0,0,0,2,2,1,1
16717,2,2,0,0,0,0,0,0,2,2,1,1
16718,2,2,0,0,0,0,0,0,2,2,1,1
16719,2,2,0,0,0,0,0,0,2,2,1,1
16720,2,2,0,0,0,0,0,0,2,2,1,1
16721,2,2,0,0,0,0,0,0,2,2,1,1
16722,2,2,0,0,0,0,0,0,2,2,1,1
16723,2,2,0,0,0,0,0,0,2,2,1,1
16724,2,2,0,0,0,0,0,0,2,2,1,1
16725,2,2,0,0,0,0,0,0,2,2,1,1
16726,2,2,0,0,0,0,0,0,2,2,1,1
16727,2,2,0,0,0,0,0,0,2,2,1,1
16728,2,2,0,0,0,0,0,0,2,2,1,1
16729,2,2,0,0,0,0,0,0,2,2,1,1
16730,2,2,0,0,0,0,0,0,2,2,1,1
16731,2,2,0,0,0,0,0,0,2,2,1,1
16732,2,2,0,0,0,0,0,0,2,2,1,1
16733,2,2,0,0,0,0,0,0,2,2,1,1
16734,2,2,0,0,0,0,0,0,2,2,1,1
16735,2,2,0,0,0,0,0,0,2,2,1,1
16736,2,2,0,0,0,0,0,0,2,2,1,1
16737,2,2,0,0,0,0,0,0,2,2,1,1
16738,2,2,0,0,0,0,0,0,2,2,1,1
16739,2,2,0,0,0,0,0,0,2,2,1,1
16740,2,2,0,0,0,0,0,0,2,2,1,1
16741,2,2,0,0,0,0,0,0,2,2,1,1
16742,2,2,0,0,0,0,0,0,2,2,1,1
16743,2,2,0,0,0,0,0,0,2,2,1,1
16744,2,2,0,0,0,0,0,0,2,2,1,1
16745,2,2,0,0,0,0,0,0,2,2,1,1
16746,2,2,0,0,0,0,0,0,2,2,1,1
16747,2,2,0,0,0,0,0,0,2,2,1,1
16748,2,2,0,0,0,0,0,0,2,2,1,1
16749,2,2,0,0,0,0,0,0,2,2,1,1
16750,2,2,0,0,0,0,0,0,2,2,1,1
16751,2,2,0,0,0,0,0,0,2,2,1,1
16752,2,2,0,0,0,0,0,0,2,2,1,1
16753,2,2,0,0,0,0,0,0,2,2,1,1
16754,2,2,0,0,0,0,0,0,2,2,1,1
16755,2,2,0,0,0,0,0,0,2,2,1,1
16756,2,2,0,0,0,0,0,0,2,2,1,1
16757,2,2,0,0,0,0,0,0,2,2,1,1
16758,2,2,0,0,0,0,0,0,2,2,1,1
16759,2,2,0,0,0,0,0,0,2,2,1,1
16760,2,2,0,0,0,0,0,0,2,2,1,1
16761,2,2,0,0,0,0,0,0,2,2,1,1
16762,2,2,0,0,0,0,0,0,2,2,1,1
16763,2,2,0,0,0,0,0,0,2,2,1,1
16764,2,2,0,0,0,0,0,0,2,2,1,1
16765,2,2,0,0,0,0,0,0,2,2,1,1
16766,2,2,0,0,0,0,0,0,2,2,1,1
16767,2,2,0,0,0,0,0,0,2,2,1,1
16768,2,2,0,0,0,0,0,0,2,2,1,1
16769,2,2,0,0,0,0,0,0,2,2,1,1
16770,2,2,0,0,0,0,0,0,2,2,1,1
16771,2,2,0,0,0,0,0,0,2,2,1,1
16772,2,2,0,0,0,0,0,0,2,2,1,1
16773,2,2,0,0,0,0,0,0,2,2,1,1
16774,2,2,0,0,0,0,0,0,2,2,1,1
16775,2,2,0,0,0,0,0,0,2,2,1,1
16776,2,2,0,0,0,0,0,0,2,2,1,1
16777,2,2,0,0,0,0,0,0,2,2,1,1
16778,2,2,0,0,0,0,0,0,2,2,1,1
16779,2,2,0,0,0,0,0,0,2,2,1,1
16780,2,2,0,0,0,0,0,0,2,2,1,1
16781,2,2,0,0,0,0,0,0,2,2,1,1
16782,2,2,0,0,0,0,0,0,2,2,1,1
16783,2,2,0,0,0,0,0,0,2,2,1,1
16784,2,2,0,0,0,0,0,0,2,2,1,1
16785,2,2,0,0,0,0,0,0,2,2,1,1
16786,2,2,0,0,0,0,0,0,2,2,1,1
16787,2,2,0,0,0,0,0,0,2,2,1,1
16788,2,2,0,0,0,0,0,0,2,2,1,1
16789,2,2,0,0,0,0,0,0,2,2,1,1
16790,2,2,0,0,0,0,0,0,2,2,1,1
16791,2,2,0,0,0,0,0,0,2,2,1,1
16792,2,2,0,0,0,0,0,0,2,2,1,1
16793,2,2,0,0,0,0,0,0,2,2,1,1
16794,2,2,0,0,0,0,0,0,2,2,1,1
16795,2,2,0,0,0,0,0,0,2,2,1,1
16796,2,2,0,0,0,0,0,0,2,2,1,1
16797,2,2,0,0,0,0,0,0,2,2,1,1
16798,2,2,0,0,0,0,0,0,2,2,1,1
16799,2,2,0,0,0,0,0,0,2,2,1,1
16800,2,2,0,0,0,0,0,0,2,2,1,1
16801,2,2,0,0,0,0,0,0,2,2,1,1
16802,2,2,0,0,0,0,0,0,2,2,1,1
16803,2,2,0,0,0,0,0,0,2,2,1,1
16804,2,2,0,0,0,0,0,0,2,2,1,1
16805,2,2,0,0,0,0,0,0,2,2,1,1
16806,2,2,0,0,0,0,0,0,2,2,1,1
16807,2,2,0,0,0,0,0,0,2,2,1,1
16808,2,2,0,0,0,0,0,0,2,2,1,1
16809,2,2,0,0,0,0,0,0,2,2,1,1
16810,2,2,0,0,0,0,0,0,2,2,1,1
16811,2,2,0,0,0,0,0,0,2,2,1,1
16812,2,2,0,0,0,0,0,0,2,2,1,1
16813,2,2,0,0,0,0,0,0,2,2,1,1
16814,2,2,0,0,0,0,0,0,2,2,1,1
16815,2,2,0,0,0,0,0,0,2,2,1,1
16816,2,2,0,0,0,0,0,0,2,2,1,1
16817,2,2,0,0,0,0,0,0,2,2,1,1
16818,2,2,0,0,0,0,0,0,2,2,1,1
16819,2,2,0,0,0,0,0,0,2,2,1,1
16820,2,2,0,0,0,0,0,0,2,2,1,1
16821,2,2,0,0,0,0,0,0,2,2,1,1
16822,2,2,0,0,0,0,0,0,2,2,1,1
16823,2,2,0,0,0,0,0,0,2,2,1,1
16824,2,2,0,0,0,0,0,0,2,2,1,1
16825,2,2,0,0,0,0,0,0,2,2,1,1
16826,2,2,0,0,0,0,0,0,2,2,1,1
16827,2,2,0,0,0,0,0,0,2,2,1,1
16828,2,2,0,0,0,0,0,0,2,2,1,1
16829,2,2,0,0,0,0,0,0,2,2,1,1
16830,2,2,0,0,0,0,0,0,2,2,1,1
16831,2,2,0,0,0,0,0,0,2,2,1,1
16832,2,2,0,0,0,0,0,0,2,2,1,1
16833,2,2,0,0,0,0,0,0,2,2,1,1
16834,2,2,0,0,0,0,0,0,2,2,1,1
16835,2,2,0,0,0,0,0,0,2,2,1,1
16836,2,2,0,0,0,0,0,0,2,2,1,1
16837,2,2,0,0,0,0,0,0,2,2,1,1
16838,2,2,0,0,0,0,0,0,2,2,1,1
16839,2,2,0,0,0,0,0,0,2,2,1,1
16840,2,2,0,0,0,0,0,0,2,2,1,1
16841,2,2,0,0,0,0,0,0,2,2,1,1
16842,2,2,0,0,0,0,0,0,2,2,1,1
16843,2,2,0,0,0,0,0,0,2,2,1,1
16844,2,2,0,0,0,0,0,0,2,2,1,1
16845,2,2,0,0,0,0,0,0,2,2,1,1
16846,2,2,0,0,0,0,0,0,2,2,1,1
16847,2,2,0,0,0,0,0,0,2,2,1,1
16848,2,2,0,0,0,0,0,0,2,2,1,1
16849,2,2,0,0,0,0,0,0,2,2,1,1
16850,2,2,0,0,0,0,0,0,2,2,1,1
16851,2,2,0,0,0,0,0,0,2,2,1,1
16852,2,2,0,0,0,0,0,0,2,2,1,1
16853,2,2,0,0,0,0,0,0,2,2,1,1
16854,2,2,0,0,0,0,0,0,2,2,1,1
16855,2,2,0,0,0,0,0,0,2,2,1,1
16856,2,2,0,0,0,0,0,0,2,2,1,1
16857,2,2,0,0,0,0,0,0,2,2,1,1
16858,2,2,0,0,0,0,0,0,2,2,1,1
16859,2,2,0,0,0,0,0,0,2,2,1,1
16860,2,2,0,0,0,0,0,0,2,2,1,1
16861,2,2,0,0,0,0,0,0,2,2,1,1
16862,2,2,0,0,0,0,0,0,2,2,1,1
16863,2,2,0,0,0,0,0,0,2,2,1,1
16864,2,2,0,0,0,0,0,0,2,2,1,1
16865,2,2,0,0,0,0,0,0,2,2,1,1
16866,2,2,0,0,0,0,0,0,2,2,1,1
16867,2,2,0,0,0,0,0,0,2,2,1,1
16868,2,2,0,0,0,0,0,0,2,2,1,1
16869,2,2,0,0,0,0,0,0,2,2,1,1
16870,2,2,0,0,0,0,0,0,2,2,1,1
16871,2,2,0,0,0,0,0,0,2,2,1,1
16872,2,2,0,0,0,0,0,0,2,2,1,1
16873,2,2,0,0,0,0,0,0,2,2,1,1
16874,2,2,0,0,0,0,0,0,2,2,1,1
16875,2,2,0,0,0,0,0,0,2,2,1,1
16876,2,2,0,0,0,0,0,0,2,2,1,1
16877,2,2,0,0,0,0,0,0,2,2,1,1
16878,2,2,0,0,0,0,0,0,2,2,1,1
16879,2,2,0,0,0,0,0,0,2,2,1,1
16880,2,2,0,0,0,0,0,0,2,2,1,1
16881,2,2,0,0,0,0,0,0,2,2,1,1
16882,2,2,0,0,0,0,0,0,2,2,1,1
16883,2,2,0,0,0,0,0,0,2,2,1,1
16884,2,2,0,0,0,0,0,0,2,2,1,1
16885,2,2,0,0,0,0,0,0,2,2,1,1
16886,2,2,0,0,0,0,0,0,2,2,1,1
16887,2,2,0,0,0,0,0,0,2,2,1,1
16888,2,2,0,0,0,0,0,0,2,2,1,1
16889,2,2,0,0,0,0,0,0,2,2,1,1
16890,2,2,0,0,0,0,0,0,2,2,1,1
16891,2,2,0,0,0,0,0,0,2,2,1,1
16892,2,2,0,0,0,0,0,0,2,2,1,1
16893,2,2,0,0,0,0,0,0,2,2,1,1
16894,2,2,0,0,0,0,0,0,2,2,1,1
16895,2,2,0,0,0,0,0,0,2,2,1,1
16896,2,2,0,0,0,0,0,0,2,2,1,1
16897,2,2,0,0,0,0,0,0,2,2,1,1
16898,2,2,0,0,0,0,0,0,2,2,1,1
16899,2,2,0,0,0,0,0,0,2,2,1,1
16900,2,2,0,0,0,0,0,0,2,2,1,1
16901,2,2,0,0,0,0,0,0,2,2,1,1
16902,2,2,0,0,0,0,0,0,2,2,1,1
16903,2,2,0,0,0,0,0,0,2,2,1,1
16904,2,2,0,0,0,0,0,0,2,2,1,1
16905,2,2,0,0,0,0,0,0,2,2,1,1
16906,2,2,0,0,0,0,0,0,2,2,1,1
16907,2,2,0,0,0,0,0,0,2,2,1,1
16908,2,2,0,0,0,0,0,0,2,2,1,1
16909,2,2,0,0,0,0,0,0,2,2,1,1
16910,2,2,0,0,0,0,0,0,2,2,1,1
16911,2,2,0,0,0,0,0,0,2,2,1,1
16912,2,2,0,0,0,0,0,0,2,2,1,1
16913,2,2,0,0,0,0,0,0,2,2,1,1
16914,2,2,0,0,0,0,0,0,2,2,1,1
16915,2,2,0,0,0,0,0,0,2,2,1,1
16916,2,2,0,0,0,0,0,0,2,2,1,1
16917,2,2,0,0,0,0,0,0,2,2,1,1
16918,2,2,0,0,0,0,0,0,2,2,1,1
16919,2,2,0,0,0,0,0,0,2,2,1,1
16920,2,2,0,0,0,0,0,0,2,2,1,1
16921,2,2,0,0,0,0,0,0,2,2,1,1
16922,2,2,0,0,0,0,0,0,2,2,1,1
16923,2,2,0,0,0,0,0,0,2,2,1,1
16924,2,2,0,0,0,0,0,0,2,2,1,1
16925,2,2,0,0,0,0,0,0,2,2,1,1
16926,2,2,0,0,0,0,0,0,2,2,1,1
16927,2,2,0,0,0,0,0,0,2,2,1,1
16928,2,2,0,0,0,0,0,0,2,2,1,1
16929,2,2,0,0,0,0,0,0,2,2,1,1
16930,2,2,0,0,0,0,0,0,2,2,1,1
16931,2,2,0,0,0,0,0,0,2,2,1,1
16932,2,2,0,0,0,0,0,0,2,2,1,1
16933,2,2,0,0,0,0,0,0,2,2,1,1
16934,2,2,0,0,0,0,0,0,2,2,1,1
16935,2,2,0,0,0,0,0,0,2,2,1,1
16936,2,2,0,0,0,0,0,0,2,2,1,1
16937,2,2,0,0,0,0,0,0,2,2,1,1
16938,2,2,0,0,0,0,0,0,2,2,1,1
16939,2,2,0,0,0,0,0,0,2,2,1,1
16940,2,2,0,0,0,0,0,0,2,2,1,1
16941,2,2,0,0,0,0,0,0,2,2,1,1
16942,2,2,0,0,0,0,0,0,2,2,1,1
16943,2,2,0,0,0,0,0,0,2,2,1,1
16944,2,2,0,0,0,0,0,0,2,2,1,1
16945,2,2,0,0,0,0,0,0,2,2,1,1
16946,2,2,0,0,0,0,0,0,2,2,1,1
16947,2,2,0,0,0,0,0,0,2,2,1,1
16948,2,2,0,0,0,0,0,0,2,2,1,1
16949,2,2,0,0,0,0,0,0,2,2,1,1
16950,2,2,0,0,0,0,0,0,2,2,1,1
16951,2,2,0,0,0,0,0,0,2,2,1,1
16952,2,2,0,0,0,0,0,0,2,2,1,1
16953,2,2,0,0,0,0,0,0,2,2,1,1
16954,2,2,0,0,0,0,0,0,2,2,1,1
16955,2,2,0,0,0,0,0,0,2,2,1,1
16956,2,2,0,0,0,0,0,0,2,2,1,1
16957,2,2,0,0,0,0,0,0,2,2,1,1
16958,2,2,0,0,0,0,0,0,2,2,1,1
16959,2,2,0,0,0,0,0,0,2,2,1,1
16960,2,2,0,0,0,0,0,0,2,2,1,1
16961,2,2,0,0,0,0,0,0,2,2,1,1
16962,2,2,0,0,0,0,0,0,2,2,1,1
16963,2,2,0,0,0,0,0,0,2,2,1,1
16964,2,2,0,0,0,0,0,0,2,2,1,1
16965,2,2,0,0,0,0,0,0,2,2,1,1
16966,2,2,0,0,0,0,0,0,2,2,1,1
16967,2,2,0,0,0,0,0,0,2,2,1,1
16968,2,2,0,0,0,0,0,0,2,2,1,1
16969,2,2,0,0,0,0,0,0,2,2,1,1
16970,2,2,0,0,0,0,0,0,2,2,1,1
16971,2,2,0,0,0,0,0,0,2,2,1,1
16972,2,2,0,0,0,0,0,0,2,2,1,1
16973,2,2,0,0,0,0,0,0,2,2,1,1
16974,2,2,0,0,0,0,0,0,2,2,1,1
16975,2,2,0,0,0,0,0,0,2,2,1,1
16976,2,2,0,0,0,0,0,0,2,2,1,1
16977,2,2,0,0,0,0,0,0,2,2,1,1
16978,2,2,0,0,0,0,0,0,2,2,1,1
16979,2,2,0,0,0,0,0,0,2,2,1,1
16980,2,2,0,0,0,0,0,0,2,2,1,1
16981,2,2,0,0,0,0,0,0,2,2,1,1
16982,2,2,0,0,0,0,0,0,2,2,1,1
16983,2,2,0,0,0,0,0,0,2,2,1,1
16984,2,2,0,0,0,0,0,0,2,2,1,1
16985,2,2,0,0,0,0,0,0,2,2,1,1
16986,2,2,0,0,0,0,0,0,2,2,1,1
16987,2,2,0,0,0,0,0,0,2,2,1,1
16988,2,2,0,0,0,0,0,0,2,2,1,1
16989,2,2,0,0,0,0,0,0,2,2,1,1
16990,2,2,0,0,0,0,0,0,2,2,1,1
16991,2,2,0,0,0,0,0,0,2,2,1,1
16992,2,2,0,0,0,0,0,0,2,2,1,1
16993,2,2,0,0,0,0,0,0,2,2,1,1
16994,2,2,0,0,0,0,0,0,2,2,1,1
16995,2,2,0,0,0,0,0,0,2,2,1,1
16996,2,2,0,0,0,0,0,0,2,2,1,1
16997,2,2,0,0,0,0,0,0,2,2,1,1
16998,2,2,0,0,0,0,0,0,2,2,1,1
16999,2,2,0,0,0,0,0,0,2,2,1,1
17000,2,2,0,0,0,0,0,0,2,2,1,1
17001,2,2,0,0,0,0,0,0,2,2,1,1
17002,2,2,0,0,0,0,0,0,2,2,1,1
17003,2,2,0,0,0,0,0,0,2,2,1,1
17004,2,2,0,0,0,0,0,0,2,2,1,1
17005,2,2,0,0,0,0,0,0,2,2,1,1
17006,2,2,0,0,0,0,0,0,2,2,1,1
17007,2,2,0,0,0,0,0,0,2,2,1,1
17008,2,2,0,0,0,0,0,0,2,2,1,1
17009,2,2,0,0,0,0,0,0,2,2,1,1
17010,2,2,0,0,0,0,0,0,2,2,1,1
17011,2,2,0,0,0,0,0,0,2,2,1,1
17012,2,2,0,0,0,0,0,0,2,2,1,1
17013,2,2,0,0,0,0,0,0,2,2,1,1
17014,2,2,0,0,0,0,0,0,2,2,1,1
17015,2,2,0,0,0,0,0,0,2,2,1,1
17016,2,2,0,0,0,0,0,0,2,2,1,1
17017,2,2,0,0,0,0,0,0,2,2,1,1
17018,2,2,0,0,0,0,0,0,2,2,1,1
17019,2,2,0,0,0,0,0,0,2,2,1,1
17020,2,2,0,0,0,0,0,0,2,2,1,1
17021,2,2,0,0,0,0,0,0,2,2,1,1
17022,2,2,0,0,0,0,0,0,2,2,1,1
17023,2,2,0,0,0,0,0,0,2,2,1,1
17024,2,2,0,0,0,0,0,0,2,2,1,1
17025,2,2,0,0,0,0,0,0,2,2,1,1
17026,2,2,0,0,0,0,0,0,2,2,1,1
17027,2,2,0,0,0,0,0,0,2,2,1,1
17028,2,2,0,0,0,0,0,0,2,2,1,1
17029,2,2,0,0,0,0,0,0,2,2,1,1
17030,2,2,0,0,0,0,0,0,2,2,1,1
17031,2,2,0,0,0,0,0,0,2,2,1,1
17032,2,2,0,0,0,0,0,0,2,2,1,1
17033,2,2,0,0,0,0,0,0,2,2,1,1
17034,2,2,0,0,0,0,0,0,2,2,1,1
17035,2,2,0,0,0,0,0,0,2,2,1,1
17036,2,2,0,0,0,0,0,0,2,2,1,1
17037,2,2,0,0,0,0,0,0,2,2,1,1
17038,2,2,0,0,0,0,0,0,2,2,1,1
17039,2,2,0,0,0,0,0,0,2,2,1,1
17040,2,2,0,0,0,0,0,0,2,2,1,1
17041,2,2,0,0,0,0,0,0,2,2,1,1
17042,2,2,0,0,0,0,0,0,2,2,1,1
17043,2,2,0,0,0,0,0,0,2,2,1,1
17044,2,2,0,0,0,0,0,0,2,2,1,1
17045,2,2,0,0,0,0,0,0,2,2,1,1
17046,2,2,0,0,0,0,0,0,2,2,1,1
17047,2,2,0,0,0,0,0,0,2,2,1,1
17048,2,2,0,0,0,0,0,0,2,2,1,1
17049,2,2,0,0,0,0,0,0,2,2,1,1
17050,2,2,0,0,0,0,0,0,2,2,1,1
17051,2,2,0,0,0,0,0,0,2,2,1,1
17052,2,2,0,0,0,0,0,0,2,2,1,1
17053,2,2,0,0,0,0,0,0,2,2,1,1
17054,2,2,0,0,0,0,0,0,2,2,1,1
17055,2,2,0,0,0,0,0,0,2,2,1,1
17056,2,2,0,0,0,0,0,0,2,2,1,1
17057,2,2,0,0,0,0,0,0,2,2,1,1
17058,2,2,0,0,0,0,0,0,2,2,1,1
17059,2,2,0,0,0,0,0,0,2,2,1,1
17060,2,2,0,0,0,0,0,0,2,2,1,1
17061,2,2,0,0,0,0,0,0,2,2,1,1
17062,2,2,0,0,0,0,0,0,2,2,1,1
17063,2,2,0,0,0,0,0,0,2,2,1,1
17064,2,2,0,0,0,0,0,0,2,2,1,1
17065,2,2,0,0,0,0,0,0,2,2,1,1
17066,2,2,0,0,0,0,0,0,2,2,1,1
17067,2,2,0,0,0,0,0,0,2,2,1,1
17068,2,2,0,0,0,0,0,0,2,2,1,1
17069,2,2,0,0,0,0,0,0,2,2,1,1
17070,2,2,0,0,0,0,0,0,2,2,1,1
17071,2,2,0,0,0,0,0,0,2,2,1,1
17072,2,2,0,0,0,0,0,0,2,2,1,1
17073,2,2,0,0,0,0,0,0,2,2,1,1
17074,2,2,0,0,0,0,0,0,2,2,1,1
17075,2,2,0,0,0,0,0,0,2,2,1,1
17076,2,2,0,0,0,0,0,0,2,2,1,1
17077,2,2,0,0,0,0,0,0,2,2,1,1
17078,2,2,0,0,0,0,0,0,2,2,1,1
17079,2,2,0,0,0,0,0,0,2,2,1,1
17080,2,2,0,0,0,0,0,0,2,2,1,1
17081,2,2,0,0,0,0,0,0,2,2,1,1
17082,2,2,0,0,0,0,0,0,2,2,1,1
17083,2,2,0,0,0,0,0,0,2,2,1,1
17084,2,2,0,0,0,0,0,0,2,2,1,1
17085,2,2,0,0,0,0,0,0,2,2,1,1
17086,2,2,0,0,0,0,0,0,2,2,1,1
17087,2,2,0,0,0,0,0,0,2,2,1,1
17088,2,2,0,0,0,0,0,0,2,2,1,1
17089,2,2,0,0,0,0,0,0,2,2,1,1
17090,2,2,0,0,0,0,0,0,2,2,1,1
17091,2,2,0,0,0,0,0,0,2,2,1,1
17092,2,2,0,0,0,0,0,0,2,2,1,1
17093,2,2,0,0,0,0,0,0,2,2,1,1
17094,2,2,0,0,0,0,0,0,2,2,1,1
17095,2,2,0,0,0,0,0,0,2,2,1,1
17096,2,2,0,0,0,0,0,0,2,2,1,1
17097,2,2,0,0,0,0,0,0,2,2,1,1
17098,2,2,0,0,0,0,0,0,2,2,1,1
17099,2,2,0,0,0,0,0,0,2,2,1,1
17100,2,2,0,0,0,0,0,0,2,2,1,1
17101,2,2,0,0,0,0,0,0,2,2,1,1
17102,2,2,0,0,0,0,0,0,2,2,1,1
17103,2,2,0,0,0,0,0,0,2,2,1,1
17104,2,2,0,0,0,0,0,0,2,2,1,1
17105,2,2,0,0,0,0,0,0,2,2,1,1
17106,2,2,0,0,0,0,0,0,2,2,1,1
17107,2,2,0,0,0,0,0,0,2,2,1,1
17108,2,2,0,0,0,0,0,0,2,2,1,1
17109,2,2,0,0,0,0,0,0,2,2,1,1
17110,2,2,0,0,0,0,0,0,2,2,1,1
17111,2,2,0,0,0,0,0,0,2,2,1,1
17112,2,2,0,0,0,0,0,0,2,2,1,1
17113,2,2,0,0,0,0,0,0,2,2,1,1
17114,2,2,0,0,0,0,0,0,2,2,1,1
17115,2,2,0,0,0,0,0,0,2,2,1,1
17116,2,2,0,0,0,0,0,0,2,2,1,1
17117,2,2,0,0,0,0,0,0,2,2,1,1
17118,2,2,0,0,0,0,0,0,2,2,1,1
17119,2,2,0,0,0,0,0,0,2,2,1,1
17120,2,2,0,0,0,0,0,0,2,2,1,1
17121,2,2,0,0,0,0,0,0,2,2,1,1
17122,2,2,0,0,0,0,0,0,2,2,1,1
17123,2,2,0,0,0,0,0,0,2,2,1,1
17124,2,2,0,0,0,0,0,0,2,2,1,1
17125,2,2,0,0,0,0,0,0,2,2,1,1
17126,2,2,0,0,0,0,0,0,2,2,1,1
17127,2,2,0,0,0,0,0,0,2,2,1,1
17128,2,2,0,0,0,0,0,0,2,2,1,1
17129,2,2,0,0,0,0,0,0,2,2,1,1
17130,2,2,0,0,0,0,0,0,2,2,1,1
17131,2,2,0,0,0,0,0,0,2,2,1,1
17132,2,2,0,0,0,0,0,0,2,2,1,1
17133,2,2,0,0,0,0,0,0,2,2,1,1
17134,2,2,0,0,0,0,0,0,2,2,1,1
17135,2,2,0,0,0,0,0,0,2,2,1,1
17136,2,2,0,0,0,0,0,0,2,2,1,1
17137,2,2,0,0,0,0,0,0,2,2,1,1
17138,2,2,0,0,0,0,0,0,2,2,1,1
17139,2,2,0,0,0,0,0,0,2,2,1,1
17140,2,2,0,0,0,0,0,0,2,2,1,1
17141,2,2,0,0,0,0,0,0,2,2,1,1
17142,2,2,0,0,0,0,0,0,2,2,1,1
17143,2,2,0,0,0,0,0,0,2,2,1,1
17144,2,2,0,0,0,0,0,0,2,2,1,1
17145,2,2,0,0,0,0,0,0,2,2,1,1
17146,2,2,0,0,0,0,0,0,2,2,1,1
17147,2,2,0,0,0,0,0,0,2,2,1,1
17148,2,2,0,0,0,0,0,0,2,2,1,1
17149,2,2,0,0,0,0,0,0,2,2,1,1
17150,2,2,0,0,0,0,0,0,2,2,1,1
17151,2,2,0,0,0,0,0,0,2,2,1,1
17152,2,2,0,0,0,0,0,0,2,2,1,1
17153,2,2,0,0,0,0,0,0,2,2,1,1
17154,2,2,0,0,0,0,0,0,2,2,1,1
17155,2,2,0,0,0,0,0,0,2,2,1,1
17156,2,2,0,0,0,0,0,0,2,2,1,1
17157,2,2,0,0,0,0,0,0,2,2,1,1
17158,2,2,0,0,0,0,0,0,2,2,1,1
17159,2,2,0,0,0,0,0,0,2,2,1,1
17160,2,2,0,0,0,0,0,0,2,2,1,1
17161,2,2,0,0,0,0,0,0,2,2,1,1
17162,2,2,0,0,0,0,0,0,2,2,1,1
17163,2,2,0,0,0,0,0,0,2,2,1,1
17164,2,2,0,0,0,0,0,0,2,2,1,1
17165,2,2,0,0,0,0,0,0,2,2,1,1
17166,2,2,0,0,0,0,0,0,2,2,1,1
17167,2,2,0,0,0,0,0,0,2,2,1,1
17168,2,2,0,0,0,0,0,0,2,2,1,1
17169,2,2,0,0,0,0,0,0,2,2,1,1
17170,2,2,0,0,0,0,0,0,2,2,1,1
17171,2,2,0,0,0,0,0,0,2,2,1,1
17172,2,2,0,0,0,0,0,0,2,2,1,1
17173,2,2,0,0,0,0,0,0,2,2,1,1
17174,2,2,0,0,0,0,0,0,2,2,1,1
17175,2,2,0,0,0,0,0,0,2,2,1,1
17176,2,2,0,0,0,0,0,0,2,2,1,1
17177,2,2,0,0,0,0,0,0,2,2,1,1
17178,2,2,0,0,0,0,0,0,2,2,1,1
17179,2,2,0,0,0,0,0,0,2,2,1,1
17180,2,2,0,0,0,0,0,0,2,2,1,1
17181,2,2,0,0,0,0,0,0,2,2,1,1
17182,2,2,0,0,0,0,0,0,2,2,1,1
17183,2,2,0,0,0,0,0,0,2,2,1,1
17184,2,2,0,0,0,0,0,0,2,2,1,1
17185,2,2,0,0,0,0,0,0,2,2,1,1
17186,2,2,0,0,0,0,0,0,2,2,1,1
17187,2,2,0,0,0,0,0,0,2,2,1,1
17188,2,2,0,0,0,0,0,0,2,2,1,1
17189,2,2,0,0,0,0,0,0,2,2,1,1
17190,2,2,0,0,0,0,0,0,2,2,1,1
17191,2,2,0,0,0,0,0,0,2,2,1,1
17192,2,2,0,0,0,0,0,0,2,2,1,1
17193,2,2,0,0,0,0,0,0,2,2,1,1
17194,2,2,0,0,0,0,0,0,2,2,1,1
17195,2,2,0,0,0,0,0,0,2,2,1,1
17196,2,2,0,0,0,0,0,0,2,2,1,1
17197,2,2,0,0,0,0,0,0,2,2,1,1
17198,2,2,0,0,0,0,0,0,2,2,1,1
17199,2,2,0,0,0,0,0,0,2,2,1,1
17200,2,2,0,0,0,0,0,0,2,2,1,1
17201,2,2,0,0,0,0,0,0,2,2,1,1
17202,2,2,0,0,0,0,0,0,2,2,1,1
17203,2,2,0,0,0,0,0,0,2,2,1,1
17204,2,2,0,0,0,0,0,0,2,2,1,1
17205,2,2,0,0,0,0,0,0,2,2,1,1
17206,2,2,0,0,0,0,0,0,2,2,1,1
17207,2,2,0,0,0,0,0,0,2,2,1,1
17208,2,2,0,0,0,0,0,0,2,2,1,1
17209,2,2,0,0,0,0,0,0,2,2,1,1
17210,2,2,0,0,0,0,0,0,2,2,1,1
17211,2,2,0,0,0,0,0,0,2,2,1,1
17212,2,2,0,0,0,0,0,0,2,2,1,1
17213,2,2,0,0,0,0,0,0,2,2,1,1
17214,2,2,0,0,0,0,0,0,2,2,1,1
17215,2,2,0,0,0,0,0,0,2,2,1,1
17216,2,2,0,0,0,0,0,0,2,2,1,1
17217,2,2,0,0,0,0,0,0,2,2,1,1
17218,2,2,0,0,0,0,0,0,2,2,1,1
17219,2,2,0,0,0,0,0,0,2,2,1,1
17220,2,2,0,0,0,0,0,0,2,2,1,1
17221,2,2,0,0,0,0,0,0,2,2,1,1
17222,2,2,0,0,0,0,0,0,2,2,1,1
17223,2,2,0,0,0,0,0,0,2,2,1,1
17224,2,2,0,0,0,0,0,0,2,2,1,1
17225,2,2,0,0,0,0,0,0,2,2,1,1
17226,2,2,0,0,0,0,0,0,2,2,1,1
17227,2,2,0,0,0,0,0,0,2,2,1,1
17228,2,2,0,0,0,0,0,0,2,2,1,1
17229,2,2,0,0,0,0,0,0,2,2,1,1
17230,2,2,0,0,0,0,0,0,2,2,1,1
17231,2,2,0,0,0,0,0,0,2,2,1,1
17232,2,2,0,0,0,0,0,0,2,2,1,1
17233,2,2,0,0,0,0,0,0,2,2,1,1
17234,2,2,0,0,0,0,0,0,2,2,1,1
17235,2,2,0,0,0,0,0,0,2,2,1,1
17236,2,2,0,0,0,0,0,0,2,2,1,1
17237,2,2,0,0,0,0,0,0,2,2,1,1
17238,2,2,0,0,0,0,0,0,2,2,1,1
17239,2,2,0,0,0,0,0,0,2,2,1,1
17240,2,2,0,0,0,0,0,0,2,2,1,1
17241,2,2,0,0,0,0,0,0,2,2,1,1
17242,2,2,0,0,0,0,0,0,2,2,1,1
17243,2,2,0,0,0,0,0,0,2,2,1,1
17244,2,2,0,0,0,0,0,0,2,2,1,1
17245,2,2,0,0,0,0,0,0,2,2,1,1
17246,2,2,0,0,0,0,0,0,2,2,1,1
17247,2,2,0,0,0,0,0,0,2,2,1,1
17248,2,2,0,0,0,0,0,0,2,2,1,1
17249,2,2,0,0,0,0,0,0,2,2,1,1
17250,2,2,0,0,0,0,0,0,2,2,1,1
17251,2,2,0,0,0,0,0,0,2,2,1,1
17252,2,2,0,0,0,0,0,0,2,2,1,1
17253,2,2,0,0,0,0,0,0,2,2,1,1
17254,2,2,0,0,0,0,0,0,2,2,1,1
17255,2,2,0,0,0,0,0,0,2,2,1,1
17256,2,2,0,0,0,0,0,0,2,2,1,1
17257,2,2,0,0,0,0,0,0,2,2,1,1
17258,2,2,0,0,0,0,0,0,2,2,1,1
17259,2,2,0,0,0,0,0,0,2,2,1,1
17260,2,2,0,0,0,0,0,0,2,2,1,1
17261,2,2,0,0,0,0,0,0,2,2,1,1
17262,2,2,0,0,0,0,0,0,2,2,1,1
17263,2,2,0,0,0,0,0,0,2,2,1,1
17264,2,2,0,0,0,0,0,0,2,2,1,1
17265,2,2,0,0,0,0,0,0,2,2,1,1
17266,2,2,0,0,0,0,0,0,2,2,1,1
17267,2,2,0,0,0,0,0,0,2,2,1,1
17268,2,2,0,0,0,0,0,0,2,2,1,1
17269,2,2,0,0,0,0,0,0,2,2,1,1
17270,2,2,0,0,0,0,0,0,2,2,1,1
17271,2,2,0,0,0,0,0,0,2,2,1,1
17272,2,2,0,0,0,0,0,0,2,2,1,1
17273,2,2,0,0,0,0,0,0,2,2,1,1
17274,2,2,0,0,0,0,0,0,2,2,1,1
17275,2,2,0,0,0,0,0,0,2,2,1,1
17276,2,2,0,0,0,0,0,0,2,2,1,1
17277,2,2,0,0,0,0,0,0,2,2,1,1
17278,2,2,0,0,0,0,0,0,2,2,1,1
17279,2,2,0,0,0,0,0,0,2,2,1,1
17280,2,2,0,0,0,0,0,0,2,2,1,1
17281,2,2,0,0,0,0,0,0,2,2,1,1
17282,2,2,0,0,0,0,0,0,2,2,1,1
17283,2,2,0,0,0,0,0,0,2,2,1,1
17284,2,2,0,0,0,0,0,0,2,2,1,1
17285,2,2,0,0,0,0,0,0,2,2,1,1
17286,2,2,0,0,0,0,0,0,2,2,1,1
17287,2,2,0,0,0,0,0,0,2,2,1,1
17288,2,2,0,0,0,0,0,0,2,2,1,1
17289,2,2,0,0,0,0,0,0,2,2,1,1
17290,2,2,0,0,0,0,0,0,2,2,1,1
17291,2,2,0,0,0,0,0,0,2,2,1,1
17292,2,2,0,0,0,0,0,0,2,2,1,1
17293,2,2,0,0,0,0,0,0,2,2,1,1
17294,2,2,0,0,0,0,0,0,2,2,1,1
17295,2,2,0,0,0,0,0,0,2,2,1,1
17296,2,2,0,0,0,0,0,0,2,2,1,1
17297,2,2,0,0,0,0,0,0,2,2,1,1
17298,2,2,0,0,0,0,0,0,2,2,1,1
17299,2,2,0,0,0,0,0,0,2,2,1,1
17300,2,2,0,0,0,0,0,0,2,2,1,1
17301,2,2,0,0,0,0,0,0,2,2,1,1
17302,2,2,0,0,0,0,0,0,2,2,1,1
17303,2,2,0,0,0,0,0,0,2,2,1,1
17304,2,2,0,0,0,0,0,0,2,2,1,1
17305,2,2,0,0,0,0,0,0,2,2,1,1
17306,2,2,0,0,0,0,0,0,2,2,1,1
17307,2,2,0,0,0,0,0,0,2,2,1,1
17308,2,2,0,0,0,0,0,0,2,2,1,1
17309,2,2,0,0,0,0,0,0,2,2,1,1
17310,2,2,0,0,0,0,0,0,2,2,1,1
17311,2,2,0,0,0,0,0,0,2,2,1,1
17312,2,2,0,0,0,0,0,0,2,2,1,1
17313,2,2,0,0,0,0,0,0,2,2,1,1
17314,2,2,0,0,0,0,0,0,2,2,1,1
17315,2,2,0,0,0,0,0,0,2,2,1,1
17316,2,2,0,0,0,0,0,0,2,2,1,1
17317,2,2,0,0,0,0,0,0,2,2,1,1
17318,2,2,0,0,0,0,0,0,2,2,1,1
17319,2,2,0,0,0,0,0,0,2,2,1,1
17320,2,2,0,0,0,0,0,0,2,2,1,1
17321,2,2,0,0,0,0,0,0,2,2,1,1
17322,2,2,0,0,0,0,0,0,2,2,1,1
17323,2,2,0,0,0,0,0,0,2,2,1,1
17324,2,2,0,0,0,0,0,0,2,2,1,1
17325,2,2,0,0,0,0,0,0,2,2,1,1
17326,2,2,0,0,0,0,0,0,2,2,1,1
17327,2,2,0,0,0,0,0,0,2,2,1,1
17328,2,2,0,0,0,0,0,0,2,2,1,1
17329,2,2,0,0,0,0,0,0,2,2,1,1
17330,2,2,0,0,0,0,0,0,2,2,1,1
17331,2,2,0,0,0,0,0,0,2,2,1,1
17332,2,2,0,0,0,0,0,0,2,2,1,1
17333,2,2,0,0,0,0,0,0,2,2,1,1
17334,2,2,0,0,0,0,0,0,2,2,1,1
17335,2,2,0,0,0,0,0,0,2,2,1,1
17336,2,2,0,0,0,0,0,0,2,2,1,1
17337,2,2,0,0,0,0,0,0,2,2,1,1
17338,2,2,0,0,0,0,0,0,2,2,1,1
17339,2,2,0,0,0,0,0,0,2,2,1,1
17340,2,2,0,0,0,0,0,0,2,2,1,1
17341,2,2,0,0,0,0,0,0,2,2,1,1
17342,2,2,0,0,0,0,0,0,2,2,1,1
17343,2,2,0,0,0,0,0,0,2,2,1,1
17344,2,2,0,0,0,0,0,0,2,2,1,1
17345,2,2,0,0,0,0,0,0,2,2,1,1
17346,2,2,0,0,0,0,0,0,2,2,1,1
17347,2,2,0,0,0,0,0,0,2,2,1,1
17348,2,2,0,0,0,0,0,0,2,2,1,1
17349,2,2,0,0,0,0,0,0,2,2,1,1
17350,2,2,0,0,0,0,0,0,2,2,1,1
17351,2,2,0,0,0,0,0,0,2,2,1,1
17352,2,2,0,0,0,0,0,0,2,2,1,1
17353,2,2,0,0,0,0,0,0,2,2,1,1
17354,2,2,0,0,0,0,0,0,2,2,1,1
17355,2,2,0,0,0,0,0,0,2,2,1,1
17356,2,2,0,0,0,0,0,0,2,2,1,1
17357,2,2,0,0,0,0,0,0,2,2,1,1
17358,2,2,0,0,0,0,0,0,2,2,1,1
17359,2,2,0,0,0,0,0,0,2,2,1,1
17360,2,2,0,0,0,0,0,0,2,2,1,1
17361,2,2,0,0,0,0,0,0,2,2,1,1
17362,2,2,0,0,0,0,0,0,2,2,1,1
17363,2,2,0,0,0,0,0,0,2,2,1,1
17364,2,2,0,0,0,0,0,0,2,2,1,1
17365,2,2,0,0,0,0,0,0,2,2,1,1
17366,2,2,0,0,0,0,0,0,2,2,1,1
17367,2,2,0,0,0,0,0,0,2,2,1,1
17368,2,2,0,0,0,0,0,0,2,2,1,1
17369,2,2,0,0,0,0,0,0,2,2,1,1
17370,2,2,0,0,0,0,0,0,2,2,1,1
17371,2,2,0,0,0,0,0,0,2,2,1,1
17372,2,2,0,0,0,0,0,0,2,2,1,1
17373,2,2,0,0,0,0,0,0,2,2,1,1
17374,2,2,0,0,0,0,0,0,2,2,1,1
17375,2,2,0,0,0,0,0,0,2,2,1,1
17376,2,2,0,0,0,0,0,0,2,2,1,1
17377,2,2,0,0,0,0,0,0,2,2,1,1
17378,2,2,0,0,0,0,0,0,2,2,1,1
17379,2,2,0,0,0,0,0,0,2,2,1,1
17380,2,2,0,0,0,0,0,0,2,2,1,1
17381,2,2,0,0,0,0,0,0,2,2,1,1
17382,2,2,0,0,0,0,0,0,2,2,1,1
17383,2,2,0,0,0,0,0,0,2,2,1,1
17384,2,2,0,0,0,0,0,0,2,2,1,1
17385,2,2,0,0,0,0,0,0,2,2,1,1
17386,2,2,0,0,0,0,0,0,2,2,1,1
17387,2,2,0,0,0,0,0,0,2,2,1,1
17388,2,2,0,0,0,0,0,0,2,2,1,1
17389,2,2,0,0,0,0,0,0,2,2,1,1
17390,2,2,0,0,0,0,0,0,2,2,1,1
17391,2,2,0,0,0,0,0,0,2,2,1,1
17392,2,2,0,0,0,0,0,0,2,2,1,1
17393,2,2,0,0,0,0,0,0,2,2,1,1
17394,2,2,0,0,0,0,0,0,2,2,1,1
17395,2,2,0,0,0,0,0,0,2,2,1,1
17396,2,2,0,0,0,0,0,0,2,2,1,1
17397,2,2,0,0,0,0,0,0,2,2,1,1
17398,2,2,0,0,0,0,0,0,2,2,1,1
17399,2,2,0,0,0,0,0,0,2,2,1,1
17400,2,2,0,0,0,0,0,0,2,2,1,1
17401,2,2,0,0,0,0,0,0,2,2,1,1
17402,2,2,0,0,0,0,0,0,2,2,1,1
17403,2,2,0,0,0,0,0,0,2,2,1,1
17404,2,2,0,0,0,0,0,0,2,2,1,1
17405,2,2,0,0,0,0,0,0,2,2,1,1
17406,2,2,0,0,0,0,0,0,2,2,1,1
17407,2,2,0,0,0,0,0,0,2,2,1,1
17408,2,2,0,0,0,0,0,0,2,2,1,1
17409,2,2,0,0,0,0,0,0,2,2,1,1
17410,2,2,0,0,0,0,0,0,2,2,1,1
17411,2,2,0,0,0,0,0,0,2,2,1,1
17412,2,2,0,0,0,0,0,0,2,2,1,1
17413,2,2,0,0,0,0,0,0,2,2,1,1
17414,2,2,0,0,0,0,0,0,2,2,1,1
17415,2,2,0,0,0,0,0,0,2,2,1,1
17416,2,2,0,0,0,0,0,0,2,2,1,1
17417,2,2,0,0,0,0,0,0,2,2,1,1
17418,2,2,0,0,0,0,0,0,2,2,1,1
17419,2,2,0,0,0,0,0,0,2,2,1,1
17420,2,2,0,0,0,0,0,0,2,2,1,1
17421,2,2,0,0,0,0,0,0,2,2,1,1
17422,2,2,0,0,0,0,0,0,2,2,1,1
17423,2,2,0,0,0,0,0,0,2,2,1,1
17424,2,2,0,0,0,0,0,0,2,2,1,1
17425,2,2,0,0,0,0,0,0,2,2,1,1
17426,2,2,0,0,0,0,0,0,2,2,1,1
17427,2,2,0,0,0,0,0,0,2,2,1,1
17428,2,2,0,0,0,0,0,0,2,2,1,1
17429,2,2,0,0,0,0,0,0,2,2,1,1
17430,2,2,0,0,0,0,0,0,2,2,1,1
17431,2,2,0,0,0,0,0,0,2,2,1,1
17432,2,2,0,0,0,0,0,0,2,2,1,1
17433,2,2,0,0,0,0,0,0,2,2,1,1
17434,2,2,0,0,0,0,0,0,2,2,1,1
17435,2,2,0,0,0,0,0,0,2,2,1,1
17436,2,2,0,0,0,0,0,0,2,2,1,1
17437,2,2,0,0,0,0,0,0,2,2,1,1
17438,2,2,0,0,0,0,0,0,2,2,1,1
17439,2,2,0,0,0,0,0,0,2,2,1,1
17440,2,2,0,0,0,0,0,0,2,2,1,1
17441,2,2,0,0,0,0,0,0,2,2,1,1
17442,2,2,0,0,0,0,0,0,2,2,1,1
17443,2,2,0,0,0,0,0,0,2,2,1,1
17444,2,2,0,0,0,0,0,0,2,2,1,1
17445,2,2,0,0,0,0,0,0,2,2,1,1
17446,2,2,0,0,0,0,0,0,2,2,1,1
17447,2,2,0,0,0,0,0,0,2,2,1,1
17448,2,2,0,0,0,0,0,0,2,2,1,1
17449,2,2,0,0,0,0,0,0,2,2,1,1
17450,2,2,0,0,0,0,0,0,2,2,1,1
17451,2,2,0,0,0,0,0,0,2,2,1,1
17452,2,2,0,0,0,0,0,0,2,2,1,1
17453,2,2,0,0,0,0,0,0,2,2,1,1
17454,2,2,0,0,0,0,0,0,2,2,1,1
17455,2,2,0,0,0,0,0,0,2,2,1,1
17456,2,2,0,0,0,0,0,0,2,2,1,1
17457,2,2,0,0,0,0,0,0,2,2,1,1
17458,2,2,0,0,0,0,0,0,2,2,1,1
17459,2,2,0,0,0,0,0,0,2,2,1,1
17460,2,2,0,0,0,0,0,0,2,2,1,1
17461,2,2,0,0,0,0,0,0,2,2,1,1
17462,2,2,0,0,0,0,0,0,2,2,1,1
17463,2,2,0,0,0,0,0,0,2,2,1,1
17464,2,2,0,0,0,0,0,0,2,2,1,1
17465,2,2,0,0,0,0,0,0,2,2,1,1
17466,2,2,0,0,0,0,0,0,2,2,1,1
17467,2,2,0,0,0,0,0,0,2,2,1,1
17468,2,2,0,0,0,0,0,0,2,2,1,1
17469,2,2,0,0,0,0,0,0,2,2,1,1
17470,2,2,0,0,0,0,0,0,2,2,1,1
17471,2,2,0,0,0,0,0,0,2,2,1,1
17472,2,2,0,0,0,0,0,0,2,2,1,1
17473,2,2,0,0,0,0,0,0,2,2,1,1
17474,2,2,0,0,0,0,0,0,2,2,1,1
17475,2,2,0,0,0,0,0,0,2,2,1,1
17476,2,2,0,0,0,0,0,0,2,2,1,1
17477,2,2,0,0,0,0,0,0,2,2,1,1
17478,2,2,0,0,0,0,0,0,2,2,1,1
17479,2,2,0,0,0,0,0,0,2,2,1,1
17480,2,2,0,0,0,0,0,0,2,2,1,1
17481,2,2,0,0,0,0,0,0,2,2,1,1
17482,2,2,0,0,0,0,0,0,2,2,1,1
17483,2,2,0,0,0,0,0,0,2,2,1,1
17484,2,2,0,0,0,0,0,0,2,2,1,1
17485,2,2,0,0,0,0,0,0,2,2,1,1
17486,2,2,0,0,0,0,0,0,2,2,1,1
17487,2,2,0,0,0,0,0,0,2,2,1,1
17488,2,2,0,0,0,0,0,0,2,2,1,1
17489,2,2,0,0,0,0,0,0,2,2,1,1
17490,2,2,0,0,0,0,0,0,2,2,1,1
17491,2,2,0,0,0,0,0,0,2,2,1,1
17492,2,2,0,0,0,0,0,0,2,2,1,1
17493,2,2,0,0,0,0,0,0,2,2,1,1
17494,2,2,0,0,0,0,0,0,2,2,1,1
17495,2,2,0,0,0,0,0,0,2,2,1,1
17496,2,2,0,0,0,0,0,0,2,2,1,1
17497,2,2,0,0,0,0,0,0,2,2,1,1
17498,2,2,0,0,0,0,0,0,2,2,1,1
17499,2,2,0,0,0,0,0,0,2,2,1,1
17500,2,2,0,0,0,0,0,0,2,2,1,1
17501,2,2,0,0,0,0,0,0,2,2,1,1
17502,2,2,0,0,0,0,0,0,2,2,1,1
17503,2,2,0,0,0,0,0,0,2,2,1,1
17504,2,2,0,0,0,0,0,0,2,2,1,1
17505,2,2,0,0,0,0,0,0,2,2,1,1
17506,2,2,0,0,0,0,0,0,2,2,1,1
17507,2,2,0,0,0,0,0,0,2,2,1,1
17508,2,2,0,0,0,0,0,0,2,2,1,1
17509,2,2,0,0,0,0,0,0,2,2,1,1
17510,2,2,0,0,0,0,0,0,2,2,1,1
17511,2,2,0,0,0,0,0,0,2,2,1,1
17512,2,2,0,0,0,0,0,0,2,2,1,1
17513,2,2,0,0,0,0,0,0,2,2,1,1
17514,2,2,0,0,0,0,0,0,2,2,1,1
17515,2,2,0,0,0,0,0,0,2,2,1,1
17516,2,2,0,0,0,0,0,0,2,2,1,1
17517,2,2,0,0,0,0,0,0,2,2,1,1
17518,2,2,0,0,0,0,0,0,2,2,1,1
17519,2,2,0,0,0,0,0,0,2,2,1,1
17520,2,2,0,0,0,0,0,0,2,2,1,1
17521,2,2,0,0,0,0,0,0,2,2,1,1
17522,2,2,0,0,0,0,0,0,2,2,1,1
17523,2,2,0,0,0,0,0,0,2,2,1,1
17524,2,2,0,0,0,0,0,0,2,2,1,1
17525,2,2,0,0,0,0,0,0,2,2,1,1
17526,2,2,0,0,0,0,0,0,2,2,1,1
17527,2,2,0,0,0,0,0,0,2,2,1,1
17528,2,2,0,0,0,0,0,0,2,2,1,1
17529,2,2,0,0,0,0,0,0,2,2,1,1
17530,2,2,0,0,0,0,0,0,2,2,1,1
17531,2,2,0,0,0,0,0,0,2,2,1,1
17532,2,2,0,0,0,0,0,0,2,2,1,1
17533,2,2,0,0,0,0,0,0,2,2,1,1
17534,2,2,0,0,0,0,0,0,2,2,1,1
17535,2,2,0,0,0,0,0,0,2,2,1,1
17536,2,2,0,0,0,0,0,0,2,2,1,1
17537,2,2,0,0,0,0,0,0,2,2,1,1
17538,2,2,0,0,0,0,0,0,2,2,1,1
17539,2,2,0,0,0,0,0,0,2,2,1,1
17540,2,2,0,0,0,0,0,0,2,2,1,1
17541,2,2,0,0,0,0,0,0,2,2,1,1
17542,2,2,0,0,0,0,0,0,2,2,1,1
17543,2,2,0,0,0,0,0,0,2,2,1,1
17544,2,2,0,0,0,0,0,0,2,2,1,1
17545,2,2,0,0,0,0,0,0,2,2,1,1
17546,2,2,0,0,0,0,0,0,2,2,1,1
17547,2,2,0,0,0,0,0,0,2,2,1,1
17548,2,2,0,0,0,0,0,0,2,2,1,1
17549,2,2,0,0,0,0,0,0,2,2,1,1
17550,2,2,0,0,0,0,0,0,2,2,1,1
17551,2,2,0,0,0,0,0,0,2,2,1,1
17552,2,2,0,0,0,0,0,0,2,2,1,1
17553,2,2,0,0,0,0,0,0,2,2,1,1
17554,2,2,0,0,0,0,0,0,2,2,1,1
17555,2,2,0,0,0,0,0,0,2,2,1,1
17556,2,2,0,0,0,0,0,0,2,2,1,1
17557,2,2,0,0,0,0,0,0,2,2,1,1
17558,2,2,0,0,0,0,0,0,2,2,1,1
17559,2,2,0,0,0,0,0,0,2,2,1,1
17560,2,2,0,0,0,0,0,0,2,2,1,1
17561,2,2,0,0,0,0,0,0,2,2,1,1
17562,2,2,0,0,0,0,0,0,2,2,1,1
17563,2,2,0,0,0,0,0,0,2,2,1,1
17564,2,2,0,0,0,0,0,0,2,2,1,1
17565,2,2,0,0,0,0,0,0,2,2,1,1
17566,2,2,0,0,0,0,0,0,2,2,1,1
17567,2,2,0,0,0,0,0,0,2,2,1,1
17568,2,2,0,0,0,0,0,0,2,2,1,1
17569,2,2,0,0,0,0,0,0,2,2,1,1
17570,2,2,0,0,0,0,0,0,2,2,1,1
17571,2,2,0,0,0,0,0,0,2,2,1,1
17572,2,2,0,0,0,0,0,0,2,2,1,1
17573,2,2,0,0,0,0,0,0,2,2,1,1
17574,2,2,0,0,0,0,0,0,2,2,1,1
17575,2,2,0,0,0,0,0,0,2,2,1,1
17576,2,2,0,0,0,0,0,0,2,2,1,1
17577,2,2,0,0,0,0,0,0,2,2,1,1
17578,2,2,0,0,0,0,0,0,2,2,1,1
17579,2,2,0,0,0,0,0,0,2,2,1,1
17580,2,2,0,0,0,0,0,0,2,2,1,1
17581,2,2,0,0,0,0,0,0,2,2,1,1
17582,2,2,0,0,0,0,0,0,2,2,1,1
17583,2,2,0,0,0,0,0,0,2,2,1,1
17584,2,2,0,0,0,0,0,0,2,2,1,1
17585,2,2,0,0,0,0,0,0,2,2,1,1
17586,2,2,0,0,0,0,0,0,2,2,1,1
17587,2,2,0,0,0,0,0,0,2,2,1,1
17588,2,2,0,0,0,0,0,0,2,2,1,1
17589,2,2,0,0,0,0,0,0,2,2,1,1
17590,2,2,0,0,0,0,0,0,2,2,1,1
17591,2,2,0,0,0,0,0,0,2,2,1,1
17592,2,2,0,0,0,0,0,0,2,2,1,1
17593,2,2,0,0,0,0,0,0,2,2,1,1
17594,2,2,0,0,0,0,0,0,2,2,1,1
17595,2,2,0,0,0,0,0,0,2,2,1,1
17596,2,2,0,0,0,0,0,0,2,2,1,1
17597,2,2,0,0,0,0,0,0,2,2,1,1
17598,2,2,0,0,0,0,0,0,2,2,1,1
17599,2,2,0,0,0,0,0,0,2,2,1,1
17600,2,2,0,0,0,0,0,0,2,2,1,1
17601,2,2,0,0,0,0,0,0,2,2,1,1
17602,2,2,0,0,0,0,0,0,2,2,1,1
17603,2,2,0,0,0,0,0,0,2,2,1,1
17604,2,2,0,0,0,0,0,0,2,2,1,1
17605,2,2,0,0,0,0,0,0,2,2,1,1
17606,2,2,0,0,0,0,0,0,2,2,1,1
17607,2,2,0,0,0,0,0,0,2,2,1,1
17608,2,2,0,0,0,0,0,0,2,2,1,1
17609,2,2,0,0,0,0,0,0,2,2,1,1
17610,2,2,0,0,0,0,0,0,2,2,1,1
17611,2,2,0,0,0,0,0,0,2,2,1,1
17612,2,2,0,0,0,0,0,0,2,2,1,1
17613,2,2,0,0,0,0,0,0,2,2,1,1
17614,2,2,0,0,0,0,0,0,2,2,1,1
17615,2,2,0,0,0,0,0,0,2,2,1,1
17616,2,2,0,0,0,0,0,0,2,2,1,1
17617,2,2,0,0,0,0,0,0,2,2,1,1
17618,2,2,0,0,0,0,0,0,2,2,1,1
17619,2,2,0,0,0,0,0,0,2,2,1,1
17620,2,2,0,0,0,0,0,0,2,2,1,1
17621,2,2,0,0,0,0,0,0,2,2,1,1
17622,2,2,0,0,0,0,0,0,2,2,1,1
17623,2,2,0,0,0,0,0,0,2,2,1,1
17624,2,2,0,0,0,0,0,0,2,2,1,1
17625,2,2,0,0,0,0,0,0,2,2,1,1
17626,2,2,0,0,0,0,0,0,2,2,1,1
17627,2,2,0,0,0,0,0,0,2,2,1,1
17628,2,2,0,0,0,0,0,0,2,2,1,1
17629,2,2,0,0,0,0,0,0,2,2,1,1
17630,2,2,0,0,0,0,0,0,2,2,1,1
17631,2,2,0,0,0,0,0,0,2,2,1,1
17632,2,2,0,0,0,0,0,0,2,2,1,1
17633,2,2,0,0,0,0,0,0,2,2,1,1
17634,2,2,0,0,0,0,0,0,2,2,1,1
17635,2,2,0,0,0,0,0,0,2,2,1,1
17636,2,2,0,0,0,0,0,0,2,2,1,1
17637,2,2,0,0,0,0,0,0,2,2,1,1
17638,2,2,0,0,0,0,0,0,2,2,1,1
17639,2,2,0,0,0,0,0,0,2,2,1,1
17640,2,2,0,0,0,0,0,0,2,2,1,1
17641,2,2,0,0,0,0,0,0,2,2,1,1
17642,2,2,0,0,0,0,0,0,2,2,1,1
17643,2,2,0,0,0,0,0,0,2,2,1,1
17644,2,2,0,0,0,0,0,0,2,2,1,1
17645,2,2,0,0,0,0,0,0,2,2,1,1
17646,2,2,0,0,0,0,0,0,2,2,1,1
17647,2,2,0,0,0,0,0,0,2,2,1,1
17648,2,2,0,0,0,0,0,0,2,2,1,1
17649,2,2,0,0,0,0,0,0,2,2,1,1
17650,2,2,0,0,0,0,0,0,2,2,1,1
17651,2,2,0,0,0,0,0,0,2,2,1,1
17652,2,2,0,0,0,0,0,0,2,2,1,1
17653,2,2,0,0,0,0,0,0,2,2,1,1
17654,2,2,0,0,0,0,0,0,2,2,1,1
17655,2,2,0,0,0,0,0,0,2,2,1,1
17656,2,2,0,0,0,0,0,0,2,2,1,1
17657,2,2,0,0,0,0,0,0,2,2,1,1
17658,2,2,0,0,0,0,0,0,2,2,1,1
17659,2,2,0,0,0,0,0,0,2,2,1,1
17660,2,2,0,0,0,0,0,0,2,2,1,1
17661,2,2,0,0,0,0,0,0,2,2,1,1
17662,2,2,0,0,0,0,0,0,2,2,1,1
17663,2,2,0,0,0,0,0,0,2,2,1,1
17664,2,2,0,0,0,0,0,0,2,2,1,1
17665,2,2,0,0,0,0,0,0,2,2,1,1
17666,2,2,0,0,0,0,0,0,2,2,1,1
17667,2,2,0,0,0,0,0,0,2,2,1,1
17668,2,2,0,0,0,0,0,0,2,2,1,1
17669,2,2,0,0,0,0,0,0,2,2,1,1
17670,2,2,0,0,0,0,0,0,2,2,1,1
17671,2,2,0,0,0,0,0,0,2,2,1,1
17672,2,2,0,0,0,0,0,0,2,2,1,1
17673,2,2,0,0,0,0,0,0,2,2,1,1
17674,2,2,0,0,0,0,0,0,2,2,1,1
17675,2,2,0,0,0,0,0,0,2,2,1,1
17676,2,2,0,0,0,0,0,0,2,2,1,1
17677,2,2,0,0,0,0,0,0,2,2,1,1
17678,2,2,0,0,0,0,0,0,2,2,1,1
17679,2,2,0,0,0,0,0,0,2,2,1,1
17680,2,2,0,0,0,0,0,0,2,2,1,1
17681,2,2,0,0,0,0,0,0,2,2,1,1
17682,2,2,0,0,0,0,0,0,2,2,1,1
17683,2,2,0,0,0,0,0,0,2,2,1,1
17684,2,2,0,0,0,0,0,0,2,2,1,1
17685,2,2,0,0,0,0,0,0,2,2,1,1
17686,2,2,0,0,0,0,0,0,2,2,1,1
17687,2,2,0,0,0,0,0,0,2,2,1,1
17688,2,2,0,0,0,0,0,0,2,2,1,1
17689,2,2,0,0,0,0,0,0,2,2,1,1
17690,2,2,0,0,0,0,0,0,2,2,1,1
17691,2,2,0,0,0,0,0,0,2,2,1,1
17692,2,2,0,0,0,0,0,0,2,2,1,1
17693,2,2,0,0,0,0,0,0,2,2,1,1
17694,2,2,0,0,0,0,0,0,2,2,1,1
17695,2,2,0,0,0,0,0,0,2,2,1,1
17696,2,2,0,0,0,0,0,0,2,2,1,1
17697,2,2,0,0,0,0,0,0,2,2,1,1
17698,2,2,0,0,0,0,0,0,2,2,1,1
17699,2,2,0,0,0,0,0,0,2,2,1,1
17700,2,2,0,0,0,0,0,0,2,2,1,1
17701,2,2,0,0,0,0,0,0,2,2,1,1
17702,2,2,0,0,0,0,0,0,2,2,1,1
17703,2,2,0,0,0,0,0,0,2,2,1,1
17704,2,2,0,0,0,0,0,0,2,2,1,1
17705,2,2,0,0,0,0,0,0,2,2,1,1
17706,2,2,0,0,0,0,0,0,2,2,1,1
17707,2,2,0,0,0,0,0,0,2,2,1,1
17708,2,2,0,0,0,0,0,0,2,2,1,1
17709,2,2,0,0,0,0,0,0,2,2,1,1
17710,2,2,0,0,0,0,0,0,2,2,1,1
17711,2,2,0,0,0,0,0,0,2,2,1,1
17712,2,2,0,0,0,0,0,0,2,2,1,1
17713,2,2,0,0,0,0,0,0,2,2,1,1
17714,2,2,0,0,0,0,0,0,2,2,1,1
17715,2,2,0,0,0,0,0,0,2,2,1,1
17716,2,2,0,0,0,0,0,0,2,2,1,1
17717,2,2,0,0,0,0,0,0,2,2,1,1
17718,2,2,0,0,0,0,0,0,2,2,1,1
17719,2,2,0,0,0,0,0,0,2,2,1,1
17720,2,2,0,0,0,0,0,0,2,2,1,1
17721,2,2,0,0,0,0,0,0,2,2,1,1
17722,2,2,0,0,0,0,0,0,2,2,1,1
17723,2,2,0,0,0,0,0,0,2,2,1,1
17724,2,2,0,0,0,0,0,0,2,2,1,1
17725,2,2,0,0,0,0,0,0,2,2,1,1
17726,2,2,0,0,0,0,0,0,2,2,1,1
17727,2,2,0,0,0,0,0,0,2,2,1,1
17728,2,2,0,0,0,0,0,0,2,2,1,1
17729,2,2,0,0,0,0,0,0,2,2,1,1
17730,2,2,0,0,0,0,0,0,2,2,1,1
17731,2,2,0,0,0,0,0,0,2,2,1,1
17732,2,2,0,0,0,0,0,0,2,2,1,1
17733,2,2,0,0,0,0,0,0,2,2,1,1
17734,2,2,0,0,0,0,0,0,2,2,1,1
17735,2,2,0,0,0,0,0,0,2,2,1,1
17736,2,2,0,0,0,0,0,0,2,2,1,1
17737,2,2,0,0,0,0,0,0,2,2,1,1
17738,2,2,0,0,0,0,0,0,2,2,1,1
17739,2,2,0,0,0,0,0,0,2,2,1,1
17740,2,2,0,0,0,0,0,0,2,2,1,1
17741,2,2,0,0,0,0,0,0,2,2,1,1
17742,2,2,0,0,0,0,0,0,2,2,1,1
17743,2,2,0,0,0,0,0,0,2,2,1,1
17744,2,2,0,0,0,0,0,0,2,2,1,1
17745,2,2,0,0,0,0,0,0,2,2,1,1
17746,2,2,0,0,0,0,0,0,2,2,1,1
17747,2,2,0,0,0,0,0,0,2,2,1,1
17748,2,2,0,0,0,0,0,0,2,2,1,1
17749,2,2,0,0,0,0,0,0,2,2,1,1
17750,2,2,0,0,0,0,0,0,2,2,1,1
17751,2,2,0,0,0,0,0,0,2,2,1,1
17752,2,2,0,0,0,0,0,0,2,2,1,1
17753,2,2,0,0,0,0,0,0,2,2,1,1
17754,2,2,0,0,0,0,0,0,2,2,1,1
17755,2,2,0,0,0,0,0,0,2,2,1,1
17756,2,2,0,0,0,0,0,0,2,2,1,1
17757,2,2,0,0,0,0,0,0,2,2,1,1
17758,2,2,0,0,0,0,0,0,2,2,1,1
17759,2,2,0,0,0,0,0,0,2,2,1,1
17760,2,2,0,0,0,0,0,0,2,2,1,1
17761,2,2,0,0,0,0,0,0,2,2,1,1
17762,2,2,0,0,0,0,0,0,2,2,1,1
17763,2,2,0,0,0,0,0,0,2,2,1,1
17764,2,2,0,0,0,0,0,0,2,2,1,1
17765,2,2,0,0,0,0,0,0,2,2,1,1
17766,2,2,0,0,0,0,0,0,2,2,1,1
17767,2,2,0,0,0,0,0,0,2,2,1,1
17768,2,2,0,0,0,0,0,0,2,2,1,1
17769,2,2,0,0,0,0,0,0,2,2,1,1
17770,2,2,0,0,0,0,0,0,2,2,1,1
17771,2,2,0,0,0,0,0,0,2,2,1,1
17772,2,2,0,0,0,0,0,0,2,2,1,1
17773,2,2,0,0,0,0,0,0,2,2,1,1
17774,2,2,0,0,0,0,0,0,2,2,1,1
17775,2,2,0,0,0,0,0,0,2,2,1,1
17776,2,2,0,0,0,0,0,0,2,2,1,1
17777,2,2,0,0,0,0,0,0,2,2,1,1
17778,2,2,0,0,0,0,0,0,2,2,1,1
17779,2,2,0,0,0,0,0,0,2,2,1,1
17780,2,2,0,0,0,0,0,0,2,2,1,1
17781,2,2,0,0,0,0,0,0,2,2,1,1
17782,2,2,0,0,0,0,0,0,2,2,1,1
17783,2,2,0,0,0,0,0,0,2,2,1,1
17784,2,2,0,0,0,0,0,0,2,2,1,1
17785,2,2,0,0,0,0,0,0,2,2,1,1
17786,2,2,0,0,0,0,0,0,2,2,1,1
17787,2,2,0,0,0,0,0,0,2,2,1,1
17788,2,2,0,0,0,0,0,0,2,2,1,1
17789,2,2,0,0,0,0,0,0,2,2,1,1
17790,2,2,0,0,0,0,0,0,2,2,1,1
17791,2,2,0,0,0,0,0,0,2,2,1,1
17792,2,2,0,0,0,0,0,0,2,2,1,1
17793,2,2,0,0,0,0,0,0,2,2,1,1
17794,2,2,0,0,0,0,0,0,2,2,1,1
17795,2,2,0,0,0,0,0,0,2,2,1,1
17796,2,2,0,0,0,0,0,0,2,2,1,1
17797,2,2,0,0,0,0,0,0,2,2,1,1
17798,2,2,0,0,0,0,0,0,2,2,1,1
17799,2,2,0,0,0,0,0,0,2,2,1,1
17800,2,2,0,0,0,0,0,0,2,2,1,1
17801,2,2,0,0,0,0,0,0,2,2,1,1
17802,2,2,0,0,0,0,0,0,2,2,1,1
17803,2,2,0,0,0,0,0,0,2,2,1,1
17804,2,2,0,0,0,0,0,0,2,2,1,1
17805,2,2,0,0,0,0,0,0,2,2,1,1
17806,2,2,0,0,0,0,0,0,2,2,1,1
17807,2,2,0,0,0,0,0,0,2,2,1,1
17808,2,2,0,0,0,0,0,0,2,2,1,1
17809,2,2,0,0,0,0,0,0,2,2,1,1
17810,2,2,0,0,0,0,0,0,2,2,1,1
17811,2,2,0,0,0,0,0,0,2,2,1,1
17812,2,2,0,0,0,0,0,0,2,2,1,1
17813,2,2,0,0,0,0,0,0,2,2,1,1
17814,2,2,0,0,0,0,0,0,2,2,1,1
17815,2,2,0,0,0,0,0,0,2,2,1,1
17816,2,2,0,0,0,0,0,0,2,2,1,1
17817,2,2,0,0,0,0,0,0,2,2,1,1
17818,2,2,0,0,0,0,0,0,2,2,1,1
17819,2,2,0,0,0,0,0,0,2,2,1,1
17820,2,2,0,0,0,0,0,0,2,2,1,1
17821,2,2,0,0,0,0,0,0,2,2,1,1
17822,2,2,0,0,0,0,0,0,2,2,1,1
17823,2,2,0,0,0,0,0,0,2,2,1,1
17824,2,2,0,0,0,0,0,0,2,2,1,1
17825,2,2,0,0,0,0,0,0,2,2,1,1
17826,2,2,0,0,0,0,0,0,2,2,1,1
17827,2,2,0,0,0,0,0,0,2,2,1,1
17828,2,2,0,0,0,0,0,0,2,2,1,1
17829,2,2,0,0,0,0,0,0,2,2,1,1
17830,2,2,0,0,0,0,0,0,2,2,1,1
17831,2,2,0,0,0,0,0,0,2,2,1,1
17832,2,2,0,0,0,0,0,0,2,2,1,1
17833,2,2,0,0,0,0,0,0,2,2,1,1
17834,2,2,0,0,0,0,0,0,2,2,1,1
17835,2,2,0,0,0,0,0,0,2,2,1,1
17836,2,2,0,0,0,0,0,0,2,2,1,1
17837,2,2,0,0,0,0,0,0,2,2,1,1
17838,2,2,0,0,0,0,0,0,2,2,1,1
17839,2,2,0,0,0,0,0,0,2,2,1,1
17840,2,2,0,0,0,0,0,0,2,2,1,1
17841,2,2,0,0,0,0,0,0,2,2,1,1
17842,2,2,0,0,0,0,0,0,2,2,1,1
17843,2,2,0,0,0,0,0,0,2,2,1,1
17844,2,2,0,0,0,0,0,0,2,2,1,1
17845,2,2,0,0,0,0,0,0,2,2,1,1
17846,2,2,0,0,0,0,0,0,2,2,1,1
17847,2,2,0,0,0,0,0,0,2,2,1,1
17848,2,2,0,0,0,0,0,0,2,2,1,1
17849,2,2,0,0,0,0,0,0,2,2,1,1
17850,2,2,0,0,0,0,0,0,2,2,1,1
17851,2,2,0,0,0,0,0,0,2,2,1,1
17852,2,2,0,0,0,0,0,0,2,2,1,1
17853,2,2,0,0,0,0,0,0,2,2,1,1
17854,2,2,0,0,0,0,0,0,2,2,1,1
17855,2,2,0,0,0,0,0,0,2,2,1,1
17856,2,2,0,0,0,0,0,0,2,2,1,1
17857,2,2,0,0,0,0,0,0,2,2,1,1
17858,2,2,0,0,0,0,0,0,2,2,1,1
17859,2,2,0,0,0,0,0,0,2,2,1,1
17860,2,2,0,0,0,0,0,0,2,2,1,1
17861,2,2,0,0,0,0,0,0,2,2,1,1
17862,2,2,0,0,0,0,0,0,2,2,1,1
17863,2,2,0,0,0,0,0,0,2,2,1,1
17864,2,2,0,0,0,0,0,0,2,2,1,1
17865,2,2,0,0,0,0,0,0,2,2,1,1
17866,2,2,0,0,0,0,0,0,2,2,1,1
17867,2,2,0,0,0,0,0,0,2,2,1,1
17868,2,2,0,0,0,0,0,0,2,2,1,1
17869,2,2,0,0,0,0,0,0,2,2,1,1
17870,2,2,0,0,0,0,0,0,2,2,1,1
17871,2,2,0,0,0,0,0,0,2,2,1,1
17872,2,2,0,0,0,0,0,0,2,2,1,1
17873,2,2,0,0,0,0,0,0,2,2,1,1
17874,2,2,0,0,0,0,0,0,2,2,1,1
17875,2,2,0,0,0,0,0,0,2,2,1,1
17876,2,2,0,0,0,0,0,0,2,2,1,1
17877,2,2,0,0,0,0,0,0,2,2,1,1
17878,2,2,0,0,0,0,0,0,2,2,1,1
17879,2,2,0,0,0,0,0,0,2,2,1,1
17880,2,2,0,0,0,0,0,0,2,2,1,1
17881,2,2,0,0,0,0,0,0,2,2,1,1
17882,2,2,0,0,0,0,0,0,2,2,1,1
17883,2,2,0,0,0,0,0,0,2,2,1,1
17884,2,2,0,0,0,0,0,0,2,2,1,1
17885,2,2,0,0,0,0,0,0,2,2,1,1
17886,2,2,0,0,0,0,0,0,2,2,1,1
17887,2,2,0,0,0,0,0,0,2,2,1,1
17888,2,2,0,0,0,0,0,0,2,2,1,1
17889,2,2,0,0,0,0,0,0,2,2,1,1
17890,2,2,0,0,0,0,0,0,2,2,1,1
17891,2,2,0,0,0,0,0,0,2,2,1,1
17892,2,2,0,0,0,0,0,0,2,2,1,1
17893,2,2,0,0,0,0,0,0,2,2,1,1
17894,2,2,0,0,0,0,0,0,2,2,1,1
17895,2,2,0,0,0,0,0,0,2,2,1,1
17896,2,2,0,0,0,0,0,0,2,2,1,1
17897,2,2,0,0,0,0,0,0,2,2,1,1
17898,2,2,0,0,0,0,0,0,2,2,1,1
17899,2,2,0,0,0,0,0,0,2,2,1,1
17900,2,2,0,0,0,0,0,0,2,2,1,1
17901,2,2,0,0,0,0,0,0,2,2,1,1
17902,2,2,0,0,0,0,0,0,2,2,1,1
17903,2,2,0,0,0,0,0,0,2,2,1,1
17904,2,2,0,0,0,0,0,0,2,2,1,1
17905,2,2,0,0,0,0,0,0,2,2,1,1
17906,2,2,0,0,0,0,0,0,2,2,1,1
17907,2,2,0,0,0,0,0,0,2,2,1,1
17908,2,2,0,0,0,0,0,0,2,2,1,1
17909,2,2,0,0,0,0,0,0,2,2,1,1
17910,2,2,0,0,0,0,0,0,2,2,1,1
17911,2,2,0,0,0,0,0,0,2,2,1,1
17912,2,2,0,0,0,0,0,0,2,2,1,1
17913,2,2,0,0,0,0,0,0,2,2,1,1
17914,2,2,0,0,0,0,0,0,2,2,1,1
17915,2,2,0,0,0,0,0,0,2,2,1,1
17916,2,2,0,0,0,0,0,0,2,2,1,1
17917,2,2,0,0,0,0,0,0,2,2,1,1
17918,2,2,0,0,0,0,0,0,2,2,1,1
17919,2,2,0,0,0,0,0,0,2,2,1,1
17920,2,2,0,0,0,0,0,0,2,2,1,1
17921,2,2,0,0,0,0,0,0,2,2,1,1
17922,2,2,0,0,0,0,0,0,2,2,1,1
17923,2,2,0,0,0,0,0,0,2,2,1,1
17924,2,2,0,0,0,0,0,0,2,2,1,1
17925,2,2,0,0,0,0,0,0,2,2,1,1
17926,2,2,0,0,0,0,0,0,2,2,1,1
17927,2,2,0,0,0,0,0,0,2,2,1,1
17928,2,2,0,0,0,0,0,0,2,2,1,1
17929,2,2,0,0,0,0,0,0,2,2,1,1
17930,2,2,0,0,0,0,0,0,2,2,1,1
17931,2,2,0,0,0,0,0,0,2,2,1,1
17932,2,2,0,0,0,0,0,0,2,2,1,1
17933,2,2,0,0,0,0,0,0,2,2,1,1
17934,2,2,0,0,0,0,0,0,2,2,1,1
17935,2,2,0,0,0,0,0,0,2,2,1,1
17936,2,2,0,0,0,0,0,0,2,2,1,1
17937,2,2,0,0,0,0,0,0,2,2,1,1
17938,2,2,0,0,0,0,0,0,2,2,1,1
17939,2,2,0,0,0,0,0,0,2,2,1,1
17940,2,2,0,0,0,0,0,0,2,2,1,1
17941,2,2,0,0,0,0,0,0,2,2,1,1
17942,2,2,0,0,0,0,0,0,2,2,1,1
17943,2,2,0,0,0,0,0,0,2,2,1,1
17944,2,2,0,0,0,0,0,0,2,2,1,1
17945,2,2,0,0,0,0,0,0,2,2,1,1
17946,2,2,0,0,0,0,0,0,2,2,1,1
17947,2,2,0,0,0,0,0,0,2,2,1,1
17948,2,2,0,0,0,0,0,0,2,2,1,1
17949,2,2,0,0,0,0,0,0,2,2,1,1
17950,2,2,0,0,0,0,0,0,2,2,1,1
17951,2,2,0,0,0,0,0,0,2,2,1,1
17952,2,2,0,0,0,0,0,0,2,2,1,1
17953,2,2,0,0,0,0,0,0,2,2,1,1
17954,2,2,0,0,0,0,0,0,2,2,1,1
17955,2,2,0,0,0,0,0,0,2,2,1,1
17956,2,2,0,0,0,0,0,0,2,2,1,1
17957,2,2,0,0,0,0,0,0,2,2,1,1
17958,2,2,0,0,0,0,0,0,2,2,1,1
17959,2,2,0,0,0,0,0,0,2,2,1,1
17960,2,2,0,0,0,0,0,0,2,2,1,1
17961,2,2,0,0,0,0,0,0,2,2,1,1
17962,2,2,0,0,0,0,0,0,2,2,1,1
17963,2,2,0,0,0,0,0,0,2,2,1,1
17964,2,2,0,0,0,0,0,0,2,2,1,1
17965,2,2,0,0,0,0,0,0,2,2,1,1
17966,2,2,0,0,0,0,0,0,2,2,1,1
17967,2,2,0,0,0,0,0,0,2,2,1,1
17968,2,2,0,0,0,0,0,0,2,2,1,1
17969,2,2,0,0,0,0,0,0,2,2,1,1
17970,2,2,0,0,0,0,0,0,2,2,1,1
17971,2,2,0,0,0,0,0,0,2,2,1,1
17972,2,2,0,0,0,0,0,0,2,2,1,1
17973,2,2,0,0,0,0,0,0,2,2,1,1
17974,2,2,0,0,0,0,0,0,2,2,1,1
17975,2,2,0,0,0,0,0,0,2,2,1,1
17976,2,2,0,0,0,0,0,0,2,2,1,1
17977,2,2,0,0,0,0,0,0,2,2,1,1
17978,2,2,0,0,0,0,0,0,2,2,1,1
17979,2,2,0,0,0,0,0,0,2,2,1,1
17980,2,2,0,0,0,0,0,0,2,2,1,1
17981,2,2,0,0,0,0,0,0,2,2,1,1
17982,2,2,0,0,0,0,0,0,2,2,1,1
17983,2,2,0,0,0,0,0,0,2,2,1,1
17984,2,2,0,0,0,0,0,0,2,2,1,1
17985,2,2,0,0,0,0,0,0,2,2,1,1
17986,2,2,0,0,0,0,0,0,2,2,1,1
17987,2,2,0,0,0,0,0,0,2,2,1,1
17988,2,2,0,0,0,0,0,0,2,2,1,1
17989,2,2,0,0,0,0,0,0,2,2,1,1
17990,2,2,0,0,0,0,0,0,2,2,1,1
17991,2,2,0,0,0,0,0,0,2,2,1,1
17992,2,2,0,0,0,0,0,0,2,2,1,1
17993,2,2,0,0,0,0,0,0,2,2,1,1
17994,2,2,0,0,0,0,0,0,2,2,1,1
17995,2,2,0,0,0,0,0,0,2,2,1,1
17996,2,2,0,0,0,0,0,0,2,2,1,1
17997,2,2,0,0,0,0,0,0,2,2,1,1
17998,2,2,0,0,0,0,0,0,2,2,1,1
17999,2,2,0,0,0,0,0,0,2,2,1,1
18000,2,2,0,0,0,0,0,0,2,2,1,1
18001,2,2,0,0,0,0,0,0,2,2,1,1
18002,2,2,0,0,0,0,0,0,2,2,1,1
18003,2,2,0,0,0,0,0,0,2,2,1,1
18004,2,2,0,0,0,0,0,0,2,2,1,1
18005,2,2,0,0,0,0,0,0,2,2,1,1
18006,2,2,0,0,0,0,0,0,2,2,1,1
18007,2,2,0,0,0,0,0,0,2,2,1,1
18008,2,2,0,0,0,0,0,0,2,2,1,1
18009,2,2,0,0,0,0,0,0,2,2,1,1
18010,2,2,0,0,0,0,0,0,2,2,1,1
18011,2,2,0,0,0,0,0,0,2,2,1,1
18012,2,2,0,0,0,0,0,0,2,2,1,1
18013,2,2,0,0,0,0,0,0,2,2,1,1
18014,2,2,0,0,0,0,0,0,2,2,1,1
18015,2,2,0,0,0,0,0,0,2,2,1,1
18016,2,2,0,0,0,0,0,0,2,2,1,1
18017,2,2,0,0,0,0,0,0,2,2,1,1
18018,2,2,0,0,0,0,0,0,2,2,1,1
18019,2,2,0,0,0,0,0,0,2,2,1,1
18020,2,2,0,0,0,0,0,0,2,2,1,1
18021,2,2,0,0,0,0,0,0,2,2,1,1
18022,2,2,0,0,0,0,0,0,2,2,1,1
18023,2,2,0,0,0,0,0,0,2,2,1,1
18024,2,2,0,0,0,0,0,0,2,2,1,1
18025,2,2,0,0,0,0,0,0,2,2,1,1
18026,2,2,0,0,0,0,0,0,2,2,1,1
18027,2,2,0,0,0,0,0,0,2,2,1,1
18028,2,2,0,0,0,0,0,0,2,2,1,1
18029,2,2,0,0,0,0,0,0,2,2,1,1
18030,2,2,0,0,0,0,0,0,2,2,1,1
18031,2,2,0,0,0,0,0,0,2,2,1,1
18032,2,2,0,0,0,0,0,0,2,2,1,1
18033,2,2,0,0,0,0,0,0,2,2,1,1
18034,2,2,0,0,0,0,0,0,2,2,1,1
18035,2,2,0,0,0,0,0,0,2,2,1,1
18036,2,2,0,0,0,0,0,0,2,2,1,1
18037,2,2,0,0,0,0,0,0,2,2,1,1
18038,2,2,0,0,0,0,0,0,2,2,1,1
18039,2,2,0,0,0,0,0,0,2,2,1,1
18040,2,2,0,0,0,0,0,0,2,2,1,1
18041,2,2,0,0,0,0,0,0,2,2,1,1
18042,2,2,0,0,0,0,0,0,2,2,1,1
18043,2,2,0,0,0,0,0,0,2,2,1,1
18044,2,2,0,0,0,0,0,0,2,2,1,1
18045,2,2,0,0,0,0,0,0,2,2,1,1
18046,2,2,0,0,0,0,0,0,2,2,1,1
18047,2,2,0,0,0,0,0,0,2,2,1,1
18048,2,2,0,0,0,0,0,0,2,2,1,1
18049,2,2,0,0,0,0,0,0,2,2,1,1
18050,2,2,0,0,0,0,0,0,2,2,1,1
18051,2,2,0,0,0,0,0,0,2,2,1,1
18052,2,2,0,0,0,0,0,0,2,2,1,1
18053,2,2,0,0,0,0,0,0,2,2,1,1
18054,2,2,0,0,0,0,0,0,2,2,1,1
18055,2,2,0,0,0,0,0,0,2,2,1,1
18056,2,2,0,0,0,0,0,0,2,2,1,1
18057,2,2,0,0,0,0,0,0,2,2,1,1
18058,2,2,0,0,0,0,0,0,2,2,1,1
18059,2,2,0,0,0,0,0,0,2,2,1,1
18060,2,2,0,0,0,0,0,0,2,2,1,1
18061,2,2,0,0,0,0,0,0,2,2,1,1
18062,2,2,0,0,0,0,0,0,2,2,1,1
18063,2,2,0,0,0,0,0,0,2,2,1,1
18064,2,2,0,0,0,0,0,0,2,2,1,1
18065,2,2,0,0,0,0,0,0,2,2,1,1
18066,2,2,0,0,0,0,0,0,2,2,1,1
18067,2,2,0,0,0,0,0,0,2,2,1,1
18068,2,2,0,0,0,0,0,0,2,2,1,1
18069,2,2,0,0,0,0,0,0,2,2,1,1
18070,2,2,0,0,0,0,0,0,2,2,1,1
18071,2,2,0,0,0,0,0,0,2,2,1,1
18072,2,2,0,0,0,0,0,0,2,2,1,1
18073,2,2,0,0,0,0,0,0,2,2,1,1
18074,2,2,0,0,0,0,0,0,2,2,1,1
18075,2,2,0,0,0,0,0,0,2,2,1,1
18076,2,2,0,0,0,0,0,0,2,2,1,1
18077,2,2,0,0,0,0,0,0,2,2,1,1
18078,2,2,0,0,0,0,0,0,2,2,1,1
18079,2,2,0,0,0,0,0,0,2,2,1,1
18080,2,2,0,0,0,0,0,0,2,2,1,1
18081,2,2,0,0,0,0,0,0,2,2,1,1
18082,2,2,0,0,0,0,0,0,2,2,1,1
18083,2,2,0,0,0,0,0,0,2,2,1,1
18084,2,2,0,0,0,0,0,0,2,2,1,1
18085,2,2,0,0,0,0,0,0,2,2,1,1
18086,2,2,0,0,0,0,0,0,2,2,1,1
18087,2,2,0,0,0,0,0,0,2,2,1,1
18088,2,2,0,0,0,0,0,0,2,2,1,1
18089,2,2,0,0,0,0,0,0,2,2,1,1
18090,2,2,0,0,0,0,0,0,2,2,1,1
18091,2,2,0,0,0,0,0,0,2,2,1,1
18092,2,2,0,0,0,0,0,0,2,2,1,1
18093,2,2,0,0,0,0,0,0,2,2,1,1
18094,2,2,0,0,0,0,0,0,2,2,1,1
18095,2,2,0,0,0,0,0,0,2,2,1,1
18096,2,2,0,0,0,0,0,0,2,2,1,1
18097,2,2,0,0,0,0,0,0,2,2,1,1
18098,2,2,0,0,0,0,0,0,2,2,1,1
18099,2,2,0,0,0,0,0,0,2,2,1,1
18100,2,2,0,0,0,0,0,0,2,2,1,1
18101,2,2,0,0,0,0,0,0,2,2,1,1
18102,2,2,0,0,0,0,0,0,2,2,1,1
18103,2,2,0,0,0,0,0,0,2,2,1,1
18104,2,2,0,0,0,0,0,0,2,2,1,1
18105,2,2,0,0,0,0,0,0,2,2,1,1
18106,2,2,0,0,0,0,0,0,2,2,1,1
18107,2,2,0,0,0,0,0,0,2,2,1,1
18108,2,2,0,0,0,0,0,0,2,2,1,1
18109,2,2,0,0,0,0,0,0,2,2,1,1
18110,2,2,0,0,0,0,0,0,2,2,1,1
18111,2,2,0,0,0,0,0,0,2,2,1,1
18112,2,2,0,0,0,0,0,0,2,2,1,1
18113,2,2,0,0,0,0,0,0,2,2,1,1
18114,2,2,0,0,0,0,0,0,2,2,1,1
18115,2,2,0,0,0,0,0,0,2,2,1,1
18116,2,2,0,0,0,0,0,0,2,2,1,1
18117,2,2,0,0,0,0,0,0,2,2,1,1
18118,2,2,0,0,0,0,0,0,2,2,1,1
18119,2,2,0,0,0,0,0,0,2,2,1,1
18120,2,2,0,0,0,0,0,0,2,2,1,1
18121,2,2,0,0,0,0,0,0,2,2,1,1
18122,2,2,0,0,0,0,0,0,2,2,1,1
18123,2,2,0,0,0,0,0,0,2,2,1,1
18124,2,2,0,0,0,0,0,0,2,2,1,1
18125,2,2,0,0,0,0,0,0,2,2,1,1
18126,2,2,0,0,0,0,0,0,2,2,1,1
18127,2,2,0,0,0,0,0,0,2,2,1,1
18128,2,2,0,0,0,0,0,0,2,2,1,1
18129,2,2,0,0,0,0,0,0,2,2,1,1
18130,2,2,0,0,0,0,0,0,2,2,1,1
18131,2,2,0,0,0,0,0,0,2,2,1,1
18132,2,2,0,0,0,0,0,0,2,2,1,1
18133,2,2,0,0,0,0,0,0,2,2,1,1
18134,2,2,0,0,0,0,0,0,2,2,1,1
18135,2,2,0,0,0,0,0,0,2,2,1,1
18136,2,2,0,0,0,0,0,0,2,2,1,1
18137,2,2,0,0,0,0,0,0,2,2,1,1
18138,2,2,0,0,0,0,0,0,2,2,1,1
18139,2,2,0,0,0,0,0,0,2,2,1,1
18140,2,2,0,0,0,0,0,0,2,2,1,1
18141,2,2,0,0,0,0,0,0,2,2,1,1
18142,2,2,0,0,0,0,0,0,2,2,1,1
18143,2,2,0,0,0,0,0,0,2,2,1,1
18144,2,2,0,0,0,0,0,0,2,2,1,1
18145,2,2,0,0,0,0,0,0,2,2,1,1
18146,2,2,0,0,0,0,0,0,2,2,1,1
18147,2,2,0,0,0,0,0,0,2,2,1,1
18148,2,2,0,0,0,0,0,0,2,2,1,1
18149,2,2,0,0,0,0,0,0,2,2,1,1
18150,2,2,0,0,0,0,0,0,2,2,1,1
18151,2,2,0,0,0,0,0,0,2,2,1,1
18152,2,2,0,0,0,0,0,0,2,2,1,1
18153,2,2,0,0,0,0,0,0,2,2,1,1
18154,2,2,0,0,0,0,0,0,2,2,1,1
18155,2,2,0,0,0,0,0,0,2,2,1,1
18156,2,2,0,0,0,0,0,0,2,2,1,1
18157,2,2,0,0,0,0,0,0,2,2,1,1
18158,2,2,0,0,0,0,0,0,2,2,1,1
18159,2,2,0,0,0,0,0,0,2,2,1,1
18160,2,2,0,0,0,0,0,0,2,2,1,1
18161,2,2,0,0,0,0,0,0,2,2,1,1
18162,2,2,0,0,0,0,0,0,2,2,1,1
18163,2,2,0,0,0,0,0,0,2,2,1,1
18164,2,2,0,0,0,0,0,0,2,2,1,1
18165,2,2,0,0,0,0,0,0,2,2,1,1
18166,2,2,0,0,0,0,0,0,2,2,1,1
18167,2,2,0,0,0,0,0,0,2,2,1,1
18168,2,2,0,0,0,0,0,0,2,2,1,1
18169,2,2,0,0,0,0,0,0,2,2,1,1
18170,2,2,0,0,0,0,0,0,2,2,1,1
18171,2,2,0,0,0,0,0,0,2,2,1,1
18172,2,2,0,0,0,0,0,0,2,2,1,1
18173,2,2,0,0,0,0,0,0,2,2,1,1
18174,2,2,0,0,0,0,0,0,2,2,1,1
18175,2,2,0,0,0,0,0,0,2,2,1,1
18176,2,2,0,0,0,0,0,0,2,2,1,1
18177,2,2,0,0,0,0,0,0,2,2,1,1
18178,2,2,0,0,0,0,0,0,2,2,1,1
18179,2,2,0,0,0,0,0,0,2,2,1,1
18180,2,2,0,0,0,0,0,0,2,2,1,1
18181,2,2,0,0,0,0,0,0,2,2,1,1
18182,2,2,0,0,0,0,0,0,2,2,1,1
18183,2,2,0,0,0,0,0,0,2,2,1,1
18184,2,2,0,0,0,0,0,0,2,2,1,1
18185,2,2,0,0,0,0,0,0,2,2,1,1
18186,2,2,0,0,0,0,0,0,2,2,1,1
18187,2,2,0,0,0,0,0,0,2,2,1,1
18188,2,2,0,0,0,0,0,0,2,2,1,1
18189,2,2,0,0,0,0,0,0,2,2,1,1
18190,2,2,0,0,0,0,0,0,2,2,1,1
18191,2,2,0,0,0,0,0,0,2,2,1,1
18192,2,2,0,0,0,0,0,0,2,2,1,1
18193,2,2,0,0,0,0,0,0,2,2,1,1
18194,2,2,0,0,0,0,0,0,2,2,1,1
18195,2,2,0,0,0,0,0,0,2,2,1,1
18196,2,2,0,0,0,0,0,0,2,2,1,1
18197,2,2,0,0,0,0,0,0,2,2,1,1
18198,2,2,0,0,0,0,0,0,2,2,1,1
18199,2,2,0,0,0,0,0,0,2,2,1,1
18200,2,2,0,0,0,0,0,0,2,2,1,1
18201,2,2,0,0,0,0,0,0,2,2,1,1
18202,2,2,0,0,0,0,0,0,2,2,1,1
18203,2,2,0,0,0,0,0,0,2,2,1,1
18204,2,2,0,0,0,0,0,0,2,2,1,1
18205,2,2,0,0,0,0,0,0,2,2,1,1
18206,2,2,0,0,0,0,0,0,2,2,1,1
18207,2,2,0,0,0,0,0,0,2,2,1,1
18208,2,2,0,0,0,0,0,0,2,2,1,1
18209,2,2,0,0,0,0,0,0,2,2,1,1
18210,2,2,0,0,0,0,0,0,2,2,1,1
18211,2,2,0,0,0,0,0,0,2,2,1,1
18212,2,2,0,0,0,0,0,0,2,2,1,1
18213,2,2,0,0,0,0,0,0,2,2,1,1
18214,2,2,0,0,0,0,0,0,2,2,1,1
18215,2,2,0,0,0,0,0,0,2,2,1,1
18216,2,2,0,0,0,0,0,0,2,2,1,1
18217,2,2,0,0,0,0,0,0,2,2,1,1
18218,2,2,0,0,0,0,0,0,2,2,1,1
18219,2,2,0,0,0,0,0,0,2,2,1,1
18220,2,2,0,0,0,0,0,0,2,2,1,1
18221,2,2,0,0,0,0,0,0,2,2,1,1
18222,2,2,0,0,0,0,0,0,2,2,1,1
18223,2,2,0,0,0,0,0,0,2,2,1,1
18224,2,2,0,0,0,0,0,0,2,2,1,1
18225,2,2,0,0,0,0,0,0,2,2,1,1
18226,2,2,0,0,0,0,0,0,2,2,1,1
18227,2,2,0,0,0,0,0,0,2,2,1,1
18228,2,2,0,0,0,0,0,0,2,2,1,1
18229,2,2,0,0,0,0,0,0,2,2,1,1
18230,2,2,0,0,0,0,0,0,2,2,1,1
18231,2,2,0,0,0,0,0,0,2,2,1,1
18232,2,2,0,0,0,0,0,0,2,2,1,1
18233,2,2,0,0,0,0,0,0,2,2,1,1
18234,2,2,0,0,0,0,0,0,2,2,1,1
18235,2,2,0,0,0,0,0,0,2,2,1,1
18236,2,2,0,0,0,0,0,0,2,2,1,1
18237,2,2,0,0,0,0,0,0,2,2,1,1
18238,2,2,0,0,0,0,0,0,2,2,1,1
18239,2,2,0,0,0,0,0,0,2,2,1,1
18240,2,2,0,0,0,0,0,0,2,2,1,1
18241,2,2,0,0,0,0,0,0,2,2,1,1
18242,2,2,0,0,0,0,0,0,2,2,1,1
18243,2,2,0,0,0,0,0,0,2,2,1,1
18244,2,2,0,0,0,0,0,0,2,2,1,1
18245,2,2,0,0,0,0,0,0,2,2,1,1
18246,2,2,0,0,0,0,0,0,2,2,1,1
18247,2,2,0,0,0,0,0,0,2,2,1,1
18248,2,2,0,0,0,0,0,0,2,2,1,1
18249,2,2,0,0,0,0,0,0,2,2,1,1
18250,2,2,0,0,0,0,0,0,2,2,1,1
18251,2,2,0,0,0,0,0,0,2,2,1,1
18252,2,2,0,0,0,0,0,0,2,2,1,1
18253,2,2,0,0,0,0,0,0,2,2,1,1
18254,2,2,0,0,0,0,0,0,2,2,1,1
18255,2,2,0,0,0,0,0,0,2,2,1,1
18256,2,2,0,0,0,0,0,0,2,2,1,1
18257,2,2,0,0,0,0,0,0,2,2,1,1
18258,2,2,0,0,0,0,0,0,2,2,1,1
18259,2,2,0,0,0,0,0,0,2,2,1,1
18260,2,2,0,0,0,0,0,0,2,2,1,1
18261,2,2,0,0,0,0,0,0,2,2,1,1
18262,2,2,0,0,0,0,0,0,2,2,1,1
18263,2,2,0,0,0,0,0,0,2,2,1,1
18264,2,2,0,0,0,0,0,0,2,2,1,1
18265,2,2,0,0,0,0,0,0,2,2,1,1
18266,2,2,0,0,0,0,0,0,2,2,1,1
18267,2,2,0,0,0,0,0,0,2,2,1,1
18268,2,2,0,0,0,0,0,0,2,2,1,1
18269,2,2,0,0,0,0,0,0,2,2,1,1
18270,2,2,0,0,0,0,0,0,2,2,1,1
18271,2,2,0,0,0,0,0,0,2,2,1,1
18272,2,2,0,0,0,0,0,0,2,2,1,1
18273,2,2,0,0,0,0,0,0,2,2,1,1
18274,2,2,0,0,0,0,0,0,2,2,1,1
18275,2,2,0,0,0,0,0,0,2,2,1,1
18276,2,2,0,0,0,0,0,0,2,2,1,1
18277,2,2,0,0,0,0,0,0,2,2,1,1
18278,2,2,0,0,0,0,0,0,2,2,1,1
18279,2,2,0,0,0,0,0,0,2,2,1,1
18280,2,2,0,0,0,0,0,0,2,2,1,1
18281,2,2,0,0,0,0,0,0,2,2,1,1
18282,2,2,0,0,0,0,0,0,2,2,1,1
18283,2,2,0,0,0,0,0,0,2,2,1,1
18284,2,2,0,0,0,0,0,0,2,2,1,1
18285,2,2,0,0,0,0,0,0,2,2,1,1
18286,2,2,0,0,0,0,0,0,2,2,1,1
18287,2,2,0,0,0,0,0,0,2,2,1,1
18288,2,2,0,0,0,0,0,0,2,2,1,1
18289,2,2,0,0,0,0,0,0,2,2,1,1
18290,2,2,0,0,0,0,0,0,2,2,1,1
18291,2,2,0,0,0,0,0,0,2,2,1,1
18292,2,2,0,0,0,0,0,0,2,2,1,1
18293,2,2,0,0,0,0,0,0,2,2,1,1
18294,2,2,0,0,0,0,0,0,2,2,1,1
18295,2,2,0,0,0,0,0,0,2,2,1,1
18296,2,2,0,0,0,0,0,0,2,2,1,1
18297,2,2,0,0,0,0,0,0,2,2,1,1
18298,2,2,0,0,0,0,0,0,2,2,1,1
18299,2,2,0,0,0,0,0,0,2,2,1,1
18300,2,2,0,0,0,0,0,0,2,2,1,1
18301,2,2,0,0,0,0,0,0,2,2,1,1
18302,2,2,0,0,0,0,0,0,2,2,1,1
18303,2,2,0,0,0,0,0,0,2,2,1,1
18304,2,2,0,0,0,0,0,0,2,2,1,1
18305,2,2,0,0,0,0,0,0,2,2,1,1
18306,2,2,0,0,0,0,0,0,2,2,1,1
18307,2,2,0,0,0,0,0,0,2,2,1,1
18308,2,2,0,0,0,0,0,0,2,2,1,1
18309,2,2,0,0,0,0,0,0,2,2,1,1
18310,2,2,0,0,0,0,0,0,2,2,1,1
18311,2,2,0,0,0,0,0,0,2,2,1,1
18312,2,2,0,0,0,0,0,0,2,2,1,1
18313,2,2,0,0,0,0,0,0,2,2,1,1
18314,2,2,0,0,0,0,0,0,2,2,1,1
18315,2,2,0,0,0,0,0,0,2,2,1,1
18316,2,2,0,0,0,0,0,0,2,2,1,1
18317,2,2,0,0,0,0,0,0,2,2,1,1
18318,2,2,0,0,0,0,0,0,2,2,1,1
18319,2,2,0,0,0,0,0,0,2,2,1,1
18320,2,2,0,0,0,0,0,0,2,2,1,1
18321,2,2,0,0,0,0,0,0,2,2,1,1
18322,2,2,0,0,0,0,0,0,2,2,1,1
18323,2,2,0,0,0,0,0,0,2,2,1,1
18324,2,2,0,0,0,0,0,0,2,2,1,1
18325,2,2,0,0,0,0,0,0,2,2,1,1
18326,2,2,0,0,0,0,0,0,2,2,1,1
18327,2,2,0,0,0,0,0,0,2,2,1,1
18328,2,2,0,0,0,0,0,0,2,2,1,1
18329,2,2,0,0,0,0,0,0,2,2,1,1
18330,2,2,0,0,0,0,0,0,2,2,1,1
18331,2,2,0,0,0,0,0,0,2,2,1,1
18332,2,2,0,0,0,0,0,0,2,2,1,1
18333,2,2,0,0,0,0,0,0,2,2,1,1
18334,2,2,0,0,0,0,0,0,2,2,1,1
18335,2,2,0,0,0,0,0,0,2,2,1,1
18336,2,2,0,0,0,0,0,0,2,2,1,1
18337,2,2,0,0,0,0,0,0,2,2,1,1
18338,2,2,0,0,0,0,0,0,2,2,1,1
18339,2,2,0,0,0,0,0,0,2,2,1,1
18340,2,2,0,0,0,0,0,0,2,2,1,1
18341,2,2,0,0,0,0,0,0,2,2,1,1
18342,2,2,0,0,0,0,0,0,2,2,1,1
18343,2,2,0,0,0,0,0,0,2,2,1,1
18344,2,2,0,0,0,0,0,0,2,2,1,1
18345,2,2,0,0,0,0,0,0,2,2,1,1
18346,2,2,0,0,0,0,0,0,2,2,1,1
18347,2,2,0,0,0,0,0,0,2,2,1,1
18348,2,2,0,0,0,0,0,0,2,2,1,1
18349,2,2,0,0,0,0,0,0,2,2,1,1
18350,2,2,0,0,0,0,0,0,2,2,1,1
18351,2,2,0,0,0,0,0,0,2,2,1,1
18352,2,2,0,0,0,0,0,0,2,2,1,1
18353,2,2,0,0,0,0,0,0,2,2,1,1
18354,2,2,0,0,0,0,0,0,2,2,1,1
18355,2,2,0,0,0,0,0,0,2,2,1,1
18356,2,2,0,0,0,0,0,0,2,2,1,1
18357,2,2,0,0,0,0,0,0,2,2,1,1
18358,2,2,0,0,0,0,0,0,2,2,1,1
18359,2,2,0,0,0,0,0,0,2,2,1,1
18360,2,2,0,0,0,0,0,0,2,2,1,1
18361,2,2,0,0,0,0,0,0,2,2,1,1
18362,2,2,0,0,0,0,0,0,2,2,1,1
18363,2,2,0,0,0,0,0,0,2,2,1,1
18364,2,2,0,0,0,0,0,0,2,2,1,1
18365,2,2,0,0,0,0,0,0,2,2,1,1
18366,2,2,0,0,0,0,0,0,2,2,1,1
18367,2,2,0,0,0,0,0,0,2,2,1,1
18368,2,2,0,0,0,0,0,0,2,2,1,1
18369,2,2,0,0,0,0,0,0,2,2,1,1
18370,2,2,0,0,0,0,0,0,2,2,1,1
18371,2,2,0,0,0,0,0,0,2,2,1,1
18372,2,2,0,0,0,0,0,0,2,2,1,1
18373,2,2,0,0,0,0,0,0,2,2,1,1
18374,2,2,0,0,0,0,0,0,2,2,1,1
18375,2,2,0,0,0,0,0,0,2,2,1,1
18376,2,2,0,0,0,0,0,0,2,2,1,1
18377,2,2,0,0,0,0,0,0,2,2,1,1
18378,2,2,0,0,0,0,0,0,2,2,1,1
18379,2,2,0,0,0,0,0,0,2,2,1,1
18380,2,2,0,0,0,0,0,0,2,2,1,1
18381,2,2,0,0,0,0,0,0,2,2,1,1
18382,2,2,0,0,0,0,0,0,2,2,1,1
18383,2,2,0,0,0,0,0,0,2,2,1,1
18384,2,2,0,0,0,0,0,0,2,2,1,1
18385,2,2,0,0,0,0,0,0,2,2,1,1
18386,2,2,0,0,0,0,0,0,2,2,1,1
18387,2,2,0,0,0,0,0,0,2,2,1,1
18388,2,2,0,0,0,0,0,0,2,2,1,1
18389,2,2,0,0,0,0,0,0,2,2,1,1
18390,2,2,0,0,0,0,0,0,2,2,1,1
18391,2,2,0,0,0,0,0,0,2,2,1,1
18392,2,2,0,0,0,0,0,0,2,2,1,1
18393,2,2,0,0,0,0,0,0,2,2,1,1
18394,2,2,0,0,0,0,0,0,2,2,1,1
18395,2,2,0,0,0,0,0,0,2,2,1,1
18396,2,2,0,0,0,0,0,0,2,2,1,1
18397,2,2,0,0,0,0,0,0,2,2,1,1
18398,2,2,0,0,0,0,0,0,2,2,1,1
18399,2,2,0,0,0,0,0,0,2,2,1,1
18400,2,2,0,0,0,0,0,0,2,2,1,1
18401,2,2,0,0,0,0,0,0,2,2,1,1
18402,2,2,0,0,0,0,0,0,2,2,1,1
18403,2,2,0,0,0,0,0,0,2,2,1,1
18404,2,2,0,0,0,0,0,0,2,2,1,1
18405,2,2,0,0,0,0,0,0,2,2,1,1
18406,2,2,0,0,0,0,0,0,2,2,1,1
18407,2,2,0,0,0,0,0,0,2,2,1,1
18408,2,2,0,0,0,0,0,0,2,2,1,1
18409,2,2,0,0,0,0,0,0,2,2,1,1
18410,2,2,0,0,0,0,0,0,2,2,1,1
18411,2,2,0,0,0,0,0,0,2,2,1,1
18412,2,2,0,0,0,0,0,0,2,2,1,1
18413,2,2,0,0,0,0,0,0,2,2,1,1
18414,2,2,0,0,0,0,0,0,2,2,1,1
18415,2,2,0,0,0,0,0,0,2,2,1,1
18416,2,2,0,0,0,0,0,0,2,2,1,1
18417,2,2,0,0,0,0,0,0,2,2,1,1
18418,2,2,0,0,0,0,0,0,2,2,1,1
18419,2,2,0,0,0,0,0,0,2,2,1,1
18420,2,2,0,0,0,0,0,0,2,2,1,1
18421,2,2,0,0,0,0,0,0,2,2,1,1
18422,2,2,0,0,0,0,0,0,2,2,1,1
18423,2,2,0,0,0,0,0,0,2,2,1,1
18424,2,2,0,0,0,0,0,0,2,2,1,1
18425,2,2,0,0,0,0,0,0,2,2,1,1
18426,2,2,0,0,0,0,0,0,2,2,1,1
18427,2,2,0,0,0,0,0,0,2,2,1,1
18428,2,2,0,0,0,0,0,0,2,2,1,1
18429,2,2,0,0,0,0,0,0,2,2,1,1
18430,2,2,0,0,0,0,0,0,2,2,1,1
18431,2,2,0,0,0,0,0,0,2,2,1,1
18432,2,2,0,0,0,0,0,0,2,2,1,1
18433,2,2,0,0,0,0,0,0,2,2,1,1
18434,2,2,0,0,0,0,0,0,2,2,1,1
18435,2,2,0,0,0,0,0,0,2,2,1,1
18436,2,2,0,0,0,0,0,0,2,2,1,1
18437,2,2,0,0,0,0,0,0,2,2,1,1
18438,2,2,0,0,0,0,0,0,2,2,1,1
18439,2,2,0,0,0,0,0,0,2,2,1,1
18440,2,2,0,0,0,0,0,0,2,2,1,1
18441,2,2,0,0,0,0,0,0,2,2,1,1
18442,2,2,0,0,0,0,0,0,2,2,1,1
18443,2,2,0,0,0,0,0,0,2,2,1,1
18444,2,2,0,0,0,0,0,0,2,2,1,1
18445,2,2,0,0,0,0,0,0,2,2,1,1
18446,2,2,0,0,0,0,0,0,2,2,1,1
18447,2,2,0,0,0,0,0,0,2,2,1,1
18448,2,2,0,0,0,0,0,0,2,2,1,1
18449,2,2,0,0,0,0,0,0,2,2,1,1
18450,2,2,0,0,0,0,0,0,2,2,1,1
18451,2,2,0,0,0,0,0,0,2,2,1,1
18452,2,2,0,0,0,0,0,0,2,2,1,1
18453,2,2,0,0,0,0,0,0,2,2,1,1
18454,2,2,0,0,0,0,0,0,2,2,1,1
18455,2,2,0,0,0,0,0,0,2,2,1,1
18456,2,2,0,0,0,0,0,0,2,2,1,1
18457,2,2,0,0,0,0,0,0,2,2,1,1
18458,2,2,0,0,0,0,0,0,2,2,1,1
18459,2,2,0,0,0,0,0,0,2,2,1,1
18460,2,2,0,0,0,0,0,0,2,2,1,1
18461,2,2,0,0,0,0,0,0,2,2,1,1
18462,2,2,0,0,0,0,0,0,2,2,1,1
18463,2,2,0,0,0,0,0,0,2,2,1,1
18464,2,2,0,0,0,0,0,0,2,2,1,1
18465,2,2,0,0,0,0,0,0,2,2,1,1
18466,2,2,0,0,0,0,0,0,2,2,1,1
18467,2,2,0,0,0,0,0,0,2,2,1,1
18468,2,2,0,0,0,0,0,0,2,2,1,1
18469,2,2,0,0,0,0,0,0,2,2,1,1
18470,2,2,0,0,0,0,0,0,2,2,1,1
18471,2,2,0,0,0,0,0,0,2,2,1,1
18472,2,2,0,0,0,0,0,0,2,2,1,1
18473,2,2,0,0,0,0,0,0,2,2,1,1
18474,2,2,0,0,0,0,0,0,2,2,1,1
18475,2,2,0,0,0,0,0,0,2,2,1,1
18476,2,2,0,0,0,0,0,0,2,2,1,1
18477,2,2,0,0,0,0,0,0,2,2,1,1
18478,2,2,0,0,0,0,0,0,2,2,1,1
18479,2,2,0,0,0,0,0,0,2,2,1,1
18480,2,2,0,0,0,0,0,0,2,2,1,1
18481,2,2,0,0,0,0,0,0,2,2,1,1
18482,2,2,0,0,0,0,0,0,2,2,1,1
18483,2,2,0,0,0,0,0,0,2,2,1,1
18484,2,2,0,0,0,0,0,0,2,2,1,1
18485,2,2,0,0,0,0,0,0,2,2,1,1
18486,2,2,0,0,0,0,0,0,2,2,1,1
18487,2,2,0,0,0,0,0,0,2,2,1,1
18488,2,2,0,0,0,0,0,0,2,2,1,1
18489,2,2,0,0,0,0,0,0,2,2,1,1
18490,2,2,0,0,0,0,0,0,2,2,1,1
18491,2,2,0,0,0,0,0,0,2,2,1,1
18492,2,2,0,0,0,0,0,0,2,2,1,1
18493,2,2,0,0,0,0,0,0,2,2,1,1
18494,2,2,0,0,0,0,0,0,2,2,1,1
18495,2,2,0,0,0,0,0,0,2,2,1,1
18496,2,2,0,0,0,0,0,0,2,2,1,1
18497,2,2,0,0,0,0,0,0,2,2,1,1
18498,2,2,0,0,0,0,0,0,2,2,1,1
18499,2,2,0,0,0,0,0,0,2,2,1,1
18500,2,2,0,0,0,0,0,0,2,2,1,1
18501,2,2,0,0,0,0,0,0,2,2,1,1
18502,2,2,0,0,0,0,0,0,2,2,1,1
18503,2,2,0,0,0,0,0,0,2,2,1,1
18504,2,2,0,0,0,0,0,0,2,2,1,1
18505,2,2,0,0,0,0,0,0,2,2,1,1
18506,2,2,0,0,0,0,0,0,2,2,1,1
18507,2,2,0,0,0,0,0,0,2,2,1,1
18508,2,2,0,0,0,0,0,0,2,2,1,1
18509,2,2,0,0,0,0,0,0,2,2,1,1
18510,2,2,0,0,0,0,0,0,2,2,1,1
18511,2,2,0,0,0,0,0,0,2,2,1,1
18512,2,2,0,0,0,0,0,0,2,2,1,1
18513,2,2,0,0,0,0,0,0,2,2,1,1
18514,2,2,0,0,0,0,0,0,2,2,1,1
18515,2,2,0,0,0,0,0,0,2,2,1,1
18516,2,2,0,0,0,0,0,0,2,2,1,1
18517,2,2,0,0,0,0,0,0,2,2,1,1
18518,2,2,0,0,0,0,0,0,2,2,1,1
18519,2,2,0,0,0,0,0,0,2,2,1,1
18520,2,2,0,0,0,0,0,0,2,2,1,1
18521,2,2,0,0,0,0,0,0,2,2,1,1
18522,2,2,0,0,0,0,0,0,2,2,1,1
18523,2,2,0,0,0,0,0,0,2,2,1,1
18524,2,2,0,0,0,0,0,0,2,2,1,1
18525,2,2,0,0,0,0,0,0,2,2,1,1
18526,2,2,0,0,0,0,0,0,2,2,1,1
18527,2,2,0,0,0,0,0,0,2,2,1,1
18528,2,2,0,0,0,0,0,0,2,2,1,1
18529,2,2,0,0,0,0,0,0,2,2,1,1
18530,2,2,0,0,0,0,0,0,2,2,1,1
18531,2,2,0,0,0,0,0,0,2,2,1,1
18532,2,2,0,0,0,0,0,0,2,2,1,1
18533,2,2,0,0,0,0,0,0,2,2,1,1
18534,2,2,0,0,0,0,0,0,2,2,1,1
18535,2,2,0,0,0,0,0,0,2,2,1,1
18536,2,2,0,0,0,0,0,0,2,2,1,1
18537,2,2,0,0,0,0,0,0,2,2,1,1
18538,2,2,0,0,0,0,0,0,2,2,1,1
18539,2,2,0,0,0,0,0,0,2,2,1,1
18540,2,2,0,0,0,0,0,0,2,2,1,1
18541,2,2,0,0,0,0,0,0,2,2,1,1
18542,2,2,0,0,0,0,0,0,2,2,1,1
18543,2,2,0,0,0,0,0,0,2,2,1,1
18544,2,2,0,0,0,0,0,0,2,2,1,1
18545,2,2,0,0,0,0,0,0,2,2,1,1
18546,2,2,0,0,0,0,0,0,2,2,1,1
18547,2,2,0,0,0,0,0,0,2,2,1,1
18548,2,2,0,0,0,0,0,0,2,2,1,1
18549,2,2,0,0,0,0,0,0,2,2,1,1
18550,2,2,0,0,0,0,0,0,2,2,1,1
18551,2,2,0,0,0,0,0,0,2,2,1,1
18552,2,2,0,0,0,0,0,0,2,2,1,1
18553,2,2,0,0,0,0,0,0,2,2,1,1
18554,2,2,0,0,0,0,0,0,2,2,1,1
18555,2,2,0,0,0,0,0,0,2,2,1,1
18556,2,2,0,0,0,0,0,0,2,2,1,1
18557,2,2,0,0,0,0,0,0,2,2,1,1
18558,2,2,0,0,0,0,0,0,2,2,1,1
18559,2,2,0,0,0,0,0,0,2,2,1,1
18560,2,2,0,0,0,0,0,0,2,2,1,1
18561,2,2,0,0,0,0,0,0,2,2,1,1
18562,2,2,0,0,0,0,0,0,2,2,1,1
18563,2,2,0,0,0,0,0,0,2,2,1,1
18564,2,2,0,0,0,0,0,0,2,2,1,1
18565,2,2,0,0,0,0,0,0,2,2,1,1
18566,2,2,0,0,0,0,0,0,2,2,1,1
18567,2,2,0,0,0,0,0,0,2,2,1,1
18568,2,2,0,0,0,0,0,0,2,2,1,1
18569,2,2,0,0,0,0,0,0,2,2,1,1
18570,2,2,0,0,0,0,0,0,2,2,1,1
18571,2,2,0,0,0,0,0,0,2,2,1,1
18572,2,2,0,0,0,0,0,0,2,2,1,1
18573,2,2,0,0,0,0,0,0,2,2,1,1
18574,2,2,0,0,0,0,0,0,2,2,1,1
18575,2,2,0,0,0,0,0,0,2,2,1,1
18576,2,2,0,0,0,0,0,0,2,2,1,1
18577,2,2,0,0,0,0,0,0,2,2,1,1
18578,2,2,0,0,0,0,0,0,2,2,1,1
18579,2,2,0,0,0,0,0,0,2,2,1,1
18580,2,2,0,0,0,0,0,0,2,2,1,1
18581,2,2,0,0,0,0,0,0,2,2,1,1
18582,2,2,0,0,0,0,0,0,2,2,1,1
18583,2,2,0,0,0,0,0,0,2,2,1,1
18584,2,2,0,0,0,0,0,0,2,2,1,1
18585,2,2,0,0,0,0,0,0,2,2,1,1
18586,2,2,0,0,0,0,0,0,2,2,1,1
18587,2,2,0,0,0,0,0,0,2,2,1,1
18588,2,2,0,0,0,0,0,0,2,2,1,1
18589,2,2,0,0,0,0,0,0,2,2,1,1
18590,2,2,0,0,0,0,0,0,2,2,1,1
18591,2,2,0,0,0,0,0,0,2,2,1,1
18592,2,2,0,0,0,0,0,0,2,2,1,1
18593,2,2,0,0,0,0,0,0,2,2,1,1
18594,2,2,0,0,0,0,0,0,2,2,1,1
18595,2,2,0,0,0,0,0,0,2,2,1,1
18596,2,2,0,0,0,0,0,0,2,2,1,1
18597,2,2,0,0,0,0,0,0,2,2,1,1
18598,2,2,0,0,0,0,0,0,2,2,1,1
18599,2,2,0,0,0,0,0,0,2,2,1,1
18600,2,2,0,0,0,0,0,0,2,2,1,1
18601,2,2,0,0,0,0,0,0,2,2,1,1
18602,2,2,0,0,0,0,0,0,2,2,1,1
18603,2,2,0,0,0,0,0,0,2,2,1,1
18604,2,2,0,0,0,0,0,0,2,2,1,1
18605,2,2,0,0,0,0,0,0,2,2,1,1
18606,2,2,0,0,0,0,0,0,2,2,1,1
18607,2,2,0,0,0,0,0,0,2,2,1,1
18608,2,2,0,0,0,0,0,0,2,2,1,1
18609,2,2,0,0,0,0,0,0,2,2,1,1
18610,2,2,0,0,0,0,0,0,2,2,1,1
18611,2,2,0,0,0,0,0,0,2,2,1,1
18612,2,2,0,0,0,0,0,0,2,2,1,1
18613,2,2,0,0,0,0,0,0,2,2,1,1
18614,2,2,0,0,0,0,0,0,2,2,1,1
18615,2,2,0,0,0,0,0,0,2,2,1,1
18616,2,2,0,0,0,0,0,0,2,2,1,1
18617,2,2,0,0,0,0,0,0,2,2,1,1
18618,2,2,0,0,0,0,0,0,2,2,1,1
18619,2,2,0,0,0,0,0,0,2,2,1,1
18620,2,2,0,0,0,0,0,0,2,2,1,1
18621,2,2,0,0,0,0,0,0,2,2,1,1
18622,2,2,0,0,0,0,0,0,2,2,1,1
18623,2,2,0,0,0,0,0,0,2,2,1,1
18624,2,2,0,0,0,0,0,0,2,2,1,1
18625,2,2,0,0,0,0,0,0,2,2,1,1
18626,2,2,0,0,0,0,0,0,2,2,1,1
18627,2,2,0,0,0,0,0,0,2,2,1,1
18628,2,2,0,0,0,0,0,0,2,2,1,1
18629,2,2,0,0,0,0,0,0,2,2,1,1
18630,2,2,0,0,0,0,0,0,2,2,1,1
18631,2,2,0,0,0,0,0,0,2,2,1,1
18632,2,2,0,0,0,0,0,0,2,2,1,1
18633,2,2,0,0,0,0,0,0,2,2,1,1
18634,2,2,0,0,0,0,0,0,2,2,1,1
18635,2,2,0,0,0,0,0,0,2,2,1,1
18636,2,2,0,0,0,0,0,0,2,2,1,1
18637,2,2,0,0,0,0,0,0,2,2,1,1
18638,2,2,0,0,0,0,0,0,2,2,1,1
18639,2,2,0,0,0,0,0,0,2,2,1,1
18640,2,2,0,0,0,0,0,0,2,2,1,1
18641,2,2,0,0,0,0,0,0,2,2,1,1
18642,2,2,0,0,0,0,0,0,2,2,1,1
18643,2,2,0,0,0,0,0,0,2,2,1,1
18644,2,2,0,0,0,0,0,0,2,2,1,1
18645,2,2,0,0,0,0,0,0,2,2,1,1
18646,2,2,0,0,0,0,0,0,2,2,1,1
18647,2,2,0,0,0,0,0,0,2,2,1,1
18648,2,2,0,0,0,0,0,0,2,2,1,1
18649,2,2,0,0,0,0,0,0,2,2,1,1
18650,2,2,0,0,0,0,0,0,2,2,1,1
18651,2,2,0,0,0,0,0,0,2,2,1,1
18652,2,2,0,0,0,0,0,0,2,2,1,1
18653,2,2,0,0,0,0,0,0,2,2,1,1
18654,2,2,0,0,0,0,0,0,2,2,1,1
18655,2,2,0,0,0,0,0,0,2,2,1,1
18656,2,2,0,0,0,0,0,0,2,2,1,1
18657,2,2,0,0,0,0,0,0,2,2,1,1
18658,2,2,0,0,0,0,0,0,2,2,1,1
18659,2,2,0,0,0,0,0,0,2,2,1,1
18660,2,2,0,0,0,0,0,0,2,2,1,1
18661,2,2,0,0,0,0,0,0,2,2,1,1
18662,2,2,0,0,0,0,0,0,2,2,1,1
18663,2,2,0,0,0,0,0,0,2,2,1,1
18664,2,2,0,0,0,0,0,0,2,2,1,1
18665,2,2,0,0,0,0,0,0,2,2,1,1
18666,2,2,0,0,0,0,0,0,2,2,1,1
18667,2,2,0,0,0,0,0,0,2,2,1,1
18668,2,2,0,0,0,0,0,0,2,2,1,1
18669,2,2,0,0,0,0,0,0,2,2,1,1
18670,2,2,0,0,0,0,0,0,2,2,1,1
18671,2,2,0,0,0,0,0,0,2,2,1,1
18672,2,2,0,0,0,0,0,0,2,2,1,1
18673,2,2,0,0,0,0,0,0,2,2,1,1
18674,2,2,0,0,0,0,0,0,2,2,1,1
18675,2,2,0,0,0,0,0,0,2,2,1,1
18676,2,2,0,0,0,0,0,0,2,2,1,1
18677,2,2,0,0,0,0,0,0,2,2,1,1
18678,2,2,0,0,0,0,0,0,2,2,1,1
18679,2,2,0,0,0,0,0,0,2,2,1,1
18680,2,2,0,0,0,0,0,0,2,2,1,1
18681,2,2,0,0,0,0,0,0,2,2,1,1
18682,2,2,0,0,0,0,0,0,2,2,1,1
18683,2,2,0,0,0,0,0,0,2,2,1,1
18684,2,2,0,0,0,0,0,0,2,2,1,1
18685,2,2,0,0,0,0,0,0,2,2,1,1
18686,2,2,0,0,0,0,0,0,2,2,1,1
18687,2,2,0,0,0,0,0,0,2,2,1,1
18688,2,2,0,0,0,0,0,0,2,2,1,1
18689,2,2,0,0,0,0,0,0,2,2,1,1
18690,2,2,0,0,0,0,0,0,2,2,1,1
18691,2,2,0,0,0,0,0,0,2,2,1,1
18692,2,2,0,0,0,0,0,0,2,2,1,1
18693,2,2,0,0,0,0,0,0,2,2,1,1
18694,2,2,0,0,0,0,0,0,2,2,1,1
18695,2,2,0,0,0,0,0,0,2,2,1,1
18696,2,2,0,0,0,0,0,0,2,2,1,1
18697,2,2,0,0,0,0,0,0,2,2,1,1
18698,2,2,0,0,0,0,0,0,2,2,1,1
18699,2,2,0,0,0,0,0,0,2,2,1,1
18700,2,2,0,0,0,0,0,0,2,2,1,1
18701,2,2,0,0,0,0,0,0,2,2,1,1
18702,2,2,0,0,0,0,0,0,2,2,1,1
18703,2,2,0,0,0,0,0,0,2,2,1,1
18704,2,2,0,0,0,0,0,0,2,2,1,1
18705,2,2,0,0,0,0,0,0,2,2,1,1
18706,2,2,0,0,0,0,0,0,2,2,1,1
18707,2,2,0,0,0,0,0,0,2,2,1,1
18708,2,2,0,0,0,0,0,0,2,2,1,1
18709,2,2,0,0,0,0,0,0,2,2,1,1
18710,2,2,0,0,0,0,0,0,2,2,1,1
18711,2,2,0,0,0,0,0,0,2,2,1,1
18712,2,2,0,0,0,0,0,0,2,2,1,1
18713,2,2,0,0,0,0,0,0,2,2,1,1
18714,2,2,0,0,0,0,0,0,2,2,1,1
18715,2,2,0,0,0,0,0,0,2,2,1,1
18716,2,2,0,0,0,0,0,0,2,2,1,1
18717,2,2,0,0,0,0,0,0,2,2,1,1
18718,2,2,0,0,0,0,0,0,2,2,1,1
18719,2,2,0,0,0,0,0,0,2,2,1,1
18720,2,2,0,0,0,0,0,0,2,2,1,1
18721,2,2,0,0,0,0,0,0,2,2,1,1
18722,2,2,0,0,0,0,0,0,2,2,1,1
18723,2,2,0,0,0,0,0,0,2,2,1,1
18724,2,2,0,0,0,0,0,0,2,2,1,1
18725,2,2,0,0,0,0,0,0,2,2,1,1
18726,2,2,0,0,0,0,0,0,2,2,1,1
18727,2,2,0,0,0,0,0,0,2,2,1,1
18728,2,2,0,0,0,0,0,0,2,2,1,1
18729,2,2,0,0,0,0,0,0,2,2,1,1
18730,2,2,0,0,0,0,0,0,2,2,1,1
18731,2,2,0,0,0,0,0,0,2,2,1,1
18732,2,2,0,0,0,0,0,0,2,2,1,1
18733,2,2,0,0,0,0,0,0,2,2,1,1
18734,2,2,0,0,0,0,0,0,2,2,1,1
18735,2,2,0,0,0,0,0,0,2,2,1,1
18736,2,2,0,0,0,0,0,0,2,2,1,1
18737,2,2,0,0,0,0,0,0,2,2,1,1
18738,2,2,0,0,0,0,0,0,2,2,1,1
18739,2,2,0,0,0,0,0,0,2,2,1,1
18740,2,2,0,0,0,0,0,0,2,2,1,1
18741,2,2,0,0,0,0,0,0,2,2,1,1
18742,2,2,0,0,0,0,0,0,2,2,1,1
18743,2,2,0,0,0,0,0,0,2,2,1,1
18744,2,2,0,0,0,0,0,0,2,2,1,1
18745,2,2,0,0,0,0,0,0,2,2,1,1
18746,2,2,0,0,0,0,0,0,2,2,1,1
18747,2,2,0,0,0,0,0,0,2,2,1,1
18748,2,2,0,0,0,0,0,0,2,2,1,1
18749,2,2,0,0,0,0,0,0,2,2,1,1
18750,2,2,0,0,0,0,0,0,2,2,1,1
18751,2,2,0,0,0,0,0,0,2,2,1,1
18752,2,2,0,0,0,0,0,0,2,2,1,1
18753,2,2,0,0,0,0,0,0,2,2,1,1
18754,2,2,0,0,0,0,0,0,2,2,1,1
18755,2,2,0,0,0,0,0,0,2,2,1,1
18756,2,2,0,0,0,0,0,0,2,2,1,1
18757,2,2,0,0,0,0,0,0,2,2,1,1
18758,2,2,0,0,0,0,0,0,2,2,1,1
18759,2,2,0,0,0,0,0,0,2,2,1,1
18760,2,2,0,0,0,0,0,0,2,2,1,1
18761,2,2,0,0,0,0,0,0,2,2,1,1
18762,2,2,0,0,0,0,0,0,2,2,1,1
18763,2,2,0,0,0,0,0,0,2,2,1,1
18764,2,2,0,0,0,0,0,0,2,2,1,1
18765,2,2,0,0,0,0,0,0,2,2,1,1
18766,2,2,0,0,0,0,0,0,2,2,1,1
18767,2,2,0,0,0,0,0,0,2,2,1,1
18768,2,2,0,0,0,0,0,0,2,2,1,1
18769,2,2,0,0,0,0,0,0,2,2,1,1
18770,2,2,0,0,0,0,0,0,2,2,1,1
18771,2,2,0,0,0,0,0,0,2,2,1,1
18772,2,2,0,0,0,0,0,0,2,2,1,1
18773,2,2,0,0,0,0,0,0,2,2,1,1
18774,2,2,0,0,0,0,0,0,2,2,1,1
18775,2,2,0,0,0,0,0,0,2,2,1,1
18776,2,2,0,0,0,0,0,0,2,2,1,1
18777,2,2,0,0,0,0,0,0,2,2,1,1
18778,2,2,0,0,0,0,0,0,2,2,1,1
18779,2,2,0,0,0,0,0,0,2,2,1,1
18780,2,2,0,0,0,0,0,0,2,2,1,1
18781,2,2,0,0,0,0,0,0,2,2,1,1
18782,2,2,0,0,0,0,0,0,2,2,1,1
18783,2,2,0,0,0,0,0,0,2,2,1,1
18784,2,2,0,0,0,0,0,0,2,2,1,1
18785,2,2,0,0,0,0,0,0,2,2,1,1
18786,2,2,0,0,0,0,0,0,2,2,1,1
18787,2,2,0,0,0,0,0,0,2,2,1,1
18788,2,2,0,0,0,0,0,0,2,2,1,1
18789,2,2,0,0,0,0,0,0,2,2,1,1
18790,2,2,0,0,0,0,0,0,2,2,1,1
18791,2,2,0,0,0,0,0,0,2,2,1,1
18792,2,2,0,0,0,0,0,0,2,2,1,1
18793,2,2,0,0,0,0,0,0,2,2,1,1
18794,2,2,0,0,0,0,0,0,2,2,1,1
18795,2,2,0,0,0,0,0,0,2,2,1,1
18796,2,2,0,0,0,0,0,0,2,2,1,1
18797,2,2,0,0,0,0,0,0,2,2,1,1
18798,2,2,0,0,0,0,0,0,2,2,1,1
18799,2,2,0,0,0,0,0,0,2,2,1,1
18800,2,2,0,0,0,0,0,0,2,2,1,1
18801,2,2,0,0,0,0,0,0,2,2,1,1
18802,2,2,0,0,0,0,0,0,2,2,1,1
18803,2,2,0,0,0,0,0,0,2,2,1,1
18804,2,2,0,0,0,0,0,0,2,2,1,1
18805,2,2,0,0,0,0,0,0,2,2,1,1
18806,2,2,0,0,0,0,0,0,2,2,1,1
18807,2,2,0,0,0,0,0,0,2,2,1,1
18808,2,2,0,0,0,0,0,0,2,2,1,1
18809,2,2,0,0,0,0,0,0,2,2,1,1
18810,2,2,0,0,0,0,0,0,2,2,1,1
18811,2,2,0,0,0,0,0,0,2,2,1,1
18812,2,2,0,0,0,0,0,0,2,2,1,1
18813,2,2,0,0,0,0,0,0,2,2,1,1
18814,2,2,0,0,0,0,0,0,2,2,1,1
18815,2,2,0,0,0,0,0,0,2,2,1,1
18816,2,2,0,0,0,0,0,0,2,2,1,1
18817,2,2,0,0,0,0,0,0,2,2,1,1
18818,2,2,0,0,0,0,0,0,2,2,1,1
18819,2,2,0,0,0,0,0,0,2,2,1,1
18820,2,2,0,0,0,0,0,0,2,2,1,1
18821,2,2,0,0,0,0,0,0,2,2,1,1
18822,2,2,0,0,0,0,0,0,2,2,1,1
18823,2,2,0,0,0,0,0,0,2,2,1,1
18824,2,2,0,0,0,0,0,0,2,2,1,1
18825,2,2,0,0,0,0,0,0,2,2,1,1
18826,2,2,0,0,0,0,0,0,2,2,1,1
18827,2,2,0,0,0,0,0,0,2,2,1,1
18828,2,2,0,0,0,0,0,0,2,2,1,1
18829,2,2,0,0,0,0,0,0,2,2,1,1
18830,2,2,0,0,0,0,0,0,2,2,1,1
18831,2,2,0,0,0,0,0,0,2,2,1,1
18832,2,2,0,0,0,0,0,0,2,2,1,1
18833,2,2,0,0,0,0,0,0,2,2,1,1
18834,2,2,0,0,0,0,0,0,2,2,1,1
18835,2,2,0,0,0,0,0,0,2,2,1,1
18836,2,2,0,0,0,0,0,0,2,2,1,1
18837,2,2,0,0,0,0,0,0,2,2,1,1
18838,2,2,0,0,0,0,0,0,2,2,1,1
18839,2,2,0,0,0,0,0,0,2,2,1,1
18840,2,2,0,0,0,0,0,0,2,2,1,1
18841,2,2,0,0,0,0,0,0,2,2,1,1
18842,2,2,0,0,0,0,0,0,2,2,1,1
18843,2,2,0,0,0,0,0,0,2,2,1,1
18844,2,2,0,0,0,0,0,0,2,2,1,1
18845,2,2,0,0,0,0,0,0,2,2,1,1
18846,2,2,0,0,0,0,0,0,2,2,1,1
18847,2,2,0,0,0,0,0,0,2,2,1,1
18848,2,2,0,0,0,0,0,0,2,2,1,1
18849,2,2,0,0,0,0,0,0,2,2,1,1
18850,2,2,0,0,0,0,0,0,2,2,1,1
18851,2,2,0,0,0,0,0,0,2,2,1,1
18852,2,2,0,0,0,0,0,0,2,2,1,1
18853,2,2,0,0,0,0,0,0,2,2,1,1
18854,2,2,0,0,0,0,0,0,2,2,1,1
18855,2,2,0,0,0,0,0,0,2,2,1,1
18856,2,2,0,0,0,0,0,0,2,2,1,1
18857,2,2,0,0,0,0,0,0,2,2,1,1
18858,2,2,0,0,0,0,0,0,2,2,1,1
18859,2,2,0,0,0,0,0,0,2,2,1,1
18860,2,2,0,0,0,0,0,0,2,2,1,1
18861,2,2,0,0,0,0,0,0,2,2,1,1
18862,2,2,0,0,0,0,0,0,2,2,1,1
18863,2,2,0,0,0,0,0,0,2,2,1,1
18864,2,2,0,0,0,0,0,0,2,2,1,1
18865,2,2,0,0,0,0,0,0,2,2,1,1
18866,2,2,0,0,0,0,0,0,2,2,1,1
18867,2,2,0,0,0,0,0,0,2,2,1,1
18868,2,2,0,0,0,0,0,0,2,2,1,1
18869,2,2,0,0,0,0,0,0,2,2,1,1
18870,2,2,0,0,0,0,0,0,2,2,1,1
18871,2,2,0,0,0,0,0,0,2,2,1,1
18872,2,2,0,0,0,0,0,0,2,2,1,1
18873,2,2,0,0,0,0,0,0,2,2,1,1
18874,2,2,0,0,0,0,0,0,2,2,1,1
18875,2,2,0,0,0,0,0,0,2,2,1,1
18876,2,2,0,0,0,0,0,0,2,2,1,1
18877,2,2,0,0,0,0,0,0,2,2,1,1
18878,2,2,0,0,0,0,0,0,2,2,1,1
18879,2,2,0,0,0,0,0,0,2,2,1,1
18880,2,2,0,0,0,0,0,0,2,2,1,1
18881,2,2,0,0,0,0,0,0,2,2,1,1
18882,2,2,0,0,0,0,0,0,2,2,1,1
18883,2,2,0,0,0,0,0,0,2,2,1,1
18884,2,2,0,0,0,0,0,0,2,2,1,1
18885,2,2,0,0,0,0,0,0,2,2,1,1
18886,2,2,0,0,0,0,0,0,2,2,1,1
18887,2,2,0,0,0,0,0,0,2,2,1,1
18888,2,2,0,0,0,0,0,0,2,2,1,1
18889,2,2,0,0,0,0,0,0,2,2,1,1
18890,2,2,0,0,0,0,0,0,2,2,1,1
18891,2,2,0,0,0,0,0,0,2,2,1,1
18892,2,2,0,0,0,0,0,0,2,2,1,1
18893,2,2,0,0,0,0,0,0,2,2,1,1
18894,2,2,0,0,0,0,0,0,2,2,1,1
18895,2,2,0,0,0,0,0,0,2,2,1,1
18896,2,2,0,0,0,0,0,0,2,2,1,1
18897,2,2,0,0,0,0,0,0,2,2,1,1
18898,2,2,0,0,0,0,0,0,2,2,1,1
18899,2,2,0,0,0,0,0,0,2,2,1,1
18900,2,2,0,0,0,0,0,0,2,2,1,1
18901,2,2,0,0,0,0,0,0,2,2,1,1
18902,2,2,0,0,0,0,0,0,2,2,1,1
18903,2,2,0,0,0,0,0,0,2,2,1,1
18904,2,2,0,0,0,0,0,0,2,2,1,1
18905,2,2,0,0,0,0,0,0,2,2,1,1
18906,2,2,0,0,0,0,0,0,2,2,1,1
18907,2,2,0,0,0,0,0,0,2,2,1,1
18908,2,2,0,0,0,0,0,0,2,2,1,1
18909,2,2,0,0,0,0,0,0,2,2,1,1
18910,2,2,0,0,0,0,0,0,2,2,1,1
18911,2,2,0,0,0,0,0,0,2,2,1,1
18912,2,2,0,0,0,0,0,0,2,2,1,1
18913,2,2,0,0,0,0,0,0,2,2,1,1
18914,2,2,0,0,0,0,0,0,2,2,1,1
18915,2,2,0,0,0,0,0,0,2,2,1,1
18916,2,2,0,0,0,0,0,0,2,2,1,1
18917,2,2,0,0,0,0,0,0,2,2,1,1
18918,2,2,0,0,0,0,0,0,2,2,1,1
18919,2,2,0,0,0,0,0,0,2,2,1,1
18920,2,2,0,0,0,0,0,0,2,2,1,1
18921,2,2,0,0,0,0,0,0,2,2,1,1
18922,2,2,0,0,0,0,0,0,2,2,1,1
18923,2,2,0,0,0,0,0,0,2,2,1,1
18924,2,2,0,0,0,0,0,0,2,2,1,1
18925,2,2,0,0,0,0,0,0,2,2,1,1
18926,2,2,0,0,0,0,0,0,2,2,1,1
18927,2,2,0,0,0,0,0,0,2,2,1,1
18928,2,2,0,0,0,0,0,0,2,2,1,1
18929,2,2,0,0,0,0,0,0,2,2,1,1
18930,2,2,0,0,0,0,0,0,2,2,1,1
18931,2,2,0,0,0,0,0,0,2,2,1,1
18932,2,2,0,0,0,0,0,0,2,2,1,1
18933,2,2,0,0,0,0,0,0,2,2,1,1
18934,2,2,0,0,0,0,0,0,2,2,1,1
18935,2,2,0,0,0,0,0,0,2,2,1,1
18936,2,2,0,0,0,0,0,0,2,2,1,1
18937,2,2,0,0,0,0,0,0,2,2,1,1
18938,2,2,0,0,0,0,0,0,2,2,1,1
18939,2,2,0,0,0,0,0,0,2,2,1,1
18940,2,2,0,0,0,0,0,0,2,2,1,1
18941,2,2,0,0,0,0,0,0,2,2,1,1
18942,2,2,0,0,0,0,0,0,2,2,1,1
18943,2,2,0,0,0,0,0,0,2,2,1,1
18944,2,2,0,0,0,0,0,0,2,2,1,1
18945,2,2,0,0,0,0,0,0,2,2,1,1
18946,2,2,0,0,0,0,0,0,2,2,1,1
18947,2,2,0,0,0,0,0,0,2,2,1,1
18948,2,2,0,0,0,0,0,0,2,2,1,1
18949,2,2,0,0,0,0,0,0,2,2,1,1
18950,2,2,0,0,0,0,0,0,2,2,1,1
18951,2,2,0,0,0,0,0,0,2,2,1,1
18952,2,2,0,0,0,0,0,0,2,2,1,1
18953,2,2,0,0,0,0,0,0,2,2,1,1
18954,2,2,0,0,0,0,0,0,2,2,1,1
18955,2,2,0,0,0,0,0,0,2,2,1,1
18956,2,2,0,0,0,0,0,0,2,2,1,1
18957,2,2,0,0,0,0,0,0,2,2,1,1
18958,2,2,0,0,0,0,0,0,2,2,1,1
18959,2,2,0,0,0,0,0,0,2,2,1,1
18960,2,2,0,0,0,0,0,0,2,2,1,1
18961,2,2,0,0,0,0,0,0,2,2,1,1
18962,2,2,0,0,0,0,0,0,2,2,1,1
18963,2,2,0,0,0,0,0,0,2,2,1,1
18964,2,2,0,0,0,0,0,0,2,2,1,1
18965,2,2,0,0,0,0,0,0,2,2,1,1
18966,2,2,0,0,0,0,0,0,2,2,1,1
18967,2,2,0,0,0,0,0,0,2,2,1,1
18968,2,2,0,0,0,0,0,0,2,2,1,1
18969,2,2,0,0,0,0,0,0,2,2,1,1
18970,2,2,0,0,0,0,0,0,2,2,1,1
18971,2,2,0,0,0,0,0,0,2,2,1,1
18972,2,2,0,0,0,0,0,0,2,2,1,1
18973,2,2,0,0,0,0,0,0,2,2,1,1
18974,2,2,0,0,0,0,0,0,2,2,1,1
18975,2,2,0,0,0,0,0,0,2,2,1,1
18976,2,2,0,0,0,0,0,0,2,2,1,1
18977,2,2,0,0,0,0,0,0,2,2,1,1
18978,2,2,0,0,0,0,0,0,2,2,1,1
18979,2,2,0,0,0,0,0,0,2,2,1,1
18980,2,2,0,0,0,0,0,0,2,2,1,1
18981,2,2,0,0,0,0,0,0,2,2,1,1
18982,2,2,0,0,0,0,0,0,2,2,1,1
18983,2,2,0,0,0,0,0,0,2,2,1,1
18984,2,2,0,0,0,0,0,0,2,2,1,1
18985,2,2,0,0,0,0,0,0,2,2,1,1
18986,2,2,0,0,0,0,0,0,2,2,1,1
18987,2,2,0,0,0,0,0,0,2,2,1,1
18988,2,2,0,0,0,0,0,0,2,2,1,1
18989,2,2,0,0,0,0,0,0,2,2,1,1
18990,2,2,0,0,0,0,0,0,2,2,1,1
18991,2,2,0,0,0,0,0,0,2,2,1,1
18992,2,2,0,0,0,0,0,0,2,2,1,1
18993,2,2,0,0,0,0,0,0,2,2,1,1
18994,2,2,0,0,0,0,0,0,2,2,1,1
18995,2,2,0,0,0,0,0,0,2,2,1,1
18996,2,2,0,0,0,0,0,0,2,2,1,1
18997,2,2,0,0,0,0,0,0,2,2,1,1
18998,2,2,0,0,0,0,0,0,2,2,1,1
18999,2,2,0,0,0,0,0,0,2,2,1,1
19000,2,2,0,0,0,0,0,0,2,2,1,1
19001,2,2,0,0,0,0,0,0,2,2,1,1
19002,2,2,0,0,0,0,0,0,2,2,1,1
19003,2,2,0,0,0,0,0,0,2,2,1,1
19004,2,2,0,0,0,0,0,0,2,2,1,1
19005,2,2,0,0,0,0,0,0,2,2,1,1
19006,2,2,0,0,0,0,0,0,2,2,1,1
19007,2,2,0,0,0,0,0,0,2,2,1,1
19008,2,2,0,0,0,0,0,0,2,2,1,1
19009,2,2,0,0,0,0,0,0,2,2,1,1
19010,2,2,0,0,0,0,0,0,2,2,1,1
19011,2,2,0,0,0,0,0,0,2,2,1,1
19012,2,2,0,0,0,0,0,0,2,2,1,1
19013,2,2,0,0,0,0,0,0,2,2,1,1
19014,2,2,0,0,0,0,0,0,2,2,1,1
19015,2,2,0,0,0,0,0,0,2,2,1,1
19016,2,2,0,0,0,0,0,0,2,2,1,1
19017,2,2,0,0,0,0,0,0,2,2,1,1
19018,2,2,0,0,0,0,0,0,2,2,1,1
19019,2,2,0,0,0,0,0,0,2,2,1,1
19020,2,2,0,0,0,0,0,0,2,2,1,1
19021,2,2,0,0,0,0,0,0,2,2,1,1
19022,2,2,0,0,0,0,0,0,2,2,1,1
19023,2,2,0,0,0,0,0,0,2,2,1,1
19024,2,2,0,0,0,0,0,0,2,2,1,1
19025,2,2,0,0,0,0,0,0,2,2,1,1
19026,2,2,0,0,0,0,0,0,2,2,1,1
19027,2,2,0,0,0,0,0,0,2,2,1,1
19028,2,2,0,0,0,0,0,0,2,2,1,1
19029,2,2,0,0,0,0,0,0,2,2,1,1
19030,2,2,0,0,0,0,0,0,2,2,1,1
19031,2,2,0,0,0,0,0,0,2,2,1,1
19032,2,2,0,0,0,0,0,0,2,2,1,1
19033,2,2,0,0,0,0,0,0,2,2,1,1
19034,2,2,0,0,0,0,0,0,2,2,1,1
19035,2,2,0,0,0,0,0,0,2,2,1,1
19036,2,2,0,0,0,0,0,0,2,2,1,1
19037,2,2,0,0,0,0,0,0,2,2,1,1
19038,2,2,0,0,0,0,0,0,2,2,1,1
19039,2,2,0,0,0,0,0,0,2,2,1,1
19040,2,2,0,0,0,0,0,0,2,2,1,1
19041,2,2,0,0,0,0,0,0,2,2,1,1
19042,2,2,0,0,0,0,0,0,2,2,1,1
19043,2,2,0,0,0,0,0,0,2,2,1,1
19044,2,2,0,0,0,0,0,0,2,2,1,1
19045,2,2,0,0,0,0,0,0,2,2,1,1
19046,2,2,0,0,0,0,0,0,2,2,1,1
19047,2,2,0,0,0,0,0,0,2,2,1,1
19048,2,2,0,0,0,0,0,0,2,2,1,1
19049,2,2,0,0,0,0,0,0,2,2,1,1
19050,2,2,0,0,0,0,0,0,2,2,1,1
19051,2,2,0,0,0,0,0,0,2,2,1,1
19052,2,2,0,0,0,0,0,0,2,2,1,1
19053,2,2,0,0,0,0,0,0,2,2,1,1
19054,2,2,0,0,0,0,0,0,2,2,1,1
19055,2,2,0,0,0,0,0,0,2,2,1,1
19056,2,2,0,0,0,0,0,0,2,2,1,1
19057,2,2,0,0,0,0,0,0,2,2,1,1
19058,2,2,0,0,0,0,0,0,2,2,1,1
19059,2,2,0,0,0,0,0,0,2,2,1,1
19060,2,2,0,0,0,0,0,0,2,2,1,1
19061,2,2,0,0,0,0,0,0,2,2,1,1
19062,2,2,0,0,0,0,0,0,2,2,1,1
19063,2,2,0,0,0,0,0,0,2,2,1,1
19064,2,2,0,0,0,0,0,0,2,2,1,1
19065,2,2,0,0,0,0,0,0,2,2,1,1
19066,2,2,0,0,0,0,0,0,2,2,1,1
19067,2,2,0,0,0,0,0,0,2,2,1,1
19068,2,2,0,0,0,0,0,0,2,2,1,1
19069,2,2,0,0,0,0,0,0,2,2,1,1
19070,2,2,0,0,0,0,0,0,2,2,1,1
19071,2,2,0,0,0,0,0,0,2,2,1,1
19072,2,2,0,0,0,0,0,0,2,2,1,1
19073,2,2,0,0,0,0,0,0,2,2,1,1
19074,2,2,0,0,0,0,0,0,2,2,1,1
19075,2,2,0,0,0,0,0,0,2,2,1,1
19076,2,2,0,0,0,0,0,0,2,2,1,1
19077,2,2,0,0,0,0,0,0,2,2,1,1
19078,2,2,0,0,0,0,0,0,2,2,1,1
19079,2,2,0,0,0,0,0,0,2,2,1,1
19080,2,2,0,0,0,0,0,0,2,2,1,1
19081,2,2,0,0,0,0,0,0,2,2,1,1
19082,2,2,0,0,0,0,0,0,2,2,1,1
19083,2,2,0,0,0,0,0,0,2,2,1,1
19084,2,2,0,0,0,0,0,0,2,2,1,1
19085,2,2,0,0,0,0,0,0,2,2,1,1
19086,2,2,0,0,0,0,0,0,2,2,1,1
19087,2,2,0,0,0,0,0,0,2,2,1,1
19088,2,2,0,0,0,0,0,0,2,2,1,1
19089,2,2,0,0,0,0,0,0,2,2,1,1
19090,2,2,0,0,0,0,0,0,2,2,1,1
19091,2,2,0,0,0,0,0,0,2,2,1,1
19092,2,2,0,0,0,0,0,0,2,2,1,1
19093,2,2,0,0,0,0,0,0,2,2,1,1
19094,2,2,0,0,0,0,0,0,2,2,1,1
19095,2,2,0,0,0,0,0,0,2,2,1,1
19096,2,2,0,0,0,0,0,0,2,2,1,1
19097,2,2,0,0,0,0,0,0,2,2,1,1
19098,2,2,0,0,0,0,0,0,2,2,1,1
19099,2,2,0,0,0,0,0,0,2,2,1,1
19100,2,2,0,0,0,0,0,0,2,2,1,1
19101,2,2,0,0,0,0,0,0,2,2,1,1
19102,2,2,0,0,0,0,0,0,2,2,1,1
19103,2,2,0,0,0,0,0,0,2,2,1,1
19104,2,2,0,0,0,0,0,0,2,2,1,1
19105,2,2,0,0,0,0,0,0,2,2,1,1
19106,2,2,0,0,0,0,0,0,2,2,1,1
19107,2,2,0,0,0,0,0,0,2,2,1,1
19108,2,2,0,0,0,0,0,0,2,2,1,1
19109,2,2,0,0,0,0,0,0,2,2,1,1
19110,2,2,0,0,0,0,0,0,2,2,1,1
19111,2,2,0,0,0,0,0,0,2,2,1,1
19112,2,2,0,0,0,0,0,0,2,2,1,1
19113,2,2,0,0,0,0,0,0,2,2,1,1
19114,2,2,0,0,0,0,0,0,2,2,1,1
19115,2,2,0,0,0,0,0,0,2,2,1,1
19116,2,2,0,0,0,0,0,0,2,2,1,1
19117,2,2,0,0,0,0,0,0,2,2,1,1
19118,2,2,0,0,0,0,0,0,2,2,1,1
19119,2,2,0,0,0,0,0,0,2,2,1,1
19120,2,2,0,0,0,0,0,0,2,2,1,1
19121,2,2,0,0,0,0,0,0,2,2,1,1
19122,2,2,0,0,0,0,0,0,2,2,1,1
19123,2,2,0,0,0,0,0,0,2,2,1,1
19124,2,2,0,0,0,0,0,0,2,2,1,1
19125,2,2,0,0,0,0,0,0,2,2,1,1
19126,2,2,0,0,0,0,0,0,2,2,1,1
19127,2,2,0,0,0,0,0,0,2,2,1,1
19128,2,2,0,0,0,0,0,0,2,2,1,1
19129,2,2,0,0,0,0,0,0,2,2,1,1
19130,2,2,0,0,0,0,0,0,2,2,1,1
19131,2,2,0,0,0,0,0,0,2,2,1,1
19132,2,2,0,0,0,0,0,0,2,2,1,1
19133,2,2,0,0,0,0,0,0,2,2,1,1
19134,2,2,0,0,0,0,0,0,2,2,1,1
19135,2,2,0,0,0,0,0,0,2,2,1,1
19136,2,2,0,0,0,0,0,0,2,2,1,1
19137,2,2,0,0,0,0,0,0,2,2,1,1
19138,2,2,0,0,0,0,0,0,2,2,1,1
19139,2,2,0,0,0,0,0,0,2,2,1,1
19140,2,2,0,0,0,0,0,0,2,2,1,1
19141,2,2,0,0,0,0,0,0,2,2,1,1
19142,2,2,0,0,0,0,0,0,2,2,1,1
19143,2,2,0,0,0,0,0,0,2,2,1,1
19144,2,2,0,0,0,0,0,0,2,2,1,1
19145,2,2,0,0,0,0,0,0,2,2,1,1
19146,2,2,0,0,0,0,0,0,2,2,1,1
19147,2,2,0,0,0,0,0,0,2,2,1,1
19148,2,2,0,0,0,0,0,0,2,2,1,1
19149,2,2,0,0,0,0,0,0,2,2,1,1
19150,2,2,0,0,0,0,0,0,2,2,1,1
19151,2,2,0,0,0,0,0,0,2,2,1,1
19152,2,2,0,0,0,0,0,0,2,2,1,1
19153,2,2,0,0,0,0,0,0,2,2,1,1
19154,2,2,0,0,0,0,0,0,2,2,1,1
19155,2,2,0,0,0,0,0,0,2,2,1,1
19156,2,2,0,0,0,0,0,0,2,2,1,1
19157,2,2,0,0,0,0,0,0,2,2,1,1
19158,2,2,0,0,0,0,0,0,2,2,1,1
19159,2,2,0,0,0,0,0,0,2,2,1,1
19160,2,2,0,0,0,0,0,0,2,2,1,1
19161,2,2,0,0,0,0,0,0,2,2,1,1
19162,2,2,0,0,0,0,0,0,2,2,1,1
19163,2,2,0,0,0,0,0,0,2,2,1,1
19164,2,2,0,0,0,0,0,0,2,2,1,1
19165,2,2,0,0,0,0,0,0,2,2,1,1
19166,2,2,0,0,0,0,0,0,2,2,1,1
19167,2,2,0,0,0,0,0,0,2,2,1,1
19168,2,2,0,0,0,0,0,0,2,2,1,1
19169,2,2,0,0,0,0,0,0,2,2,1,1
19170,2,2,0,0,0,0,0,0,2,2,1,1
19171,2,2,0,0,0,0,0,0,2,2,1,1
19172,2,2,0,0,0,0,0,0,2,2,1,1
19173,2,2,0,0,0,0,0,0,2,2,1,1
19174,2,2,0,0,0,0,0,0,2,2,1,1
19175,2,2,0,0,0,0,0,0,2,2,1,1
19176,2,2,0,0,0,0,0,0,2,2,1,1
19177,2,2,0,0,0,0,0,0,2,2,1,1
19178,2,2,0,0,0,0,0,0,2,2,1,1
19179,2,2,0,0,0,0,0,0,2,2,1,1
19180,2,2,0,0,0,0,0,0,2,2,1,1
19181,2,2,0,0,0,0,0,0,2,2,1,1
19182,2,2,0,0,0,0,0,0,2,2,1,1
19183,2,2,0,0,0,0,0,0,2,2,1,1
19184,2,2,0,0,0,0,0,0,2,2,1,1
19185,2,2,0,0,0,0,0,0,2,2,1,1
19186,2,2,0,0,0,0,0,0,2,2,1,1
19187,2,2,0,0,0,0,0,0,2,2,1,1
19188,2,2,0,0,0,0,0,0,2,2,1,1
19189,2,2,0,0,0,0,0,0,2,2,1,1
19190,2,2,0,0,0,0,0,0,2,2,1,1
19191,2,2,0,0,0,0,0,0,2,2,1,1
19192,2,2,0,0,0,0,0,0,2,2,1,1
19193,2,2,0,0,0,0,0,0,2,2,1,1
19194,2,2,0,0,0,0,0,0,2,2,1,1
19195,2,2,0,0,0,0,0,0,2,2,1,1
19196,2,2,0,0,0,0,0,0,2,2,1,1
19197,2,2,0,0,0,0,0,0,2,2,1,1
19198,2,2,0,0,0,0,0,0,2,2,1,1
19199,2,2,0,0,0,0,0,0,2,2,1,1
19200,2,2,0,0,0,0,0,0,2,2,1,1
19201,2,2,0,0,0,0,0,0,2,2,1,1
19202,2,2,0,0,0,0,0,0,2,2,1,1
19203,2,2,0,0,0,0,0,0,2,2,1,1
19204,2,2,0,0,0,0,0,0,2,2,1,1
19205,2,2,0,0,0,0,0,0,2,2,1,1
19206,2,2,0,0,0,0,0,0,2,2,1,1
19207,2,2,0,0,0,0,0,0,2,2,1,1
19208,2,2,0,0,0,0,0,0,2,2,1,1
19209,2,2,0,0,0,0,0,0,2,2,1,1
19210,2,2,0,0,0,0,0,0,2,2,1,1
19211,2,2,0,0,0,0,0,0,2,2,1,1
19212,2,2,0,0,0,0,0,0,2,2,1,1
19213,2,2,0,0,0,0,0,0,2,2,1,1
19214,2,2,0,0,0,0,0,0,2,2,1,1
19215,2,2,0,0,0,0,0,0,2,2,1,1
19216,2,2,0,0,0,0,0,0,2,2,1,1
19217,2,2,0,0,0,0,0,0,2,2,1,1
19218,2,2,0,0,0,0,0,0,2,2,1,1
19219,2,2,0,0,0,0,0,0,2,2,1,1
19220,2,2,0,0,0,0,0,0,2,2,1,1
19221,2,2,0,0,0,0,0,0,2,2,1,1
19222,2,2,0,0,0,0,0,0,2,2,1,1
19223,2,2,0,0,0,0,0,0,2,2,1,1
19224,2,2,0,0,0,0,0,0,2,2,1,1
19225,2,2,0,0,0,0,0,0,2,2,1,1
19226,2,2,0,0,0,0,0,0,2,2,1,1
19227,2,2,0,0,0,0,0,0,2,2,1,1
19228,2,2,0,0,0,0,0,0,2,2,1,1
19229,2,2,0,0,0,0,0,0,2,2,1,1
19230,2,2,0,0,0,0,0,0,2,2,1,1
19231,2,2,0,0,0,0,0,0,2,2,1,1
19232,2,2,0,0,0,0,0,0,2,2,1,1
19233,2,2,0,0,0,0,0,0,2,2,1,1
19234,2,2,0,0,0,0,0,0,2,2,1,1
19235,2,2,0,0,0,0,0,0,2,2,1,1
19236,2,2,0,0,0,0,0,0,2,2,1,1
19237,2,2,0,0,0,0,0,0,2,2,1,1
19238,2,2,0,0,0,0,0,0,2,2,1,1
19239,2,2,0,0,0,0,0,0,2,2,1,1
19240,2,2,0,0,0,0,0,0,2,2,1,1
19241,2,2,0,0,0,0,0,0,2,2,1,1
19242,2,2,0,0,0,0,0,0,2,2,1,1
19243,2,2,0,0,0,0,0,0,2,2,1,1
19244,2,2,0,0,0,0,0,0,2,2,1,1
19245,2,2,0,0,0,0,0,0,2,2,1,1
19246,2,2,0,0,0,0,0,0,2,2,1,1
19247,2,2,0,0,0,0,0,0,2,2,1,1
19248,2,2,0,0,0,0,0,0,2,2,1,1
19249,2,2,0,0,0,0,0,0,2,2,1,1
19250,2,2,0,0,0,0,0,0,2,2,1,1
19251,2,2,0,0,0,0,0,0,2,2,1,1
19252,2,2,0,0,0,0,0,0,2,2,1,1
19253,2,2,0,0,0,0,0,0,2,2,1,1
19254,2,2,0,0,0,0,0,0,2,2,1,1
19255,2,2,0,0,0,0,0,0,2,2,1,1
19256,2,2,0,0,0,0,0,0,2,2,1,1
19257,2,2,0,0,0,0,0,0,2,2,1,1
19258,2,2,0,0,0,0,0,0,2,2,1,1
19259,2,2,0,0,0,0,0,0,2,2,1,1
19260,2,2,0,0,0,0,0,0,2,2,1,1
19261,2,2,0,0,0,0,0,0,2,2,1,1
19262,2,2,0,0,0,0,0,0,2,2,1,1
19263,2,2,0,0,0,0,0,0,2,2,1,1
19264,2,2,0,0,0,0,0,0,2,2,1,1
19265,2,2,0,0,0,0,0,0,2,2,1,1
19266,2,2,0,0,0,0,0,0,2,2,1,1
19267,2,2,0,0,0,0,0,0,2,2,1,1
19268,2,2,0,0,0,0,0,0,2,2,1,1
19269,2,2,0,0,0,0,0,0,2,2,1,1
19270,2,2,0,0,0,0,0,0,2,2,1,1
19271,2,2,0,0,0,0,0,0,2,2,1,1
19272,2,2,0,0,0,0,0,0,2,2,1,1
19273,2,2,0,0,0,0,0,0,2,2,1,1
19274,2,2,0,0,0,0,0,0,2,2,1,1
19275,2,2,0,0,0,0,0,0,2,2,1,1
19276,2,2,0,0,0,0,0,0,2,2,1,1
19277,2,2,0,0,0,0,0,0,2,2,1,1
19278,2,2,0,0,0,0,0,0,2,2,1,1
19279,2,2,0,0,0,0,0,0,2,2,1,1
19280,2,2,0,0,0,0,0,0,2,2,1,1
19281,2,2,0,0,0,0,0,0,2,2,1,1
19282,2,2,0,0,0,0,0,0,2,2,1,1
19283,2,2,0,0,0,0,0,0,2,2,1,1
19284,2,2,0,0,0,0,0,0,2,2,1,1
19285,2,2,0,0,0,0,0,0,2,2,1,1
19286,2,2,0,0,0,0,0,0,2,2,1,1
19287,2,2,0,0,0,0,0,0,2,2,1,1
19288,2,2,0,0,0,0,0,0,2,2,1,1
19289,2,2,0,0,0,0,0,0,2,2,1,1
19290,2,2,0,0,0,0,0,0,2,2,1,1
19291,2,2,0,0,0,0,0,0,2,2,1,1
19292,2,2,0,0,0,0,0,0,2,2,1,1
19293,2,2,0,0,0,0,0,0,2,2,1,1
19294,2,2,0,0,0,0,0,0,2,2,1,1
19295,2,2,0,0,0,0,0,0,2,2,1,1
19296,2,2,0,0,0,0,0,0,2,2,1,1
19297,2,2,0,0,0,0,0,0,2,2,1,1
19298,2,2,0,0,0,0,0,0,2,2,1,1
19299,2,2,0,0,0,0,0,0,2,2,1,1
19300,2,2,0,0,0,0,0,0,2,2,1,1
19301,2,2,0,0,0,0,0,0,2,2,1,1
19302,2,2,0,0,0,0,0,0,2,2,1,1
19303,2,2,0,0,0,0,0,0,2,2,1,1
19304,2,2,0,0,0,0,0,0,2,2,1,1
19305,2,2,0,0,0,0,0,0,2,2,1,1
19306,2,2,0,0,0,0,0,0,2,2,1,1
19307,2,2,0,0,0,0,0,0,2,2,1,1
19308,2,2,0,0,0,0,0,0,2,2,1,1
19309,2,2,0,0,0,0,0,0,2,2,1,1
19310,2,2,0,0,0,0,0,0,2,2,1,1
19311,2,2,0,0,0,0,0,0,2,2,1,1
19312,2,2,0,0,0,0,0,0,2,2,1,1
19313,2,2,0,0,0,0,0,0,2,2,1,1
19314,2,2,0,0,0,0,0,0,2,2,1,1
19315,2,2,0,0,0,0,0,0,2,2,1,1
19316,2,2,0,0,0,0,0,0,2,2,1,1
19317,2,2,0,0,0,0,0,0,2,2,1,1
19318,2,2,0,0,0,0,0,0,2,2,1,1
19319,2,2,0,0,0,0,0,0,2,2,1,1
19320,2,2,0,0,0,0,0,0,2,2,1,1
19321,2,2,0,0,0,0,0,0,2,2,1,1
19322,2,2,0,0,0,0,0,0,2,2,1,1
19323,2,2,0,0,0,0,0,0,2,2,1,1
19324,2,2,0,0,0,0,0,0,2,2,1,1
19325,2,2,0,0,0,0,0,0,2,2,1,1
19326,2,2,0,0,0,0,0,0,2,2,1,1
19327,2,2,0,0,0,0,0,0,2,2,1,1
19328,2,2,0,0,0,0,0,0,2,2,1,1
19329,2,2,0,0,0,0,0,0,2,2,1,1
19330,2,2,0,0,0,0,0,0,2,2,1,1
19331,2,2,0,0,0,0,0,0,2,2,1,1
19332,2,2,0,0,0,0,0,0,2,2,1,1
19333,2,2,0,0,0,0,0,0,2,2,1,1
19334,2,2,0,0,0,0,0,0,2,2,1,1
19335,2,2,0,0,0,0,0,0,2,2,1,1
19336,2,2,0,0,0,0,0,0,2,2,1,1
19337,2,2,0,0,0,0,0,0,2,2,1,1
19338,2,2,0,0,0,0,0,0,2,2,1,1
19339,2,2,0,0,0,0,0,0,2,2,1,1
19340,2,2,0,0,0,0,0,0,2,2,1,1
19341,2,2,0,0,0,0,0,0,2,2,1,1
19342,2,2,0,0,0,0,0,0,2,2,1,1
19343,2,2,0,0,0,0,0,0,2,2,1,1
19344,2,2,0,0,0,0,0,0,2,2,1,1
19345,2,2,0,0,0,0,0,0,2,2,1,1
19346,2,2,0,0,0,0,0,0,2,2,1,1
19347,2,2,0,0,0,0,0,0,2,2,1,1
19348,2,2,0,0,0,0,0,0,2,2,1,1
19349,2,2,0,0,0,0,0,0,2,2,1,1
19350,2,2,0,0,0,0,0,0,2,2,1,1
19351,2,2,0,0,0,0,0,0,2,2,1,1
19352,2,2,0,0,0,0,0,0,2,2,1,1
19353,2,2,0,0,0,0,0,0,2,2,1,1
19354,2,2,0,0,0,0,0,0,2,2,1,1
19355,2,2,0,0,0,0,0,0,2,2,1,1
19356,2,2,0,0,0,0,0,0,2,2,1,1
19357,2,2,0,0,0,0,0,0,2,2,1,1
19358,2,2,0,0,0,0,0,0,2,2,1,1
19359,2,2,0,0,0,0,0,0,2,2,1,1
19360,2,2,0,0,0,0,0,0,2,2,1,1
19361,2,2,0,0,0,0,0,0,2,2,1,1
19362,2,2,0,0,0,0,0,0,2,2,1,1
19363,2,2,0,0,0,0,0,0,2,2,1,1
19364,2,2,0,0,0,0,0,0,2,2,1,1
19365,2,2,0,0,0,0,0,0,2,2,1,1
19366,2,2,0,0,0,0,0,0,2,2,1,1
19367,2,2,0,0,0,0,0,0,2,2,1,1
19368,2,2,0,0,0,0,0,0,2,2,1,1
19369,2,2,0,0,0,0,0,0,2,2,1,1
19370,2,2,0,0,0,0,0,0,2,2,1,1
19371,2,2,0,0,0,0,0,0,2,2,1,1
19372,2,2,0,0,0,0,0,0,2,2,1,1
19373,2,2,0,0,0,0,0,0,2,2,1,1
19374,2,2,0,0,0,0,0,0,2,2,1,1
19375,2,2,0,0,0,0,0,0,2,2,1,1
19376,2,2,0,0,0,0,0,0,2,2,1,1
19377,2,2,0,0,0,0,0,0,2,2,1,1
19378,2,2,0,0,0,0,0,0,2,2,1,1
19379,2,2,0,0,0,0,0,0,2,2,1,1
19380,2,2,0,0,0,0,0,0,2,2,1,1
19381,2,2,0,0,0,0,0,0,2,2,1,1
19382,2,2,0,0,0,0,0,0,2,2,1,1
19383,2,2,0,0,0,0,0,0,2,2,1,1
19384,2,2,0,0,0,0,0,0,2,2,1,1
19385,2,2,0,0,0,0,0,0,2,2,1,1
19386,2,2,0,0,0,0,0,0,2,2,1,1
19387,2,2,0,0,0,0,0,0,2,2,1,1
19388,2,2,0,0,0,0,0,0,2,2,1,1
19389,2,2,0,0,0,0,0,0,2,2,1,1
19390,2,2,0,0,0,0,0,0,2,2,1,1
19391,2,2,0,0,0,0,0,0,2,2,1,1
19392,2,2,0,0,0,0,0,0,2,2,1,1
19393,2,2,0,0,0,0,0,0,2,2,1,1
19394,2,2,0,0,0,0,0,0,2,2,1,1
19395,2,2,0,0,0,0,0,0,2,2,1,1
19396,2,2,0,0,0,0,0,0,2,2,1,1
19397,2,2,0,0,0,0,0,0,2,2,1,1
19398,2,2,0,0,0,0,0,0,2,2,1,1
19399,2,2,0,0,0,0,0,0,2,2,1,1
19400,2,2,0,0,0,0,0,0,2,2,1,1
19401,2,2,0,0,0,0,0,0,2,2,1,1
19402,2,2,0,0,0,0,0,0,2,2,1,1
19403,2,2,0,0,0,0,0,0,2,2,1,1
19404,2,2,0,0,0,0,0,0,2,2,1,1
19405,2,2,0,0,0,0,0,0,2,2,1,1
19406,2,2,0,0,0,0,0,0,2,2,1,1
19407,2,2,0,0,0,0,0,0,2,2,1,1
19408,2,2,0,0,0,0,0,0,2,2,1,1
19409,2,2,0,0,0,0,0,0,2,2,1,1
19410,2,2,0,0,0,0,0,0,2,2,1,1
19411,2,2,0,0,0,0,0,0,2,2,1,1
19412,2,2,0,0,0,0,0,0,2,2,1,1
19413,2,2,0,0,0,0,0,0,2,2,1,1
19414,2,2,0,0,0,0,0,0,2,2,1,1
19415,2,2,0,0,0,0,0,0,2,2,1,1
19416,2,2,0,0,0,0,0,0,2,2,1,1
19417,2,2,0,0,0,0,0,0,2,2,1,1
19418,2,2,0,0,0,0,0,0,2,2,1,1
19419,2,2,0,0,0,0,0,0,2,2,1,1
19420,2,2,0,0,0,0,0,0,2,2,1,1
19421,2,2,0,0,0,0,0,0,2,2,1,1
19422,2,2,0,0,0,0,0,0,2,2,1,1
19423,2,2,0,0,0,0,0,0,2,2,1,1
19424,2,2,0,0,0,0,0,0,2,2,1,1
19425,2,2,0,0,0,0,0,0,2,2,1,1
19426,2,2,0,0,0,0,0,0,2,2,1,1
19427,2,2,0,0,0,0,0,0,2,2,1,1
19428,2,2,0,0,0,0,0,0,2,2,1,1
19429,2,2,0,0,0,0,0,0,2,2,1,1
19430,2,2,0,0,0,0,0,0,2,2,1,1
19431,2,2,0,0,0,0,0,0,2,2,1,1
19432,2,2,0,0,0,0,0,0,2,2,1,1
19433,2,2,0,0,0,0,0,0,2,2,1,1
19434,2,2,0,0,0,0,0,0,2,2,1,1
19435,2,2,0,0,0,0,0,0,2,2,1,1
19436,2,2,0,0,0,0,0,0,2,2,1,1
19437,2,2,0,0,0,0,0,0,2,2,1,1
19438,2,2,0,0,0,0,0,0,2,2,1,1
19439,2,2,0,0,0,0,0,0,2,2,1,1
19440,2,2,0,0,0,0,0,0,2,2,1,1
19441,2,2,0,0,0,0,0,0,2,2,1,1
19442,2,2,0,0,0,0,0,0,2,2,1,1
19443,2,2,0,0,0,0,0,0,2,2,1,1
19444,2,2,0,0,0,0,0,0,2,2,1,1
19445,2,2,0,0,0,0,0,0,2,2,1,1
19446,2,2,0,0,0,0,0,0,2,2,1,1
19447,2,2,0,0,0,0,0,0,2,2,1,1
19448,2,2,0,0,0,0,0,0,2,2,1,1
19449,2,2,0,0,0,0,0,0,2,2,1,1
19450,2,2,0,0,0,0,0,0,2,2,1,1
19451,2,2,0,0,0,0,0,0,2,2,1,1
19452,2,2,0,0,0,0,0,0,2,2,1,1
19453,2,2,0,0,0,0,0,0,2,2,1,1
19454,2,2,0,0,0,0,0,0,2,2,1,1
19455,2,2,0,0,0,0,0,0,2,2,1,1
19456,2,2,0,0,0,0,0,0,2,2,1,1
19457,2,2,0,0,0,0,0,0,2,2,1,1
19458,2,2,0,0,0,0,0,0,2,2,1,1
19459,2,2,0,0,0,0,0,0,2,2,1,1
19460,2,2,0,0,0,0,0,0,2,2,1,1
19461,2,2,0,0,0,0,0,0,2,2,1,1
19462,2,2,0,0,0,0,0,0,2,2,1,1
19463,2,2,0,0,0,0,0,0,2,2,1,1
19464,2,2,0,0,0,0,0,0,2,2,1,1
19465,2,2,0,0,0,0,0,0,2,2,1,1
19466,2,2,0,0,0,0,0,0,2,2,1,1
19467,2,2,0,0,0,0,0,0,2,2,1,1
19468,2,2,0,0,0,0,0,0,2,2,1,1
19469,2,2,0,0,0,0,0,0,2,2,1,1
19470,2,2,0,0,0,0,0,0,2,2,1,1
19471,2,2,0,0,0,0,0,0,2,2,1,1
19472,2,2,0,0,0,0,0,0,2,2,1,1
19473,2,2,0,0,0,0,0,0,2,2,1,1
19474,2,2,0,0,0,0,0,0,2,2,1,1
19475,2,2,0,0,0,0,0,0,2,2,1,1
19476,2,2,0,0,0,0,0,0,2,2,1,1
19477,2,2,0,0,0,0,0,0,2,2,1,1
19478,2,2,0,0,0,0,0,0,2,2,1,1
19479,2,2,0,0,0,0,0,0,2,2,1,1
19480,2,2,0,0,0,0,0,0,2,2,1,1
19481,2,2,0,0,0,0,0,0,2,2,1,1
19482,2,2,0,0,0,0,0,0,2,2,1,1
19483,2,2,0,0,0,0,0,0,2,2,1,1
19484,2,2,0,0,0,0,0,0,2,2,1,1
19485,2,2,0,0,0,0,0,0,2,2,1,1
19486,2,2,0,0,0,0,0,0,2,2,1,1
19487,2,2,0,0,0,0,0,0,2,2,1,1
19488,2,2,0,0,0,0,0,0,2,2,1,1
19489,2,2,0,0,0,0,0,0,2,2,1,1
19490,2,2,0,0,0,0,0,0,2,2,1,1
19491,2,2,0,0,0,0,0,0,2,2,1,1
19492,2,2,0,0,0,0,0,0,2,2,1,1
19493,2,2,0,0,0,0,0,0,2,2,1,1
19494,2,2,0,0,0,0,0,0,2,2,1,1
19495,2,2,0,0,0,0,0,0,2,2,1,1
19496,2,2,0,0,0,0,0,0,2,2,1,1
19497,2,2,0,0,0,0,0,0,2,2,1,1
19498,2,2,0,0,0,0,0,0,2,2,1,1
19499,2,2,0,0,0,0,0,0,2,2,1,1
19500,2,2,0,0,0,0,0,0,2,2,1,1
19501,2,2,0,0,0,0,0,0,2,2,1,1
19502,2,2,0,0,0,0,0,0,2,2,1,1
19503,2,2,0,0,0,0,0,0,2,2,1,1
19504,2,2,0,0,0,0,0,0,2,2,1,1
19505,2,2,0,0,0,0,0,0,2,2,1,1
19506,2,2,0,0,0,0,0,0,2,2,1,1
19507,2,2,0,0,0,0,0,0,2,2,1,1
19508,2,2,0,0,0,0,0,0,2,2,1,1
19509,2,2,0,0,0,0,0,0,2,2,1,1
19510,2,2,0,0,0,0,0,0,2,2,1,1
19511,2,2,0,0,0,0,0,0,2,2,1,1
19512,2,2,0,0,0,0,0,0,2,2,1,1
19513,2,2,0,0,0,0,0,0,2,2,1,1
19514,2,2,0,0,0,0,0,0,2,2,1,1
19515,2,2,0,0,0,0,0,0,2,2,1,1
19516,2,2,0,0,0,0,0,0,2,2,1,1
19517,2,2,0,0,0,0,0,0,2,2,1,1
19518,2,2,0,0,0,0,0,0,2,2,1,1
19519,2,2,0,0,0,0,0,0,2,2,1,1
19520,2,2,0,0,0,0,0,0,2,2,1,1
19521,2,2,0,0,0,0,0,0,2,2,1,1
19522,2,2,0,0,0,0,0,0,2,2,1,1
19523,2,2,0,0,0,0,0,0,2,2,1,1
19524,2,2,0,0,0,0,0,0,2,2,1,1
19525,2,2,0,0,0,0,0,0,2,2,1,1
19526,2,2,0,0,0,0,0,0,2,2,1,1
19527,2,2,0,0,0,0,0,0,2,2,1,1
19528,2,2,0,0,0,0,0,0,2,2,1,1
19529,2,2,0,0,0,0,0,0,2,2,1,1
19530,2,2,0,0,0,0,0,0,2,2,1,1
19531,2,2,0,0,0,0,0,0,2,2,1,1
19532,2,2,0,0,0,0,0,0,2,2,1,1
19533,2,2,0,0,0,0,0,0,2,2,1,1
19534,2,2,0,0,0,0,0,0,2,2,1,1
19535,2,2,0,0,0,0,0,0,2,2,1,1
19536,2,2,0,0,0,0,0,0,2,2,1,1
19537,2,2,0,0,0,0,0,0,2,2,1,1
19538,2,2,0,0,0,0,0,0,2,2,1,1
19539,2,2,0,0,0,0,0,0,2,2,1,1
19540,2,2,0,0,0,0,0,0,2,2,1,1
19541,2,2,0,0,0,0,0,0,2,2,1,1
19542,2,2,0,0,0,0,0,0,2,2,1,1
19543,2,2,0,0,0,0,0,0,2,2,1,1
19544,2,2,0,0,0,0,0,0,2,2,1,1
19545,2,2,0,0,0,0,0,0,2,2,1,1
19546,2,2,0,0,0,0,0,0,2,2,1,1
19547,2,2,0,0,0,0,0,0,2,2,1,1
19548,2,2,0,0,0,0,0,0,2,2,1,1
19549,2,2,0,0,0,0,0,0,2,2,1,1
19550,2,2,0,0,0,0,0,0,2,2,1,1
19551,2,2,0,0,0,0,0,0,2,2,1,1
19552,2,2,0,0,0,0,0,0,2,2,1,1
19553,2,2,0,0,0,0,0,0,2,2,1,1
19554,2,2,0,0,0,0,0,0,2,2,1,1
19555,2,2,0,0,0,0,0,0,2,2,1,1
19556,2,2,0,0,0,0,0,0,2,2,1,1
19557,2,2,0,0,0,0,0,0,2,2,1,1
19558,2,2,0,0,0,0,0,0,2,2,1,1
19559,2,2,0,0,0,0,0,0,2,2,1,1
19560,2,2,0,0,0,0,0,0,2,2,1,1
19561,2,2,0,0,0,0,0,0,2,2,1,1
19562,2,2,0,0,0,0,0,0,2,2,1,1
19563,2,2,0,0,0,0,0,0,2,2,1,1
19564,2,2,0,0,0,0,0,0,2,2,1,1
19565,2,2,0,0,0,0,0,0,2,2,1,1
19566,2,2,0,0,0,0,0,0,2,2,1,1
19567,2,2,0,0,0,0,0,0,2,2,1,1
19568,2,2,0,0,0,0,0,0,2,2,1,1
19569,2,2,0,0,0,0,0,0,2,2,1,1
19570,2,2,0,0,0,0,0,0,2,2,1,1
19571,2,2,0,0,0,0,0,0,2,2,1,1
19572,2,2,0,0,0,0,0,0,2,2,1,1
19573,2,2,0,0,0,0,0,0,2,2,1,1
19574,2,2,0,0,0,0,0,0,2,2,1,1
19575,2,2,0,0,0,0,0,0,2,2,1,1
19576,2,2,0,0,0,0,0,0,2,2,1,1
19577,2,2,0,0,0,0,0,0,2,2,1,1
19578,2,2,0,0,0,0,0,0,2,2,1,1
19579,2,2,0,0,0,0,0,0,2,2,1,1
19580,2,2,0,0,0,0,0,0,2,2,1,1
19581,2,2,0,0,0,0,0,0,2,2,1,1
19582,2,2,0,0,0,0,0,0,2,2,1,1
19583,2,2,0,0,0,0,0,0,2,2,1,1
19584,2,2,0,0,0,0,0,0,2,2,1,1
19585,2,2,0,0,0,0,0,0,2,2,1,1
19586,2,2,0,0,0,0,0,0,2,2,1,1
19587,2,2,0,0,0,0,0,0,2,2,1,1
19588,2,2,0,0,0,0,0,0,2,2,1,1
19589,2,2,0,0,0,0,0,0,2,2,1,1
19590,2,2,0,0,0,0,0,0,2,2,1,1
19591,2,2,0,0,0,0,0,0,2,2,1,1
19592,2,2,0,0,0,0,0,0,2,2,1,1
19593,2,2,0,0,0,0,0,0,2,2,1,1
19594,2,2,0,0,0,0,0,0,2,2,1,1
19595,2,2,0,0,0,0,0,0,2,2,1,1
19596,2,2,0,0,0,0,0,0,2,2,1,1
19597,2,2,0,0,0,0,0,0,2,2,1,1
19598,2,2,0,0,0,0,0,0,2,2,1,1
19599,2,2,0,0,0,0,0,0,2,2,1,1
19600,2,2,0,0,0,0,0,0,2,2,1,1
19601,2,2,0,0,0,0,0,0,2,2,1,1
19602,2,2,0,0,0,0,0,0,2,2,1,1
19603,2,2,0,0,0,0,0,0,2,2,1,1
19604,2,2,0,0,0,0,0,0,2,2,1,1
19605,2,2,0,0,0,0,0,0,2,2,1,1
19606,2,2,0,0,0,0,0,0,2,2,1,1
19607,2,2,0,0,0,0,0,0,2,2,1,1
19608,2,2,0,0,0,0,0,0,2,2,1,1
19609,2,2,0,0,0,0,0,0,2,2,1,1
19610,2,2,0,0,0,0,0,0,2,2,1,1
19611,2,2,0,0,0,0,0,0,2,2,1,1
19612,2,2,0,0,0,0,0,0,2,2,1,1
19613,2,2,0,0,0,0,0,0,2,2,1,1
19614,2,2,0,0,0,0,0,0,2,2,1,1
19615,2,2,0,0,0,0,0,0,2,2,1,1
19616,2,2,0,0,0,0,0,0,2,2,1,1
19617,2,2,0,0,0,0,0,0,2,2,1,1
19618,2,2,0,0,0,0,0,0,2,2,1,1
19619,2,2,0,0,0,0,0,0,2,2,1,1
19620,2,2,0,0,0,0,0,0,2,2,1,1
19621,2,2,0,0,0,0,0,0,2,2,1,1
19622,2,2,0,0,0,0,0,0,2,2,1,1
19623,2,2,0,0,0,0,0,0,2,2,1,1
19624,2,2,0,0,0,0,0,0,2,2,1,1
19625,2,2,0,0,0,0,0,0,2,2,1,1
19626,2,2,0,0,0,0,0,0,2,2,1,1
19627,2,2,0,0,0,0,0,0,2,2,1,1
19628,2,2,0,0,0,0,0,0,2,2,1,1
19629,2,2,0,0,0,0,0,0,2,2,1,1
19630,2,2,0,0,0,0,0,0,2,2,1,1
19631,2,2,0,0,0,0,0,0,2,2,1,1
19632,2,2,0,0,0,0,0,0,2,2,1,1
19633,2,2,0,0,0,0,0,0,2,2,1,1
19634,2,2,0,0,0,0,0,0,2,2,1,1
19635,2,2,0,0,0,0,0,0,2,2,1,1
19636,2,2,0,0,0,0,0,0,2,2,1,1
19637,2,2,0,0,0,0,0,0,2,2,1,1
19638,2,2,0,0,0,0,0,0,2,2,1,1
19639,2,2,0,0,0,0,0,0,2,2,1,1
19640,2,2,0,0,0,0,0,0,2,2,1,1
19641,2,2,0,0,0,0,0,0,2,2,1,1
19642,2,2,0,0,0,0,0,0,2,2,1,1
19643,2,2,0,0,0,0,0,0,2,2,1,1
19644,2,2,0,0,0,0,0,0,2,2,1,1
19645,2,2,0,0,0,0,0,0,2,2,1,1
19646,2,2,0,0,0,0,0,0,2,2,1,1
19647,2,2,0,0,0,0,0,0,2,2,1,1
19648,2,2,0,0,0,0,0,0,2,2,1,1
19649,2,2,0,0,0,0,0,0,2,2,1,1
19650,2,2,0,0,0,0,0,0,2,2,1,1
19651,2,2,0,0,0,0,0,0,2,2,1,1
19652,2,2,0,0,0,0,0,0,2,2,1,1
19653,2,2,0,0,0,0,0,0,2,2,1,1
19654,2,2,0,0,0,0,0,0,2,2,1,1
19655,2,2,0,0,0,0,0,0,2,2,1,1
19656,2,2,0,0,0,0,0,0,2,2,1,1
19657,2,2,0,0,0,0,0,0,2,2,1,1
19658,2,2,0,0,0,0,0,0,2,2,1,1
19659,2,2,0,0,0,0,0,0,2,2,1,1
19660,2,2,0,0,0,0,0,0,2,2,1,1
19661,2,2,0,0,0,0,0,0,2,2,1,1
19662,2,2,0,0,0,0,0,0,2,2,1,1
19663,2,2,0,0,0,0,0,0,2,2,1,1
19664,2,2,0,0,0,0,0,0,2,2,1,1
19665,2,2,0,0,0,0,0,0,2,2,1,1
19666,2,2,0,0,0,0,0,0,2,2,1,1
19667,2,2,0,0,0,0,0,0,2,2,1,1
19668,2,2,0,0,0,0,0,0,2,2,1,1
19669,2,2,0,0,0,0,0,0,2,2,1,1
19670,2,2,0,0,0,0,0,0,2,2,1,1
19671,2,2,0,0,0,0,0,0,2,2,1,1
19672,2,2,0,0,0,0,0,0,2,2,1,1
19673,2,2,0,0,0,0,0,0,2,2,1,1
19674,2,2,0,0,0,0,0,0,2,2,1,1
19675,2,2,0,0,0,0,0,0,2,2,1,1
19676,2,2,0,0,0,0,0,0,2,2,1,1
19677,2,2,0,0,0,0,0,0,2,2,1,1
19678,2,2,0,0,0,0,0,0,2,2,1,1
19679,2,2,0,0,0,0,0,0,2,2,1,1
19680,2,2,0,0,0,0,0,0,2,2,1,1
19681,2,2,0,0,0,0,0,0,2,2,1,1
19682,2,2,0,0,0,0,0,0,2,2,1,1
19683,2,2,0,0,0,0,0,0,2,2,1,1
19684,2,2,0,0,0,0,0,0,2,2,1,1
19685,2,2,0,0,0,0,0,0,2,2,1,1
19686,2,2,0,0,0,0,0,0,2,2,1,1
19687,2,2,0,0,0,0,0,0,2,2,1,1
19688,2,2,0,0,0,0,0,0,2,2,1,1
19689,2,2,0,0,0,0,0,0,2,2,1,1
19690,2,2,0,0,0,0,0,0,2,2,1,1
19691,2,2,0,0,0,0,0,0,2,2,1,1
19692,2,2,0,0,0,0,0,0,2,2,1,1
19693,2,2,0,0,0,0,0,0,2,2,1,1
19694,2,2,0,0,0,0,0,0,2,2,1,1
19695,2,2,0,0,0,0,0,0,2,2,1,1
19696,2,2,0,0,0,0,0,0,2,2,1,1
19697,2,2,0,0,0,0,0,0,2,2,1,1
19698,2,2,0,0,0,0,0,0,2,2,1,1
19699,2,2,0,0,0,0,0,0,2,2,1,1
19700,2,2,0,0,0,0,0,0,2,2,1,1
19701,2,2,0,0,0,0,0,0,2,2,1,1
19702,2,2,0,0,0,0,0,0,2,2,1,1
19703,2,2,0,0,0,0,0,0,2,2,1,1
19704,2,2,0,0,0,0,0,0,2,2,1,1
19705,2,2,0,0,0,0,0,0,2,2,1,1
19706,2,2,0,0,0,0,0,0,2,2,1,1
19707,2,2,0,0,0,0,0,0,2,2,1,1
19708,2,2,0,0,0,0,0,0,2,2,1,1
19709,2,2,0,0,0,0,0,0,2,2,1,1
19710,2,2,0,0,0,0,0,0,2,2,1,1
19711,2,2,0,0,0,0,0,0,2,2,1,1
19712,2,2,0,0,0,0,0,0,2,2,1,1
19713,2,2,0,0,0,0,0,0,2,2,1,1
19714,2,2,0,0,0,0,0,0,2,2,1,1
19715,2,2,0,0,0,0,0,0,2,2,1,1
19716,2,2,0,0,0,0,0,0,2,2,1,1
19717,2,2,0,0,0,0,0,0,2,2,1,1
19718,2,2,0,0,0,0,0,0,2,2,1,1
19719,2,2,0,0,0,0,0,0,2,2,1,1
19720,2,2,0,0,0,0,0,0,2,2,1,1
19721,2,2,0,0,0,0,0,0,2,2,1,1
19722,2,2,0,0,0,0,0,0,2,2,1,1
19723,2,2,0,0,0,0,0,0,2,2,1,1
19724,2,2,0,0,0,0,0,0,2,2,1,1
19725,2,2,0,0,0,0,0,0,2,2,1,1
19726,2,2,0,0,0,0,0,0,2,2,1,1
19727,2,2,0,0,0,0,0,0,2,2,1,1
19728,2,2,0,0,0,0,0,0,2,2,1,1
19729,2,2,0,0,0,0,0,0,2,2,1,1
19730,2,2,0,0,0,0,0,0,2,2,1,1
19731,2,2,0,0,0,0,0,0,2,2,1,1
19732,2,2,0,0,0,0,0,0,2,2,1,1
19733,2,2,0,0,0,0,0,0,2,2,1,1
19734,2,2,0,0,0,0,0,0,2,2,1,1
19735,2,2,0,0,0,0,0,0,2,2,1,1
19736,2,2,0,0,0,0,0,0,2,2,1,1
19737,2,2,0,0,0,0,0,0,2,2,1,1
19738,2,2,0,0,0,0,0,0,2,2,1,1
19739,2,2,0,0,0,0,0,0,2,2,1,1
19740,2,2,0,0,0,0,0,0,2,2,1,1
19741,2,2,0,0,0,0,0,0,2,2,1,1
19742,2,2,0,0,0,0,0,0,2,2,1,1
19743,2,2,0,0,0,0,0,0,2,2,1,1
19744,2,2,0,0,0,0,0,0,2,2,1,1
19745,2,2,0,0,0,0,0,0,2,2,1,1
19746,2,2,0,0,0,0,0,0,2,2,1,1
19747,2,2,0,0,0,0,0,0,2,2,1,1
19748,2,2,0,0,0,0,0,0,2,2,1,1
19749,2,2,0,0,0,0,0,0,2,2,1,1
19750,2,2,0,0,0,0,0,0,2,2,1,1
19751,2,2,0,0,0,0,0,0,2,2,1,1
19752,2,2,0,0,0,0,0,0,2,2,1,1
19753,2,2,0,0,0,0,0,0,2,2,1,1
19754,2,2,0,0,0,0,0,0,2,2,1,1
19755,2,2,0,0,0,0,0,0,2,2,1,1
19756,2,2,0,0,0,0,0,0,2,2,1,1
19757,2,2,0,0,0,0,0,0,2,2,1,1
19758,2,2,0,0,0,0,0,0,2,2,1,1
19759,2,2,0,0,0,0,0,0,2,2,1,1
19760,2,2,0,0,0,0,0,0,2,2,1,1
19761,2,2,0,0,0,0,0,0,2,2,1,1
19762,2,2,0,0,0,0,0,0,2,2,1,1
19763,2,2,0,0,0,0,0,0,2,2,1,1
19764,2,2,0,0,0,0,0,0,2,2,1,1
19765,2,2,0,0,0,0,0,0,2,2,1,1
19766,2,2,0,0,0,0,0,0,2,2,1,1
19767,2,2,0,0,0,0,0,0,2,2,1,1
19768,2,2,0,0,0,0,0,0,2,2,1,1
19769,2,2,0,0,0,0,0,0,2,2,1,1
19770,2,2,0,0,0,0,0,0,2,2,1,1
19771,2,2,0,0,0,0,0,0,2,2,1,1
19772,2,2,0,0,0,0,0,0,2,2,1,1
19773,2,2,0,0,0,0,0,0,2,2,1,1
19774,2,2,0,0,0,0,0,0,2,2,1,1
19775,2,2,0,0,0,0,0,0,2,2,1,1
19776,2,2,0,0,0,0,0,0,2,2,1,1
19777,2,2,0,0,0,0,0,0,2,2,1,1
19778,2,2,0,0,0,0,0,0,2,2,1,1
19779,2,2,0,0,0,0,0,0,2,2,1,1
19780,2,2,0,0,0,0,0,0,2,2,1,1
19781,2,2,0,0,0,0,0,0,2,2,1,1
19782,2,2,0,0,0,0,0,0,2,2,1,1
19783,2,2,0,0,0,0,0,0,2,2,1,1
19784,2,2,0,0,0,0,0,0,2,2,1,1
19785,2,2,0,0,0,0,0,0,2,2,1,1
19786,2,2,0,0,0,0,0,0,2,2,1,1
19787,2,2,0,0,0,0,0,0,2,2,1,1
19788,2,2,0,0,0,0,0,0,2,2,1,1
19789,2,2,0,0,0,0,0,0,2,2,1,1
19790,2,2,0,0,0,0,0,0,2,2,1,1
19791,2,2,0,0,0,0,0,0,2,2,1,1
19792,2,2,0,0,0,0,0,0,2,2,1,1
19793,2,2,0,0,0,0,0,0,2,2,1,1
19794,2,2,0,0,0,0,0,0,2,2,1,1
19795,2,2,0,0,0,0,0,0,2,2,1,1
19796,2,2,0,0,0,0,0,0,2,2,1,1
19797,2,2,0,0,0,0,0,0,2,2,1,1
19798,2,2,0,0,0,0,0,0,2,2,1,1
19799,2,2,0,0,0,0,0,0,2,2,1,1
19800,2,2,0,0,0,0,0,0,2,2,1,1
19801,2,2,0,0,0,0,0,0,2,2,1,1
19802,2,2,0,0,0,0,0,0,2,2,1,1
19803,2,2,0,0,0,0,0,0,2,2,1,1
19804,2,2,0,0,0,0,0,0,2,2,1,1
19805,2,2,0,0,0,0,0,0,2,2,1,1
19806,2,2,0,0,0,0,0,0,2,2,1,1
19807,2,2,0,0,0,0,0,0,2,2,1,1
19808,2,2,0,0,0,0,0,0,2,2,1,1
19809,2,2,0,0,0,0,0,0,2,2,1,1
19810,2,2,0,0,0,0,0,0,2,2,1,1
19811,2,2,0,0,0,0,0,0,2,2,1,1
19812,2,2,0,0,0,0,0,0,2,2,1,1
19813,2,2,0,0,0,0,0,0,2,2,1,1
19814,2,2,0,0,0,0,0,0,2,2,1,1
19815,2,2,0,0,0,0,0,0,2,2,1,1
19816,2,2,0,0,0,0,0,0,2,2,1,1
19817,2,2,0,0,0,0,0,0,2,2,1,1
19818,2,2,0,0,0,0,0,0,2,2,1,1
19819,2,2,0,0,0,0,0,0,2,2,1,1
19820,2,2,0,0,0,0,0,0,2,2,1,1
19821,2,2,0,0,0,0,0,0,2,2,1,1
19822,2,2,0,0,0,0,0,0,2,2,1,1
19823,2,2,0,0,0,0,0,0,2,2,1,1
19824,2,2,0,0,0,0,0,0,2,2,1,1
19825,2,2,0,0,0,0,0,0,2,2,1,1
19826,2,2,0,0,0,0,0,0,2,2,1,1
19827,2,2,0,0,0,0,0,0,2,2,1,1
19828,2,2,0,0,0,0,0,0,2,2,1,1
19829,2,2,0,0,0,0,0,0,2,2,1,1
19830,2,2,0,0,0,0,0,0,2,2,1,1
19831,2,2,0,0,0,0,0,0,2,2,1,1
19832,2,2,0,0,0,0,0,0,2,2,1,1
19833,2,2,0,0,0,0,0,0,2,2,1,1
19834,2,2,0,0,0,0,0,0,2,2,1,1
19835,2,2,0,0,0,0,0,0,2,2,1,1
19836,2,2,0,0,0,0,0,0,2,2,1,1
19837,2,2,0,0,0,0,0,0,2,2,1,1
19838,2,2,0,0,0,0,0,0,2,2,1,1
19839,2,2,0,0,0,0,0,0,2,2,1,1
19840,2,2,0,0,0,0,0,0,2,2,1,1
19841,2,2,0,0,0,0,0,0,2,2,1,1
19842,2,2,0,0,0,0,0,0,2,2,1,1
19843,2,2,0,0,0,0,0,0,2,2,1,1
19844,2,2,0,0,0,0,0,0,2,2,1,1
19845,2,2,0,0,0,0,0,0,2,2,1,1
19846,2,2,0,0,0,0,0,0,2,2,1,1
19847,2,2,0,0,0,0,0,0,2,2,1,1
19848,2,2,0,0,0,0,0,0,2,2,1,1
19849,2,2,0,0,0,0,0,0,2,2,1,1
19850,2,2,0,0,0,0,0,0,2,2,1,1
19851,2,2,0,0,0,0,0,0,2,2,1,1
19852,2,2,0,0,0,0,0,0,2,2,1,1
19853,2,2,0,0,0,0,0,0,2,2,1,1
19854,2,2,0,0,0,0,0,0,2,2,1,1
19855,2,2,0,0,0,0,0,0,2,2,1,1
19856,2,2,0,0,0,0,0,0,2,2,1,1
19857,2,2,0,0,0,0,0,0,2,2,1,1
19858,2,2,0,0,0,0,0,0,2,2,1,1
19859,2,2,0,0,0,0,0,0,2,2,1,1
19860,2,2,0,0,0,0,0,0,2,2,1,1
19861,2,2,0,0,0,0,0,0,2,2,1,1
19862,2,2,0,0,0,0,0,0,2,2,1,1
19863,2,2,0,0,0,0,0,0,2,2,1,1
19864,2,2,0,0,0,0,0,0,2,2,1,1
19865,2,2,0,0,0,0,0,0,2,2,1,1
19866,2,2,0,0,0,0,0,0,2,2,1,1
19867,2,2,0,0,0,0,0,0,2,2,1,1
19868,2,2,0,0,0,0,0,0,2,2,1,1
19869,2,2,0,0,0,0,0,0,2,2,1,1
19870,2,2,0,0,0,0,0,0,2,2,1,1
19871,2,2,0,0,0,0,0,0,2,2,1,1
19872,2,2,0,0,0,0,0,0,2,2,1,1
19873,2,2,0,0,0,0,0,0,2,2,1,1
19874,2,2,0,0,0,0,0,0,2,2,1,1
19875,2,2,0,0,0,0,0,0,2,2,1,1
19876,2,2,0,0,0,0,0,0,2,2,1,1
19877,2,2,0,0,0,0,0,0,2,2,1,1
19878,2,2,0,0,0,0,0,0,2,2,1,1
19879,2,2,0,0,0,0,0,0,2,2,1,1
19880,2,2,0,0,0,0,0,0,2,2,1,1
19881,2,2,0,0,0,0,0,0,2,2,1,1
19882,2,2,0,0,0,0,0,0,2,2,1,1
19883,2,2,0,0,0,0,0,0,2,2,1,1
19884,2,2,0,0,0,0,0,0,2,2,1,1
19885,2,2,0,0,0,0,0,0,2,2,1,1
19886,2,2,0,0,0,0,0,0,2,2,1,1
19887,2,2,0,0,0,0,0,0,2,2,1,1
19888,2,2,0,0,0,0,0,0,2,2,1,1
19889,2,2,0,0,0,0,0,0,2,2,1,1
19890,2,2,0,0,0,0,0,0,2,2,1,1
19891,2,2,0,0,0,0,0,0,2,2,1,1
19892,2,2,0,0,0,0,0,0,2,2,1,1
19893,2,2,0,0,0,0,0,0,2,2,1,1
19894,2,2,0,0,0,0,0,0,2,2,1,1
19895,2,2,0,0,0,0,0,0,2,2,1,1
19896,2,2,0,0,0,0,0,0,2,2,1,1
19897,2,2,0,0,0,0,0,0,2,2,1,1
19898,2,2,0,0,0,0,0,0,2,2,1,1
19899,2,2,0,0,0,0,0,0,2,2,1,1
19900,2,2,0,0,0,0,0,0,2,2,1,1
19901,2,2,0,0,0,0,0,0,2,2,1,1
19902,2,2,0,0,0,0,0,0,2,2,1,1
19903,2,2,0,0,0,0,0,0,2,2,1,1
19904,2,2,0,0,0,0,0,0,2,2,1,1
19905,2,2,0,0,0,0,0,0,2,2,1,1
19906,2,2,0,0,0,0,0,0,2,2,1,1
19907,2,2,0,0,0,0,0,0,2,2,1,1
19908,2,2,0,0,0,0,0,0,2,2,1,1
19909,2,2,0,0,0,0,0,0,2,2,1,1
19910,2,2,0,0,0,0,0,0,2,2,1,1
19911,2,2,0,0,0,0,0,0,2,2,1,1
19912,2,2,0,0,0,0,0,0,2,2,1,1
19913,2,2,0,0,0,0,0,0,2,2,1,1
19914,2,2,0,0,0,0,0,0,2,2,1,1
19915,2,2,0,0,0,0,0,0,2,2,1,1
19916,2,2,0,0,0,0,0,0,2,2,1,1
19917,2,2,0,0,0,0,0,0,2,2,1,1
19918,2,2,0,0,0,0,0,0,2,2,1,1
19919,2,2,0,0,0,0,0,0,2,2,1,1
19920,2,2,0,0,0,0,0,0,2,2,1,1
19921,2,2,0,0,0,0,0,0,2,2,1,1
19922,2,2,0,0,0,0,0,0,2,2,1,1
19923,2,2,0,0,0,0,0,0,2,2,1,1
19924,2,2,0,0,0,0,0,0,2,2,1,1
19925,2,2,0,0,0,0,0,0,2,2,1,1
19926,2,2,0,0,0,0,0,0,2,2,1,1
19927,2,2,0,0,0,0,0,0,2,2,1,1
19928,2,2,0,0,0,0,0,0,2,2,1,1
19929,2,2,0,0,0,0,0,0,2,2,1,1
19930,2,2,0,0,0,0,0,0,2,2,1,1
19931,2,2,0,0,0,0,0,0,2,2,1,1
19932,2,2,0,0,0,0,0,0,2,2,1,1
19933,2,2,0,0,0,0,0,0,2,2,1,1
19934,2,2,0,0,0,0,0,0,2,2,1,1
19935,2,2,0,0,0,0,0,0,2,2,1,1
19936,2,2,0,0,0,0,0,0,2,2,1,1
19937,2,2,0,0,0,0,0,0,2,2,1,1
19938,2,2,0,0,0,0,0,0,2,2,1,1
19939,2,2,0,0,0,0,0,0,2,2,1,1
19940,2,2,0,0,0,0,0,0,2,2,1,1
19941,2,2,0,0,0,0,0,0,2,2,1,1
19942,2,2,0,0,0,0,0,0,2,2,1,1
19943,2,2,0,0,0,0,0,0,2,2,1,1
19944,2,2,0,0,0,0,0,0,2,2,1,1
19945,2,2,0,0,0,0,0,0,2,2,1,1
19946,2,2,0,0,0,0,0,0,2,2,1,1
19947,2,2,0,0,0,0,0,0,2,2,1,1
19948,2,2,0,0,0,0,0,0,2,2,1,1
19949,2,2,0,0,0,0,0,0,2,2,1,1
19950,2,2,0,0,0,0,0,0,2,2,1,1
19951,2,2,0,0,0,0,0,0,2,2,1,1
19952,2,2,0,0,0,0,0,0,2,2,1,1
19953,2,2,0,0,0,0,0,0,2,2,1,1
19954,2,2,0,0,0,0,0,0,2,2,1,1
19955,2,2,0,0,0,0,0,0,2,2,1,1
19956,2,2,0,0,0,0,0,0,2,2,1,1
19957,2,2,0,0,0,0,0,0,2,2,1,1
19958,2,2,0,0,0,0,0,0,2,2,1,1
19959,2,2,0,0,0,0,0,0,2,2,1,1
19960,2,2,0,0,0,0,0,0,2,2,1,1
19961,2,2,0,0,0,0,0,0,2,2,1,1
19962,2,2,0,0,0,0,0,0,2,2,1,1
19963,2,2,0,0,0,0,0,0,2,2,1,1
19964,2,2,0,0,0,0,0,0,2,2,1,1
19965,2,2,0,0,0,0,0,0,2,2,1,1
19966,2,2,0,0,0,0,0,0,2,2,1,1
19967,2,2,0,0,0,0,0,0,2,2,1,1
19968,2,2,0,0,0,0,0,0,2,2,1,1
19969,2,2,0,0,0,0,0,0,2,2,1,1
19970,2,2,0,0,0,0,0,0,2,2,1,1
19971,2,2,0,0,0,0,0,0,2,2,1,1
19972,2,2,0,0,0,0,0,0,2,2,1,1
19973,2,2,0,0,0,0,0,0,2,2,1,1
19974,2,2,0,0,0,0,0,0,2,2,1,1
19975,2,2,0,0,0,0,0,0,2,2,1,1
19976,2,2,0,0,0,0,0,0,2,2,1,1
19977,2,2,0,0,0,0,0,0,2,2,1,1
19978,2,2,0,0,0,0,0,0,2,2,1,1
19979,2,2,0,0,0,0,0,0,2,2,1,1
19980,2,2,0,0,0,0,0,0,2,2,1,1
19981,2,2,0,0,0,0,0,0,2,2,1,1
19982,2,2,0,0,0,0,0,0,2,2,1,1
19983,2,2,0,0,0,0,0,0,2,2,1,1
19984,2,2,0,0,0,0,0,0,2,2,1,1
19985,2,2,0,0,0,0,0,0,2,2,1,1
19986,2,2,0,0,0,0,0,0,2,2,1,1
19987,2,2,0,0,0,0,0,0,2,2,1,1
19988,2,2,0,0,0,0,0,0,2,2,1,1
19989,2,2,0,0,0,0,0,0,2,2,1,1
19990,2,2,0,0,0,0,0,0,2,2,1,1
19991,2,2,0,0,0,0,0,0,2,2,1,1
19992,2,2,0,0,0,0,0,0,2,2,1,1
19993,2,2,0,0,0,0,0,0,2,2,1,1
19994,2,2,0,0,0,0,0,0,2,2,1,1
19995,2,2,0,0,0,0,0,0,2,2,1,1
19996,2,2,0,0,0,0,0,0,2,2,1,1
19997,2,2,0,0,0,0,0,0,2,2,1,1
19998,2,2,0,0,0,0,0,0,2,2,1,1
19999,2,2,0,0,0,0,0,0,2,2,1,1
